Workbook

Sheet tableau
G10: Anneau du PM France | M10: 6768
G13: Anneau du PM Italie | M13: =12868-M10 -> 6100
G16: Pm nouveau 2011 | M16: 6798
A39: CONVERGENCES | E39: base 1-2 | H39: base 1-3 | K39: base 1-4 | N39: base 2-3 | Q39: base 2-4 | T39: base 3-4 | W39: Remarques
E40: mesures | G40: vit | H40: mesures | J40: vit | K40: mesures | M40: vit | N40: mesures | P40: vit | Q40: mesures | S40: vit | T40: mesures | V40: vit
A41: Date | B41: Jour | C41: Heure | D41: j/mes | E41: LONG | F41: CONV | G41: MM/J | H41: LONG | I41: CONV | J41: MM/J | K41: LONG | L41: CONV | M41: MM/J | N41: LONG | O41: CONV | P41: MM/J | Q41: LONG | R41: CONV | S41: MM/J | T41: LONG | U41: CONV | V41: MM/J
A42: 40677 | B42: =A42 -> 40677 | C42: 23h | D42: =A42-A$42 -> 0 | K42: 10185.8 | L42: =K42-$K$42 -> 0 | W42: point 0 G.G.C.
A43: 41300 | B43: =A43 -> 41300 | C43: 23h | D43: =A43-A$42 -> 623 | K43: 10186 | L43: =-K43+$K$42 -> -0.2 | M43: =365*(K43-K42)/(D43-D42) -> 0.11717496
A44: 41957 | B44: =A44 -> 41957 | C44: 23h | D44: =A44-A$42 -> 1280 | K44: 10185.76 | L44: =-K44+$K$42 -> 0.040124075 | M44: =365*(K44-K43)/(D44-D43) -> -0.13340226
A45: 42438 | B45: =A45 -> 42438 | C45: 23h | D45: =A45-A$42 -> 1761 | K45: 10185.9 | L45: =-K45+$K$42 -> -0.1 | M45: =365*(K45-K44)/(D45-D44) -> 0.10633116
A46: 42817 | B46: =A46 -> 42817 | C46: 23h | D46: =A46-A$42 -> 2140 | K46: 10184.2 | L46: =-K46+$K$42 -> 1.6 | M46: =365*(K46-K45)/(D46-D45) -> -1.6372032
A47: 43117 | B47: =A47 -> 43117 | C47: 3h45 | D47: =A47-A$42 -> 2440 | K47: 10183.777 | L47: =-K47+$K$42 -> 2.0232772 | M47: =365*(K47-K46)/(D47-D46) -> -0.51498725
A48: 43523 | B48: =A48 -> 43523 | C48: 3h46 | D48: =A48-A$42 -> 2846 | K48: 10183.853 | L48: =-K48+$K$42 -> 1.9471918 | M48: =365*(K48-K47)/(D48-D47) -> 0.068401932
A49: 43881 | B49: =A49 -> 43881 | C49: 3h46 | D49: =A49-A$42 -> 3204 | K49: 10183.7 | L49: =-K49+$K$42 -> 2.1 | M49: =365*(K49-K48)/(D49-D48) -> -0.15579611 | T49: Attention, mise en place plot pt1 partielle = estimation longueur
A50: 44243 | B50: =A50 -> 44243 | C50: 3h46 | D50: =A50-A$42 -> 3566 | K50: 10183.863 | L50: =-K50+$K$42 -> 1.9374997 | M50: =365*(K50-K49)/(D50-D49) -> 0.16384699 | Q50: à ajouter de 3mm (10180.7+3=10183.7)
A51: 44636 | B51: =A51 -> 44636 | C51: 3h46 | D51: =A51-A$42 -> 3959 | K51: 10183.5 | L51: =-K51+$K$42 -> 2.3 | M51: =365*(K51-K50)/(D51-D50) -> -0.33667331
A52: 45031 | B52: =A52 -> 45031 | C52: 3h46 | D52: =A52-A$42 -> 4354 | K52: 10182.7 | L52: =-K52+$K$42 -> 3.1 | M52: =365*(K52-K51)/(D52-D51) -> -0.73924051
A53: 45350 | B53: =A53 -> 45350 | D53: =A53-A$42 -> 4673 | K53: 10182.28 | L53: =-K53+$K$42 -> 3.5203333 | M53: =365*(K53-K52)/(D53-D52) -> -0.48094568
A54: 45761 | B54: =A54 -> 45761 | D54: =A54-A$42 -> 5084 | K54: 10182.5 | L54: =-K54+$K$42 -> 3.3 | M54: =365*(K54-K53)/(D54-D53) -> 0.19567316

Sheet recap graphique
A1: nbr. Jours | B1: base 1-2 | C1: base 1-3 | D1: base 1-4 | E1: base 2-3 | F1: base 2-4 | G1: base 3-4
A2: =tableau!A42 -> 40677 | D2: =tableau!L42 -> 0
A3: =tableau!A43 -> 41300 | D3: =tableau!L43 -> -0.2
A4: =tableau!A44 -> 41957 | D4: =tableau!L44 -> 0.040124075
A5: =tableau!A45 -> 42438 | D5: =tableau!L45 -> -0.1
A6: =tableau!A46 -> 42817 | D6: =tableau!L46 -> 1.6
A7: =tableau!A47 -> 43117 | D7: =tableau!L47 -> 2.0232772
A8: =tableau!A48 -> 43523 | D8: =tableau!L48 -> 1.9471918
A9: =tableau!A49 -> 43881 | D9: =tableau!L49 -> 2.1
A10: =tableau!A50 -> 44243 | D10: =tableau!L50 -> 1.9374997
A11: =tableau!A51 -> 44636 | D11: =tableau!L51 -> 2.3
A12: =tableau!A52 -> 45031 | D12: =tableau!L52 -> 3.1
A13: =tableau!A53 -> 45350 | D13: =tableau!L53 -> 3.5203333
A14: =tableau!A54 -> 45761 | D14: =tableau!L54 -> 3.3

Sheet graph84mois 
