Workbook
Name cintre: 'Résultats observations'!$W$4
Name date: 'Résultats observations'!$A:$A
Name DH_BD: 'Résultats observations'!$DD:$DD
Name DH_BG: 'Résultats observations'!$CL:$CL
Name DH_HD: 'Résultats observations'!$CX:$CX
Name DH_HG: 'Résultats observations'!$CR:$CR
Name DH_ID: 'Résultats observations'!$DA:$DA
Name DH_IG: 'Résultats observations'!$CO:$CO
Name DHhaut: 'Résultats observations'!$CU:$CU
Name dist: 'Résultats observations'!$D:$D
Name DPM_BD: 'Résultats observations'!$DC:$DC
Name DPM_BG: 'Résultats observations'!$CK:$CK
Name DPM_HD: 'Résultats observations'!$CW:$CW
Name DPM_HG: 'Résultats observations'!$CQ:$CQ
Name DPM_ID: 'Résultats observations'!$CZ:$CZ
Name DPM_IG: 'Résultats observations'!$CN:$CN
Name DPMhaut: 'Résultats observations'!$CT:$CT
Name DZ_BD: 'Résultats observations'!$BM:$BM
Name DZ_BG: 'Résultats observations'!$AU:$AU
Name DZ_HD: 'Résultats observations'!$BG:$BG
Name DZ_HG: 'Résultats observations'!$BA:$BA
Name DZ_ID: 'Résultats observations'!$BJ:$BJ
Name DZ_IG: 'Résultats observations'!$AX:$AX
Name DZhaut: 'Résultats observations'!$BD:$BD
Name Ecart_BD: 'Résultats observations'!$AN:$AN
Name Ecart_BG: 'Résultats observations'!$AI:$AI
Name Ecart_HD: 'Résultats observations'!$AL:$AL
Name Ecart_HG: 'Résultats observations'!$AK:$AK
Name Ecart_ID: 'Résultats observations'!$AM:$AM
Name Ecart_IG: 'Résultats observations'!$AJ:$AJ
Name Ecart_LB: 'Résultats observations'!$AQ:$AQ
Name Ecart_LH: 'Résultats observations'!$AO:$AO
Name Ecart_LI: 'Résultats observations'!$AP:$AP
Name excav: 'Résultats observations'!$A$7
Name front: 'Résultats observations'!$C:$C
Name galerie: 'Résultats observations'!$G$4
Name jours: 'Résultats observations'!$B:$B
Name N_DEST: #REF!
Name N_SOURCE: #REF!
Name PM: 'Résultats observations'!$W$6
Name Xbasdroit: 'Résultats observations'!$W:$W
Name Xbasgauche: 'Résultats observations'!$E:$E
Name Xhaut: 'Résultats observations'!$N:$N
Name Xhautdroit: 'Résultats observations'!$Q:$Q
Name Xhautgauche: 'Résultats observations'!$K:$K
Name Xinterdroit: 'Résultats observations'!$T:$T
Name Xintergauche: 'Résultats observations'!$H:$H
Name Ybasdroit: 'Résultats observations'!$X:$X
Name Ybasgauche: 'Résultats observations'!$F:$F
Name Yhaut: 'Résultats observations'!$O:$O
Name Yhautdroit: 'Résultats observations'!$R:$R
Name Yhautgauche: 'Résultats observations'!$L:$L
Name Yinterdroit: 'Résultats observations'!$U:$U
Name Yintergauche: 'Résultats observations'!$I:$I
Name Zbasdroit: 'Résultats observations'!$Y:$Y
Name Zbasgauche: 'Résultats observations'!$G:$G
Name Zhaut: 'Résultats observations'!$P:$P
Name Zhautdroit: 'Résultats observations'!$S:$S
Name Zhautgauche: 'Résultats observations'!$M:$M
Name Zinterdroit: 'Résultats observations'!$V:$V

Sheet Résultats observations
F1: CONVERGENCE T12T13 - PM169.2
A6: Date point 0 | V6: PM = | W6: 169.2
A7: 43599
A8: Date | B8: Jours | C8: Front | D8: Dist | E8: Point bas gauche | H8: Point intermédiaire gauche | K8: Point haut gauche | N8: Point centre haut | Q8: Point haut droit | T8: Point intermédiaire droit | W8: Point bas droit | AI8: Différences | AS8: Point bas gauche | AV8: Point intermédiaire gauche | AY8: Point haut gauche | BB8: Point centre haut | BE8: Point haut droit | BH8: Point intermédiaire droit | BK8: Point bas droit | BO8: Point bas gauche | BR8: Point intermédiaire gauche | BU8: Point haut gauche | BX8: Point centre haut | CA8: Point haut droit | CD8: Point intermédiaire droit | CG8: Point bas droit | CK8: Point bas gauche | CN8: Point intermédiaire gauche | CQ8: Point haut gauche | CT8: Point centre haut | CW8: Point haut droit | CZ8: Point intermédiaire droit | DC8: Point bas droit
E9: X | F9: Y | G9: Z | K9: X | L9: Y | M9: Z | N9: X | O9: Y | P9: Z | Q9: X | R9: Y | S9: Z | W9: X | X9: Y | Y9: Z | Z9: BG | AA9: IG | AB9: HG | AC9: HD | AD9: ID | AE9: BD | AF9: LH | AG9: LI | AH9: LB | AI9: BG | AJ9: IG | AK9: HG | AL9: HD | AM9: ID | AN9: BD | AO9: LH | AP9: LI | AQ9: LB | AS9: DX | AT9: DY | AU9: DZ | AV9: DX | AW9: DY | AX9: DZ | AY9: DX | AZ9: DY | BA9: DZ | BB9: DX | BC9: DY | BD9: DZ | BE9: DX | BF9: DY | BG9: DZ | BH9: DX | BI9: DY | BJ9: DZ | BK9: DX | BL9: DY | BM9: DZ | BO9: PM | BP9: H | BQ9: V | BR9: PM | BS9: H | BT9: V | BU9: PM | BV9: H | BW9: V | BX9: PM | BY9: H | BZ9: V | CA9: PM | CB9: H | CC9: V | CD9: PM | CE9: H | CF9: V | CG9: PM | CH9: H | CI9: V | CK9: DPM | CL9: DH | CM9: DZ | CN9: DPM | CO9: DH | CP9: DZ | CQ9: DPM | CR9: DH | CS9: DZ | CT9: DPM | CU9: DH | CV9: DZ | CW9: DPM | CX9: DH | CY9: DZ | CZ9: DPM | DA9: DH | DB9: DZ | DC9: DPM | DD9: DH | DE9: DZ
A10: 43599 | B10: 0 | C10: 170.4 | D10: =C10-PM -> 1.2 | E10: 823219.58 | F10: 1091508.6 | G10: -125.01 | H10: 823219.25 | I10: 1091508.9 | J10: -123.0233 | K10: 823219.64 | L10: 1091508 | M10: -120.8816 | N10: 823220.9 | O10: 1091504.8 | P10: -119.5003 | Q10: 823222.38 | R10: 1091502.2 | S10: -120.8674 | T10: 823222.79 | U10: 1091501.3 | V10: -123.0174 | W10: 823222.71 | X10: 1091501.6 | Y10: -124.9382 | Z10: =IF(Xhaut="","",SQRT(((Xbasgauche-Xhaut)^2+(Ybasgauche-Yhaut)^2)+(Zbasgauche-Zhaut)^2)) -> 6.8169513 | AA10: =IF(Xhaut="","",SQRT(((Xintergauche-Xhaut)^2+(Yintergauche-Yhaut)^2)+(Zintergauche-Zhaut)^2)) -> 5.6663715 | AB10: =IF(Xhaut="","",SQRT(((Xhautgauche-Xhaut)^2+(Yhautgauche-Yhaut)^2)+(Zhautgauche-Zhaut)^2)) -> 3.7325253 | AC10: =IF(Xhaut="","",SQRT(((Xhautdroit-Xhaut)^2+(Yhautdroit-Yhaut)^2)+(Zhautdroit-Zhaut)^2)) -> 3.2976888 | AD10: =IF(Xhaut="","",SQRT(((Xinterdroit-Xhaut)^2+(Yinterdroit-Yhaut)^2)+(Zinterdroit-Zhaut)^2)) -> 5.3172661 | AE10: =IF(Xhaut="","",SQRT(((Xbasdroit-Xhaut)^2+(Ybasdroit-Yhaut)^2)+(Zbasdroit-Zhaut)^2)) -> 6.5580053 | AF10: =IF(Xhautdroit="","",SQRT(((Xhautdroit-Xhautgauche)^2+(Yhautdroit-Yhautgauche)^2)+(Zhautdroit-Zhautgauche)^2)) -> 6.4516036 | AG10: =IF(Xinterdroit="","",SQRT(((Xinterdroit-Xintergauche)^2+(Yinterdroit-Yintergauche)^2)+(Zinterdroit-Zintergauche)^2)) -> 8.4123915 | AH10: =IF(Xbasdroit="","",SQRT(((Xbasdroit-Xbasgauche)^2+(Ybasdroit-Ybasgauche)^2)+(Zbasdroit-Zbasgauche)^2)) -> 7.6480182 | AI10: 0 | AJ10: 0 | AK10: 0 | AL10: 0 | AM10: 0 | AN10: 0 | AO10: 0 | AP10: 0 | AQ10: 0 | AS10: 0 | AT10: 0 | AU10: 0 | AV10: 0 | AW10: 0 | AX10: 0 | AY10: 0 | AZ10: 0 | BA10: 0 | BB10: 0 | BC10: 0 | BD10: 0 | BE10: 0 | BF10: 0 | BG10: 0 | BH10: 0 | BI10: 0 | BJ10: 0 | BK10: 0 | BL10: 0 | BM10: 0 | BO10: 169.37506 | BP10: -3.7738522 | BQ10: -1.1608706 | BR10: 169.21189 | BS10: -4.2118592 | BT10: 0.8274611 | BU10: 169.19146 | BV10: -3.2408001 | BW10: 2.9693654 | BX10: 168.96361 | BY10: 0.2192351 | BZ10: 4.3529439 | CA10: 169.20119 | CB10: 3.2107806 | CC10: 2.9834681 | CD10: 169.19335 | CE10: 4.2005098 | CF10: 0.83354652 | CG10: 169.25872 | CH10: 3.872944 | CI10: -1.0879072 | CK10: 0 | CL10: 0 | CM10: 0 | CN10: 0 | CO10: 0 | CP10: 0 | CQ10: 0 | CR10: 0 | CS10: 0 | CT10: 0 | CU10: 0 | CV10: 0 | CW10: 0 | CX10: 0 | CY10: 0 | CZ10: 0 | DA10: 0 | DB10: 0 | DC10: 0 | DD10: 0 | DE10: 0
A11: 43600 | B11: =A11-A10 -> 1 | C11: 170.4 | D11: =C11-PM -> 1.2 | E11: 823219.58 | F11: 1091508.6 | G11: -125.0099 | H11: 823219.25 | I11: 1091508.9 | J11: -123.0234 | K11: 823219.64 | L11: 1091508 | M11: -120.8816 | N11: 823220.9 | O11: 1091504.8 | P11: -119.501 | Q11: 823222.38 | R11: 1091502.2 | S11: -120.8675 | T11: 823222.79 | U11: 1091501.3 | V11: -123.0176 | W11: 823222.71 | X11: 1091501.6 | Y11: -124.9384 | Z11: =IF(Xhaut="","",SQRT(((Xbasgauche-Xhaut)^2+(Ybasgauche-Yhaut)^2)+(Zbasgauche-Zhaut)^2)) -> 6.8159709 | AA11: =IF(Xhaut="","",SQRT(((Xintergauche-Xhaut)^2+(Yintergauche-Yhaut)^2)+(Zintergauche-Zhaut)^2)) -> 5.6658822 | AB11: =IF(Xhaut="","",SQRT(((Xhautgauche-Xhaut)^2+(Yhautgauche-Yhaut)^2)+(Zhautgauche-Zhaut)^2)) -> 3.7323049 | AC11: =IF(Xhaut="","",SQRT(((Xhautdroit-Xhaut)^2+(Yhautdroit-Yhaut)^2)+(Zhautdroit-Zhaut)^2)) -> 3.2975404 | AD11: =IF(Xhaut="","",SQRT(((Xinterdroit-Xhaut)^2+(Yinterdroit-Yhaut)^2)+(Zinterdroit-Zhaut)^2)) -> 5.3167728 | AE11: =IF(Xhaut="","",SQRT(((Xbasdroit-Xhaut)^2+(Ybasdroit-Yhaut)^2)+(Zbasdroit-Zhaut)^2)) -> 6.557888 | AF11: =IF(Xhautdroit="","",SQRT(((Xhautdroit-Xhautgauche)^2+(Yhautdroit-Yhautgauche)^2)+(Zhautdroit-Zhautgauche)^2)) -> 6.451694 | AG11: =IF(Xinterdroit="","",SQRT(((Xinterdroit-Xintergauche)^2+(Yinterdroit-Yintergauche)^2)+(Zinterdroit-Zintergauche)^2)) -> 8.411993 | AH11: =IF(Xbasdroit="","",SQRT(((Xbasdroit-Xbasgauche)^2+(Ybasdroit-Ybasgauche)^2)+(Zbasdroit-Zbasgauche)^2)) -> 7.6479271 | AI11: =IF(Z11="","",(Z11-Z$10)*1000) -> -0.98041207 | AJ11: =IF(AA11="","",(AA11-AA$10)*1000) -> -0.48933959 | AK11: =IF(AB11="","",(AB11-AB$10)*1000) -> -0.22036814 | AL11: =IF(AC11="","",(AC11-AC$10)*1000) -> -0.148348 | AM11: =IF(AD11="","",(AD11-AD$10)*1000) -> -0.49324904 | AN11: =IF(AE11="","",(AE11-AE$10)*1000) -> -0.11729645 | AO11: =IF(AF11="","",(AF11-AF$10)*1000) -> 0.090345954 | AP11: =IF(AG11="","",(AG11-AG$10)*1000) -> -0.39843061 | AQ11: =IF(AH11="","",(AH11-AH$10)*1000) -> -0.091110943 | AS11: =IF(E11="","",(E11-E$10)*1000) -> -0.49999997 | AT11: =IF(F11="","",(F11-F$10)*1000) -> -0.80000004 | AU11: =IF(G11="","",(G11-G$10)*1000) -> 0.1 | AV11: =IF(H11="","",(H11-H$10)*1000) -> -0.099999947 | AW11: =IF(I11="","",(I11-I$10)*1000) -> -0.19999989 | AX11: =IF(J11="","",(J11-J$10)*1000) -> -0.1 | AY11: =IF(K11="","",(K11-K$10)*1000) -> -0.10000006 | AZ11: =IF(L11="","",(L11-L$10)*1000) -> 0 | ... BM11: =IF(Y11="","",(Y11-Y$10)*1000) -> -0.2 | BO11: 169.37426 | BP11: -3.7733385 | BQ11: -1.1607626 | BR11: 169.21172 | BS11: -4.2117202 | BT11: 0.82736285 | BU11: 169.19136 | BV11: -3.2408424 | BW11: 2.9693664 | BX11: 168.96308 | BY11: 0.21920504 | BZ11: 4.3522492 | CA11: 169.20106 | CB11: 3.2108289 | CC11: 2.9833694 | CD11: 169.19303 | CE11: 4.2002501 | CF11: 0.83334972 | CG11: 169.25896 | CH11: 3.8733849 | CI11: -1.0881096 | CK11: =IF(BO11="","",(BO11-BO$10)*1000) -> -0.79126762 | CL11: =IF(BP11="","",(BP11-BP$10)*1000) -> 0.51370768 | CM11: =IF(BQ11="","",(BQ11-BQ$10)*1000) -> 0.10791268 | CN11: =IF(BR11="","",(BR11-BR$10)*1000) -> -0.17515951 | CO11: =IF(BS11="","",(BS11-BS$10)*1000) -> 0.13899313 | CP11: =IF(BT11="","",(BT11-BT$10)*1000) -> -0.098248405 | CQ11: =IF(BU11="","",(BU11-BU$10)*1000) -> -0.090629262 | CR11: =IF(BV11="","",(BV11-BV$10)*1000) -> -0.042265228 | ... DE11: =IF(CI11="","",(CI11-CI$10)*1000) -> -0.20235721
A12: 43601 | B12: =A12-A$10 -> 2 | C12: 170.4 | D12: =C12-PM -> 1.2 | E12: 823219.58 | F12: 1091508.6 | G12: -125.0097 | H12: 823219.25 | I12: 1091508.9 | J12: -123.0229 | K12: 823219.64 | L12: 1091508 | M12: -120.8815 | N12: 823220.9 | O12: 1091504.8 | P12: -119.5006 | Q12: 823222.38 | R12: 1091502.2 | S12: -120.8671 | T12: 823222.79 | U12: 1091501.3 | V12: -123.0171 | W12: 823222.71 | X12: 1091501.6 | Y12: -124.9379 | Z12: =IF(Xhaut="","",SQRT(((Xbasgauche-Xhaut)^2+(Ybasgauche-Yhaut)^2)+(Zbasgauche-Zhaut)^2)) -> 6.8165732 | AA12: =IF(Xhaut="","",SQRT(((Xintergauche-Xhaut)^2+(Yintergauche-Yhaut)^2)+(Zintergauche-Zhaut)^2)) -> 5.6661983 | AB12: =IF(Xhaut="","",SQRT(((Xhautgauche-Xhaut)^2+(Yhautgauche-Yhaut)^2)+(Zhautgauche-Zhaut)^2)) -> 3.7321368 | AC12: =IF(Xhaut="","",SQRT(((Xhautdroit-Xhaut)^2+(Yhautdroit-Yhaut)^2)+(Zhautdroit-Zhaut)^2)) -> 3.2974612 | AD12: =IF(Xhaut="","",SQRT(((Xinterdroit-Xhaut)^2+(Yinterdroit-Yhaut)^2)+(Zinterdroit-Zhaut)^2)) -> 5.3167422 | AE12: =IF(Xhaut="","",SQRT(((Xbasdroit-Xhaut)^2+(Ybasdroit-Yhaut)^2)+(Zbasdroit-Zhaut)^2)) -> 6.5576249 | AF12: =IF(Xhautdroit="","",SQRT(((Xhautdroit-Xhautgauche)^2+(Yhautdroit-Yhautgauche)^2)+(Zhautdroit-Zhautgauche)^2)) -> 6.4513266 | AG12: =IF(Xinterdroit="","",SQRT(((Xinterdroit-Xintergauche)^2+(Yinterdroit-Yintergauche)^2)+(Zinterdroit-Zintergauche)^2)) -> 8.4124953 | AH12: =IF(Xbasdroit="","",SQRT(((Xbasdroit-Xbasgauche)^2+(Ybasdroit-Ybasgauche)^2)+(Zbasdroit-Zbasgauche)^2)) -> 7.6482919 | AI12: =IF(Z12="","",(Z12-Z$10)*1000) -> -0.37805926 | AJ12: =IF(AA12="","",(AA12-AA$10)*1000) -> -0.1732519 | AK12: =IF(AB12="","",(AB12-AB$10)*1000) -> -0.38849707 | AL12: =IF(AC12="","",(AC12-AC$10)*1000) -> -0.22751861 | AM12: =IF(AD12="","",(AD12-AD$10)*1000) -> -0.5238222 | AN12: =IF(AE12="","",(AE12-AE$10)*1000) -> -0.38031176 | AO12: =IF(AF12="","",(AF12-AF$10)*1000) -> -0.27700355 | AP12: =IF(AG12="","",(AG12-AG$10)*1000) -> 0.10384985 | AQ12: =IF(AH12="","",(AH12-AH$10)*1000) -> 0.27377404 | AS12: =IF(E12="","",(E12-E$10)*1000) -> 0.10000006 | AT12: =IF(F12="","",(F12-F$10)*1000) -> 0.10000006 | AU12: =IF(G12="","",(G12-G$10)*1000) -> 0.3 | AV12: =IF(H12="","",(H12-H$10)*1000) -> 0.10000006 | AW12: =IF(I12="","",(I12-I$10)*1000) -> 0.30000019 | AX12: =IF(J12="","",(J12-J$10)*1000) -> 0.4 | AY12: =IF(K12="","",(K12-K$10)*1000) -> -0.30000007 | AZ12: =IF(L12="","",(L12-L$10)*1000) -> -0.49999985 | ... BM12: =IF(Y12="","",(Y12-Y$10)*1000) -> 0.3 | BO12: 169.37519 | BP12: -3.7739006 | BQ12: -1.1605719 | BR12: 169.21211 | BS12: -4.2120888 | BT12: 0.82785892 | BU12: 169.19097 | BV12: -3.2404737 | BW12: 2.9694703 | BX12: 168.96303 | BY12: 0.21929567 | BZ12: 4.3526497 | CA12: 169.20106 | CB12: 3.2108289 | CC12: 2.9837694 | CD12: 169.19308 | CE12: 4.200383 | CF12: 0.83384924 | CG12: 169.25873 | CH12: 3.8731675 | CI12: -1.0876073 | CK12: =IF(BO12="","",(BO12-BO$10)*1000) -> 0.13289449 | CL12: =IF(BP12="","",(BP12-BP$10)*1000) -> -0.048364034 | CM12: =IF(BQ12="","",(BQ12-BQ$10)*1000) -> 0.29867106 | CN12: =IF(BR12="","",(BR12-BR$10)*1000) -> 0.21742494 | CO12: =IF(BS12="","",(BS12-BS$10)*1000) -> -0.22962256 | CP12: =IF(BT12="","",(BT12-BT$10)*1000) -> 0.39782575 | CQ12: =IF(BU12="","",(BU12-BU$10)*1000) -> -0.48321362 | CR12: =IF(BV12="","",(BV12-BV$10)*1000) -> 0.32635025 | ... DE12: =IF(CI12="","",(CI12-CI$10)*1000) -> 0.29993901
A13: 43605 | B13: =A13-A$10 -> 6 | C13: 170.4 | D13: =C13-PM -> 1.2 | E13: 823219.58 | F13: 1091508.6 | G13: -125.0101 | H13: 823219.25 | I13: 1091508.9 | J13: -123.0234 | K13: 823219.64 | L13: 1091508 | M13: -120.882 | N13: 823220.9 | O13: 1091504.8 | P13: -119.501 | Q13: 823222.38 | R13: 1091502.2 | S13: -120.8677 | T13: 823222.79 | U13: 1091501.3 | V13: -123.0176 | W13: 823222.71 | X13: 1091501.6 | Y13: -124.9384 | Z13: =IF(Xhaut="","",SQRT(((Xbasgauche-Xhaut)^2+(Ybasgauche-Yhaut)^2)+(Zbasgauche-Zhaut)^2)) -> 6.8162802 | AA13: =IF(Xhaut="","",SQRT(((Xintergauche-Xhaut)^2+(Yintergauche-Yhaut)^2)+(Zintergauche-Zhaut)^2)) -> 5.6663332 | AB13: =IF(Xhaut="","",SQRT(((Xhautgauche-Xhaut)^2+(Yhautgauche-Yhaut)^2)+(Zhautgauche-Zhaut)^2)) -> 3.7322074 | AC13: =IF(Xhaut="","",SQRT(((Xhautdroit-Xhaut)^2+(Yhautdroit-Yhaut)^2)+(Zhautdroit-Zhaut)^2)) -> 3.2974544 | AD13: =IF(Xhaut="","",SQRT(((Xinterdroit-Xhaut)^2+(Yinterdroit-Yhaut)^2)+(Zinterdroit-Zhaut)^2)) -> 5.3170472 | AE13: =IF(Xhaut="","",SQRT(((Xbasdroit-Xhaut)^2+(Ybasdroit-Yhaut)^2)+(Zbasdroit-Zhaut)^2)) -> 6.5575764 | AF13: =IF(Xhautdroit="","",SQRT(((Xhautdroit-Xhautgauche)^2+(Yhautdroit-Yhautgauche)^2)+(Zhautdroit-Zhautgauche)^2)) -> 6.451284 | AG13: =IF(Xinterdroit="","",SQRT(((Xinterdroit-Xintergauche)^2+(Yinterdroit-Yintergauche)^2)+(Zinterdroit-Zintergauche)^2)) -> 8.4128937 | AH13: =IF(Xbasdroit="","",SQRT(((Xbasdroit-Xbasgauche)^2+(Ybasdroit-Ybasgauche)^2)+(Zbasdroit-Zbasgauche)^2)) -> 7.6476427 | AI13: =IF(Z13="","",(Z13-Z$10)*1000) -> -0.67114094 | AJ13: =IF(AA13="","",(AA13-AA$10)*1000) -> -0.03835169 | AK13: =IF(AB13="","",(AB13-AB$10)*1000) -> -0.31784918 | AL13: =IF(AC13="","",(AC13-AC$10)*1000) -> -0.23439664 | AM13: =IF(AD13="","",(AD13-AD$10)*1000) -> -0.21890559 | AN13: =IF(AE13="","",(AE13-AE$10)*1000) -> -0.42888979 | AO13: =IF(AF13="","",(AF13-AF$10)*1000) -> -0.31963211 | AP13: =IF(AG13="","",(AG13-AG$10)*1000) -> 0.50220497 | AQ13: =IF(AH13="","",(AH13-AH$10)*1000) -> -0.37545667 | AS13: =IF(E13="","",(E13-E$10)*1000) -> -0.29999996 | AT13: =IF(F13="","",(F13-F$10)*1000) -> -0.69999998 | AU13: =IF(G13="","",(G13-G$10)*1000) -> -0.1 | AV13: =IF(H13="","",(H13-H$10)*1000) -> 0.20000001 | AW13: =IF(I13="","",(I13-I$10)*1000) -> 0.30000019 | AX13: =IF(J13="","",(J13-J$10)*1000) -> -0.1 | AY13: =IF(K13="","",(K13-K$10)*1000) -> -0.30000007 | AZ13: =IF(L13="","",(L13-L$10)*1000) -> -0.59999991 | ... BM13: =IF(Y13="","",(Y13-Y$10)*1000) -> -0.2 | BO13: 169.37449 | BP13: -3.7733446 | BQ13: -1.1609649 | BR13: 169.2122 | BS13: -4.2120465 | BT13: 0.82735802 | BU13: 169.19093 | BV13: -3.2403831 | BW13: 2.9689707 | BX13: 168.96308 | BY13: 0.21942856 | BZ13: 4.3522492 | CA13: 169.20093 | CB13: 3.2108773 | CC13: 2.9831707 | CD13: 169.19331 | CE13: 4.200824 | CF13: 0.83334688 | CG13: 169.25855 | CH13: 3.873083 | CI13: -1.0881055 | CK13: =IF(BO13="","",(BO13-BO$10)*1000) -> -0.56774397 | CL13: =IF(BP13="","",(BP13-BP$10)*1000) -> 0.50760883 | CM13: =IF(BQ13="","",(BQ13-BQ$10)*1000) -> -0.09432256 | CN13: =IF(BR13="","",(BR13-BR$10)*1000) -> 0.3080541 | CO13: =IF(BS13="","",(BS13-BS$10)*1000) -> -0.18735738 | CP13: =IF(BT13="","",(BT13-BT$10)*1000) -> -0.10308054 | CQ13: =IF(BU13="","",(BU13-BU$10)*1000) -> -0.52547885 | CR13: =IF(BV13="","",(BV13-BV$10)*1000) -> 0.41697952 | ... DE13: =IF(CI13="","",(CI13-CI$10)*1000) -> -0.1982484
A14: 43607 | B14: =A14-A$10 -> 8 | C14: 172.28 | D14: =C14-PM -> 3.08 | E14: 823219.58 | F14: 1091508.6 | G14: -125.01 | H14: 823219.25 | I14: 1091508.9 | J14: -123.023 | K14: 823219.64 | L14: 1091508 | M14: -120.882 | N14: 823220.9 | O14: 1091504.8 | P14: -119.502 | Q14: 823222.38 | R14: 1091502.2 | S14: -120.868 | T14: 823222.79 | U14: 1091501.3 | V14: -123.017 | W14: 823222.71 | X14: 1091501.6 | Y14: -124.938 | Z14: =IF(Xhaut="","",SQRT(((Xbasgauche-Xhaut)^2+(Ybasgauche-Yhaut)^2)+(Zbasgauche-Zhaut)^2)) -> 6.8144215 | AA14: =IF(Xhaut="","",SQRT(((Xintergauche-Xhaut)^2+(Yintergauche-Yhaut)^2)+(Zintergauche-Zhaut)^2)) -> 5.6650411 | AB14: =IF(Xhaut="","",SQRT(((Xhautgauche-Xhaut)^2+(Yhautgauche-Yhaut)^2)+(Zhautgauche-Zhaut)^2)) -> 3.7311254 | AC14: =IF(Xhaut="","",SQRT(((Xhautdroit-Xhaut)^2+(Yhautdroit-Yhaut)^2)+(Zhautdroit-Zhaut)^2)) -> 3.2967341 | AD14: =IF(Xhaut="","",SQRT(((Xinterdroit-Xhaut)^2+(Yinterdroit-Yhaut)^2)+(Zinterdroit-Zhaut)^2)) -> 5.3148307 | AE14: =IF(Xhaut="","",SQRT(((Xbasdroit-Xhaut)^2+(Ybasdroit-Yhaut)^2)+(Zbasdroit-Zhaut)^2)) -> 6.5562212 | AF14: =IF(Xhautdroit="","",SQRT(((Xhautdroit-Xhautgauche)^2+(Yhautdroit-Yhautgauche)^2)+(Zhautdroit-Zhautgauche)^2)) -> 6.4500522 | AG14: =IF(Xinterdroit="","",SQRT(((Xinterdroit-Xintergauche)^2+(Yinterdroit-Yintergauche)^2)+(Zinterdroit-Zintergauche)^2)) -> 8.41086 | AH14: =IF(Xbasdroit="","",SQRT(((Xbasdroit-Xbasgauche)^2+(Ybasdroit-Ybasgauche)^2)+(Zbasdroit-Zbasgauche)^2)) -> 7.6456255 | AI14: =IF(Z14="","",(Z14-Z$10)*1000) -> -2.5297503 | AJ14: =IF(AA14="","",(AA14-AA$10)*1000) -> -1.3304148 | AK14: =IF(AB14="","",(AB14-AB$10)*1000) -> -1.3998391 | AL14: =IF(AC14="","",(AC14-AC$10)*1000) -> -0.95461562 | AM14: =IF(AD14="","",(AD14-AD$10)*1000) -> -2.435402 | AN14: =IF(AE14="","",(AE14-AE$10)*1000) -> -1.7840823 | AO14: =IF(AF14="","",(AF14-AF$10)*1000) -> -1.5514604 | AP14: =IF(AG14="","",(AG14-AG$10)*1000) -> -1.5314583 | AQ14: =IF(AH14="","",(AH14-AH$10)*1000) -> -2.3926835 | AS14: =IF(E14="","",(E14-E$10)*1000) -> 0.20000001 | AT14: =IF(F14="","",(F14-F$10)*1000) -> -2.9 | AU14: =IF(G14="","",(G14-G$10)*1000) -> 0 | AV14: =IF(H14="","",(H14-H$10)*1000) -> 0.20000001 | AW14: =IF(I14="","",(I14-I$10)*1000) -> -0.89999987 | AX14: =IF(J14="","",(J14-J$10)*1000) -> 0.3 | AY14: =IF(K14="","",(K14-K$10)*1000) -> -0.70000009 | AZ14: =IF(L14="","",(L14-L$10)*1000) -> -2.2 | ... BM14: =IF(Y14="","",(Y14-Y$10)*1000) -> 0.2 | BO14: 169.37401 | BP14: -3.7711395 | BQ14: -1.1608601 | BR14: 169.21169 | BS14: -4.210959 | BT14: 0.82776309 | BU14: 169.18989 | BV14: -3.2391021 | BW14: 2.9689811 | BX14: 168.96261 | BY14: 0.21997843 | BZ14: 4.3512539 | CA14: 169.2008 | CB14: 3.2109257 | CC14: 2.982872 | CD14: 169.19199 | CE14: 4.1998758 | CF14: 0.83396011 | CG14: 169.25824 | CH14: 3.8732703 | CI14: -1.0877024 | CK14: =IF(BO14="","",(BO14-BO$10)*1000) -> -1.0444324 | CL14: =IF(BP14="","",(BP14-BP$10)*1000) -> 2.7127773 | CM14: =IF(BQ14="","",(BQ14-BQ$10)*1000) -> 0.010444324 | CN14: =IF(BR14="","",(BR14-BR$10)*1000) -> -0.19912833 | CO14: =IF(BS14="","",(BS14-BS$10)*1000) -> 0.90019313 | CP14: =IF(BT14="","",(BT14-BT$10)*1000) -> 0.30199128 | CQ14: =IF(BU14="","",(BU14-BU$10)*1000) -> -1.5642389 | CR14: =IF(BV14="","",(BV14-BV$10)*1000) -> 1.6979861 | ... DE14: =IF(CI14="","",(CI14-CI$10)*1000) -> 0.20483214
A15: 43621 | B15: =A15-A$10 -> 22 | C15: 176.25 | D15: =C15-PM -> 7.05 | E15: 823219.58 | F15: 1091508.6 | G15: -125.009 | H15: 823219.25 | I15: 1091508.9 | J15: -123.0228 | K15: 823219.64 | L15: 1091508 | M15: -120.8818 | N15: 823220.9 | O15: 1091504.8 | P15: -119.5031 | Q15: 823222.38 | R15: 1091502.2 | S15: -120.8679 | T15: 823222.79 | U15: 1091501.3 | V15: -123.0166 | W15: 823222.71 | X15: 1091501.6 | Y15: -124.9383 | Z15: =IF(Xhaut="","",SQRT(((Xbasgauche-Xhaut)^2+(Ybasgauche-Yhaut)^2)+(Zbasgauche-Zhaut)^2)) -> 6.8114936 | AA15: =IF(Xhaut="","",SQRT(((Xintergauche-Xhaut)^2+(Yintergauche-Yhaut)^2)+(Zintergauche-Zhaut)^2)) -> 5.6616438 | AB15: =IF(Xhaut="","",SQRT(((Xhautgauche-Xhaut)^2+(Yhautgauche-Yhaut)^2)+(Zhautgauche-Zhaut)^2)) -> 3.7283692 | AC15: =IF(Xhaut="","",SQRT(((Xhautdroit-Xhaut)^2+(Yhautdroit-Yhaut)^2)+(Zhautdroit-Zhaut)^2)) -> 3.2954347 | AD15: =IF(Xhaut="","",SQRT(((Xinterdroit-Xhaut)^2+(Yinterdroit-Yhaut)^2)+(Zinterdroit-Zhaut)^2)) -> 5.3125535 | AE15: =IF(Xhaut="","",SQRT(((Xbasdroit-Xhaut)^2+(Ybasdroit-Yhaut)^2)+(Zbasdroit-Zhaut)^2)) -> 6.5540468 | AF15: =IF(Xhautdroit="","",SQRT(((Xhautdroit-Xhautgauche)^2+(Yhautdroit-Yhautgauche)^2)+(Zhautdroit-Zhautgauche)^2)) -> 6.4466932 | AG15: =IF(Xinterdroit="","",SQRT(((Xinterdroit-Xintergauche)^2+(Yinterdroit-Yintergauche)^2)+(Zinterdroit-Zintergauche)^2)) -> 8.405806 | AH15: =IF(Xbasdroit="","",SQRT(((Xbasdroit-Xbasgauche)^2+(Ybasdroit-Ybasgauche)^2)+(Zbasdroit-Zbasgauche)^2)) -> 7.6408498 | AI15: =IF(Z15="","",(Z15-Z$10)*1000) -> -5.4576836 | AJ15: =IF(AA15="","",(AA15-AA$10)*1000) -> -4.7277779 | AK15: =IF(AB15="","",(AB15-AB$10)*1000) -> -4.1560392 | AL15: =IF(AC15="","",(AC15-AC$10)*1000) -> -2.254053 | AM15: =IF(AD15="","",(AD15-AD$10)*1000) -> -4.7126077 | AN15: =IF(AE15="","",(AE15-AE$10)*1000) -> -3.958436 | AO15: =IF(AF15="","",(AF15-AF$10)*1000) -> -4.9103924 | AP15: =IF(AG15="","",(AG15-AG$10)*1000) -> -6.5854613 | AQ15: =IF(AH15="","",(AH15-AH$10)*1000) -> -7.1683986 | AS15: =IF(E15="","",(E15-E$10)*1000) -> 2.2 | AT15: =IF(F15="","",(F15-F$10)*1000) -> -4 | AU15: =IF(G15="","",(G15-G$10)*1000) -> 1 | AV15: =IF(H15="","",(H15-H$10)*1000) -> 2.2 | AW15: =IF(I15="","",(I15-I$10)*1000) -> -3.3 | AX15: =IF(J15="","",(J15-J$10)*1000) -> 0.5 | AY15: =IF(K15="","",(K15-K$10)*1000) -> 1.5 | AZ15: =IF(L15="","",(L15-L$10)*1000) -> -3.5999999 | ... BM15: =IF(Y15="","",(Y15-Y$10)*1000) -> -0.1 | BO15: 169.37536 | BP15: -3.7692972 | BQ15: -1.1598736 | BR15: 169.21249 | BS15: -4.2079386 | BT15: 0.82795511 | BU15: 169.19129 | BV15: -3.2369035 | BW15: 2.9691671 | BX15: 168.96394 | BY15: 0.21971832 | BZ15: 4.3501406 | CA15: 169.20233 | CB15: 3.2097653 | CC15: 2.9829567 | CD15: 169.19426 | CE15: 4.1978454 | CF15: 0.8343374 | CG15: 169.25905 | CH15: 3.8703401 | CI15: -1.0880105 | CK15: =IF(BO15="","",(BO15-BO$10)*1000) -> 0.30323448 | CL15: =IF(BP15="","",(BP15-BP$10)*1000) -> 4.5550026 | CM15: =IF(BQ15="","",(BQ15-BQ$10)*1000) -> 0.99696766 | CN15: =IF(BR15="","",(BR15-BR$10)*1000) -> 0.59909087 | CO15: =IF(BS15="","",(BS15-BS$10)*1000) -> 3.9205982 | CP15: =IF(BT15="","",(BT15-BT$10)*1000) -> 0.49400909 | CQ15: =IF(BU15="","",(BU15-BU$10)*1000) -> -0.16210912 | CR15: =IF(BV15="","",(BV15-BV$10)*1000) -> 3.8966293 | ... DE15: =IF(CI15="","",(CI15-CI$10)*1000) -> -0.10331596
A16: 43637 | B16: =A16-A$10 -> 38 | C16: 181.24 | D16: =C16-PM -> 12.04 | E16: 823219.58 | F16: 1091508.6 | G16: -125.009 | H16: 823219.25 | I16: 1091508.9 | J16: -123.023 | K16: 823219.64 | L16: 1091508 | M16: -120.881 | N16: 823220.9 | O16: 1091504.8 | P16: -119.505 | Q16: 823222.38 | R16: 1091502.2 | S16: -120.868 | T16: 823222.79 | U16: 1091501.3 | V16: -123.017 | W16: 823222.7 | X16: 1091501.6 | Y16: -124.936 | Z16: =IF(Xhaut="","",SQRT(((Xbasgauche-Xhaut)^2+(Ybasgauche-Yhaut)^2)+(Zbasgauche-Zhaut)^2)) -> 6.8080214 | AA16: =IF(Xhaut="","",SQRT(((Xintergauche-Xhaut)^2+(Yintergauche-Yhaut)^2)+(Zintergauche-Zhaut)^2)) -> 5.6589579 | AB16: =IF(Xhaut="","",SQRT(((Xhautgauche-Xhaut)^2+(Yhautgauche-Yhaut)^2)+(Zhautgauche-Zhaut)^2)) -> 3.7255095 | AC16: =IF(Xhaut="","",SQRT(((Xhautdroit-Xhaut)^2+(Yhautdroit-Yhaut)^2)+(Zhautdroit-Zhaut)^2)) -> 3.2947003 | AD16: =IF(Xhaut="","",SQRT(((Xinterdroit-Xhaut)^2+(Yinterdroit-Yhaut)^2)+(Zinterdroit-Zhaut)^2)) -> 5.311526 | AE16: =IF(Xhaut="","",SQRT(((Xbasdroit-Xhaut)^2+(Ybasdroit-Yhaut)^2)+(Zbasdroit-Zhaut)^2)) -> 6.5500649 | AF16: =IF(Xhautdroit="","",SQRT(((Xhautdroit-Xhautgauche)^2+(Yhautdroit-Yhautgauche)^2)+(Zhautdroit-Zhautgauche)^2)) -> 6.4446738 | AG16: =IF(Xinterdroit="","",SQRT(((Xinterdroit-Xintergauche)^2+(Yinterdroit-Yintergauche)^2)+(Zinterdroit-Zintergauche)^2)) -> 8.4036681 | AH16: =IF(Xbasdroit="","",SQRT(((Xbasdroit-Xbasgauche)^2+(Ybasdroit-Ybasgauche)^2)+(Zbasdroit-Zbasgauche)^2)) -> 7.6366992 | AI16: =IF(Z16="","",(Z16-Z$10)*1000) -> -8.9298504 | AJ16: =IF(AA16="","",(AA16-AA$10)*1000) -> -7.4136014 | AK16: =IF(AB16="","",(AB16-AB$10)*1000) -> -7.0157771 | AL16: =IF(AC16="","",(AC16-AC$10)*1000) -> -2.9884674 | AM16: =IF(AD16="","",(AD16-AD$10)*1000) -> -5.7401095 | AN16: =IF(AE16="","",(AE16-AE$10)*1000) -> -7.9403649 | AO16: =IF(AF16="","",(AF16-AF$10)*1000) -> -6.9297833 | AP16: =IF(AG16="","",(AG16-AG$10)*1000) -> -8.7233937 | AQ16: =IF(AH16="","",(AH16-AH$10)*1000) -> -11.319009 | AS16: =IF(E16="","",(E16-E$10)*1000) -> 0.20000001 | AT16: =IF(F16="","",(F16-F$10)*1000) -> -6.8999999 | AU16: =IF(G16="","",(G16-G$10)*1000) -> 1 | AV16: =IF(H16="","",(H16-H$10)*1000) -> 0.20000001 | AW16: =IF(I16="","",(I16-I$10)*1000) -> -4.8999998 | AX16: =IF(J16="","",(J16-J$10)*1000) -> 0.3 | AY16: =IF(K16="","",(K16-K$10)*1000) -> -0.70000009 | AZ16: =IF(L16="","",(L16-L$10)*1000) -> -5.2 | ... BM16: =IF(Y16="","",(Y16-Y$10)*1000) -> 2.2 | BO16: 169.37232 | BP16: -3.7675143 | BQ16: -1.1598432 | BR16: 169.21 | BS16: -4.2073338 | BT16: 0.82777999 | BU16: 169.18862 | BV16: -3.2363832 | BW16: 2.9699938 | BX16: 168.96122 | BY16: 0.21822684 | BZ16: 4.3482678 | CA16: 169.19983 | CB16: 3.2082678 | CC16: 2.9828817 | CD16: 169.19144 | CE16: 4.1963116 | CF16: 0.83396556 | CG16: 169.2563 | CH16: 3.8679546 | CI16: -1.085683 | CK16: =IF(BO16="","",(BO16-BO$10)*1000) -> -2.7350222 | CL16: =IF(BP16="","",(BP16-BP$10)*1000) -> 6.3379451 | CM16: =IF(BQ16="","",(BQ16-BQ$10)*1000) -> 1.0273502 | CN16: =IF(BR16="","",(BR16-BR$10)*1000) -> -1.8897291 | CO16: =IF(BS16="","",(BS16-BS$10)*1000) -> 4.5253616 | CP16: =IF(BT16="","",(BT16-BT$10)*1000) -> 0.31889729 | CQ16: =IF(BU16="","",(BU16-BU$10)*1000) -> -2.8322419 | CR16: =IF(BV16="","",(BV16-BV$10)*1000) -> 4.4168627 | ... DE16: =IF(CI16="","",(CI16-CI$10)*1000) -> 2.2241777
A17: 43641 | B17: =A17-A$10 -> 42 | C17: 182.12 | D17: =C17-PM -> 12.92 | E17: 823219.58 | F17: 1091508.6 | G17: -125.01 | H17: 823219.25 | I17: 1091508.9 | J17: -123.024 | K17: 823219.64 | L17: 1091508 | M17: -120.882 | N17: 823220.89 | O17: 1091504.8 | P17: -119.507 | Q17: 823222.37 | R17: 1091502.2 | S17: -120.869 | T17: 823222.78 | U17: 1091501.3 | V17: -123.017 | W17: 823222.7 | X17: 1091501.6 | Y17: -124.937 | Z17: =IF(Xhaut="","",SQRT(((Xbasgauche-Xhaut)^2+(Ybasgauche-Yhaut)^2)+(Zbasgauche-Zhaut)^2)) -> 6.807213 | AA17: =IF(Xhaut="","",SQRT(((Xintergauche-Xhaut)^2+(Yintergauche-Yhaut)^2)+(Zintergauche-Zhaut)^2)) -> 5.6573183 | AB17: =IF(Xhaut="","",SQRT(((Xhautgauche-Xhaut)^2+(Yhautgauche-Yhaut)^2)+(Zhautgauche-Zhaut)^2)) -> 3.724274 | AC17: =IF(Xhaut="","",SQRT(((Xhautdroit-Xhaut)^2+(Yhautdroit-Yhaut)^2)+(Zhautdroit-Zhaut)^2)) -> 3.2947361 | AD17: =IF(Xhaut="","",SQRT(((Xinterdroit-Xhaut)^2+(Yinterdroit-Yhaut)^2)+(Zinterdroit-Zhaut)^2)) -> 5.3105598 | AE17: =IF(Xhaut="","",SQRT(((Xbasdroit-Xhaut)^2+(Ybasdroit-Yhaut)^2)+(Zbasdroit-Zhaut)^2)) -> 6.5499982 | AF17: =IF(Xhautdroit="","",SQRT(((Xhautdroit-Xhautgauche)^2+(Yhautdroit-Yhautgauche)^2)+(Zhautdroit-Zhautgauche)^2)) -> 6.4441927 | AG17: =IF(Xinterdroit="","",SQRT(((Xinterdroit-Xintergauche)^2+(Yinterdroit-Yintergauche)^2)+(Zinterdroit-Zintergauche)^2)) -> 8.4027616 | AH17: =IF(Xbasdroit="","",SQRT(((Xbasdroit-Xbasgauche)^2+(Ybasdroit-Ybasgauche)^2)+(Zbasdroit-Zbasgauche)^2)) -> 7.6380206 | AI17: =IF(Z17="","",(Z17-Z$10)*1000) -> -9.7382832 | AJ17: =IF(AA17="","",(AA17-AA$10)*1000) -> -9.0532751 | AK17: =IF(AB17="","",(AB17-AB$10)*1000) -> -8.2512494 | AL17: =IF(AC17="","",(AC17-AC$10)*1000) -> -2.9526524 | AM17: =IF(AD17="","",(AD17-AD$10)*1000) -> -6.7063038 | AN17: =IF(AE17="","",(AE17-AE$10)*1000) -> -8.0070057 | AO17: =IF(AF17="","",(AF17-AF$10)*1000) -> -7.4109738 | AP17: =IF(AG17="","",(AG17-AG$10)*1000) -> -9.6298324 | AQ17: =IF(AH17="","",(AH17-AH$10)*1000) -> -9.9976096 | AS17: =IF(E17="","",(E17-E$10)*1000) -> -1.8 | AT17: =IF(F17="","",(F17-F$10)*1000) -> -5.9 | AU17: =IF(G17="","",(G17-G$10)*1000) -> 0 | AV17: =IF(H17="","",(H17-H$10)*1000) -> -0.80000004 | AW17: =IF(I17="","",(I17-I$10)*1000) -> -4.8999998 | AX17: =IF(J17="","",(J17-J$10)*1000) -> -0.7 | AY17: =IF(K17="","",(K17-K$10)*1000) -> -2.7000001 | AZ17: =IF(L17="","",(L17-L$10)*1000) -> -5.2 | ... BM17: =IF(Y17="","",(Y17-Y$10)*1000) -> 1.2 | BO17: 169.37093 | BP17: -3.7692659 | BQ17: -1.1608293 | BR17: 169.20909 | BS17: -4.2077564 | BT17: 0.82678906 | BU17: 169.18681 | BV17: -3.2372285 | BW17: 2.9690119 | BX17: 168.95983 | BY17: 0.21647524 | BZ17: 4.3462817 | CA17: 169.19934 | CB17: 3.2069388 | CC17: 2.9818866 | CD17: 169.19096 | CE17: 4.1949827 | CF17: 0.8339704 | CG17: 169.2554 | CH17: 3.8675319 | CI17: -1.086674 | CK17: =IF(BO17="","",(BO17-BO$10)*1000) -> -4.1250222 | CL17: =IF(BP17="","",(BP17-BP$10)*1000) -> 4.5863491 | CM17: =IF(BQ17="","",(BQ17-BQ$10)*1000) -> 0.041250222 | CN17: =IF(BR17="","",(BR17-BR$10)*1000) -> -2.7960291 | CO17: =IF(BS17="","",(BS17-BS$10)*1000) -> 4.1027096 | CP17: =IF(BT17="","",(BT17-BT$10)*1000) -> -0.67203971 | CQ17: =IF(BU17="","",(BU17-BU$10)*1000) -> -4.6447419 | CR17: =IF(BV17="","",(BV17-BV$10)*1000) -> 3.5715577 | ... DE17: =IF(CI17="","",(CI17-CI$10)*1000) -> 1.2332407
A18: 43643 | B18: =A18-A$10 -> 44 | C18: 183.33 | D18: =C18-PM -> 14.13 | E18: 823219.58 | F18: 1091508.6 | G18: -125.01 | H18: 823219.25 | I18: 1091508.9 | J18: -123.023 | K18: 823219.64 | L18: 1091508 | M18: -120.882 | N18: 823220.89 | O18: 1091504.8 | P18: -119.507 | Q18: 823222.37 | R18: 1091502.2 | S18: -120.869 | T18: 823222.78 | U18: 1091501.3 | V18: -123.018 | W18: 823222.7 | X18: 1091501.6 | Y18: -124.937 | Z18: =IF(Xhaut="","",SQRT(((Xbasgauche-Xhaut)^2+(Ybasgauche-Yhaut)^2)+(Zbasgauche-Zhaut)^2)) -> 6.807213 | AA18: =IF(Xhaut="","",SQRT(((Xintergauche-Xhaut)^2+(Yintergauche-Yhaut)^2)+(Zintergauche-Zhaut)^2)) -> 5.6577148 | AB18: =IF(Xhaut="","",SQRT(((Xhautgauche-Xhaut)^2+(Yhautgauche-Yhaut)^2)+(Zhautgauche-Zhaut)^2)) -> 3.724274 | AC18: =IF(Xhaut="","",SQRT(((Xhautdroit-Xhaut)^2+(Yhautdroit-Yhaut)^2)+(Zhautdroit-Zhaut)^2)) -> 3.2939443 | AD18: =IF(Xhaut="","",SQRT(((Xinterdroit-Xhaut)^2+(Yinterdroit-Yhaut)^2)+(Zinterdroit-Zhaut)^2)) -> 5.3112208 | AE18: =IF(Xhaut="","",SQRT(((Xbasdroit-Xhaut)^2+(Ybasdroit-Yhaut)^2)+(Zbasdroit-Zhaut)^2)) -> 6.5495122 | AF18: =IF(Xhautdroit="","",SQRT(((Xhautdroit-Xhautgauche)^2+(Yhautdroit-Yhautgauche)^2)+(Zhautdroit-Zhautgauche)^2)) -> 6.4432872 | AG18: =IF(Xinterdroit="","",SQRT(((Xinterdroit-Xintergauche)^2+(Yinterdroit-Yintergauche)^2)+(Zinterdroit-Zintergauche)^2)) -> 8.4040881 | AH18: =IF(Xbasdroit="","",SQRT(((Xbasdroit-Xbasgauche)^2+(Ybasdroit-Ybasgauche)^2)+(Zbasdroit-Zbasgauche)^2)) -> 7.637108 | AI18: =IF(Z18="","",(Z18-Z$10)*1000) -> -9.7382831 | AJ18: =IF(AA18="","",(AA18-AA$10)*1000) -> -8.6567229 | AK18: =IF(AB18="","",(AB18-AB$10)*1000) -> -8.2512492 | AL18: =IF(AC18="","",(AC18-AC$10)*1000) -> -3.7444651 | AM18: =IF(AD18="","",(AD18-AD$10)*1000) -> -6.0453037 | AN18: =IF(AE18="","",(AE18-AE$10)*1000) -> -8.4930545 | AO18: =IF(AF18="","",(AF18-AF$10)*1000) -> -8.3164262 | AP18: =IF(AG18="","",(AG18-AG$10)*1000) -> -8.3033496 | AQ18: =IF(AH18="","",(AH18-AH$10)*1000) -> -10.910139 | AS18: =IF(E18="","",(E18-E$10)*1000) -> -1.8 | AT18: =IF(F18="","",(F18-F$10)*1000) -> -6.8999999 | AU18: =IF(G18="","",(G18-G$10)*1000) -> 0 | AV18: =IF(H18="","",(H18-H$10)*1000) -> -1.8 | AW18: =IF(I18="","",(I18-I$10)*1000) -> -4.8999998 | AX18: =IF(J18="","",(J18-J$10)*1000) -> 0.3 | AY18: =IF(K18="","",(K18-K$10)*1000) -> -2.7000001 | AZ18: =IF(L18="","",(L18-L$10)*1000) -> -6.1999999 | ... BM18: =IF(Y18="","",(Y18-Y$10)*1000) -> 1.2 | BO18: 169.37051 | BP18: -3.7683596 | BQ18: -1.1608251 | BR18: 169.20819 | BS18: -4.2081791 | BT18: 0.82779812 | BU18: 169.18639 | BV18: -3.2363222 | BW18: 2.9690161 | BX18: 168.9594 | BY18: 0.21738153 | BZ18: 4.346286 | CA18: 169.19934 | CB18: 3.2069388 | CC18: 2.9818866 | CD18: 169.19054 | CE18: 4.195889 | CF18: 0.83297462 | CG18: 169.2554 | CH18: 3.8675319 | CI18: -1.086674 | CK18: =IF(BO18="","",(BO18-BO$10)*1000) -> -4.5476222 | CL18: =IF(BP18="","",(BP18-BP$10)*1000) -> 5.4926411 | CM18: =IF(BQ18="","",(BQ18-BQ$10)*1000) -> 0.045476222 | CN18: =IF(BR18="","",(BR18-BR$10)*1000) -> -3.7023291 | CO18: =IF(BS18="","",(BS18-BS$10)*1000) -> 3.6800576 | CP18: =IF(BT18="","",(BT18-BT$10)*1000) -> 0.33702329 | CQ18: =IF(BU18="","",(BU18-BU$10)*1000) -> -5.0674419 | CR18: =IF(BV18="","",(BV18-BV$10)*1000) -> 4.4778497 | ... DE18: =IF(CI18="","",(CI18-CI$10)*1000) -> 1.2332407
A19: 43647 | B19: =A19-A$10 -> 48 | C19: 184.2 | D19: =C19-PM -> 15 | E19: 823219.58 | F19: 1091508.6 | G19: -125.0097 | H19: 823219.25 | I19: 1091508.9 | J19: -123.0235 | K19: 823219.64 | L19: 1091508 | M19: -120.882 | N19: 823220.89 | O19: 1091504.8 | P19: -119.508 | Q19: 823222.37 | R19: 1091502.2 | S19: -120.8692 | T19: 823222.78 | U19: 1091501.3 | V19: -123.0174 | W19: 823222.7 | X19: 1091501.6 | Y19: -124.9369 | Z19: =IF(Xhaut="","",SQRT(((Xbasgauche-Xhaut)^2+(Ybasgauche-Yhaut)^2)+(Zbasgauche-Zhaut)^2)) -> 6.8055674 | AA19: =IF(Xhaut="","",SQRT(((Xintergauche-Xhaut)^2+(Yintergauche-Yhaut)^2)+(Zintergauche-Zhaut)^2)) -> 5.6558038 | AB19: =IF(Xhaut="","",SQRT(((Xhautgauche-Xhaut)^2+(Yhautgauche-Yhaut)^2)+(Zhautgauche-Zhaut)^2)) -> 3.722904 | AC19: =IF(Xhaut="","",SQRT(((Xhautdroit-Xhaut)^2+(Yhautdroit-Yhaut)^2)+(Zhautdroit-Zhaut)^2)) -> 3.2942706 | AD19: =IF(Xhaut="","",SQRT(((Xinterdroit-Xhaut)^2+(Yinterdroit-Yhaut)^2)+(Zinterdroit-Zhaut)^2)) -> 5.3102701 | AE19: =IF(Xhaut="","",SQRT(((Xbasdroit-Xhaut)^2+(Ybasdroit-Yhaut)^2)+(Zbasdroit-Zhaut)^2)) -> 6.5486279 | AF19: =IF(Xhautdroit="","",SQRT(((Xhautdroit-Xhautgauche)^2+(Yhautdroit-Yhautgauche)^2)+(Zhautdroit-Zhautgauche)^2)) -> 6.4429897 | AG19: =IF(Xinterdroit="","",SQRT(((Xinterdroit-Xintergauche)^2+(Yinterdroit-Yintergauche)^2)+(Zinterdroit-Zintergauche)^2)) -> 8.4021904 | AH19: =IF(Xbasdroit="","",SQRT(((Xbasdroit-Xbasgauche)^2+(Ybasdroit-Ybasgauche)^2)+(Zbasdroit-Zbasgauche)^2)) -> 7.6361527 | AI19: =IF(Z19="","",(Z19-Z$10)*1000) -> -11.383933 | AJ19: =IF(AA19="","",(AA19-AA$10)*1000) -> -10.567756 | AK19: =IF(AB19="","",(AB19-AB$10)*1000) -> -9.6213039 | AL19: =IF(AC19="","",(AC19-AC$10)*1000) -> -3.4181352 | AM19: =IF(AD19="","",(AD19-AD$10)*1000) -> -6.9960128 | AN19: =IF(AE19="","",(AE19-AE$10)*1000) -> -9.3773463 | AO19: =IF(AF19="","",(AF19-AF$10)*1000) -> -8.6139264 | AP19: =IF(AG19="","",(AG19-AG$10)*1000) -> -10.201102 | AQ19: =IF(AH19="","",(AH19-AH$10)*1000) -> -11.865452 | AS19: =IF(E19="","",(E19-E$10)*1000) -> -2.2999999 | AT19: =IF(F19="","",(F19-F$10)*1000) -> -6.8999999 | AU19: =IF(G19="","",(G19-G$10)*1000) -> 0.3 | AV19: =IF(H19="","",(H19-H$10)*1000) -> -2 | AW19: =IF(I19="","",(I19-I$10)*1000) -> -5.9 | AX19: =IF(J19="","",(J19-J$10)*1000) -> -0.2 | AY19: =IF(K19="","",(K19-K$10)*1000) -> -3 | AZ19: =IF(L19="","",(L19-L$10)*1000) -> -6.1999999 | ... BM19: =IF(Y19="","",(Y19-Y$10)*1000) -> 1.3 | BO19: 169.3701 | BP19: -3.7686616 | BQ19: -1.160521 | BR19: 169.20767 | BS19: -4.2075386 | BT19: 0.82730331 | BU19: 169.18616 | BV19: -3.2365397 | BW19: 2.9690184 | BX19: 168.95923 | BY19: 0.21608876 | BZ19: 4.3452877 | CA19: 169.19861 | CB19: 3.2061537 | CC19: 2.9816939 | CD19: 169.19072 | CE19: 4.1945418 | CF19: 0.83357275 | CG19: 169.25528 | CH19: 3.866372 | CI19: -1.0865728 | CK19: =IF(BO19="","",(BO19-BO$10)*1000) -> -4.9585222 | CL19: =IF(BP19="","",(BP19-BP$10)*1000) -> 5.1906861 | CM19: =IF(BQ19="","",(BQ19-BQ$10)*1000) -> 0.34958522 | CN19: =IF(BR19="","",(BR19-BR$10)*1000) -> -4.2217291 | CO19: =IF(BS19="","",(BS19-BS$10)*1000) -> 4.3205606 | CP19: =IF(BT19="","",(BT19-BT$10)*1000) -> -0.15778271 | CQ19: =IF(BU19="","",(BU19-BU$10)*1000) -> -5.2970419 | CR19: =IF(BV19="","",(BV19-BV$10)*1000) -> 4.2604257 | ... DE19: =IF(CI19="","",(CI19-CI$10)*1000) -> 1.3344517
A20: 43649 | B20: =A20-A$10 -> 50 | C20: 184.2 | D20: =C20-PM -> 15 | E20: 823219.58 | F20: 1091508.6 | G20: -125.0092 | H20: 823219.25 | I20: 1091508.9 | J20: -123.0227 | K20: 823219.64 | L20: 1091508 | M20: -120.8807 | N20: 823220.89 | O20: 1091504.8 | P20: -119.507 | Q20: 823222.37 | R20: 1091502.2 | S20: -120.8685 | T20: 823222.78 | U20: 1091501.3 | V20: -123.0168 | W20: 823222.7 | X20: 1091501.6 | Y20: -124.9366 | Z20: =IF(Xhaut="","",SQRT(((Xbasgauche-Xhaut)^2+(Ybasgauche-Yhaut)^2)+(Zbasgauche-Zhaut)^2)) -> 6.8060101 | AA20: =IF(Xhaut="","",SQRT(((Xintergauche-Xhaut)^2+(Yintergauche-Yhaut)^2)+(Zintergauche-Zhaut)^2)) -> 5.6559572 | AB20: =IF(Xhaut="","",SQRT(((Xhautgauche-Xhaut)^2+(Yhautgauche-Yhaut)^2)+(Zhautgauche-Zhaut)^2)) -> 3.7229617 | AC20: =IF(Xhaut="","",SQRT(((Xhautdroit-Xhaut)^2+(Yhautdroit-Yhaut)^2)+(Zhautdroit-Zhaut)^2)) -> 3.2942598 | AD20: =IF(Xhaut="","",SQRT(((Xinterdroit-Xhaut)^2+(Yinterdroit-Yhaut)^2)+(Zinterdroit-Zhaut)^2)) -> 5.3110526 | AE20: =IF(Xhaut="","",SQRT(((Xbasdroit-Xhaut)^2+(Ybasdroit-Yhaut)^2)+(Zbasdroit-Zhaut)^2)) -> 6.5496113 | AF20: =IF(Xhautdroit="","",SQRT(((Xhautdroit-Xhautgauche)^2+(Yhautdroit-Yhautgauche)^2)+(Zhautdroit-Zhautgauche)^2)) -> 6.4430734 | AG20: =IF(Xinterdroit="","",SQRT(((Xinterdroit-Xintergauche)^2+(Yinterdroit-Yintergauche)^2)+(Zinterdroit-Zintergauche)^2)) -> 8.4029711 | AH20: =IF(Xbasdroit="","",SQRT(((Xbasdroit-Xbasgauche)^2+(Ybasdroit-Ybasgauche)^2)+(Zbasdroit-Zbasgauche)^2)) -> 7.6370224 | AI20: =IF(Z20="","",(Z20-Z$10)*1000) -> -10.94117 | AJ20: =IF(AA20="","",(AA20-AA$10)*1000) -> -10.414362 | AK20: =IF(AB20="","",(AB20-AB$10)*1000) -> -9.5636155 | AL20: =IF(AC20="","",(AC20-AC$10)*1000) -> -3.4289907 | AM20: =IF(AD20="","",(AD20-AD$10)*1000) -> -6.213455 | AN20: =IF(AE20="","",(AE20-AE$10)*1000) -> -8.3939027 | AO20: =IF(AF20="","",(AF20-AF$10)*1000) -> -8.5302113 | AP20: =IF(AG20="","",(AG20-AG$10)*1000) -> -9.420317 | AQ20: =IF(AH20="","",(AH20-AH$10)*1000) -> -10.995734 | AS20: =IF(E20="","",(E20-E$10)*1000) -> -1.8 | AT20: =IF(F20="","",(F20-F$10)*1000) -> -5.9 | AU20: =IF(G20="","",(G20-G$10)*1000) -> 0.8 | AV20: =IF(H20="","",(H20-H$10)*1000) -> -1.4 | AW20: =IF(I20="","",(I20-I$10)*1000) -> -4.8999998 | AX20: =IF(J20="","",(J20-J$10)*1000) -> 0.6 | AY20: =IF(K20="","",(K20-K$10)*1000) -> -2.8 | AZ20: =IF(L20="","",(L20-L$10)*1000) -> -5.2 | ... BM20: =IF(Y20="","",(Y20-Y$10)*1000) -> 1.6 | BO20: 169.37106 | BP20: -3.7695378 | BQ20: -1.1600306 | BR20: 169.20872 | BS20: -4.2083726 | BT20: 0.82809281 | BU20: 169.18664 | BV20: -3.2370895 | BW20: 2.9703136 | BX20: 168.96008 | BY20: 0.21593147 | BZ20: 4.3462792 | CA20: 169.19905 | CB20: 3.2061415 | CC20: 2.9823895 | CD20: 169.19104 | CE20: 4.1945779 | CF20: 0.83416961 | CG20: 169.25572 | CH20: 3.8663598 | CI20: -1.0862772 | CK20: =IF(BO20="","",(BO20-BO$10)*1000) -> -3.9982222 | CL20: =IF(BP20="","",(BP20-BP$10)*1000) -> 4.3144621 | CM20: =IF(BQ20="","",(BQ20-BQ$10)*1000) -> 0.83998222 | CN20: =IF(BR20="","",(BR20-BR$10)*1000) -> -3.1707291 | CO20: =IF(BS20="","",(BS20-BS$10)*1000) -> 3.4866016 | CP20: =IF(BT20="","",(BT20-BT$10)*1000) -> 0.63170729 | CQ20: =IF(BU20="","",(BU20-BU$10)*1000) -> -4.8199419 | CR20: =IF(BV20="","",(BV20-BV$10)*1000) -> 3.7105517 | ... DE20: =IF(CI20="","",(CI20-CI$10)*1000) -> 1.6299817
A21: 43650 | B21: =A21-A$10 -> 51 | C21: 184.2 | D21: =C21-PM -> 15 | E21: 823219.58 | F21: 1091508.6 | G21: -125.01 | H21: 823219.25 | I21: 1091508.9 | J21: -123.024 | K21: 823219.64 | L21: 1091508 | M21: -120.882 | N21: 823220.89 | O21: 1091504.8 | P21: -119.509 | Q21: 823222.37 | R21: 1091502.2 | S21: -120.869 | T21: 823222.78 | U21: 1091501.3 | V21: -123.017 | W21: 823222.7 | X21: 1091501.6 | Y21: -124.937 | Z21: =IF(Xhaut="","",SQRT(((Xbasgauche-Xhaut)^2+(Ybasgauche-Yhaut)^2)+(Zbasgauche-Zhaut)^2)) -> 6.8044839 | AA21: =IF(Xhaut="","",SQRT(((Xintergauche-Xhaut)^2+(Yintergauche-Yhaut)^2)+(Zintergauche-Zhaut)^2)) -> 5.6549111 | AB21: =IF(Xhaut="","",SQRT(((Xhautgauche-Xhaut)^2+(Yhautgauche-Yhaut)^2)+(Zhautgauche-Zhaut)^2)) -> 3.7218035 | AC21: =IF(Xhaut="","",SQRT(((Xhautdroit-Xhaut)^2+(Yhautdroit-Yhaut)^2)+(Zhautdroit-Zhaut)^2)) -> 3.2934603 | AD21: =IF(Xhaut="","",SQRT(((Xinterdroit-Xhaut)^2+(Yinterdroit-Yhaut)^2)+(Zinterdroit-Zhaut)^2)) -> 5.3092381 | AE21: =IF(Xhaut="","",SQRT(((Xbasdroit-Xhaut)^2+(Ybasdroit-Yhaut)^2)+(Zbasdroit-Zhaut)^2)) -> 6.5483403 | AF21: =IF(Xhautdroit="","",SQRT(((Xhautdroit-Xhautgauche)^2+(Yhautdroit-Yhautgauche)^2)+(Zhautdroit-Zhautgauche)^2)) -> 6.4419573 | AG21: =IF(Xinterdroit="","",SQRT(((Xinterdroit-Xintergauche)^2+(Yinterdroit-Yintergauche)^2)+(Zinterdroit-Zintergauche)^2)) -> 8.4013681 | AH21: =IF(Xbasdroit="","",SQRT(((Xbasdroit-Xbasgauche)^2+(Ybasdroit-Ybasgauche)^2)+(Zbasdroit-Zbasgauche)^2)) -> 7.6361955 | AI21: =IF(Z21="","",(Z21-Z$10)*1000) -> -12.467407 | AJ21: =IF(AA21="","",(AA21-AA$10)*1000) -> -11.460493 | AK21: =IF(AB21="","",(AB21-AB$10)*1000) -> -10.721812 | AL21: =IF(AC21="","",(AC21-AC$10)*1000) -> -4.228419 | AM21: =IF(AD21="","",(AD21-AD$10)*1000) -> -8.0279863 | AN21: =IF(AE21="","",(AE21-AE$10)*1000) -> -9.6649259 | AO21: =IF(AF21="","",(AF21-AF$10)*1000) -> -9.6463196 | AP21: =IF(AG21="","",(AG21-AG$10)*1000) -> -11.023359 | AQ21: =IF(AH21="","",(AH21-AH$10)*1000) -> -11.822646 | AS21: =IF(E21="","",(E21-E$10)*1000) -> -1.8 | AT21: =IF(F21="","",(F21-F$10)*1000) -> -6.8999999 | AU21: =IF(G21="","",(G21-G$10)*1000) -> 0 | AV21: =IF(H21="","",(H21-H$10)*1000) -> -1.8 | AW21: =IF(I21="","",(I21-I$10)*1000) -> -5.9 | AX21: =IF(J21="","",(J21-J$10)*1000) -> -0.7 | AY21: =IF(K21="","",(K21-K$10)*1000) -> -2.7000001 | AZ21: =IF(L21="","",(L21-L$10)*1000) -> -6.1999999 | ... BM21: =IF(Y21="","",(Y21-Y$10)*1000) -> 1.2 | BO21: 169.37051 | BP21: -3.7683596 | BQ21: -1.1608251 | BR21: 169.20777 | BS21: -4.2072728 | BT21: 0.82680235 | BU21: 169.18639 | BV21: -3.2363222 | BW21: 2.9690161 | BX21: 168.96025 | BY21: 0.21556895 | BZ21: 4.3442775 | CA21: 169.19886 | CB21: 3.2056099 | CC21: 2.9818914 | CD21: 169.19138 | CE21: 4.1940764 | CF21: 0.83396617 | CG21: 169.25582 | CH21: 3.8666256 | CI21: -1.0866782 | CK21: =IF(BO21="","",(BO21-BO$10)*1000) -> -4.5476245 | CL21: =IF(BP21="","",(BP21-BP$10)*1000) -> 5.4926415 | CM21: =IF(BQ21="","",(BQ21-BQ$10)*1000) -> 0.045476245 | CN21: =IF(BR21="","",(BR21-BR$10)*1000) -> -4.1249725 | CO21: =IF(BS21="","",(BS21-BS$10)*1000) -> 4.5863495 | CP21: =IF(BT21="","",(BT21-BT$10)*1000) -> -0.65875027 | CQ21: =IF(BU21="","",(BU21-BU$10)*1000) -> -5.067431 | CR21: =IF(BV21="","",(BV21-BV$10)*1000) -> 4.4778502 | ... DE21: =IF(CI21="","",(CI21-CI$10)*1000) -> 1.2290141
A22: 43655 | B22: =A22-A$10 -> 56 | C22: 184.2 | D22: =C22-PM -> 15 | E22: 823219.58 | F22: 1091508.6 | G22: -125.0097 | H22: 823219.25 | I22: 1091508.9 | J22: -123.0231 | K22: 823219.64 | L22: 1091508 | M22: -120.8818 | N22: 823220.89 | O22: 1091504.8 | P22: -119.5088 | Q22: 823222.37 | R22: 1091502.2 | S22: -120.8694 | T22: 823222.78 | U22: 1091501.3 | V22: -123.0171 | W22: 823222.7 | X22: 1091501.6 | Y22: -124.9364 | Z22: =IF(Xhaut="","",SQRT(((Xbasgauche-Xhaut)^2+(Ybasgauche-Yhaut)^2)+(Zbasgauche-Zhaut)^2)) -> 6.8039048 | AA22: =IF(Xhaut="","",SQRT(((Xintergauche-Xhaut)^2+(Yintergauche-Yhaut)^2)+(Zintergauche-Zhaut)^2)) -> 5.6548835 | AB22: =IF(Xhaut="","",SQRT(((Xhautgauche-Xhaut)^2+(Yhautgauche-Yhaut)^2)+(Zhautgauche-Zhaut)^2)) -> 3.721534 | AC22: =IF(Xhaut="","",SQRT(((Xhautdroit-Xhaut)^2+(Yhautdroit-Yhaut)^2)+(Zhautdroit-Zhaut)^2)) -> 3.2938879 | AD22: =IF(Xhaut="","",SQRT(((Xinterdroit-Xhaut)^2+(Yinterdroit-Yhaut)^2)+(Zinterdroit-Zhaut)^2)) -> 5.3093651 | AE22: =IF(Xhaut="","",SQRT(((Xbasdroit-Xhaut)^2+(Ybasdroit-Yhaut)^2)+(Zbasdroit-Zhaut)^2)) -> 6.5473843 | AF22: =IF(Xhautdroit="","",SQRT(((Xhautdroit-Xhautgauche)^2+(Yhautdroit-Yhautgauche)^2)+(Zhautdroit-Zhautgauche)^2)) -> 6.4417864 | AG22: =IF(Xinterdroit="","",SQRT(((Xinterdroit-Xintergauche)^2+(Yinterdroit-Yintergauche)^2)+(Zinterdroit-Zintergauche)^2)) -> 8.4017274 | AH22: =IF(Xbasdroit="","",SQRT(((Xbasdroit-Xbasgauche)^2+(Ybasdroit-Ybasgauche)^2)+(Zbasdroit-Zbasgauche)^2)) -> 7.6342916 | AI22: =IF(Z22="","",(Z22-Z$10)*1000) -> -13.046454 | AJ22: =IF(AA22="","",(AA22-AA$10)*1000) -> -11.488018 | AK22: =IF(AB22="","",(AB22-AB$10)*1000) -> -10.991282 | AL22: =IF(AC22="","",(AC22-AC$10)*1000) -> -3.8008537 | AM22: =IF(AD22="","",(AD22-AD$10)*1000) -> -7.9009893 | AN22: =IF(AE22="","",(AE22-AE$10)*1000) -> -10.620962 | AO22: =IF(AF22="","",(AF22-AF$10)*1000) -> -9.8172541 | AP22: =IF(AG22="","",(AG22-AG$10)*1000) -> -10.664015 | AQ22: =IF(AH22="","",(AH22-AH$10)*1000) -> -13.726532 | AS22: =IF(E22="","",(E22-E$10)*1000) -> -2.2999999 | AT22: =IF(F22="","",(F22-F$10)*1000) -> -8.9 | AU22: =IF(G22="","",(G22-G$10)*1000) -> 0.3 | AV22: =IF(H22="","",(H22-H$10)*1000) -> -0.89999998 | AW22: =IF(I22="","",(I22-I$10)*1000) -> -5.9 | AX22: =IF(J22="","",(J22-J$10)*1000) -> 0.2 | AY22: =IF(K22="","",(K22-K$10)*1000) -> -2.1 | AZ22: =IF(L22="","",(L22-L$10)*1000) -> -7.1999999 | ... BM22: =IF(Y22="","",(Y22-Y$10)*1000) -> 1.8 | BO22: 169.36921 | BP22: -3.7667583 | BQ22: -1.1605121 | BR22: 169.20858 | BS22: -4.2068924 | BT22: 0.82769419 | BU22: 169.18651 | BV22: -3.2351624 | BW22: 2.9692149 | BX22: 168.95964 | BY22: 0.21639071 | BZ22: 4.3444836 | CA22: 169.19862 | CB22: 3.2066007 | CC22: 2.9814938 | CD22: 169.1906 | CE22: 4.1948136 | CF22: 0.83387402 | CG22: 169.25518 | CH22: 3.8663298 | CI22: -1.0860718 | CK22: =IF(BO22="","",(BO22-BO$10)*1000) -> -5.8460746 | CL22: =IF(BP22="","",(BP22-BP$10)*1000) -> 7.0938997 | CM22: =IF(BQ22="","",(BQ22-BQ$10)*1000) -> 0.35846075 | CN22: =IF(BR22="","",(BR22-BR$10)*1000) -> -3.3093097 | CO22: =IF(BS22="","",(BS22-BS$10)*1000) -> 4.9667363 | CP22: =IF(BT22="","",(BT22-BT$10)*1000) -> 0.2330931 | CQ22: =IF(BU22="","",(BU22-BU$10)*1000) -> -4.9463078 | CR22: =IF(BV22="","",(BV22-BV$10)*1000) -> 5.6377334 | ... DE22: =IF(CI22="","",(CI22-CI$10)*1000) -> 1.8353582
A23: 43657 | B23: =A23-A$10 -> 58 | C23: 185.03 | D23: =C23-PM -> 15.83 | E23: 823219.58 | F23: 1091508.6 | G23: -125.0099 | H23: 823219.25 | I23: 1091508.9 | J23: -123.0235 | K23: 823219.64 | L23: 1091508 | M23: -120.8826 | N23: 823220.89 | O23: 1091504.8 | P23: -119.5098 | Q23: 823222.37 | R23: 1091502.2 | S23: -120.8701 | T23: 823222.78 | U23: 1091501.3 | V23: -123.0174 | W23: 823222.7 | X23: 1091501.6 | Y23: -124.9365 | Z23: =IF(Xhaut="","",SQRT(((Xbasgauche-Xhaut)^2+(Ybasgauche-Yhaut)^2)+(Zbasgauche-Zhaut)^2)) -> 6.8031616 | AA23: =IF(Xhaut="","",SQRT(((Xintergauche-Xhaut)^2+(Yintergauche-Yhaut)^2)+(Zintergauche-Zhaut)^2)) -> 5.6536669 | AB23: =IF(Xhaut="","",SQRT(((Xhautgauche-Xhaut)^2+(Yhautgauche-Yhaut)^2)+(Zhautgauche-Zhaut)^2)) -> 3.7213592 | AC23: =IF(Xhaut="","",SQRT(((Xhautdroit-Xhaut)^2+(Yhautdroit-Yhaut)^2)+(Zhautdroit-Zhaut)^2)) -> 3.2935393 | AD23: =IF(Xhaut="","",SQRT(((Xinterdroit-Xhaut)^2+(Yinterdroit-Yhaut)^2)+(Zinterdroit-Zhaut)^2)) -> 5.3080638 | AE23: =IF(Xhaut="","",SQRT(((Xbasdroit-Xhaut)^2+(Ybasdroit-Yhaut)^2)+(Zbasdroit-Zhaut)^2)) -> 6.5464723 | AF23: =IF(Xhautdroit="","",SQRT(((Xhautdroit-Xhautgauche)^2+(Yhautdroit-Yhautgauche)^2)+(Zhautdroit-Zhautgauche)^2)) -> 6.4414471 | AG23: =IF(Xinterdroit="","",SQRT(((Xinterdroit-Xintergauche)^2+(Yinterdroit-Yintergauche)^2)+(Zinterdroit-Zintergauche)^2)) -> 8.3995345 | AH23: =IF(Xbasdroit="","",SQRT(((Xbasdroit-Xbasgauche)^2+(Ybasdroit-Ybasgauche)^2)+(Zbasdroit-Zbasgauche)^2)) -> 7.6338427 | AI23: =IF(Z23="","",(Z23-Z$10)*1000) -> -13.78966 | AJ23: =IF(AA23="","",(AA23-AA$10)*1000) -> -12.704687 | AK23: =IF(AB23="","",(AB23-AB$10)*1000) -> -11.166079 | AL23: =IF(AC23="","",(AC23-AC$10)*1000) -> -4.1494602 | AM23: =IF(AD23="","",(AD23-AD$10)*1000) -> -9.2023099 | AN23: =IF(AE23="","",(AE23-AE$10)*1000) -> -11.532925 | AO23: =IF(AF23="","",(AF23-AF$10)*1000) -> -10.156504 | AP23: =IF(AG23="","",(AG23-AG$10)*1000) -> -12.856972 | AQ23: =IF(AH23="","",(AH23-AH$10)*1000) -> -14.175459 | AS23: =IF(E23="","",(E23-E$10)*1000) -> -0.60000003 | AT23: =IF(F23="","",(F23-F$10)*1000) -> -8.9 | AU23: =IF(G23="","",(G23-G$10)*1000) -> 0.1 | AV23: =IF(H23="","",(H23-H$10)*1000) -> 0.69999998 | AW23: =IF(I23="","",(I23-I$10)*1000) -> -6.8999999 | AX23: =IF(J23="","",(J23-J$10)*1000) -> -0.2 | AY23: =IF(K23="","",(K23-K$10)*1000) -> -0.60000003 | AZ23: =IF(L23="","",(L23-L$10)*1000) -> -7.1999999 | ... BM23: =IF(Y23="","",(Y23-Y$10)*1000) -> 1.7 | BO23: 169.37083 | BP23: -3.7662211 | BQ23: -1.1607283 | BR23: 169.20965 | BS23: -4.2054005 | BT23: 0.82728349 | BU23: 169.18783 | BV23: -3.2344377 | BW23: 2.9684017 | BX23: 168.9606 | BY23: 0.21716978 | BZ23: 4.343474 | CA23: 169.19942 | CB23: 3.206534 | CC23: 2.9807858 | CD23: 169.19153 | CE23: 4.1944751 | CF23: 0.83356472 | CG23: 169.25585 | CH23: 3.8663115 | CI23: -1.0861786 | CK23: =IF(BO23="","",(BO23-BO$10)*1000) -> -4.2208222 | CL23: =IF(BP23="","",(BP23-BP$10)*1000) -> 7.6311491 | CM23: =IF(BQ23="","",(BQ23-BQ$10)*1000) -> 0.14220822 | CN23: =IF(BR23="","",(BR23-BR$10)*1000) -> -2.2396291 | CO23: =IF(BS23="","",(BS23-BS$10)*1000) -> 6.4586426 | CP23: =IF(BT23="","",(BT23-BT$10)*1000) -> -0.17760371 | CQ23: =IF(BU23="","",(BU23-BU$10)*1000) -> -3.6291419 | CR23: =IF(BV23="","",(BV23-BV$10)*1000) -> 6.3623407 | ... DE23: =IF(CI23="","",(CI23-CI$10)*1000) -> 1.7286527
... A32: 43689 | B32: =A32-A$10 -> 90 | C32: 194.79 | D32: =C32-PM -> 25.59 | E32: 823219.58 | F32: 1091508.6 | G32: -125.0102 | H32: 823219.25 | I32: 1091508.9 | J32: -123.0239 | K32: 823219.64 | L32: 1091508 | M32: -120.8828 | N32: 823220.89 | O32: 1091504.8 | P32: -119.5138 | Q32: 823222.37 | R32: 1091502.2 | S32: -120.8722 | T32: 823222.78 | U32: 1091501.3 | V32: -123.0178 | W32: 823222.7 | X32: 1091501.6 | Y32: -124.9364 | Z32: =IF(Xhaut="","",SQRT(((Xbasgauche-Xhaut)^2+(Ybasgauche-Yhaut)^2)+(Zbasgauche-Zhaut)^2)) -> 6.7993252 | AA32: =IF(Xhaut="","",SQRT(((Xintergauche-Xhaut)^2+(Yintergauche-Yhaut)^2)+(Zintergauche-Zhaut)^2)) -> 5.6502664 | AB32: =IF(Xhaut="","",SQRT(((Xhautgauche-Xhaut)^2+(Yhautgauche-Yhaut)^2)+(Zhautgauche-Zhaut)^2)) -> 3.718823 | AC32: =IF(Xhaut="","",SQRT(((Xhautdroit-Xhaut)^2+(Yhautdroit-Yhaut)^2)+(Zhautdroit-Zhaut)^2)) -> 3.2910806 | AD32: =IF(Xhaut="","",SQRT(((Xinterdroit-Xhaut)^2+(Yinterdroit-Yhaut)^2)+(Zinterdroit-Zhaut)^2)) -> 5.3048465 | AE32: =IF(Xhaut="","",SQRT(((Xbasdroit-Xhaut)^2+(Ybasdroit-Yhaut)^2)+(Zbasdroit-Zhaut)^2)) -> 6.5418247 | AF32: =IF(Xhautdroit="","",SQRT(((Xhautdroit-Xhautgauche)^2+(Yhautdroit-Yhautgauche)^2)+(Zhautdroit-Zhautgauche)^2)) -> 6.4383029 | AG32: =IF(Xinterdroit="","",SQRT(((Xinterdroit-Xintergauche)^2+(Yinterdroit-Yintergauche)^2)+(Zinterdroit-Zintergauche)^2)) -> 8.3968787 | AH32: =IF(Xbasdroit="","",SQRT(((Xbasdroit-Xbasgauche)^2+(Ybasdroit-Ybasgauche)^2)+(Zbasdroit-Zbasgauche)^2)) -> 7.6300868 | AI32: =IF(Z32="","",(Z32-Z$10)*1000) -> -17.626105 | AJ32: =IF(AA32="","",(AA32-AA$10)*1000) -> -16.105178 | AK32: =IF(AB32="","",(AB32-AB$10)*1000) -> -13.702285 | AL32: =IF(AC32="","",(AC32-AC$10)*1000) -> -6.6081369 | AM32: =IF(AD32="","",(AD32-AD$10)*1000) -> -12.4196 | AN32: =IF(AE32="","",(AE32-AE$10)*1000) -> -16.180507 | AO32: =IF(AF32="","",(AF32-AF$10)*1000) -> -13.30078 | AP32: =IF(AG32="","",(AG32-AG$10)*1000) -> -15.512729 | AQ32: =IF(AH32="","",(AH32-AH$10)*1000) -> -17.931397 | AS32: =IF(E32="","",(E32-E$10)*1000) -> 0.20000001 | AT32: =IF(F32="","",(F32-F$10)*1000) -> -10.9 | AU32: =IF(G32="","",(G32-G$10)*1000) -> -0.2 | AV32: =IF(H32="","",(H32-H$10)*1000) -> 1.5 | AW32: =IF(I32="","",(I32-I$10)*1000) -> -8.9 | AX32: =IF(J32="","",(J32-J$10)*1000) -> -0.6 | AY32: =IF(K32="","",(K32-K$10)*1000) -> -0.50000008 | AZ32: =IF(L32="","",(L32-L$10)*1000) -> -9.2 | ... BM32: =IF(Y32="","",(Y32-Y$10)*1000) -> 1.8 | BO32: 169.3705 | BP32: -3.7636172 | BQ32: -1.161025 | BR32: 169.20949 | BS32: -4.2031592 | BT32: 0.82688512 | BU32: 169.1869 | BV32: -3.2322204 | BW32: 2.968211 | BX32: 168.9598 | BY32: 0.21723644 | BZ32: 4.339482 | CA32: 169.19886 | CB32: 3.2056099 | CC32: 2.9786914 | CD32: 169.19053 | CE32: 4.1937867 | CF32: 0.83317475 | CG32: 169.25444 | CH32: 3.8653211 | CI32: -1.0860644 | CK32: =IF(BO32="","",(BO32-BO$10)*1000) -> -4.5524222 | CL32: =IF(BP32="","",(BP32-BP$10)*1000) -> 10.235001 | CM32: =IF(BQ32="","",(BQ32-BQ$10)*1000) -> -0.15447578 | CN32: =IF(BR32="","",(BR32-BR$10)*1000) -> -2.4021291 | CO32: =IF(BS32="","",(BS32-BS$10)*1000) -> 8.6999776 | CP32: =IF(BT32="","",(BT32-BT$10)*1000) -> -0.57597871 | CQ32: =IF(BU32="","",(BU32-BU$10)*1000) -> -4.5528419 | CR32: =IF(BV32="","",(BV32-BV$10)*1000) -> 8.5797067 | ... DE32: =IF(CI32="","",(CI32-CI$10)*1000) -> 1.8427917
A33: 43690 | B33: =A33-A$10 -> 91 | C33: 194.79 | D33: =C33-PM -> 25.59 | E33: 823219.58 | F33: 1091508.6 | G33: -125.01 | H33: 823219.25 | I33: 1091508.9 | J33: -123.0234 | N33: 823220.89 | O33: 1091504.8 | P33: -119.5136 | Q33: 823222.37 | R33: 1091502.2 | S33: -120.8726 | T33: 823222.78 | U33: 1091501.3 | V33: -123.0176 | W33: 823222.7 | X33: 1091501.6 | Y33: -124.9359 | Z33: =IF(Xhaut="","",SQRT(((Xbasgauche-Xhaut)^2+(Ybasgauche-Yhaut)^2)+(Zbasgauche-Zhaut)^2)) -> 6.7992289 | AA33: =IF(Xhaut="","",SQRT(((Xintergauche-Xhaut)^2+(Yintergauche-Yhaut)^2)+(Zintergauche-Zhaut)^2)) -> 5.6506045 | AC33: =IF(Xhaut="","",SQRT(((Xhautdroit-Xhaut)^2+(Yhautdroit-Yhaut)^2)+(Zhautdroit-Zhaut)^2)) -> 3.2908789 | AD33: =IF(Xhaut="","",SQRT(((Xinterdroit-Xhaut)^2+(Yinterdroit-Yhaut)^2)+(Zinterdroit-Zhaut)^2)) -> 5.3043835 | AE33: =IF(Xhaut="","",SQRT(((Xbasdroit-Xhaut)^2+(Ybasdroit-Yhaut)^2)+(Zbasdroit-Zhaut)^2)) -> 6.5412167 | AG33: =IF(Xinterdroit="","",SQRT(((Xinterdroit-Xintergauche)^2+(Yinterdroit-Yintergauche)^2)+(Zinterdroit-Zintergauche)^2)) -> 8.3969448 | AH33: =IF(Xbasdroit="","",SQRT(((Xbasdroit-Xbasgauche)^2+(Ybasdroit-Ybasgauche)^2)+(Zbasdroit-Zbasgauche)^2)) -> 7.629354 | AI33: =IF(Z33="","",(Z33-Z$10)*1000) -> -17.722443 | AJ33: =IF(AA33="","",(AA33-AA$10)*1000) -> -15.767087 | AK33: =IF(AB33="","",(AB33-AB$10)*1000) | AL33: =IF(AC33="","",(AC33-AC$10)*1000) -> -6.8098943 | AM33: =IF(AD33="","",(AD33-AD$10)*1000) -> -12.882573 | AN33: =IF(AE33="","",(AE33-AE$10)*1000) -> -16.78854 | AO33: =IF(AF33="","",(AF33-AF$10)*1000) | AP33: =IF(AG33="","",(AG33-AG$10)*1000) -> -15.44662 | AQ33: =IF(AH33="","",(AH33-AH$10)*1000) -> -18.664157 | AS33: =IF(E33="","",(E33-E$10)*1000) -> 1.7 | AT33: =IF(F33="","",(F33-F$10)*1000) -> -12.9 | AU33: =IF(G33="","",(G33-G$10)*1000) -> 0 | AV33: =IF(H33="","",(H33-H$10)*1000) -> 3.2 | AW33: =IF(I33="","",(I33-I$10)*1000) -> -9.8999999 | AX33: =IF(J33="","",(J33-J$10)*1000) -> -0.1 | AY33: =IF(K33="","",(K33-K$10)*1000) | AZ33: =IF(L33="","",(L33-L$10)*1000) | ... BM33: =IF(Y33="","",(Y33-Y$10)*1000) -> 2.3 | BO33: 169.37131 | BP33: -3.7618051 | BQ33: -1.1608331 | BR33: 169.21048 | BS33: -4.2012625 | BT33: 0.82737521 | BX33: 168.95978 | BY33: 0.21965294 | BZ33: 4.3396822 | CA33: 169.19793 | CB33: 3.2076037 | CC33: 2.9783007 | CD33: 169.18941 | CE33: 4.1954724 | CF33: 0.83338592 | CG33: 169.25332 | CH33: 3.8670069 | CI33: -1.0855532 | CK33: =IF(BO33="","",(BO33-BO$10)*1000) -> -3.7424222 | CL33: =IF(BP33="","",(BP33-BP$10)*1000) -> 12.047159 | CM33: =IF(BQ33="","",(BQ33-BQ$10)*1000) -> 0.037424222 | CN33: =IF(BR33="","",(BR33-BR$10)*1000) -> -1.4109291 | CO33: =IF(BS33="","",(BS33-BS$10)*1000) -> 10.596666 | CP33: =IF(BT33="","",(BT33-BT$10)*1000) -> -0.085890709 | CQ33: =IF(BU33="","",(BU33-BU$10)*1000) | CR33: =IF(BV33="","",(BV33-BV$10)*1000) | ... DE33: =IF(CI33="","",(CI33-CI$10)*1000) -> 2.3539637
A34: 43696 | B34: =A34-A$10 -> 97 | C34: 195.4 | D34: =C34-PM -> 26.2 | E34: 823219.58 | F34: 1091508.6 | G34: -125.0092 | H34: 823219.25 | I34: 1091508.9 | J34: -123.0236 | N34: 823220.89 | O34: 1091504.8 | P34: -119.5145 | Q34: 823222.37 | R34: 1091502.2 | S34: -120.8722 | T34: 823222.78 | U34: 1091501.3 | V34: -123.0174 | W34: 823222.7 | X34: 1091501.6 | Y34: -124.9355 | Z34: =IF(Xhaut="","",SQRT(((Xbasgauche-Xhaut)^2+(Ybasgauche-Yhaut)^2)+(Zbasgauche-Zhaut)^2)) -> 6.7971166 | AA34: =IF(Xhaut="","",SQRT(((Xintergauche-Xhaut)^2+(Yintergauche-Yhaut)^2)+(Zintergauche-Zhaut)^2)) -> 5.6486409 | AC34: =IF(Xhaut="","",SQRT(((Xhautdroit-Xhaut)^2+(Yhautdroit-Yhaut)^2)+(Zhautdroit-Zhaut)^2)) -> 3.2905434 | AD34: =IF(Xhaut="","",SQRT(((Xinterdroit-Xhaut)^2+(Yinterdroit-Yhaut)^2)+(Zinterdroit-Zhaut)^2)) -> 5.3040843 | AE34: =IF(Xhaut="","",SQRT(((Xbasdroit-Xhaut)^2+(Ybasdroit-Yhaut)^2)+(Zbasdroit-Zhaut)^2)) -> 6.5405195 | AG34: =IF(Xinterdroit="","",SQRT(((Xinterdroit-Xintergauche)^2+(Yinterdroit-Yintergauche)^2)+(Zinterdroit-Zintergauche)^2)) -> 8.3955732 | AH34: =IF(Xbasdroit="","",SQRT(((Xbasdroit-Xbasgauche)^2+(Ybasdroit-Ybasgauche)^2)+(Zbasdroit-Zbasgauche)^2)) -> 7.6287673 | AI34: =IF(Z34="","",(Z34-Z$10)*1000) -> -19.83467 | AJ34: =IF(AA34="","",(AA34-AA$10)*1000) -> -17.730598 | AK34: =IF(AB34="","",(AB34-AB$10)*1000) | AL34: =IF(AC34="","",(AC34-AC$10)*1000) -> -7.1453705 | AM34: =IF(AD34="","",(AD34-AD$10)*1000) -> -13.181745 | AN34: =IF(AE34="","",(AE34-AE$10)*1000) -> -17.485726 | AO34: =IF(AF34="","",(AF34-AF$10)*1000) | AP34: =IF(AG34="","",(AG34-AG$10)*1000) -> -16.818249 | AQ34: =IF(AH34="","",(AH34-AH$10)*1000) -> -19.250829 | AS34: =IF(E34="","",(E34-E$10)*1000) -> 0.60000003 | AT34: =IF(F34="","",(F34-F$10)*1000) -> -10.4 | AU34: =IF(G34="","",(G34-G$10)*1000) -> 0.8 | AV34: =IF(H34="","",(H34-H$10)*1000) -> 2.1 | AW34: =IF(I34="","",(I34-I$10)*1000) -> -8.2 | AX34: =IF(J34="","",(J34-J$10)*1000) -> -0.3 | AY34: =IF(K34="","",(K34-K$10)*1000) | AZ34: =IF(L34="","",(L34-L$10)*1000) | ... BM34: =IF(Y34="","",(Y34-Y$10)*1000) -> 2.7 | BO34: 169.3712 | BP34: -3.7642 | BQ34: -1.16 | BR34: 169.2103 | BS34: -4.2035 | BT34: 0.8272 | BX34: 168.9609 | BY34: 0.2159 | BZ34: 4.3388 | CA34: 169.2 | CB34: 3.2037 | CC34: 2.9787 | CD34: 169.1917 | CE34: 4.192 | CF34: 0.8336 | CG34: 169.2557 | CH34: 3.8634 | CI34: -1.0852 | CK34: =IF(BO34="","",(BO34-BO$10)*1000) -> -3.8556222 | CL34: =IF(BP34="","",(BP34-BP$10)*1000) -> 9.6522421 | CM34: =IF(BQ34="","",(BQ34-BQ$10)*1000) -> 0.87055622 | CN34: =IF(BR34="","",(BR34-BR$10)*1000) -> -1.5902291 | CO34: =IF(BS34="","",(BS34-BS$10)*1000) -> 8.3591536 | CP34: =IF(BT34="","",(BT34-BT$10)*1000) -> -0.26109771 | CQ34: =IF(BU34="","",(BU34-BU$10)*1000) | CR34: =IF(BV34="","",(BV34-BV$10)*1000) | ... DE34: =IF(CI34="","",(CI34-CI$10)*1000) -> 2.7072027
A35: 43699 | B35: =A35-A$10 -> 100 | C35: 196.35 | D35: =C35-PM -> 27.15 | E35: 823219.58 | F35: 1091508.6 | G35: -125.01 | H35: 823219.25 | I35: 1091508.9 | J35: -123.0236 | K35: 823219.64 | L35: 1091508 | M35: -120.8829 | N35: 823220.89 | O35: 1091504.8 | P35: -119.5147 | Q35: 823222.37 | R35: 1091502.2 | S35: -120.8722 | T35: 823222.78 | U35: 1091501.3 | V35: -123.0173 | W35: 823222.7 | X35: 1091501.6 | Y35: -124.936 | Z35: =IF(Xhaut="","",SQRT(((Xbasgauche-Xhaut)^2+(Ybasgauche-Yhaut)^2)+(Zbasgauche-Zhaut)^2)) -> 6.7975846 | AA35: =IF(Xhaut="","",SQRT(((Xintergauche-Xhaut)^2+(Yintergauche-Yhaut)^2)+(Zintergauche-Zhaut)^2)) -> 5.6486185 | AB35: =IF(Xhaut="","",SQRT(((Xhautgauche-Xhaut)^2+(Yhautgauche-Yhaut)^2)+(Zhautgauche-Zhaut)^2)) -> 3.7168001 | AC35: =IF(Xhaut="","",SQRT(((Xhautdroit-Xhaut)^2+(Yhautdroit-Yhaut)^2)+(Zhautdroit-Zhaut)^2)) -> 3.2908442 | AD35: =IF(Xhaut="","",SQRT(((Xinterdroit-Xhaut)^2+(Yinterdroit-Yhaut)^2)+(Zinterdroit-Zhaut)^2)) -> 5.3040592 | AE35: =IF(Xhaut="","",SQRT(((Xbasdroit-Xhaut)^2+(Ybasdroit-Yhaut)^2)+(Zbasdroit-Zhaut)^2)) -> 6.5410734 | AF35: =IF(Xhautdroit="","",SQRT(((Xhautdroit-Xhautgauche)^2+(Yhautdroit-Yhautgauche)^2)+(Zhautdroit-Zhautgauche)^2)) -> 6.4365882 | AG35: =IF(Xinterdroit="","",SQRT(((Xinterdroit-Xintergauche)^2+(Yinterdroit-Yintergauche)^2)+(Zinterdroit-Zintergauche)^2)) -> 8.395923 | AH35: =IF(Xbasdroit="","",SQRT(((Xbasdroit-Xbasgauche)^2+(Ybasdroit-Ybasgauche)^2)+(Zbasdroit-Zbasgauche)^2)) -> 7.6292893 | AI35: =IF(Z35="","",(Z35-Z$10)*1000) -> -19.366688 | AJ35: =IF(AA35="","",(AA35-AA$10)*1000) -> -17.753 | AK35: =IF(AB35="","",(AB35-AB$10)*1000) -> -15.725138 | AL35: =IF(AC35="","",(AC35-AC$10)*1000) -> -6.8446025 | AM35: =IF(AD35="","",(AD35-AD$10)*1000) -> -13.20687 | AN35: =IF(AE35="","",(AE35-AE$10)*1000) -> -16.931899 | AO35: =IF(AF35="","",(AF35-AF$10)*1000) -> -15.015381 | AP35: =IF(AG35="","",(AG35-AG$10)*1000) -> -16.468469 | AQ35: =IF(AH35="","",(AH35-AH$10)*1000) -> -18.728833 | AS35: =IF(E35="","",(E35-E$10)*1000) -> 0.10000006 | AT35: =IF(F35="","",(F35-F$10)*1000) -> -10.8 | AU35: =IF(G35="","",(G35-G$10)*1000) -> 0 | AV35: =IF(H35="","",(H35-H$10)*1000) -> 1.7 | AW35: =IF(I35="","",(I35-I$10)*1000) -> -8.3999999 | AX35: =IF(J35="","",(J35-J$10)*1000) -> -0.3 | AY35: =IF(K35="","",(K35-K$10)*1000) -> 0.099999947 | AZ35: =IF(L35="","",(L35-L$10)*1000) -> -9.2999998 | ... BM35: =IF(Y35="","",(Y35-Y$10)*1000) -> 2.2 | BO35: 169.3706 | BP35: -3.764 | BQ35: -1.1608 | BR35: 169.2099 | BS35: -4.2035 | BT35: 0.8272 | BU35: 169.1876 | BV35: -3.2323 | BW35: 2.9681 | BX35: 168.9605 | BY35: 0.216 | BZ35: 4.3386 | CA35: 169.1999 | CB35: 3.2042 | CC35: 2.9787 | CD35: 169.1915 | CE35: 4.1924 | CF35: 0.8337 | CG35: 169.2555 | CH35: 3.864 | CI35: -1.0857 | CK35: =IF(BO35="","",(BO35-BO$10)*1000) -> -4.4556222 | CL35: =IF(BP35="","",(BP35-BP$10)*1000) -> 9.8522421 | CM35: =IF(BQ35="","",(BQ35-BQ$10)*1000) -> 0.070556222 | CN35: =IF(BR35="","",(BR35-BR$10)*1000) -> -1.9902291 | CO35: =IF(BS35="","",(BS35-BS$10)*1000) -> 8.3591536 | CP35: =IF(BT35="","",(BT35-BT$10)*1000) -> -0.26109771 | CQ35: =IF(BU35="","",(BU35-BU$10)*1000) -> -3.8552419 | CR35: =IF(BV35="","",(BV35-BV$10)*1000) -> 8.5000867 | ... DE35: =IF(CI35="","",(CI35-CI$10)*1000) -> 2.2072027
A36: 43703 | B36: =A36-A$10 -> 104 | C36: 196.35 | D36: =C36-PM -> 27.15 | E36: 823219.58 | F36: 1091508.6 | G36: -125.0101 | H36: 823219.25 | I36: 1091508.9 | J36: -123.0238 | K36: 823219.64 | L36: 1091508 | M36: -120.8828 | N36: 823220.89 | O36: 1091504.8 | P36: -119.515 | Q36: 823222.37 | R36: 1091502.2 | S36: -120.8726 | T36: 823222.78 | U36: 1091501.3 | V36: -123.0176 | W36: 823222.7 | X36: 1091501.6 | Y36: -124.9363 | Z36: =IF(Xhaut="","",SQRT(((Xbasgauche-Xhaut)^2+(Ybasgauche-Yhaut)^2)+(Zbasgauche-Zhaut)^2)) -> 6.7975512 | AA36: =IF(Xhaut="","",SQRT(((Xintergauche-Xhaut)^2+(Yintergauche-Yhaut)^2)+(Zintergauche-Zhaut)^2)) -> 5.6487457 | AB36: =IF(Xhaut="","",SQRT(((Xhautgauche-Xhaut)^2+(Yhautgauche-Yhaut)^2)+(Zhautgauche-Zhaut)^2)) -> 3.7168792 | AC36: =IF(Xhaut="","",SQRT(((Xhautdroit-Xhaut)^2+(Yhautdroit-Yhaut)^2)+(Zhautdroit-Zhaut)^2)) -> 3.2909432 | AD36: =IF(Xhaut="","",SQRT(((Xinterdroit-Xhaut)^2+(Yinterdroit-Yhaut)^2)+(Zinterdroit-Zhaut)^2)) -> 5.3042472 | AE36: =IF(Xhaut="","",SQRT(((Xbasdroit-Xhaut)^2+(Ybasdroit-Yhaut)^2)+(Zbasdroit-Zhaut)^2)) -> 6.54106 | AF36: =IF(Xhautdroit="","",SQRT(((Xhautdroit-Xhautgauche)^2+(Yhautdroit-Yhautgauche)^2)+(Zhautdroit-Zhautgauche)^2)) -> 6.4369186 | AG36: =IF(Xinterdroit="","",SQRT(((Xinterdroit-Xintergauche)^2+(Yinterdroit-Yintergauche)^2)+(Zinterdroit-Zintergauche)^2)) -> 8.3964384 | AH36: =IF(Xbasdroit="","",SQRT(((Xbasdroit-Xbasgauche)^2+(Ybasdroit-Ybasgauche)^2)+(Zbasdroit-Zbasgauche)^2)) -> 7.6294983 | AI36: =IF(Z36="","",(Z36-Z$10)*1000) -> -19.400076 | AJ36: =IF(AA36="","",(AA36-AA$10)*1000) -> -17.625853 | AK36: =IF(AB36="","",(AB36-AB$10)*1000) -> -15.646025 | AL36: =IF(AC36="","",(AC36-AC$10)*1000) -> -6.7455474 | AM36: =IF(AD36="","",(AD36-AD$10)*1000) -> -13.018856 | AN36: =IF(AE36="","",(AE36-AE$10)*1000) -> -16.945243 | AO36: =IF(AF36="","",(AF36-AF$10)*1000) -> -14.68506 | AP36: =IF(AG36="","",(AG36-AG$10)*1000) -> -15.953069 | AQ36: =IF(AH36="","",(AH36-AH$10)*1000) -> -18.519819 | AS36: =IF(E36="","",(E36-E$10)*1000) -> 0.10000006 | AT36: =IF(F36="","",(F36-F$10)*1000) -> -12 | AU36: =IF(G36="","",(G36-G$10)*1000) -> -0.1 | AV36: =IF(H36="","",(H36-H$10)*1000) -> 1.6 | AW36: =IF(I36="","",(I36-I$10)*1000) -> -9.6 | AX36: =IF(J36="","",(J36-J$10)*1000) -> -0.5 | AY36: =IF(K36="","",(K36-K$10)*1000) -> 0 | AZ36: =IF(L36="","",(L36-L$10)*1000) -> -10.5 | ... BM36: =IF(Y36="","",(Y36-Y$10)*1000) -> 1.9 | BO36: 169.3701 | BP36: -3.7629 | BQ36: -1.1609 | BR36: 169.2093 | BS36: -4.2025 | BT36: 0.827 | BU36: 169.187 | BV36: -3.2313 | BW36: 2.9682 | BX36: 168.9597 | BY36: 0.2173 | BZ36: 4.3383 | CA36: 169.1986 | CB36: 3.2056 | CC36: 2.9783 | CD36: 169.1901 | CE36: 4.1939 | CF36: 0.8334 | CG36: 169.2542 | CH36: 3.8653 | CI36: -1.086 | CK36: =IF(BO36="","",(BO36-BO$10)*1000) -> -4.9556222 | CL36: =IF(BP36="","",(BP36-BP$10)*1000) -> 10.952242 | CM36: =IF(BQ36="","",(BQ36-BQ$10)*1000) -> -0.029443778 | CN36: =IF(BR36="","",(BR36-BR$10)*1000) -> -2.5902291 | CO36: =IF(BS36="","",(BS36-BS$10)*1000) -> 9.3591536 | CP36: =IF(BT36="","",(BT36-BT$10)*1000) -> -0.46109771 | CQ36: =IF(BU36="","",(BU36-BU$10)*1000) -> -4.4552419 | CR36: =IF(BV36="","",(BV36-BV$10)*1000) -> 9.5000867 | ... DE36: =IF(CI36="","",(CI36-CI$10)*1000) -> 1.9072027
A37: 43706 | B37: =A37-A$10 -> 107 | C37: 198.3 | D37: =C37-PM -> 29.1 | E37: 823219.58 | F37: 1091508.6 | G37: -125.01 | H37: 823219.25 | I37: 1091508.9 | J37: -123.0237 | K37: 823219.64 | L37: 1091508 | M37: -120.8828 | N37: 823220.89 | O37: 1091504.8 | P37: -119.5153 | Q37: 823222.37 | R37: 1091502.2 | S37: -120.8726 | T37: 823222.78 | U37: 1091501.3 | V37: -123.0175 | W37: 823222.7 | X37: 1091501.6 | Y37: -124.9363 | Z37: =IF(Xhaut="","",SQRT(((Xbasgauche-Xhaut)^2+(Ybasgauche-Yhaut)^2)+(Zbasgauche-Zhaut)^2)) -> 6.7971144 | AA37: =IF(Xhaut="","",SQRT(((Xintergauche-Xhaut)^2+(Yintergauche-Yhaut)^2)+(Zintergauche-Zhaut)^2)) -> 5.64841 | AB37: =IF(Xhaut="","",SQRT(((Xhautgauche-Xhaut)^2+(Yhautgauche-Yhaut)^2)+(Zhautgauche-Zhaut)^2)) -> 3.7163742 | AC37: =IF(Xhaut="","",SQRT(((Xhautdroit-Xhaut)^2+(Yhautdroit-Yhaut)^2)+(Zhautdroit-Zhaut)^2)) -> 3.2908195 | AD37: =IF(Xhaut="","",SQRT(((Xinterdroit-Xhaut)^2+(Yinterdroit-Yhaut)^2)+(Zinterdroit-Zhaut)^2)) -> 5.3039526 | AE37: =IF(Xhaut="","",SQRT(((Xbasdroit-Xhaut)^2+(Ybasdroit-Yhaut)^2)+(Zbasdroit-Zhaut)^2)) -> 6.540839 | AF37: =IF(Xhautdroit="","",SQRT(((Xhautdroit-Xhautgauche)^2+(Yhautdroit-Yhautgauche)^2)+(Zhautdroit-Zhautgauche)^2)) -> 6.4364772 | AG37: =IF(Xinterdroit="","",SQRT(((Xinterdroit-Xintergauche)^2+(Yinterdroit-Yintergauche)^2)+(Zinterdroit-Zintergauche)^2)) -> 8.3962636 | AH37: =IF(Xbasdroit="","",SQRT(((Xbasdroit-Xbasgauche)^2+(Ybasdroit-Ybasgauche)^2)+(Zbasdroit-Zbasgauche)^2)) -> 7.6293244 | AI37: =IF(Z37="","",(Z37-Z$10)*1000) -> -19.836875 | AJ37: =IF(AA37="","",(AA37-AA$10)*1000) -> -17.961501 | AK37: =IF(AB37="","",(AB37-AB$10)*1000) -> -16.151112 | AL37: =IF(AC37="","",(AC37-AC$10)*1000) -> -6.8692939 | AM37: =IF(AD37="","",(AD37-AD$10)*1000) -> -13.313468 | AN37: =IF(AE37="","",(AE37-AE$10)*1000) -> -17.166229 | AO37: =IF(AF37="","",(AF37-AF$10)*1000) -> -15.126428 | AP37: =IF(AG37="","",(AG37-AG$10)*1000) -> -16.12791 | AQ37: =IF(AH37="","",(AH37-AH$10)*1000) -> -18.693805 | AS37: =IF(E37="","",(E37-E$10)*1000) -> 0.50000008 | AT37: =IF(F37="","",(F37-F$10)*1000) -> -11.9 | AU37: =IF(G37="","",(G37-G$10)*1000) -> 0 | AV37: =IF(H37="","",(H37-H$10)*1000) -> 2 | AW37: =IF(I37="","",(I37-I$10)*1000) -> -9.3999999 | AX37: =IF(J37="","",(J37-J$10)*1000) -> -0.4 | AY37: =IF(K37="","",(K37-K$10)*1000) -> 0.49999997 | AZ37: =IF(L37="","",(L37-L$10)*1000) -> -10.6 | ... BM37: =IF(Y37="","",(Y37-Y$10)*1000) -> 1.9 | BO37: 169.3705 | BP37: -3.7629 | BQ37: -1.1608 | BR37: 169.2097 | BS37: -4.2025 | BT37: 0.8271 | BU37: 169.1874 | BV37: -3.231 | BW37: 2.9682 | BX37: 168.9598 | BY37: 0.2171 | BZ37: 4.338 | CA37: 169.1988 | CB37: 3.2055 | CC37: 2.9783 | CD37: 169.1904 | CE37: 4.1937 | CF37: 0.8335 | CG37: 169.254 | CH37: 3.865 | CI37: -1.086 | CK37: =IF(BO37="","",(BO37-BO$10)*1000) -> -4.5556222 | CL37: =IF(BP37="","",(BP37-BP$10)*1000) -> 10.952242 | CM37: =IF(BQ37="","",(BQ37-BQ$10)*1000) -> 0.070556222 | CN37: =IF(BR37="","",(BR37-BR$10)*1000) -> -2.1902291 | CO37: =IF(BS37="","",(BS37-BS$10)*1000) -> 9.3591536 | CP37: =IF(BT37="","",(BT37-BT$10)*1000) -> -0.36109771 | CQ37: =IF(BU37="","",(BU37-BU$10)*1000) -> -4.0552419 | CR37: =IF(BV37="","",(BV37-BV$10)*1000) -> 9.8000867 | ... DE37: =IF(CI37="","",(CI37-CI$10)*1000) -> 1.9072027
A38: 43710 | B38: =A38-A$10 -> 111 | C38: 199.4 | D38: =C38-PM -> 30.2 | E38: 823219.58 | F38: 1091508.6 | G38: -125.0102 | H38: 823219.25 | I38: 1091508.9 | J38: -123.0239 | K38: 823219.64 | L38: 1091508 | M38: -120.8827 | N38: 823220.89 | O38: 1091504.8 | P38: -119.5156 | Q38: 823222.37 | R38: 1091502.2 | S38: -120.8729 | T38: 823222.78 | U38: 1091501.3 | V38: -123.0176 | W38: 823222.7 | X38: 1091501.6 | Y38: -124.9362 | Z38: =IF(Xhaut="","",SQRT(((Xbasgauche-Xhaut)^2+(Ybasgauche-Yhaut)^2)+(Zbasgauche-Zhaut)^2)) -> 6.7970529 | AA38: =IF(Xhaut="","",SQRT(((Xintergauche-Xhaut)^2+(Yintergauche-Yhaut)^2)+(Zintergauche-Zhaut)^2)) -> 5.6482605 | AB38: =IF(Xhaut="","",SQRT(((Xhautgauche-Xhaut)^2+(Yhautgauche-Yhaut)^2)+(Zhautgauche-Zhaut)^2)) -> 3.7162413 | AC38: =IF(Xhaut="","",SQRT(((Xhautdroit-Xhaut)^2+(Yhautdroit-Yhaut)^2)+(Zhautdroit-Zhaut)^2)) -> 3.2908644 | AD38: =IF(Xhaut="","",SQRT(((Xinterdroit-Xhaut)^2+(Yinterdroit-Yhaut)^2)+(Zinterdroit-Zhaut)^2)) -> 5.3037849 | AE38: =IF(Xhaut="","",SQRT(((Xbasdroit-Xhaut)^2+(Ybasdroit-Yhaut)^2)+(Zbasdroit-Zhaut)^2)) -> 6.5405075 | AF38: =IF(Xhautdroit="","",SQRT(((Xhautdroit-Xhautgauche)^2+(Yhautdroit-Yhautgauche)^2)+(Zhautdroit-Zhautgauche)^2)) -> 6.4365557 | AG38: =IF(Xinterdroit="","",SQRT(((Xinterdroit-Xintergauche)^2+(Yinterdroit-Yintergauche)^2)+(Zinterdroit-Zintergauche)^2)) -> 8.3961242 | AH38: =IF(Xbasdroit="","",SQRT(((Xbasdroit-Xbasgauche)^2+(Ybasdroit-Ybasgauche)^2)+(Zbasdroit-Zbasgauche)^2)) -> 7.6293681 | AI38: =IF(Z38="","",(Z38-Z$10)*1000) -> -19.89844 | AJ38: =IF(AA38="","",(AA38-AA$10)*1000) -> -18.111052 | AK38: =IF(AB38="","",(AB38-AB$10)*1000) -> -16.283948 | AL38: =IF(AC38="","",(AC38-AC$10)*1000) -> -6.8243313 | AM38: =IF(AD38="","",(AD38-AD$10)*1000) -> -13.481154 | AN38: =IF(AE38="","",(AE38-AE$10)*1000) -> -17.497742 | AO38: =IF(AF38="","",(AF38-AF$10)*1000) -> -15.047889 | AP38: =IF(AG38="","",(AG38-AG$10)*1000) -> -16.267229 | AQ38: =IF(AH38="","",(AH38-AH$10)*1000) -> -18.65002 | AS38: =IF(E38="","",(E38-E$10)*1000) -> 0.30000007 | AT38: =IF(F38="","",(F38-F$10)*1000) -> -11.8 | AU38: =IF(G38="","",(G38-G$10)*1000) -> -0.2 | AV38: =IF(H38="","",(H38-H$10)*1000) -> 1.7 | AW38: =IF(I38="","",(I38-I$10)*1000) -> -9.4999999 | AX38: =IF(J38="","",(J38-J$10)*1000) -> -0.6 | AY38: =IF(K38="","",(K38-K$10)*1000) -> 0.099999947 | AZ38: =IF(L38="","",(L38-L$10)*1000) -> -10.6 | ... BM38: =IF(Y38="","",(Y38-Y$10)*1000) -> 2 | BO38: 169.3703 | BP38: -3.763 | BQ38: -1.161 | BR38: 169.2094 | BS38: -4.2025 | BT38: 0.8269 | BU38: 169.1871 | BV38: -3.2312 | BW38: 2.9683 | BX38: 168.9598 | BY38: 0.217 | BZ38: 4.3377 | CA38: 169.1989 | CB38: 3.2054 | CC38: 2.978 | CD38: 169.1903 | CE38: 4.1936 | CF38: 0.8334 | CG38: 169.2544 | CH38: 3.8651 | CI38: -1.0859 | CK38: =IF(BO38="","",(BO38-BO$10)*1000) -> -4.7556222 | CL38: =IF(BP38="","",(BP38-BP$10)*1000) -> 10.852242 | CM38: =IF(BQ38="","",(BQ38-BQ$10)*1000) -> -0.12944378 | CN38: =IF(BR38="","",(BR38-BR$10)*1000) -> -2.4902291 | CO38: =IF(BS38="","",(BS38-BS$10)*1000) -> 9.3591536 | CP38: =IF(BT38="","",(BT38-BT$10)*1000) -> -0.56109771 | CQ38: =IF(BU38="","",(BU38-BU$10)*1000) -> -4.3552419 | CR38: =IF(BV38="","",(BV38-BV$10)*1000) -> 9.6000867 | ... DE38: =IF(CI38="","",(CI38-CI$10)*1000) -> 2.0072027
A39: 43713 | B39: =A39-A$10 -> 114 | C39: 200.6 | D39: =C39-PM -> 31.4 | E39: 823219.58 | F39: 1091508.6 | G39: -125.0094 | H39: 823219.25 | I39: 1091508.9 | J39: -123.0238 | K39: 823219.64 | L39: 1091508 | M39: -120.8829 | N39: 823220.89 | O39: 1091504.8 | P39: -119.5159 | Q39: 823222.37 | R39: 1091502.2 | S39: -120.873 | T39: 823222.78 | U39: 1091501.3 | V39: -123.0177 | W39: 823222.7 | X39: 1091501.6 | Y39: -124.9364 | Z39: =IF(Xhaut="","",SQRT(((Xbasgauche-Xhaut)^2+(Ybasgauche-Yhaut)^2)+(Zbasgauche-Zhaut)^2)) -> 6.7960546 | AA39: =IF(Xhaut="","",SQRT(((Xintergauche-Xhaut)^2+(Yintergauche-Yhaut)^2)+(Zintergauche-Zhaut)^2)) -> 5.6480267 | AB39: =IF(Xhaut="","",SQRT(((Xhautgauche-Xhaut)^2+(Yhautgauche-Yhaut)^2)+(Zhautgauche-Zhaut)^2)) -> 3.7162045 | AC39: =IF(Xhaut="","",SQRT(((Xhautdroit-Xhaut)^2+(Yhautdroit-Yhaut)^2)+(Zhautdroit-Zhaut)^2)) -> 3.2908269 | AD39: =IF(Xhaut="","",SQRT(((Xinterdroit-Xhaut)^2+(Yinterdroit-Yhaut)^2)+(Zinterdroit-Zhaut)^2)) -> 5.3037902 | AE39: =IF(Xhaut="","",SQRT(((Xbasdroit-Xhaut)^2+(Ybasdroit-Yhaut)^2)+(Zbasdroit-Zhaut)^2)) -> 6.5404799 | AF39: =IF(Xhautdroit="","",SQRT(((Xhautdroit-Xhautgauche)^2+(Yhautdroit-Yhautgauche)^2)+(Zhautdroit-Zhautgauche)^2)) -> 6.4365983 | AG39: =IF(Xinterdroit="","",SQRT(((Xinterdroit-Xintergauche)^2+(Yinterdroit-Yintergauche)^2)+(Zinterdroit-Zintergauche)^2)) -> 8.3963055 | AH39: =IF(Xbasdroit="","",SQRT(((Xbasdroit-Xbasgauche)^2+(Ybasdroit-Ybasgauche)^2)+(Zbasdroit-Zbasgauche)^2)) -> 7.6292892 | AI39: =IF(Z39="","",(Z39-Z$10)*1000) -> -20.896668 | AJ39: =IF(AA39="","",(AA39-AA$10)*1000) -> -18.344839 | AK39: =IF(AB39="","",(AB39-AB$10)*1000) -> -16.320734 | AL39: =IF(AC39="","",(AC39-AC$10)*1000) -> -6.861849 | AM39: =IF(AD39="","",(AD39-AD$10)*1000) -> -13.475834 | AN39: =IF(AE39="","",(AE39-AE$10)*1000) -> -17.525302 | AO39: =IF(AF39="","",(AF39-AF$10)*1000) -> -15.005305 | AP39: =IF(AG39="","",(AG39-AG$10)*1000) -> -16.085926 | AQ39: =IF(AH39="","",(AH39-AH$10)*1000) -> -18.728994 | AS39: =IF(E39="","",(E39-E$10)*1000) -> -0.20000001 | AT39: =IF(F39="","",(F39-F$10)*1000) -> -12.2 | AU39: =IF(G39="","",(G39-G$10)*1000) -> 0.6 | AV39: =IF(H39="","",(H39-H$10)*1000) -> 1.7 | AW39: =IF(I39="","",(I39-I$10)*1000) -> -9.4999999 | AX39: =IF(J39="","",(J39-J$10)*1000) -> -0.5 | AY39: =IF(K39="","",(K39-K$10)*1000) -> -0.10000006 | AZ39: =IF(L39="","",(L39-L$10)*1000) -> -10.7 | ... BM39: =IF(Y39="","",(Y39-Y$10)*1000) -> 1.8 | BO39: 169.3697 | BP39: -3.7629 | BQ39: -1.1602 | BR39: 169.2094 | BS39: -4.2025 | BT39: 0.827 | BU39: 169.1868 | BV39: -3.2311 | BW39: 2.9681 | BX39: 168.9596 | BY39: 0.217 | BZ39: 4.3374 | CA39: 169.1987 | CB39: 3.2054 | CC39: 2.9779 | CD39: 169.1902 | CE39: 4.1938 | CF39: 0.8333 | CG39: 169.2544 | CH39: 3.8652 | CI39: -1.0861 | CK39: =IF(BO39="","",(BO39-BO$10)*1000) -> -5.3556222 | CL39: =IF(BP39="","",(BP39-BP$10)*1000) -> 10.952242 | CM39: =IF(BQ39="","",(BQ39-BQ$10)*1000) -> 0.67055622 | CN39: =IF(BR39="","",(BR39-BR$10)*1000) -> -2.4902291 | CO39: =IF(BS39="","",(BS39-BS$10)*1000) -> 9.3591536 | CP39: =IF(BT39="","",(BT39-BT$10)*1000) -> -0.46109771 | CQ39: =IF(BU39="","",(BU39-BU$10)*1000) -> -4.6552419 | CR39: =IF(BV39="","",(BV39-BV$10)*1000) -> 9.7000867 | ... DE39: =IF(CI39="","",(CI39-CI$10)*1000) -> 1.8072027
A40: 43718 | B40: =A40-A$10 -> 119 | C40: 202.58 | D40: =C40-PM -> 33.38 | E40: 823219.58 | F40: 1091508.6 | G40: -125.0098 | H40: 823219.25 | I40: 1091508.9 | J40: -123.0236 | K40: 823219.64 | L40: 1091508 | M40: -120.883 | N40: 823220.89 | O40: 1091504.8 | P40: -119.5165 | Q40: 823222.37 | R40: 1091502.2 | S40: -120.8731 | T40: 823222.78 | U40: 1091501.3 | V40: -123.0174 | W40: 823222.7 | X40: 1091501.6 | Y40: -124.9359 | Z40: =IF(Xhaut="","",SQRT(((Xbasgauche-Xhaut)^2+(Ybasgauche-Yhaut)^2)+(Zbasgauche-Zhaut)^2)) -> 6.795666 | AA40: =IF(Xhaut="","",SQRT(((Xintergauche-Xhaut)^2+(Yintergauche-Yhaut)^2)+(Zintergauche-Zhaut)^2)) -> 5.6471078 | AB40: =IF(Xhaut="","",SQRT(((Xhautgauche-Xhaut)^2+(Yhautgauche-Yhaut)^2)+(Zhautgauche-Zhaut)^2)) -> 3.7155392 | AC40: =IF(Xhaut="","",SQRT(((Xhautdroit-Xhaut)^2+(Yhautdroit-Yhaut)^2)+(Zhautdroit-Zhaut)^2)) -> 3.2903723 | AD40: =IF(Xhaut="","",SQRT(((Xinterdroit-Xhaut)^2+(Yinterdroit-Yhaut)^2)+(Zinterdroit-Zhaut)^2)) -> 5.3028908 | AE40: =IF(Xhaut="","",SQRT(((Xbasdroit-Xhaut)^2+(Ybasdroit-Yhaut)^2)+(Zbasdroit-Zhaut)^2)) -> 6.5393604 | AF40: =IF(Xhautdroit="","",SQRT(((Xhautdroit-Xhautgauche)^2+(Yhautdroit-Yhautgauche)^2)+(Zhautdroit-Zhautgauche)^2)) -> 6.4358004 | AG40: =IF(Xinterdroit="","",SQRT(((Xinterdroit-Xintergauche)^2+(Yinterdroit-Yintergauche)^2)+(Zinterdroit-Zintergauche)^2)) -> 8.3953695 | AH40: =IF(Xbasdroit="","",SQRT(((Xbasdroit-Xbasgauche)^2+(Ybasdroit-Ybasgauche)^2)+(Zbasdroit-Zbasgauche)^2)) -> 7.628524 | AI40: =IF(Z40="","",(Z40-Z$10)*1000) -> -21.285255 | AJ40: =IF(AA40="","",(AA40-AA$10)*1000) -> -19.263758 | AK40: =IF(AB40="","",(AB40-AB$10)*1000) -> -16.986046 | AL40: =IF(AC40="","",(AC40-AC$10)*1000) -> -7.316418 | AM40: =IF(AD40="","",(AD40-AD$10)*1000) -> -14.375275 | AN40: =IF(AE40="","",(AE40-AE$10)*1000) -> -18.644861 | AO40: =IF(AF40="","",(AF40-AF$10)*1000) -> -15.803198 | AP40: =IF(AG40="","",(AG40-AG$10)*1000) -> -17.021945 | AQ40: =IF(AH40="","",(AH40-AH$10)*1000) -> -19.494191 | AS40: =IF(E40="","",(E40-E$10)*1000) -> 1 | AT40: =IF(F40="","",(F40-F$10)*1000) -> -12.6 | AU40: =IF(G40="","",(G40-G$10)*1000) -> 0.2 | AV40: =IF(H40="","",(H40-H$10)*1000) -> 2.5000001 | AW40: =IF(I40="","",(I40-I$10)*1000) -> -10.2 | AX40: =IF(J40="","",(J40-J$10)*1000) -> -0.3 | AY40: =IF(K40="","",(K40-K$10)*1000) -> 0.89999998 | AZ40: =IF(L40="","",(L40-L$10)*1000) -> -11.3 | ... BM40: =IF(Y40="","",(Y40-Y$10)*1000) -> 2.3 | BO40: 169.3706 | BP40: -3.762 | BQ40: -1.1606 | BR40: 169.2098 | BS40: -4.2016 | BT40: 0.8272 | BU40: 169.1875 | BV40: -3.2302 | BW40: 2.968 | BX40: 168.96 | BY40: 0.2175 | BZ40: 4.3368 | CA40: 169.1991 | CB40: 3.2056 | CC40: 2.9778 | CD40: 169.1905 | CE40: 4.1938 | CF40: 0.8336 | CG40: 169.2546 | CH40: 3.8653 | CI40: -1.0856 | CK40: =IF(BO40="","",(BO40-BO$10)*1000) -> -4.4556222 | CL40: =IF(BP40="","",(BP40-BP$10)*1000) -> 11.852242 | CM40: =IF(BQ40="","",(BQ40-BQ$10)*1000) -> 0.27055622 | CN40: =IF(BR40="","",(BR40-BR$10)*1000) -> -2.0902291 | CO40: =IF(BS40="","",(BS40-BS$10)*1000) -> 10.259154 | CP40: =IF(BT40="","",(BT40-BT$10)*1000) -> -0.26109771 | CQ40: =IF(BU40="","",(BU40-BU$10)*1000) -> -3.9552419 | CR40: =IF(BV40="","",(BV40-BV$10)*1000) -> 10.600087 | ... DE40: =IF(CI40="","",(CI40-CI$10)*1000) -> 2.3072027
A41: 43720 | B41: =A41-A$10 -> 121 | C41: 203.6 | D41: =C41-PM -> 34.4 | E41: 823219.58 | F41: 1091508.6 | G41: -125.0093 | H41: 823219.25 | I41: 1091508.9 | J41: -123.0233 | K41: 823219.64 | L41: 1091508 | M41: -120.8829 | N41: 823220.89 | O41: 1091504.8 | P41: -119.5164 | Q41: 823222.37 | R41: 1091502.2 | S41: -120.8728 | T41: 823222.78 | U41: 1091501.3 | V41: -123.0169 | W41: 823222.7 | X41: 1091501.6 | Y41: -124.9354 | Z41: =IF(Xhaut="","",SQRT(((Xbasgauche-Xhaut)^2+(Ybasgauche-Yhaut)^2)+(Zbasgauche-Zhaut)^2)) -> 6.7951395 | AA41: =IF(Xhaut="","",SQRT(((Xintergauche-Xhaut)^2+(Yintergauche-Yhaut)^2)+(Zintergauche-Zhaut)^2)) -> 5.6466778 | AB41: =IF(Xhaut="","",SQRT(((Xhautgauche-Xhaut)^2+(Yhautgauche-Yhaut)^2)+(Zhautgauche-Zhaut)^2)) -> 3.7153995 | AC41: =IF(Xhaut="","",SQRT(((Xhautdroit-Xhaut)^2+(Yhautdroit-Yhaut)^2)+(Zhautdroit-Zhaut)^2)) -> 3.2901207 | AD41: =IF(Xhaut="","",SQRT(((Xinterdroit-Xhaut)^2+(Yinterdroit-Yhaut)^2)+(Zinterdroit-Zhaut)^2)) -> 5.3026624 | AE41: =IF(Xhaut="","",SQRT(((Xbasdroit-Xhaut)^2+(Ybasdroit-Yhaut)^2)+(Zbasdroit-Zhaut)^2)) -> 6.5389039 | AF41: =IF(Xhautdroit="","",SQRT(((Xhautdroit-Xhautgauche)^2+(Yhautdroit-Yhautgauche)^2)+(Zhautdroit-Zhautgauche)^2)) -> 6.4354867 | AG41: =IF(Xinterdroit="","",SQRT(((Xinterdroit-Xintergauche)^2+(Yinterdroit-Yintergauche)^2)+(Zinterdroit-Zintergauche)^2)) -> 8.3950422 | AH41: =IF(Xbasdroit="","",SQRT(((Xbasdroit-Xbasgauche)^2+(Ybasdroit-Ybasgauche)^2)+(Zbasdroit-Zbasgauche)^2)) -> 7.6279764 | AI41: =IF(Z41="","",(Z41-Z$10)*1000) -> -21.811819 | AJ41: =IF(AA41="","",(AA41-AA$10)*1000) -> -19.693773 | AK41: =IF(AB41="","",(AB41-AB$10)*1000) -> -17.125737 | AL41: =IF(AC41="","",(AC41-AC$10)*1000) -> -7.568042 | AM41: =IF(AD41="","",(AD41-AD$10)*1000) -> -14.603708 | AN41: =IF(AE41="","",(AE41-AE$10)*1000) -> -19.101317 | AO41: =IF(AF41="","",(AF41-AF$10)*1000) -> -16.116974 | AP41: =IF(AG41="","",(AG41-AG$10)*1000) -> -17.349243 | AQ41: =IF(AH41="","",(AH41-AH$10)*1000) -> -20.041732 | AS41: =IF(E41="","",(E41-E$10)*1000) -> 0.89999998 | AT41: =IF(F41="","",(F41-F$10)*1000) -> -12.6 | AU41: =IF(G41="","",(G41-G$10)*1000) -> 0.7 | AV41: =IF(H41="","",(H41-H$10)*1000) -> 2.3000001 | AW41: =IF(I41="","",(I41-I$10)*1000) -> -10.3 | AX41: =IF(J41="","",(J41-J$10)*1000) -> 0 | AY41: =IF(K41="","",(K41-K$10)*1000) -> 0.79999992 | AZ41: =IF(L41="","",(L41-L$10)*1000) -> -11.1 | ... BM41: =IF(Y41="","",(Y41-Y$10)*1000) -> 2.8 | BO41: 169.371 | BP41: -3.762 | BQ41: -1.16 | BR41: 169.2096 | BS41: -4.2016 | BT41: 0.8275 | BU41: 169.1875 | BV41: -3.2304 | BW41: 2.9681 | BX41: 168.9602 | BY41: 0.2171 | BZ41: 4.3369 | CA41: 169.1991 | CB41: 3.2051 | CC41: 2.9781 | CD41: 169.1908 | CE41: 4.1935 | CF41: 0.8341 | CG41: 169.2547 | CH41: 3.8647 | CI41: -1.0851 | CK41: =IF(BO41="","",(BO41-BO$10)*1000) -> -4.0556222 | CL41: =IF(BP41="","",(BP41-BP$10)*1000) -> 11.852242 | CM41: =IF(BQ41="","",(BQ41-BQ$10)*1000) -> 0.87055622 | CN41: =IF(BR41="","",(BR41-BR$10)*1000) -> -2.2902291 | CO41: =IF(BS41="","",(BS41-BS$10)*1000) -> 10.259154 | CP41: =IF(BT41="","",(BT41-BT$10)*1000) -> 0.038902291 | CQ41: =IF(BU41="","",(BU41-BU$10)*1000) -> -3.9552419 | CR41: =IF(BV41="","",(BV41-BV$10)*1000) -> 10.400087 | ... DE41: =IF(CI41="","",(CI41-CI$10)*1000) -> 2.8072027
A42: 43724 | B42: =A42-A$10 -> 125 | C42: 203.6 | D42: =C42-PM -> 34.4 | E42: 823219.58 | F42: 1091508.6 | G42: -125.0099 | H42: 823219.25 | I42: 1091508.9 | J42: -123.0239 | K42: 823219.64 | L42: 1091508 | M42: -120.8832 | N42: 823220.89 | O42: 1091504.8 | P42: -119.5172 | Q42: 823222.37 | R42: 1091502.2 | S42: -120.8736 | T42: 823222.78 | U42: 1091501.3 | V42: -123.0175 | W42: 823222.7 | X42: 1091501.6 | Y42: -124.936 | Z42: =IF(Xhaut="","",SQRT(((Xbasgauche-Xhaut)^2+(Ybasgauche-Yhaut)^2)+(Zbasgauche-Zhaut)^2)) -> 6.7949585 | AA42: =IF(Xhaut="","",SQRT(((Xintergauche-Xhaut)^2+(Yintergauche-Yhaut)^2)+(Zintergauche-Zhaut)^2)) -> 5.6466119 | AB42: =IF(Xhaut="","",SQRT(((Xhautgauche-Xhaut)^2+(Yhautgauche-Yhaut)^2)+(Zhautgauche-Zhaut)^2)) -> 3.715129 | AC42: =IF(Xhaut="","",SQRT(((Xhautdroit-Xhaut)^2+(Yhautdroit-Yhaut)^2)+(Zhautdroit-Zhaut)^2)) -> 3.2903349 | AD42: =IF(Xhaut="","",SQRT(((Xinterdroit-Xhaut)^2+(Yinterdroit-Yhaut)^2)+(Zinterdroit-Zhaut)^2)) -> 5.3025965 | AE42: =IF(Xhaut="","",SQRT(((Xbasdroit-Xhaut)^2+(Ybasdroit-Yhaut)^2)+(Zbasdroit-Zhaut)^2)) -> 6.5388355 | AF42: =IF(Xhautdroit="","",SQRT(((Xhautdroit-Xhautgauche)^2+(Yhautdroit-Yhautgauche)^2)+(Zhautdroit-Zhautgauche)^2)) -> 6.4356132 | AG42: =IF(Xinterdroit="","",SQRT(((Xinterdroit-Xintergauche)^2+(Yinterdroit-Yintergauche)^2)+(Zinterdroit-Zintergauche)^2)) -> 8.3951882 | AH42: =IF(Xbasdroit="","",SQRT(((Xbasdroit-Xbasgauche)^2+(Ybasdroit-Ybasgauche)^2)+(Zbasdroit-Zbasgauche)^2)) -> 7.6281181 | AI42: =IF(Z42="","",(Z42-Z$10)*1000) -> -21.992766 | AJ42: =IF(AA42="","",(AA42-AA$10)*1000) -> -19.759607 | AK42: =IF(AB42="","",(AB42-AB$10)*1000) -> -17.396288 | AL42: =IF(AC42="","",(AC42-AC$10)*1000) -> -7.3539021 | AM42: =IF(AD42="","",(AD42-AD$10)*1000) -> -14.669608 | AN42: =IF(AE42="","",(AE42-AE$10)*1000) -> -19.169754 | AO42: =IF(AF42="","",(AF42-AF$10)*1000) -> -15.990447 | AP42: =IF(AG42="","",(AG42-AG$10)*1000) -> -17.203247 | AQ42: =IF(AH42="","",(AH42-AH$10)*1000) -> -19.9001 | AS42: =IF(E42="","",(E42-E$10)*1000) -> 0.40000002 | AT42: =IF(F42="","",(F42-F$10)*1000) -> -12.4 | AU42: =IF(G42="","",(G42-G$10)*1000) -> 0.1 | AV42: =IF(H42="","",(H42-H$10)*1000) -> 2 | AW42: =IF(I42="","",(I42-I$10)*1000) -> -9.8999999 | AX42: =IF(J42="","",(J42-J$10)*1000) -> -0.6 | AY42: =IF(K42="","",(K42-K$10)*1000) -> 0.20000001 | AZ42: =IF(L42="","",(L42-L$10)*1000) -> -11 | ... BM42: =IF(Y42="","",(Y42-Y$10)*1000) -> 2.2 | BO42: 169.3702 | BP42: -3.7624 | BQ42: -1.1607 | BR42: 169.2095 | BS42: -4.202 | BT42: 0.8269 | BU42: 169.187 | BV42: -3.2307 | BW42: 2.9678 | BX42: 168.9597 | BY42: 0.2167 | BZ42: 4.3361 | CA42: 169.1989 | CB42: 3.2048 | CC42: 2.9773 | CD42: 169.1903 | CE42: 4.1931 | CF42: 0.8335 | CG42: 169.2542 | CH42: 3.8644 | CI42: -1.0857 | CK42: =IF(BO42="","",(BO42-BO$10)*1000) -> -4.8556222 | CL42: =IF(BP42="","",(BP42-BP$10)*1000) -> 11.452242 | CM42: =IF(BQ42="","",(BQ42-BQ$10)*1000) -> 0.17055622 | CN42: =IF(BR42="","",(BR42-BR$10)*1000) -> -2.3902291 | CO42: =IF(BS42="","",(BS42-BS$10)*1000) -> 9.8591536 | CP42: =IF(BT42="","",(BT42-BT$10)*1000) -> -0.56109771 | CQ42: =IF(BU42="","",(BU42-BU$10)*1000) -> -4.4552419 | CR42: =IF(BV42="","",(BV42-BV$10)*1000) -> 10.100087 | ... DE42: =IF(CI42="","",(CI42-CI$10)*1000) -> 2.2072027
A43: 43727 | B43: =A43-A$10 -> 128 | C43: 206.32 | D43: =C43-PM -> 37.12 | E43: 823219.58 | F43: 1091508.6 | G43: -125.0103 | H43: 823219.25 | I43: 1091508.9 | J43: -123.024 | K43: a | L43: a | M43: a | N43: 823220.89 | O43: 1091504.8 | P43: -119.5177 | Q43: 823222.37 | R43: 1091502.2 | S43: -120.8741 | T43: 823222.78 | U43: 1091501.3 | V43: -123.0179 | W43: 823222.7 | X43: 1091501.6 | Y43: -124.9361 | Z43: =IF(Xhaut="","",SQRT(((Xbasgauche-Xhaut)^2+(Ybasgauche-Yhaut)^2)+(Zbasgauche-Zhaut)^2)) -> 6.7952627 | AA43: =IF(Xhaut="","",SQRT(((Xintergauche-Xhaut)^2+(Yintergauche-Yhaut)^2)+(Zintergauche-Zhaut)^2)) -> 5.6467859 | AC43: =IF(Xhaut="","",SQRT(((Xhautdroit-Xhaut)^2+(Yhautdroit-Yhaut)^2)+(Zhautdroit-Zhaut)^2)) -> 3.2900758 | AD43: =IF(Xhaut="","",SQRT(((Xinterdroit-Xhaut)^2+(Yinterdroit-Yhaut)^2)+(Zinterdroit-Zhaut)^2)) -> 5.3020827 | AE43: =IF(Xhaut="","",SQRT(((Xbasdroit-Xhaut)^2+(Ybasdroit-Yhaut)^2)+(Zbasdroit-Zhaut)^2)) -> 6.5382408 | AG43: =IF(Xinterdroit="","",SQRT(((Xinterdroit-Xintergauche)^2+(Yinterdroit-Yintergauche)^2)+(Zinterdroit-Zintergauche)^2)) -> 8.3951304 | AH43: =IF(Xbasdroit="","",SQRT(((Xbasdroit-Xbasgauche)^2+(Ybasdroit-Ybasgauche)^2)+(Zbasdroit-Zbasgauche)^2)) -> 7.6282693 | AI43: =IF(Z43="","",(Z43-Z$10)*1000) -> -21.688552 | AJ43: =IF(AA43="","",(AA43-AA$10)*1000) -> -19.585617 | AL43: =IF(AC43="","",(AC43-AC$10)*1000) -> -7.6130059 | AM43: =IF(AD43="","",(AD43-AD$10)*1000) -> -15.183414 | AN43: =IF(AE43="","",(AE43-AE$10)*1000) -> -19.764489 | AP43: =IF(AG43="","",(AG43-AG$10)*1000) -> -17.261073 | AQ43: =IF(AH43="","",(AH43-AH$10)*1000) -> -19.748827 | AS43: =IF(E43="","",(E43-E$10)*1000) -> 2.1 | AT43: =IF(F43="","",(F43-F$10)*1000) -> -13.4 | AU43: =IF(G43="","",(G43-G$10)*1000) -> -0.3 | AV43: =IF(H43="","",(H43-H$10)*1000) -> 3.4 | AW43: =IF(I43="","",(I43-I$10)*1000) -> -11.1 | AX43: =IF(J43="","",(J43-J$10)*1000) -> -0.7 | BB43: =IF(N43="","",(N43-N$10)*1000) -> -3.5 | BC43: =IF(O43="","",(O43-O$10)*1000) -> -1.2000001 | BD43: =IF(P43="","",(P43-P$10)*1000) -> -17.4 | BE43: =IF(Q43="","",(Q43-Q$10)*1000) -> -3.9 | BF43: =IF(R43="","",(R43-R$10)*1000) -> 2.6 | BG43: =IF(S43="","",(S43-S$10)*1000) -> -6.7 | BH43: =IF(T43="","",(T43-T$10)*1000) -> -5.5 | BI43: =IF(U43="","",(U43-U$10)*1000) -> 3.8000001 | ... BM43: =IF(Y43="","",(Y43-Y$10)*1000) -> 2.1 | BO43: 169.3713 | BP43: -3.7608 | BQ43: -1.1611 | BR43: 169.2103 | BS43: -4.2004 | BT43: 0.8268 | BU43: - | BV43: - | BW43: - | BX43: 168.9599 | BY43: 0.2188 | BZ43: 4.3356 | CA43: 169.1988 | CB43: 3.2068 | CC43: 2.9768 | CD43: 169.19 | CE43: 4.1947 | CF43: 0.8331 | CG43: 169.2539 | CH43: 3.8662 | CI43: -1.0858 | CK43: =IF(BO43="","",(BO43-BO$10)*1000) -> -3.7556222 | CL43: =IF(BP43="","",(BP43-BP$10)*1000) -> 13.052242 | CM43: =IF(BQ43="","",(BQ43-BQ$10)*1000) -> -0.22944378 | CN43: =IF(BR43="","",(BR43-BR$10)*1000) -> -1.5902291 | CO43: =IF(BS43="","",(BS43-BS$10)*1000) -> 11.459154 | CP43: =IF(BT43="","",(BT43-BT$10)*1000) -> -0.66109771 | CT43: =IF(BX43="","",(BX43-BX$10)*1000) -> -3.7138646 | CU43: =IF(BY43="","",(BY43-BY$10)*1000) -> -0.43510475 | CV43: =IF(BZ43="","",(BZ43-BZ$10)*1000) -> -17.343861 | CW43: =IF(CA43="","",(CA43-CA$10)*1000) -> -2.3943419 | CX43: =IF(CB43="","",(CB43-CB$10)*1000) -> -3.9805659 | CY43: =IF(CC43="","",(CC43-CC$10)*1000) -> -6.6680566 | CZ43: =IF(CD43="","",(CD43-CD$10)*1000) -> -3.3480277 | DA43: =IF(CE43="","",(CE43-CE$10)*1000) -> -5.8098044 | ... DE43: =IF(CI43="","",(CI43-CI$10)*1000) -> 2.1072027
A44: 43731 | B44: =A44-A$10 -> 132 | C44: 206.32 | D44: =C44-PM -> 37.12 | E44: 823219.58 | F44: 1091508.6 | G44: -125.0102 | H44: 823219.25 | I44: 1091508.9 | J44: -123.0238 | K44: 823219.64 | L44: 1091508 | M44: -120.8829 | N44: 823220.89 | O44: 1091504.8 | P44: -119.5176 | Q44: 823222.37 | R44: 1091502.2 | S44: -120.8737 | T44: 823222.78 | U44: 1091501.3 | V44: -123.0177 | W44: 823222.7 | X44: 1091501.6 | Y44: -124.9362 | Z44: =IF(Xhaut="","",SQRT(((Xbasgauche-Xhaut)^2+(Ybasgauche-Yhaut)^2)+(Zbasgauche-Zhaut)^2)) -> 6.7950253 | AA44: =IF(Xhaut="","",SQRT(((Xintergauche-Xhaut)^2+(Yintergauche-Yhaut)^2)+(Zintergauche-Zhaut)^2)) -> 5.6469129 | AB44: =IF(Xhaut="","",SQRT(((Xhautgauche-Xhaut)^2+(Yhautgauche-Yhaut)^2)+(Zhautgauche-Zhaut)^2)) -> 3.7153581 | AC44: =IF(Xhaut="","",SQRT(((Xhautdroit-Xhaut)^2+(Yhautdroit-Yhaut)^2)+(Zhautdroit-Zhaut)^2)) -> 3.2902219 | AD44: =IF(Xhaut="","",SQRT(((Xinterdroit-Xhaut)^2+(Yinterdroit-Yhaut)^2)+(Zinterdroit-Zhaut)^2)) -> 5.3022712 | AE44: =IF(Xhaut="","",SQRT(((Xbasdroit-Xhaut)^2+(Ybasdroit-Yhaut)^2)+(Zbasdroit-Zhaut)^2)) -> 6.5385371 | AF44: =IF(Xhautdroit="","",SQRT(((Xhautdroit-Xhautgauche)^2+(Yhautdroit-Yhautgauche)^2)+(Zhautdroit-Zhautgauche)^2)) -> 6.4361078 | AG44: =IF(Xinterdroit="","",SQRT(((Xinterdroit-Xintergauche)^2+(Yinterdroit-Yintergauche)^2)+(Zinterdroit-Zintergauche)^2)) -> 8.3956771 | AH44: =IF(Xbasdroit="","",SQRT(((Xbasdroit-Xbasgauche)^2+(Ybasdroit-Ybasgauche)^2)+(Zbasdroit-Zbasgauche)^2)) -> 7.6280592 | AI44: =IF(Z44="","",(Z44-Z$10)*1000) -> -21.925994 | AJ44: =IF(AA44="","",(AA44-AA$10)*1000) -> -19.458659 | AK44: =IF(AB44="","",(AB44-AB$10)*1000) -> -17.167135 | AL44: =IF(AC44="","",(AC44-AC$10)*1000) -> -7.4668469 | AM44: =IF(AD44="","",(AD44-AD$10)*1000) -> -14.994851 | AN44: =IF(AE44="","",(AE44-AE$10)*1000) -> -19.468108 | AO44: =IF(AF44="","",(AF44-AF$10)*1000) -> -15.495843 | AP44: =IF(AG44="","",(AG44-AG$10)*1000) -> -16.714394 | AQ44: =IF(AH44="","",(AH44-AH$10)*1000) -> -19.958995 | AS44: =IF(E44="","",(E44-E$10)*1000) -> -0.60000003 | AT44: =IF(F44="","",(F44-F$10)*1000) -> -12.9 | AU44: =IF(G44="","",(G44-G$10)*1000) -> -0.2 | AV44: =IF(H44="","",(H44-H$10)*1000) -> 0.80000004 | AW44: =IF(I44="","",(I44-I$10)*1000) -> -9.8999999 | AX44: =IF(J44="","",(J44-J$10)*1000) -> -0.5 | AY44: =IF(K44="","",(K44-K$10)*1000) -> -0.80000004 | AZ44: =IF(L44="","",(L44-L$10)*1000) -> -11.2 | ... BM44: =IF(Y44="","",(Y44-Y$10)*1000) -> 2 | BO44: 169.3692 | BP44: -3.7628 | BQ44: -1.161 | BR44: 169.2084 | BS44: -4.2025 | BT44: 0.827 | BU44: 169.1859 | BV44: -3.2308 | BW44: 2.9681 | BX44: 168.9585 | BY44: 0.2166 | BZ44: 4.3357 | CA44: 169.1978 | CB44: 3.2051 | CC44: 2.9772 | CD44: 169.1892 | CE44: 4.1933 | CF44: 0.8333 | CG44: 169.2533 | CH44: 3.8647 | CI44: -1.0859 | CK44: =IF(BO44="","",(BO44-BO$10)*1000) -> -5.8556222 | CL44: =IF(BP44="","",(BP44-BP$10)*1000) -> 11.052242 | CM44: =IF(BQ44="","",(BQ44-BQ$10)*1000) -> -0.12944378 | CN44: =IF(BR44="","",(BR44-BR$10)*1000) -> -3.4902291 | CO44: =IF(BS44="","",(BS44-BS$10)*1000) -> 9.3591536 | CP44: =IF(BT44="","",(BT44-BT$10)*1000) -> -0.46109771 | CQ44: =IF(BU44="","",(BU44-BU$10)*1000) -> -5.5552419 | CR44: =IF(BV44="","",(BV44-BV$10)*1000) -> 10.000087 | ... DE44: =IF(CI44="","",(CI44-CI$10)*1000) -> 2.0072027
A45: 43734 | B45: =A45-A$10 -> 135 | C45: 206.32 | D45: =C45-PM -> 37.12 | E45: 823219.58 | F45: 1091508.6 | G45: -125.0101 | H45: 823219.25 | I45: 1091508.9 | J45: -123.024 | K45: 823219.64 | L45: 1091508 | M45: -120.8831 | N45: 823220.89 | O45: 1091504.8 | P45: -119.5179 | Q45: 823222.37 | R45: 1091502.2 | S45: -120.8739 | T45: 823222.78 | U45: 1091501.3 | V45: -123.0175 | W45: 823222.7 | X45: 1091501.6 | Y45: -124.9361 | Z45: =IF(Xhaut="","",SQRT(((Xbasgauche-Xhaut)^2+(Ybasgauche-Yhaut)^2)+(Zbasgauche-Zhaut)^2)) -> 6.7946271 | AA45: =IF(Xhaut="","",SQRT(((Xintergauche-Xhaut)^2+(Yintergauche-Yhaut)^2)+(Zintergauche-Zhaut)^2)) -> 5.6462393 | AB45: =IF(Xhaut="","",SQRT(((Xhautgauche-Xhaut)^2+(Yhautgauche-Yhaut)^2)+(Zhautgauche-Zhaut)^2)) -> 3.7149023 | AC45: =IF(Xhaut="","",SQRT(((Xhautdroit-Xhaut)^2+(Yhautdroit-Yhaut)^2)+(Zhautdroit-Zhaut)^2)) -> 3.2900907 | AD45: =IF(Xhaut="","",SQRT(((Xinterdroit-Xhaut)^2+(Yinterdroit-Yhaut)^2)+(Zinterdroit-Zhaut)^2)) -> 5.3020683 | AE45: =IF(Xhaut="","",SQRT(((Xbasdroit-Xhaut)^2+(Ybasdroit-Yhaut)^2)+(Zbasdroit-Zhaut)^2)) -> 6.5384213 | AF45: =IF(Xhautdroit="","",SQRT(((Xhautdroit-Xhautgauche)^2+(Yhautdroit-Yhautgauche)^2)+(Zhautdroit-Zhautgauche)^2)) -> 6.4356069 | AG45: =IF(Xinterdroit="","",SQRT(((Xinterdroit-Xintergauche)^2+(Yinterdroit-Yintergauche)^2)+(Zinterdroit-Zintergauche)^2)) -> 8.3950976 | AH45: =IF(Xbasdroit="","",SQRT(((Xbasdroit-Xbasgauche)^2+(Ybasdroit-Ybasgauche)^2)+(Zbasdroit-Zbasgauche)^2)) -> 7.6283424 | AI45: =IF(Z45="","",(Z45-Z$10)*1000) -> -22.324227 | AJ45: =IF(AA45="","",(AA45-AA$10)*1000) -> -20.132204 | AK45: =IF(AB45="","",(AB45-AB$10)*1000) -> -17.623001 | AL45: =IF(AC45="","",(AC45-AC$10)*1000) -> -7.5980153 | AM45: =IF(AD45="","",(AD45-AD$10)*1000) -> -15.197791 | AN45: =IF(AE45="","",(AE45-AE$10)*1000) -> -19.58398 | AO45: =IF(AF45="","",(AF45-AF$10)*1000) -> -15.996713 | AP45: =IF(AG45="","",(AG45-AG$10)*1000) -> -17.293896 | AQ45: =IF(AH45="","",(AH45-AH$10)*1000) -> -19.675736 | AS45: =IF(E45="","",(E45-E$10)*1000) -> 0.20000001 | AT45: =IF(F45="","",(F45-F$10)*1000) -> -12.6 | AU45: =IF(G45="","",(G45-G$10)*1000) -> -0.1 | AV45: =IF(H45="","",(H45-H$10)*1000) -> 1.6 | AW45: =IF(I45="","",(I45-I$10)*1000) -> -10.3 | AX45: =IF(J45="","",(J45-J$10)*1000) -> -0.7 | AY45: =IF(K45="","",(K45-K$10)*1000) -> -0.40000002 | AZ45: =IF(L45="","",(L45-L$10)*1000) -> -11.4 | ... BM45: =IF(Y45="","",(Y45-Y$10)*1000) -> 2.1 | BO45: 169.3699 | BP45: -3.7623 | BQ45: -1.1609 | BR45: 169.209 | BS45: -4.2018 | BT45: 0.8268 | BU45: 169.1863 | BV45: -3.2306 | BW45: 2.9679 | BX45: 168.9592 | BY45: 0.2168 | BZ45: 4.3354 | CA45: 169.1984 | CB45: 3.205 | CC45: 2.977 | CD45: 169.1898 | CE45: 4.1932 | CF45: 0.8335 | CG45: 169.2539 | CH45: 3.8648 | CI45: -1.0858 | CK45: =IF(BO45="","",(BO45-BO$10)*1000) -> -5.1556222 | CL45: =IF(BP45="","",(BP45-BP$10)*1000) -> 11.552242 | CM45: =IF(BQ45="","",(BQ45-BQ$10)*1000) -> -0.029443778 | CN45: =IF(BR45="","",(BR45-BR$10)*1000) -> -2.8902291 | CO45: =IF(BS45="","",(BS45-BS$10)*1000) -> 10.059154 | CP45: =IF(BT45="","",(BT45-BT$10)*1000) -> -0.66109771 | CQ45: =IF(BU45="","",(BU45-BU$10)*1000) -> -5.1552419 | CR45: =IF(BV45="","",(BV45-BV$10)*1000) -> 10.200087 | ... DE45: =IF(CI45="","",(CI45-CI$10)*1000) -> 2.1072027
A46: 43738 | B46: =A46-A$10 -> 139 | C46: 206.32 | D46: =C46-PM -> 37.12 | E46: 823219.58 | F46: 1091508.6 | G46: -125.0098 | H46: 823219.25 | I46: 1091508.9 | J46: -123.0236 | K46: 823219.64 | L46: 1091508 | M46: -120.8828 | N46: 823220.89 | O46: 1091504.8 | P46: -119.5179 | Q46: 823222.37 | R46: 1091502.2 | S46: -120.8738 | T46: 823222.78 | U46: 1091501.3 | V46: -123.0173 | W46: 823222.7 | X46: 1091501.6 | Y46: -124.9359 | Z46: =IF(Xhaut="","",SQRT(((Xbasgauche-Xhaut)^2+(Ybasgauche-Yhaut)^2)+(Zbasgauche-Zhaut)^2)) -> 6.794254 | AA46: =IF(Xhaut="","",SQRT(((Xintergauche-Xhaut)^2+(Yintergauche-Yhaut)^2)+(Zintergauche-Zhaut)^2)) -> 5.6458163 | AB46: =IF(Xhaut="","",SQRT(((Xhautgauche-Xhaut)^2+(Yhautgauche-Yhaut)^2)+(Zhautgauche-Zhaut)^2)) -> 3.7142962 | AC46: =IF(Xhaut="","",SQRT(((Xhautdroit-Xhaut)^2+(Yhautdroit-Yhaut)^2)+(Zhautdroit-Zhaut)^2)) -> 3.2900495 | AD46: =IF(Xhaut="","",SQRT(((Xinterdroit-Xhaut)^2+(Yinterdroit-Yhaut)^2)+(Zinterdroit-Zhaut)^2)) -> 5.3020076 | AE46: =IF(Xhaut="","",SQRT(((Xbasdroit-Xhaut)^2+(Ybasdroit-Yhaut)^2)+(Zbasdroit-Zhaut)^2)) -> 6.5381582 | AF46: =IF(Xhautdroit="","",SQRT(((Xhautdroit-Xhautgauche)^2+(Yhautdroit-Yhautgauche)^2)+(Zhautdroit-Zhautgauche)^2)) -> 6.435038 | AG46: =IF(Xinterdroit="","",SQRT(((Xinterdroit-Xintergauche)^2+(Yinterdroit-Yintergauche)^2)+(Zinterdroit-Zintergauche)^2)) -> 8.394958 | AH46: =IF(Xbasdroit="","",SQRT(((Xbasdroit-Xbasgauche)^2+(Ybasdroit-Ybasgauche)^2)+(Zbasdroit-Zbasgauche)^2)) -> 7.6279356 | AI46: =IF(Z46="","",(Z46-Z$10)*1000) -> -22.697257 | AJ46: =IF(AA46="","",(AA46-AA$10)*1000) -> -20.555244 | AK46: =IF(AB46="","",(AB46-AB$10)*1000) -> -18.229056 | AL46: =IF(AC46="","",(AC46-AC$10)*1000) -> -7.6392287 | AM46: =IF(AD46="","",(AD46-AD$10)*1000) -> -15.258514 | AN46: =IF(AE46="","",(AE46-AE$10)*1000) -> -19.847031 | AO46: =IF(AF46="","",(AF46-AF$10)*1000) -> -16.565674 | AP46: =IF(AG46="","",(AG46-AG$10)*1000) -> -17.43344 | AQ46: =IF(AH46="","",(AH46-AH$10)*1000) -> -20.082614 | AS46: =IF(E46="","",(E46-E$10)*1000) -> 0.20000001 | AT46: =IF(F46="","",(F46-F$10)*1000) -> -13 | AU46: =IF(G46="","",(G46-G$10)*1000) -> 0.2 | AV46: =IF(H46="","",(H46-H$10)*1000) -> 1.6 | AW46: =IF(I46="","",(I46-I$10)*1000) -> -10.7 | AX46: =IF(J46="","",(J46-J$10)*1000) -> -0.3 | AY46: =IF(K46="","",(K46-K$10)*1000) -> 0.20000001 | AZ46: =IF(L46="","",(L46-L$10)*1000) -> -11.9 | ... BM46: =IF(Y46="","",(Y46-Y$10)*1000) -> 2.3 | BO46: 169.3697 | BP46: -3.762 | BQ46: -1.1606 | BR46: 169.2088 | BS46: -4.2015 | BT46: 0.8272 | BU46: 169.1866 | BV46: -3.2299 | BW46: 2.9682 | BX46: 168.959 | BY46: 0.217 | BZ46: 4.3354 | CA46: 169.1982 | CB46: 3.2051 | CC46: 2.9771 | CD46: 169.1898 | CE46: 4.1934 | CF46: 0.8337 | CG46: 169.2538 | CH46: 3.8647 | CI46: -1.0856 | CK46: =IF(BO46="","",(BO46-BO$10)*1000) -> -5.3556222 | CL46: =IF(BP46="","",(BP46-BP$10)*1000) -> 11.852242 | CM46: =IF(BQ46="","",(BQ46-BQ$10)*1000) -> 0.27055622 | CN46: =IF(BR46="","",(BR46-BR$10)*1000) -> -3.0902291 | CO46: =IF(BS46="","",(BS46-BS$10)*1000) -> 10.359154 | CP46: =IF(BT46="","",(BT46-BT$10)*1000) -> -0.26109771 | CQ46: =IF(BU46="","",(BU46-BU$10)*1000) -> -4.8552419 | CR46: =IF(BV46="","",(BV46-BV$10)*1000) -> 10.900087 | ... DE46: =IF(CI46="","",(CI46-CI$10)*1000) -> 2.3072027
A47: 43741 | B47: =A47-A$10 -> 142 | C47: 207.2 | D47: =C47-PM -> 38 | E47: 823219.58 | F47: 1091508.6 | G47: -125.0098 | H47: 823219.25 | I47: 1091508.9 | J47: -123.0236 | K47: 823219.64 | L47: 1091508 | M47: -120.883 | N47: 823220.89 | O47: 1091504.8 | P47: -119.5181 | Q47: 823222.37 | R47: 1091502.2 | S47: -120.8739 | T47: 823222.78 | U47: 1091501.3 | V47: -123.0173 | W47: 823222.7 | X47: 1091501.6 | Y47: -124.9358 | Z47: =IF(Xhaut="","",SQRT(((Xbasgauche-Xhaut)^2+(Ybasgauche-Yhaut)^2)+(Zbasgauche-Zhaut)^2)) -> 6.794148 | AA47: =IF(Xhaut="","",SQRT(((Xintergauche-Xhaut)^2+(Yintergauche-Yhaut)^2)+(Zintergauche-Zhaut)^2)) -> 5.6457649 | AB47: =IF(Xhaut="","",SQRT(((Xhautgauche-Xhaut)^2+(Yhautgauche-Yhaut)^2)+(Zhautgauche-Zhaut)^2)) -> 3.7144839 | AC47: =IF(Xhaut="","",SQRT(((Xhautdroit-Xhaut)^2+(Yhautdroit-Yhaut)^2)+(Zhautdroit-Zhaut)^2)) -> 3.2899633 | AD47: =IF(Xhaut="","",SQRT(((Xinterdroit-Xhaut)^2+(Yinterdroit-Yhaut)^2)+(Zinterdroit-Zhaut)^2)) -> 5.3018399 | AE47: =IF(Xhaut="","",SQRT(((Xbasdroit-Xhaut)^2+(Ybasdroit-Yhaut)^2)+(Zbasdroit-Zhaut)^2)) -> 6.5379306 | AF47: =IF(Xhautdroit="","",SQRT(((Xhautdroit-Xhautgauche)^2+(Yhautdroit-Yhautgauche)^2)+(Zhautdroit-Zhautgauche)^2)) -> 6.4352135 | AG47: =IF(Xinterdroit="","",SQRT(((Xinterdroit-Xintergauche)^2+(Yinterdroit-Yintergauche)^2)+(Zinterdroit-Zintergauche)^2)) -> 8.3950067 | AH47: =IF(Xbasdroit="","",SQRT(((Xbasdroit-Xbasgauche)^2+(Ybasdroit-Ybasgauche)^2)+(Zbasdroit-Zbasgauche)^2)) -> 7.6280782 | AI47: =IF(Z47="","",(Z47-Z$10)*1000) -> -22.803286 | AJ47: =IF(AA47="","",(AA47-AA$10)*1000) -> -20.60663 | AK47: =IF(AB47="","",(AB47-AB$10)*1000) -> -18.041343 | AL47: =IF(AC47="","",(AC47-AC$10)*1000) -> -7.7254141 | AM47: =IF(AD47="","",(AD47-AD$10)*1000) -> -15.426158 | AN47: =IF(AE47="","",(AE47-AE$10)*1000) -> -20.074638 | AO47: =IF(AF47="","",(AF47-AF$10)*1000) -> -16.390122 | AP47: =IF(AG47="","",(AG47-AG$10)*1000) -> -17.384774 | AQ47: =IF(AH47="","",(AH47-AH$10)*1000) -> -19.94001 | AS47: =IF(E47="","",(E47-E$10)*1000) -> -0.099999947 | AT47: =IF(F47="","",(F47-F$10)*1000) -> -13.1 | AU47: =IF(G47="","",(G47-G$10)*1000) -> 0.2 | AV47: =IF(H47="","",(H47-H$10)*1000) -> 1.3 | AW47: =IF(I47="","",(I47-I$10)*1000) -> -10.8 | AX47: =IF(J47="","",(J47-J$10)*1000) -> -0.3 | AY47: =IF(K47="","",(K47-K$10)*1000) -> -0.40000002 | AZ47: =IF(L47="","",(L47-L$10)*1000) -> -12 | ... BM47: =IF(Y47="","",(Y47-Y$10)*1000) -> 2.4 | BO47: 169.3694 | BP47: -3.762 | BQ47: -1.1606 | BR47: 169.2085 | BS47: -4.2015 | BT47: 0.8272 | BU47: 169.186 | BV47: -3.2301 | BW47: 2.968 | BX47: 168.9587 | BY47: 0.217 | BZ47: 4.3352 | CA47: 169.1978 | CB47: 3.2051 | CC47: 2.977 | CD47: 169.1894 | CE47: 4.1935 | CF47: 0.8337 | CG47: 169.2534 | CH47: 3.8648 | CI47: -1.0855 | CK47: =IF(BO47="","",(BO47-BO$10)*1000) -> -5.6556222 | CL47: =IF(BP47="","",(BP47-BP$10)*1000) -> 11.852242 | CM47: =IF(BQ47="","",(BQ47-BQ$10)*1000) -> 0.27055622 | CN47: =IF(BR47="","",(BR47-BR$10)*1000) -> -3.3902291 | CO47: =IF(BS47="","",(BS47-BS$10)*1000) -> 10.359154 | CP47: =IF(BT47="","",(BT47-BT$10)*1000) -> -0.26109771 | CQ47: =IF(BU47="","",(BU47-BU$10)*1000) -> -5.4552419 | CR47: =IF(BV47="","",(BV47-BV$10)*1000) -> 10.700087 | ... DE47: =IF(CI47="","",(CI47-CI$10)*1000) -> 2.4072027
A48: 43746 | B48: =A48-A$10 -> 147 | C48: 208.3 | D48: =C48-PM -> 39.1 | E48: 823219.58 | F48: 1091508.6 | G48: -125.00997 | H48: 823219.25 | I48: 1091508.9 | J48: -123.02417 | K48: 823219.64 | L48: 1091508 | M48: -120.88383 | N48: 823220.89 | O48: 1091504.8 | P48: -119.51935 | Q48: 823222.37 | R48: 1091502.2 | S48: -120.87482 | T48: 823222.78 | U48: 1091501.3 | V48: -123.01777 | W48: 823222.7 | X48: 1091501.6 | Y48: -124.93603 | Z48: =IF(Xhaut="","",SQRT(((Xbasgauche-Xhaut)^2+(Ybasgauche-Yhaut)^2)+(Zbasgauche-Zhaut)^2)) -> 6.7928141 | AA48: =IF(Xhaut="","",SQRT(((Xintergauche-Xhaut)^2+(Yintergauche-Yhaut)^2)+(Zintergauche-Zhaut)^2)) -> 5.6447147 | AB48: =IF(Xhaut="","",SQRT(((Xhautgauche-Xhaut)^2+(Yhautgauche-Yhaut)^2)+(Zhautgauche-Zhaut)^2)) -> 3.7142997 | AC48: =IF(Xhaut="","",SQRT(((Xhautdroit-Xhaut)^2+(Yhautdroit-Yhaut)^2)+(Zhautdroit-Zhaut)^2)) -> 3.2894883 | AD48: =IF(Xhaut="","",SQRT(((Xinterdroit-Xhaut)^2+(Yinterdroit-Yhaut)^2)+(Zinterdroit-Zhaut)^2)) -> 5.3009998 | AE48: =IF(Xhaut="","",SQRT(((Xbasdroit-Xhaut)^2+(Ybasdroit-Yhaut)^2)+(Zbasdroit-Zhaut)^2)) -> 6.5368437 | AF48: =IF(Xhautdroit="","",SQRT(((Xhautdroit-Xhautgauche)^2+(Yhautdroit-Yhautgauche)^2)+(Zhautdroit-Zhautgauche)^2)) -> 6.4347711 | AG48: =IF(Xinterdroit="","",SQRT(((Xinterdroit-Xintergauche)^2+(Yinterdroit-Yintergauche)^2)+(Zinterdroit-Zintergauche)^2)) -> 8.393779 | AH48: =IF(Xbasdroit="","",SQRT(((Xbasdroit-Xbasgauche)^2+(Ybasdroit-Ybasgauche)^2)+(Zbasdroit-Zbasgauche)^2)) -> 7.6268603 | AI48: =IF(Z48="","",(Z48-Z$10)*1000) -> -24.137221 | AJ48: =IF(AA48="","",(AA48-AA$10)*1000) -> -21.656873 | AK48: =IF(AB48="","",(AB48-AB$10)*1000) -> -18.225586 | AL48: =IF(AC48="","",(AC48-AC$10)*1000) -> -8.2004387 | AM48: =IF(AD48="","",(AD48-AD$10)*1000) -> -16.266227 | AN48: =IF(AE48="","",(AE48-AE$10)*1000) -> -21.161514 | AO48: =IF(AF48="","",(AF48-AF$10)*1000) -> -16.832563 | AP48: =IF(AG48="","",(AG48-AG$10)*1000) -> -18.612494 | AQ48: =IF(AH48="","",(AH48-AH$10)*1000) -> -21.157895 | AS48: =IF(E48="","",(E48-E$10)*1000) -> 0.38333342 | AT48: =IF(F48="","",(F48-F$10)*1000) -> -13.2 | AU48: =IF(G48="","",(G48-G$10)*1000) -> 0.033333333 | AV48: =IF(H48="","",(H48-H$10)*1000) -> 1.8999999 | AW48: =IF(I48="","",(I48-I$10)*1000) -> -10.883333 | AX48: =IF(J48="","",(J48-J$10)*1000) -> -0.86666667 | AY48: =IF(K48="","",(K48-K$10)*1000) -> 0.31666656 | AZ48: =IF(L48="","",(L48-L$10)*1000) -> -11.216667 | ... BM48: =IF(Y48="","",(Y48-Y$10)*1000) -> 2.1666667 | BO48: 169.36982 | BP48: -3.7617272 | BQ48: -1.1607849 | BR48: 169.20901 | BS48: -4.2011926 | BT48: 0.82662321 | BU48: 169.187 | BV48: -3.2305007 | BW48: 2.9671767 | BX48: 168.9593 | BY48: 0.21657909 | BZ48: 4.333937 | CA48: 169.19856 | CB48: 3.2042537 | CC48: 2.9760778 | CD48: 169.19003 | CE48: 4.1925624 | CF48: 0.83321304 | CG48: 169.25415 | CH48: 3.8638974 | CI48: -1.0856948 | CK48: =IF(BO48="","",(BO48-BO$10)*1000) -> -5.2315945 | CL48: =IF(BP48="","",(BP48-BP$10)*1000) -> 12.125072 | CM48: =IF(BQ48="","",(BQ48-BQ$10)*1000) -> 0.085649278 | CN48: =IF(BR48="","",(BR48-BR$10)*1000) -> -2.8779079 | CO48: =IF(BS48="","",(BS48-BS$10)*1000) -> 10.666517 | CP48: =IF(BT48="","",(BT48-BT$10)*1000) -> -0.83788759 | CQ48: =IF(BU48="","",(BU48-BU$10)*1000) -> -4.4537544 | CR48: =IF(BV48="","",(BV48-BV$10)*1000) -> 10.299416 | ... DE48: =IF(CI48="","",(CI48-CI$10)*1000) -> 2.2123817
A49: 43753 | B49: =A49-A$10 -> 154 | C49: 211.5 | D49: =C49-PM -> 42.3 | E49: 823219.58 | F49: 1091508.6 | G49: -125.00992 | H49: 823219.25 | I49: 1091508.9 | J49: -123.02412 | K49: 823219.64 | L49: 1091508 | M49: -120.8837 | N49: 823220.89 | O49: 1091504.8 | P49: -119.51943 | Q49: 823222.37 | R49: 1091502.2 | S49: -120.87488 | T49: 823222.78 | U49: 1091501.3 | V49: -123.01757 | Z49: =IF(Xhaut="","",SQRT(((Xbasgauche-Xhaut)^2+(Ybasgauche-Yhaut)^2)+(Zbasgauche-Zhaut)^2)) -> 6.7926589 | AA49: =IF(Xhaut="","",SQRT(((Xintergauche-Xhaut)^2+(Yintergauche-Yhaut)^2)+(Zintergauche-Zhaut)^2)) -> 5.64469 | AB49: =IF(Xhaut="","",SQRT(((Xhautgauche-Xhaut)^2+(Yhautgauche-Yhaut)^2)+(Zhautgauche-Zhaut)^2)) -> 3.7132896 | AC49: =IF(Xhaut="","",SQRT(((Xhautdroit-Xhaut)^2+(Yhautdroit-Yhaut)^2)+(Zhautdroit-Zhaut)^2)) -> 3.2894686 | AD49: =IF(Xhaut="","",SQRT(((Xinterdroit-Xhaut)^2+(Yinterdroit-Yhaut)^2)+(Zinterdroit-Zhaut)^2)) -> 5.301086 | AF49: =IF(Xhautdroit="","",SQRT(((Xhautdroit-Xhautgauche)^2+(Yhautdroit-Yhautgauche)^2)+(Zhautdroit-Zhautgauche)^2)) -> 6.4338153 | AG49: =IF(Xinterdroit="","",SQRT(((Xinterdroit-Xintergauche)^2+(Yinterdroit-Yintergauche)^2)+(Zinterdroit-Zintergauche)^2)) -> 8.3942151 | AH49: =IF(Xbasdroit="","",SQRT(((Xbasdroit-Xbasgauche)^2+(Ybasdroit-Ybasgauche)^2)+(Zbasdroit-Zbasgauche)^2)) | AI49: =IF(Z49="","",(Z49-Z$10)*1000) -> -24.292363 | AJ49: =IF(AA49="","",(AA49-AA$10)*1000) -> -21.681516 | AK49: =IF(AB49="","",(AB49-AB$10)*1000) -> -19.235669 | AL49: =IF(AC49="","",(AC49-AC$10)*1000) -> -8.2201597 | AM49: =IF(AD49="","",(AD49-AD$10)*1000) -> -16.180055 | AO49: =IF(AF49="","",(AF49-AF$10)*1000) -> -17.788364 | AP49: =IF(AG49="","",(AG49-AG$10)*1000) -> -18.176359 | AQ49: =IF(AH49="","",(AH49-AH$10)*1000) | AS49: =IF(E49="","",(E49-E$10)*1000) -> 0.49999997 | AT49: =IF(F49="","",(F49-F$10)*1000) -> -12.7 | AU49: =IF(G49="","",(G49-G$10)*1000) -> 0.083333333 | AV49: =IF(H49="","",(H49-H$10)*1000) -> 2.1 | AW49: =IF(I49="","",(I49-I$10)*1000) -> -10.2 | AX49: =IF(J49="","",(J49-J$10)*1000) -> -0.81666667 | AY49: =IF(K49="","",(K49-K$10)*1000) -> 0.43333322 | AZ49: =IF(L49="","",(L49-L$10)*1000) -> -11.716666 | ... BM49: =IF(Y49="","",(Y49-Y$10)*1000) | BO49: 169.37014 | BP49: -3.762131 | BQ49: -1.1607381 | BR49: 169.20948 | BS49: -4.2017274 | BT49: 0.82666851 | BU49: 169.1869 | BV49: -3.2299982 | BW49: 2.967311 | BX49: 168.95995 | BY49: 0.21612885 | BZ49: 4.3338472 | CA49: 169.19908 | CB49: 3.2037995 | CC49: 2.9760059 | CD49: 169.19088 | CE49: 4.1924645 | CF49: 0.83340449 | CK49: =IF(BO49="","",(BO49-BO$10)*1000) -> -4.9145345 | CL49: =IF(BP49="","",(BP49-BP$10)*1000) -> 11.721235 | CM49: =IF(BQ49="","",(BQ49-BQ$10)*1000) -> 0.13247868 | CN49: =IF(BR49="","",(BR49-BR$10)*1000) -> -2.4078372 | CO49: =IF(BS49="","",(BS49-BS$10)*1000) -> 10.131748 | CP49: =IF(BT49="","",(BT49-BT$10)*1000) -> -0.79258829 | CQ49: =IF(BU49="","",(BU49-BU$10)*1000) -> -4.5593462 | CR49: =IF(BV49="","",(BV49-BV$10)*1000) -> 10.801871 | ... DE49: =IF(CI49="","",(CI49-CI$10)*1000)
A50: 43756 | B50: =A50-A$10 -> 157 | C50: 213.5 | D50: =C50-PM -> 44.3 | E50: 823219.58 | F50: 1091508.6 | G50: -125.0094 | H50: 823219.25 | I50: 1091508.9 | J50: -123.0234 | K50: 823219.64 | L50: 1091508 | M50: -120.8829 | N50: 823220.89 | O50: 1091504.8 | P50: -119.5187 | Q50: 823222.37 | R50: 1091502.2 | S50: -120.8741 | T50: 823222.78 | U50: 1091501.3 | V50: -123.0169 | W50: 823222.7 | X50: 1091501.6 | Y50: -124.9354 | Z50: =IF(Xhaut="","",SQRT(((Xbasgauche-Xhaut)^2+(Ybasgauche-Yhaut)^2)+(Zbasgauche-Zhaut)^2)) -> 6.7928947 | AA50: =IF(Xhaut="","",SQRT(((Xintergauche-Xhaut)^2+(Yintergauche-Yhaut)^2)+(Zintergauche-Zhaut)^2)) -> 5.6448461 | AB50: =IF(Xhaut="","",SQRT(((Xhautgauche-Xhaut)^2+(Yhautgauche-Yhaut)^2)+(Zhautgauche-Zhaut)^2)) -> 3.7136922 | AC50: =IF(Xhaut="","",SQRT(((Xhautdroit-Xhaut)^2+(Yhautdroit-Yhaut)^2)+(Zhautdroit-Zhaut)^2)) -> 3.28973 | AD50: =IF(Xhaut="","",SQRT(((Xinterdroit-Xhaut)^2+(Yinterdroit-Yhaut)^2)+(Zinterdroit-Zhaut)^2)) -> 5.3011851 | AE50: =IF(Xhaut="","",SQRT(((Xbasdroit-Xhaut)^2+(Ybasdroit-Yhaut)^2)+(Zbasdroit-Zhaut)^2)) -> 6.5370323 | AF50: =IF(Xhautdroit="","",SQRT(((Xhautdroit-Xhautgauche)^2+(Yhautdroit-Yhautgauche)^2)+(Zhautdroit-Zhautgauche)^2)) -> 6.4345368 | AG50: =IF(Xinterdroit="","",SQRT(((Xinterdroit-Xintergauche)^2+(Yinterdroit-Yintergauche)^2)+(Zinterdroit-Zintergauche)^2)) -> 8.3944625 | AH50: =IF(Xbasdroit="","",SQRT(((Xbasdroit-Xbasgauche)^2+(Ybasdroit-Ybasgauche)^2)+(Zbasdroit-Zbasgauche)^2)) -> 7.6272065 | AI50: =IF(Z50="","",(Z50-Z$10)*1000) -> -24.056645 | AJ50: =IF(AA50="","",(AA50-AA$10)*1000) -> -21.525483 | AK50: =IF(AB50="","",(AB50-AB$10)*1000) -> -18.833027 | AL50: =IF(AC50="","",(AC50-AC$10)*1000) -> -7.9587623 | AM50: =IF(AD50="","",(AD50-AD$10)*1000) -> -16.080946 | AN50: =IF(AE50="","",(AE50-AE$10)*1000) -> -20.972931 | AO50: =IF(AF50="","",(AF50-AF$10)*1000) -> -17.066829 | AP50: =IF(AG50="","",(AG50-AG$10)*1000) -> -17.92897 | AQ50: =IF(AH50="","",(AH50-AH$10)*1000) -> -20.81169 | AS50: =IF(E50="","",(E50-E$10)*1000) -> 0.10000006 | AT50: =IF(F50="","",(F50-F$10)*1000) -> -12.7 | AU50: =IF(G50="","",(G50-G$10)*1000) -> 0.6 | AV50: =IF(H50="","",(H50-H$10)*1000) -> 1.7 | AW50: =IF(I50="","",(I50-I$10)*1000) -> -10.1 | AX50: =IF(J50="","",(J50-J$10)*1000) -> -0.1 | AY50: =IF(K50="","",(K50-K$10)*1000) -> 0.099999947 | AZ50: =IF(L50="","",(L50-L$10)*1000) -> -11.3 | ... BM50: =IF(Y50="","",(Y50-Y$10)*1000) -> 2.8 | BO50: 169.36978 | BP50: -3.7623001 | BQ50: -1.1602178 | BR50: 169.20916 | BS50: -4.2019871 | BT50: 0.82738838 | BU50: 169.18677 | BV50: -3.2305167 | BW50: 2.9681123 | BX50: 168.95937 | BY50: 0.21604039 | BZ50: 4.3345863 | CA50: 169.19873 | CB50: 3.204003 | CC50: 2.9767927 | CD50: 169.19026 | CE50: 4.1924516 | CF50: 0.83407735 | CG50: 169.25422 | CH50: 3.8636719 | CI50: -1.0850622 | CK50: =IF(BO50="","",(BO50-BO$10)*1000) -> -5.2770512 | CL50: =IF(BP50="","",(BP50-BP$10)*1000) -> 11.552174 | CM50: =IF(BQ50="","",(BQ50-BQ$10)*1000) -> 0.65277051 | CN50: =IF(BR50="","",(BR50-BR$10)*1000) -> -2.7280887 | CO50: =IF(BS50="","",(BS50-BS$10)*1000) -> 9.872058 | CP50: =IF(BT50="","",(BT50-BT$10)*1000) -> -0.072719113 | CQ50: =IF(BU50="","",(BU50-BU$10)*1000) -> -4.6853385 | CR50: =IF(BV50="","",(BV50-BV$10)*1000) -> 10.283365 | ... DE50: =IF(CI50="","",(CI50-CI$10)*1000) -> 2.845031
A51: 43760 | B51: =A51-A$10 -> 161 | C51: 215 | D51: =C51-PM -> 45.8 | E51: 823219.58 | F51: 1091508.6 | G51: -125.0103 | H51: 823219.25 | I51: 1091508.9 | J51: -123.0244 | N51: 823220.89 | O51: 1091504.8 | P51: -119.5202 | Q51: 823222.37 | R51: 1091502.2 | S51: -120.8754 | T51: 823222.78 | U51: 1091501.3 | V51: -123.018 | W51: 823222.7 | X51: 1091501.6 | Y51: -124.9363 | Z51: =IF(Xhaut="","",SQRT(((Xbasgauche-Xhaut)^2+(Ybasgauche-Yhaut)^2)+(Zbasgauche-Zhaut)^2)) -> 6.7923348 | AA51: =IF(Xhaut="","",SQRT(((Xintergauche-Xhaut)^2+(Yintergauche-Yhaut)^2)+(Zintergauche-Zhaut)^2)) -> 5.6443172 | AC51: =IF(Xhaut="","",SQRT(((Xhautdroit-Xhaut)^2+(Yhautdroit-Yhaut)^2)+(Zhautdroit-Zhaut)^2)) -> 3.2893991 | AD51: =IF(Xhaut="","",SQRT(((Xinterdroit-Xhaut)^2+(Yinterdroit-Yhaut)^2)+(Zinterdroit-Zhaut)^2)) -> 5.3006463 | AE51: =IF(Xhaut="","",SQRT(((Xbasdroit-Xhaut)^2+(Ybasdroit-Yhaut)^2)+(Zbasdroit-Zhaut)^2)) -> 6.5363548 | AG51: =IF(Xinterdroit="","",SQRT(((Xinterdroit-Xintergauche)^2+(Yinterdroit-Yintergauche)^2)+(Zinterdroit-Zintergauche)^2)) -> 8.3938406 | AH51: =IF(Xbasdroit="","",SQRT(((Xbasdroit-Xbasgauche)^2+(Ybasdroit-Ybasgauche)^2)+(Zbasdroit-Zbasgauche)^2)) -> 7.6267692 | AI51: =IF(Z51="","",(Z51-Z$10)*1000) -> -24.616529 | AJ51: =IF(AA51="","",(AA51-AA$10)*1000) -> -22.054319 | AL51: =IF(AC51="","",(AC51-AC$10)*1000) -> -8.2896084 | AM51: =IF(AD51="","",(AD51-AD$10)*1000) -> -16.619777 | AN51: =IF(AE51="","",(AE51-AE$10)*1000) -> -21.650442 | AO51: =IF(AF51="","",(AF51-AF$10)*1000) | AP51: =IF(AG51="","",(AG51-AG$10)*1000) -> -18.55091 | AQ51: =IF(AH51="","",(AH51-AH$10)*1000) -> -21.248992 | AS51: =IF(E51="","",(E51-E$10)*1000) -> 0.80000004 | AT51: =IF(F51="","",(F51-F$10)*1000) -> -13.5 | AU51: =IF(G51="","",(G51-G$10)*1000) -> -0.3 | AV51: =IF(H51="","",(H51-H$10)*1000) -> 2.3000001 | AW51: =IF(I51="","",(I51-I$10)*1000) -> -11.1 | AX51: =IF(J51="","",(J51-J$10)*1000) -> -1.1 | AY51: =IF(K51="","",(K51-K$10)*1000) | AZ51: =IF(L51="","",(L51-L$10)*1000) | ... BM51: =IF(Y51="","",(Y51-Y$10)*1000) -> 1.9 | BO51: 169.37007 | BP51: -3.7612792 | BQ51: -1.1611207 | BR51: 169.20928 | BS51: -4.2008272 | BT51: 0.82638717 | BX51: 168.95961 | BY51: 0.21692839 | BZ51: 4.3330839 | CA51: 169.19888 | CB51: 3.2046252 | CC51: 2.9754912 | CD51: 169.19023 | CE51: 4.1929893 | CF51: 0.83297765 | CG51: 169.25428 | CH51: 3.8642518 | CI51: -1.0859628 | CK51: =IF(BO51="","",(BO51-BO$10)*1000) -> -4.9807684 | CL51: =IF(BP51="","",(BP51-BP$10)*1000) -> 12.573064 | CM51: =IF(BQ51="","",(BQ51-BQ$10)*1000) -> -0.25019232 | CN51: =IF(BR51="","",(BR51-BR$10)*1000) -> -2.6069656 | CO51: =IF(BS51="","",(BS51-BS$10)*1000) -> 11.031941 | CP51: =IF(BT51="","",(BT51-BT$10)*1000) -> -1.0739303 | CQ51: =IF(BU51="","",(BU51-BU$10)*1000) | CR51: =IF(BV51="","",(BV51-BV$10)*1000) | ... DE51: =IF(CI51="","",(CI51-CI$10)*1000) -> 1.9444254
A52: 43762 | B52: =A52-A$10 -> 163 | C52: 215 | D52: =C52-PM -> 45.8 | E52: 823219.58 | F52: 1091508.6 | G52: -125.0101 | H52: 823219.25 | I52: 1091508.9 | J52: -123.0242 | K52: 823219.64 | L52: 1091508 | M52: -120.8839 | N52: 823220.89 | O52: 1091504.8 | P52: -119.5198 | Q52: 823222.37 | R52: 1091502.2 | S52: -120.8749 | T52: 823222.78 | U52: 1091501.3 | V52: -123.0177 | W52: 823222.7 | X52: 1091501.6 | Y52: -124.936 | Z52: =IF(Xhaut="","",SQRT(((Xbasgauche-Xhaut)^2+(Ybasgauche-Yhaut)^2)+(Zbasgauche-Zhaut)^2)) -> 6.7925521 | AA52: =IF(Xhaut="","",SQRT(((Xintergauche-Xhaut)^2+(Yintergauche-Yhaut)^2)+(Zintergauche-Zhaut)^2)) -> 5.6442811 | AB52: =IF(Xhaut="","",SQRT(((Xhautgauche-Xhaut)^2+(Yhautgauche-Yhaut)^2)+(Zhautgauche-Zhaut)^2)) -> 3.7133761 | AC52: =IF(Xhaut="","",SQRT(((Xhautdroit-Xhaut)^2+(Yhautdroit-Yhaut)^2)+(Zhautdroit-Zhaut)^2)) -> 3.2896064 | AD52: =IF(Xhaut="","",SQRT(((Xinterdroit-Xhaut)^2+(Yinterdroit-Yhaut)^2)+(Zinterdroit-Zhaut)^2)) -> 5.3010177 | AE52: =IF(Xhaut="","",SQRT(((Xbasdroit-Xhaut)^2+(Ybasdroit-Yhaut)^2)+(Zbasdroit-Zhaut)^2)) -> 6.5364863 | AF52: =IF(Xhautdroit="","",SQRT(((Xhautdroit-Xhautgauche)^2+(Yhautdroit-Yhautgauche)^2)+(Zhautdroit-Zhautgauche)^2)) -> 6.4342598 | AG52: =IF(Xinterdroit="","",SQRT(((Xinterdroit-Xintergauche)^2+(Yinterdroit-Yintergauche)^2)+(Zinterdroit-Zintergauche)^2)) -> 8.3940509 | AH52: =IF(Xbasdroit="","",SQRT(((Xbasdroit-Xbasgauche)^2+(Ybasdroit-Ybasgauche)^2)+(Zbasdroit-Zbasgauche)^2)) -> 7.6269527 | AI52: =IF(Z52="","",(Z52-Z$10)*1000) -> -24.399239 | AJ52: =IF(AA52="","",(AA52-AA$10)*1000) -> -22.090406 | AK52: =IF(AB52="","",(AB52-AB$10)*1000) -> -19.149189 | AL52: =IF(AC52="","",(AC52-AC$10)*1000) -> -8.0823538 | AM52: =IF(AD52="","",(AD52-AD$10)*1000) -> -16.248416 | AN52: =IF(AE52="","",(AE52-AE$10)*1000) -> -21.518915 | AO52: =IF(AF52="","",(AF52-AF$10)*1000) -> -17.343878 | AP52: =IF(AG52="","",(AG52-AG$10)*1000) -> -18.340524 | AQ52: =IF(AH52="","",(AH52-AH$10)*1000) -> -21.065508 | AS52: =IF(E52="","",(E52-E$10)*1000) -> 0.20000001 | AT52: =IF(F52="","",(F52-F$10)*1000) -> -12.8 | AU52: =IF(G52="","",(G52-G$10)*1000) -> -0.1 | AV52: =IF(H52="","",(H52-H$10)*1000) -> 1.5 | AW52: =IF(I52="","",(I52-I$10)*1000) -> -10.8 | AX52: =IF(J52="","",(J52-J$10)*1000) -> -0.9 | AY52: =IF(K52="","",(K52-K$10)*1000) -> -0.10000006 | AZ52: =IF(L52="","",(L52-L$10)*1000) -> -11.8 | ... BM52: =IF(Y52="","",(Y52-Y$10)*1000) -> 2.2 | BO52: 169.36983 | BP52: -3.7621672 | BQ52: -1.1609183 | BR52: 169.20869 | BS52: -4.2014372 | BT52: 0.82659315 | BU52: 169.18638 | BV52: -3.2301481 | BW52: 2.9671162 | BX52: 168.95932 | BY52: 0.21613102 | BZ52: 4.3334868 | CA52: 169.19869 | CB52: 3.2040936 | CC52: 2.9759931 | CD52: 169.19009 | CE52: 4.1925906 | CF52: 0.8332791 | CG52: 169.25395 | CH52: 3.8635451 | CI52: -1.0856595 | CK52: =IF(BO52="","",(BO52-BO$10)*1000) -> -5.2286873 | CL52: =IF(BP52="","",(BP52-BP$10)*1000) -> 11.685069 | CM52: =IF(BQ52="","",(BQ52-BQ$10)*1000) -> -0.047713127 | CN52: =IF(BR52="","",(BR52-BR$10)*1000) -> -3.2052035 | CO52: =IF(BS52="","",(BS52-BS$10)*1000) -> 10.421932 | CP52: =IF(BT52="","",(BT52-BT$10)*1000) -> -0.86794796 | CQ52: =IF(BU52="","",(BU52-BU$10)*1000) -> -5.077923 | CR52: =IF(BV52="","",(BV52-BV$10)*1000) -> 10.651981 | ... DE52: =IF(CI52="","",(CI52-CI$10)*1000) -> 2.2477499
A53: 43766 | B53: =A53-A$10 -> 167 | C53: 215.55 | D53: =C53-PM -> 46.35 | E53: 823219.58 | F53: 1091508.6 | G53: -125.0098 | H53: 823219.25 | I53: 1091508.9 | J53: -123.024 | K53: 823219.64 | L53: 1091508 | M53: -120.8838 | N53: 823220.89 | O53: 1091504.8 | P53: -119.5198 | Q53: 823222.37 | R53: 1091502.2 | S53: -120.8749 | T53: 823222.78 | U53: 1091501.3 | V53: -123.0175 | W53: 823222.7 | X53: 1091501.6 | Y53: -124.9358 | Z53: =IF(Xhaut="","",SQRT(((Xbasgauche-Xhaut)^2+(Ybasgauche-Yhaut)^2)+(Zbasgauche-Zhaut)^2)) -> 6.7921983 | AA53: =IF(Xhaut="","",SQRT(((Xintergauche-Xhaut)^2+(Yintergauche-Yhaut)^2)+(Zintergauche-Zhaut)^2)) -> 5.6442007 | AB53: =IF(Xhaut="","",SQRT(((Xhautgauche-Xhaut)^2+(Yhautgauche-Yhaut)^2)+(Zhautgauche-Zhaut)^2)) -> 3.713426 | AC53: =IF(Xhaut="","",SQRT(((Xhautdroit-Xhaut)^2+(Yhautdroit-Yhaut)^2)+(Zhautdroit-Zhaut)^2)) -> 3.2894822 | AD53: =IF(Xhaut="","",SQRT(((Xinterdroit-Xhaut)^2+(Yinterdroit-Yhaut)^2)+(Zinterdroit-Zhaut)^2)) -> 5.3008195 | AE53: =IF(Xhaut="","",SQRT(((Xbasdroit-Xhaut)^2+(Ybasdroit-Yhaut)^2)+(Zbasdroit-Zhaut)^2)) -> 6.5363483 | AF53: =IF(Xhautdroit="","",SQRT(((Xhautdroit-Xhautgauche)^2+(Yhautdroit-Yhautgauche)^2)+(Zhautdroit-Zhautgauche)^2)) -> 6.4342172 | AG53: =IF(Xinterdroit="","",SQRT(((Xinterdroit-Xintergauche)^2+(Yinterdroit-Yintergauche)^2)+(Zinterdroit-Zintergauche)^2)) -> 8.3940089 | AH53: =IF(Xbasdroit="","",SQRT(((Xbasdroit-Xbasgauche)^2+(Ybasdroit-Ybasgauche)^2)+(Zbasdroit-Zbasgauche)^2)) -> 7.6268101 | AI53: =IF(Z53="","",(Z53-Z$10)*1000) -> -24.752992 | AJ53: =IF(AA53="","",(AA53-AA$10)*1000) -> -22.170853 | AK53: =IF(AB53="","",(AB53-AB$10)*1000) -> -19.099226 | AL53: =IF(AC53="","",(AC53-AC$10)*1000) -> -8.2065806 | AM53: =IF(AD53="","",(AD53-AD$10)*1000) -> -16.44653 | AN53: =IF(AE53="","",(AE53-AE$10)*1000) -> -21.656965 | AO53: =IF(AF53="","",(AF53-AF$10)*1000) -> -17.386455 | AP53: =IF(AG53="","",(AG53-AG$10)*1000) -> -18.382588 | AQ53: =IF(AH53="","",(AH53-AH$10)*1000) -> -21.208109 | AS53: =IF(E53="","",(E53-E$10)*1000) -> 0.10000006 | AT53: =IF(F53="","",(F53-F$10)*1000) -> -13.5 | AU53: =IF(G53="","",(G53-G$10)*1000) -> 0.2 | AV53: =IF(H53="","",(H53-H$10)*1000) -> 1.5 | AW53: =IF(I53="","",(I53-I$10)*1000) -> -11.2 | AX53: =IF(J53="","",(J53-J$10)*1000) -> -0.7 | AY53: =IF(K53="","",(K53-K$10)*1000) -> -0.20000001 | AZ53: =IF(L53="","",(L53-L$10)*1000) -> -12.2 | ... BM53: =IF(Y53="","",(Y53-Y$10)*1000) -> 2.4 | BO53: 169.3694 | BP53: -3.7616 | BQ53: -1.1606 | BR53: 169.2085 | BS53: -4.2011 | BT53: 0.8268 | BU53: 169.1861 | BV53: -3.2298 | BW53: 2.9672 | BX53: 168.959 | BY53: 0.2165 | BZ53: 4.3335 | CA53: 169.1983 | CB53: 3.2044 | CC53: 2.976 | CD53: 169.1898 | CE53: 4.1929 | CF53: 0.8335 | CG53: 169.2537 | CH53: 3.864 | CI53: -1.0855 | CK53: =IF(BO53="","",(BO53-BO$10)*1000) -> -5.6556222 | CL53: =IF(BP53="","",(BP53-BP$10)*1000) -> 12.252242 | CM53: =IF(BQ53="","",(BQ53-BQ$10)*1000) -> 0.27055622 | CN53: =IF(BR53="","",(BR53-BR$10)*1000) -> -3.3902291 | CO53: =IF(BS53="","",(BS53-BS$10)*1000) -> 10.759154 | CP53: =IF(BT53="","",(BT53-BT$10)*1000) -> -0.66109771 | CQ53: =IF(BU53="","",(BU53-BU$10)*1000) -> -5.3552419 | CR53: =IF(BV53="","",(BV53-BV$10)*1000) -> 11.000087 | ... DE53: =IF(CI53="","",(CI53-CI$10)*1000) -> 2.4072027
A54: 43769 | B54: =A54-A$10 -> 170 | C54: 216.89 | D54: =C54-PM -> 47.69 | E54: 823219.58 | F54: 1091508.6 | G54: -125.0097 | H54: 823219.25 | I54: 1091508.9 | J54: -123.0237 | K54: 823219.64 | L54: 1091508 | M54: -120.8833 | N54: 823220.89 | O54: 1091504.8 | P54: -119.5198 | Q54: 823222.37 | R54: 1091502.2 | S54: -120.8747 | T54: 823222.78 | U54: 1091501.3 | V54: -123.0173 | W54: 823222.7 | X54: 1091501.6 | Y54: -124.9356 | Z54: =IF(Xhaut="","",SQRT(((Xbasgauche-Xhaut)^2+(Ybasgauche-Yhaut)^2)+(Zbasgauche-Zhaut)^2)) -> 6.7922287 | AA54: =IF(Xhaut="","",SQRT(((Xintergauche-Xhaut)^2+(Yintergauche-Yhaut)^2)+(Zintergauche-Zhaut)^2)) -> 5.6442766 | AB54: =IF(Xhaut="","",SQRT(((Xhautgauche-Xhaut)^2+(Yhautgauche-Yhaut)^2)+(Zhautgauche-Zhaut)^2)) -> 3.7132087 | AC54: =IF(Xhaut="","",SQRT(((Xhautdroit-Xhaut)^2+(Yhautdroit-Yhaut)^2)+(Zhautdroit-Zhaut)^2)) -> 3.2894898 | AD54: =IF(Xhaut="","",SQRT(((Xinterdroit-Xhaut)^2+(Yinterdroit-Yhaut)^2)+(Zinterdroit-Zhaut)^2)) -> 5.3006214 | AE54: =IF(Xhaut="","",SQRT(((Xbasdroit-Xhaut)^2+(Ybasdroit-Yhaut)^2)+(Zbasdroit-Zhaut)^2)) -> 6.5361826 | AF54: =IF(Xhautdroit="","",SQRT(((Xhautdroit-Xhautgauche)^2+(Yhautdroit-Yhautgauche)^2)+(Zhautdroit-Zhautgauche)^2)) -> 6.4342592 | AG54: =IF(Xinterdroit="","",SQRT(((Xinterdroit-Xintergauche)^2+(Yinterdroit-Yintergauche)^2)+(Zinterdroit-Zintergauche)^2)) -> 8.3942389 | AH54: =IF(Xbasdroit="","",SQRT(((Xbasdroit-Xbasgauche)^2+(Ybasdroit-Ybasgauche)^2)+(Zbasdroit-Zbasgauche)^2)) -> 7.6269935 | AI54: =IF(Z54="","",(Z54-Z$10)*1000) -> -24.722548 | AJ54: =IF(AA54="","",(AA54-AA$10)*1000) -> -22.094951 | AK54: =IF(AB54="","",(AB54-AB$10)*1000) -> -19.316539 | AL54: =IF(AC54="","",(AC54-AC$10)*1000) -> -8.1989927 | AM54: =IF(AD54="","",(AD54-AD$10)*1000) -> -16.644641 | AN54: =IF(AE54="","",(AE54-AE$10)*1000) -> -21.822684 | AO54: =IF(AF54="","",(AF54-AF$10)*1000) -> -17.344425 | AP54: =IF(AG54="","",(AG54-AG$10)*1000) -> -18.152556 | AQ54: =IF(AH54="","",(AH54-AH$10)*1000) -> -21.024627 | AS54: =IF(E54="","",(E54-E$10)*1000) -> 0.20000001 | AT54: =IF(F54="","",(F54-F$10)*1000) -> -12.9 | AU54: =IF(G54="","",(G54-G$10)*1000) -> 0.3 | AV54: =IF(H54="","",(H54-H$10)*1000) -> 1.7 | AW54: =IF(I54="","",(I54-I$10)*1000) -> -10.4 | AX54: =IF(J54="","",(J54-J$10)*1000) -> -0.4 | AY54: =IF(K54="","",(K54-K$10)*1000) -> 0 | AZ54: =IF(L54="","",(L54-L$10)*1000) -> -11.8 | ... BM54: =IF(Y54="","",(Y54-Y$10)*1000) -> 2.6 | BO54: 169.36978 | BP54: -3.7620765 | BQ54: -1.1605178 | BR54: 169.20904 | BS54: -4.2017152 | BT54: 0.82708965 | BU54: 169.18647 | BV54: -3.2301058 | BW54: 2.9677153 | BX54: 168.95928 | BY54: 0.21622165 | BZ54: 4.3334872 | CA54: 169.19878 | CB54: 3.2041358 | CC54: 2.9761922 | CD54: 169.19013 | CE54: 4.1925 | CF54: 0.83367868 | CG54: 169.25399 | CH54: 3.863678 | CI54: -1.0852599 | CK54: =IF(BO54="","",(BO54-BO$10)*1000) -> -5.2709525 | CL54: =IF(BP54="","",(BP54-BP$10)*1000) -> 11.775698 | CM54: =IF(BQ54="","",(BQ54-BQ$10)*1000) -> 0.35270953 | CN54: =IF(BR54="","",(BR54-BR$10)*1000) -> -2.8548844 | CO54: =IF(BS54="","",(BS54-BS$10)*1000) -> 10.143946 | CP54: =IF(BT54="","",(BT54-BT$10)*1000) -> -0.37145116 | CQ54: =IF(BU54="","",(BU54-BU$10)*1000) -> -4.9872937 | CR54: =IF(BV54="","",(BV54-BV$10)*1000) -> 10.694246 | ... DE54: =IF(CI54="","",(CI54-CI$10)*1000) -> 2.6472662
A55: 43774 | B55: =A55-A$10 -> 175 | C55: 217.7 | D55: =C55-PM -> 48.5 | E55: 823219.58 | F55: 1091508.6 | G55: -125.01 | H55: 823219.25 | I55: 1091508.9 | J55: -123.0242 | K55: 823219.64 | L55: 1091508 | M55: -120.8839 | N55: 823220.89 | O55: 1091504.8 | P55: -119.5204 | Q55: 823222.37 | R55: 1091502.2 | S55: -120.8753 | T55: 823222.78 | U55: 1091501.3 | V55: -123.0176 | Z55: =IF(Xhaut="","",SQRT(((Xbasgauche-Xhaut)^2+(Ybasgauche-Yhaut)^2)+(Zbasgauche-Zhaut)^2)) -> 6.7919477 | AA55: =IF(Xhaut="","",SQRT(((Xintergauche-Xhaut)^2+(Yintergauche-Yhaut)^2)+(Zintergauche-Zhaut)^2)) -> 5.6440545 | AB55: =IF(Xhaut="","",SQRT(((Xhautgauche-Xhaut)^2+(Yhautgauche-Yhaut)^2)+(Zhautgauche-Zhaut)^2)) -> 3.7134015 | AC55: =IF(Xhaut="","",SQRT(((Xhautdroit-Xhaut)^2+(Yhautdroit-Yhaut)^2)+(Zhautdroit-Zhaut)^2)) -> 3.2893655 | AD55: =IF(Xhaut="","",SQRT(((Xinterdroit-Xhaut)^2+(Yinterdroit-Yhaut)^2)+(Zinterdroit-Zhaut)^2)) -> 5.3004235 | AF55: =IF(Xhautdroit="","",SQRT(((Xhautdroit-Xhautgauche)^2+(Yhautdroit-Yhautgauche)^2)+(Zhautdroit-Zhautgauche)^2)) -> 6.434313 | AG55: =IF(Xinterdroit="","",SQRT(((Xinterdroit-Xintergauche)^2+(Yinterdroit-Yintergauche)^2)+(Zinterdroit-Zintergauche)^2)) -> 8.3940222 | AH55: =IF(Xbasdroit="","",SQRT(((Xbasdroit-Xbasgauche)^2+(Ybasdroit-Ybasgauche)^2)+(Zbasdroit-Zbasgauche)^2)) | AI55: =IF(Z55="","",(Z55-Z$10)*1000) -> -25.003578 | AJ55: =IF(AA55="","",(AA55-AA$10)*1000) -> -22.317048 | AK55: =IF(AB55="","",(AB55-AB$10)*1000) -> -19.123787 | AL55: =IF(AC55="","",(AC55-AC$10)*1000) -> -8.3232241 | AM55: =IF(AD55="","",(AD55-AD$10)*1000) -> -16.842585 | AN55: =IF(AE55="","",(AE55-AE$10)*1000) | AO55: =IF(AF55="","",(AF55-AF$10)*1000) -> -17.290634 | AP55: =IF(AG55="","",(AG55-AG$10)*1000) -> -18.369305 | AQ55: =IF(AH55="","",(AH55-AH$10)*1000) | AS55: =IF(E55="","",(E55-E$10)*1000) -> 0.50000008 | AT55: =IF(F55="","",(F55-F$10)*1000) -> -13.4 | AU55: =IF(G55="","",(G55-G$10)*1000) -> 0 | AV55: =IF(H55="","",(H55-H$10)*1000) -> 2.1 | AW55: =IF(I55="","",(I55-I$10)*1000) -> -11 | AX55: =IF(J55="","",(J55-J$10)*1000) -> -0.9 | AY55: =IF(K55="","",(K55-K$10)*1000) -> 0.29999996 | AZ55: =IF(L55="","",(L55-L$10)*1000) -> -12 | ... BM55: =IF(Y55="","",(Y55-Y$10)*1000) | BO55: 169.36985 | BP55: -3.7614966 | BQ55: -1.1608185 | BR55: 169.20914 | BS55: -4.2010024 | BT55: 0.82658856 | BU55: 169.18666 | BV55: -3.2297978 | BW55: 2.9671134 | BX55: 168.95916 | BY55: 0.21671706 | BZ55: 4.3328884 | CA55: 169.19861 | CB55: 3.2044984 | CC55: 2.9755939 | CD55: 169.19001 | CE55: 4.1929954 | CF55: 0.83337989 | CK55: =IF(BO55="","",(BO55-BO$10)*1000) -> -5.2103909 | CL55: =IF(BP55="","",(BP55-BP$10)*1000) -> 12.35564 | CM55: =IF(BQ55="","",(BQ55-BQ$10)*1000) -> 0.052103909 | CN55: =IF(BR55="","",(BR55-BR$10)*1000) -> -2.7459587 | CO55: =IF(BS55="","",(BS55-BS$10)*1000) -> 10.856782 | CP55: =IF(BT55="","",(BT55-BT$10)*1000) -> -0.87254041 | CQ55: =IF(BU55="","",(BU55-BU$10)*1000) -> -4.7999365 | CR55: =IF(BV55="","",(BV55-BV$10)*1000) -> 11.0023 | ... DE55: =IF(CI55="","",(CI55-CI$10)*1000)
A56: 43776 | B56: =A56-A$10 -> 177 | C56: 218.7 | D56: =C56-PM -> 49.5 | E56: 823219.58 | F56: 1091508.6 | G56: -125.0096 | H56: 823219.25 | I56: 1091508.9 | J56: -123.0238 | K56: 823219.64 | L56: 1091508 | M56: -120.884 | N56: 823220.89 | O56: 1091504.8 | P56: -119.5204 | Q56: 823222.37 | R56: 1091502.2 | S56: -120.875 | T56: 823222.78 | U56: 1091501.3 | V56: -123.0174 | W56: 823222.7 | X56: 1091501.6 | Y56: -124.9355 | Z56: =IF(Xhaut="","",SQRT(((Xbasgauche-Xhaut)^2+(Ybasgauche-Yhaut)^2)+(Zbasgauche-Zhaut)^2)) -> 6.7915688 | AA56: =IF(Xhaut="","",SQRT(((Xintergauche-Xhaut)^2+(Yintergauche-Yhaut)^2)+(Zintergauche-Zhaut)^2)) -> 5.6438062 | AB56: =IF(Xhaut="","",SQRT(((Xhautgauche-Xhaut)^2+(Yhautgauche-Yhaut)^2)+(Zhautgauche-Zhaut)^2)) -> 3.7138187 | AC56: =IF(Xhaut="","",SQRT(((Xhautdroit-Xhaut)^2+(Yhautdroit-Yhaut)^2)+(Zhautdroit-Zhaut)^2)) -> 3.2890042 | AD56: =IF(Xhaut="","",SQRT(((Xinterdroit-Xhaut)^2+(Yinterdroit-Yhaut)^2)+(Zinterdroit-Zhaut)^2)) -> 5.3000574 | AE56: =IF(Xhaut="","",SQRT(((Xbasdroit-Xhaut)^2+(Ybasdroit-Yhaut)^2)+(Zbasdroit-Zhaut)^2)) -> 6.5354289 | AF56: =IF(Xhautdroit="","",SQRT(((Xhautdroit-Xhautgauche)^2+(Yhautdroit-Yhautgauche)^2)+(Zhautdroit-Zhautgauche)^2)) -> 6.4344465 | AG56: =IF(Xinterdroit="","",SQRT(((Xinterdroit-Xintergauche)^2+(Yinterdroit-Yintergauche)^2)+(Zinterdroit-Zintergauche)^2)) -> 8.3937078 | AH56: =IF(Xbasdroit="","",SQRT(((Xbasdroit-Xbasgauche)^2+(Ybasdroit-Ybasgauche)^2)+(Zbasdroit-Zbasgauche)^2)) -> 7.6265059 | AI56: =IF(Z56="","",(Z56-Z$10)*1000) -> -25.382516 | AJ56: =IF(AA56="","",(AA56-AA$10)*1000) -> -22.565357 | AK56: =IF(AB56="","",(AB56-AB$10)*1000) -> -18.706573 | AL56: =IF(AC56="","",(AC56-AC$10)*1000) -> -8.6845173 | AM56: =IF(AD56="","",(AD56-AD$10)*1000) -> -17.20864 | AN56: =IF(AE56="","",(AE56-AE$10)*1000) -> -22.576373 | AO56: =IF(AF56="","",(AF56-AF$10)*1000) -> -17.157103 | AP56: =IF(AG56="","",(AG56-AG$10)*1000) -> -18.683694 | AQ56: =IF(AH56="","",(AH56-AH$10)*1000) -> -21.512298 | AS56: =IF(E56="","",(E56-E$10)*1000) -> 0.40000002 | AT56: =IF(F56="","",(F56-F$10)*1000) -> -13.5 | AU56: =IF(G56="","",(G56-G$10)*1000) -> 0.4 | AV56: =IF(H56="","",(H56-H$10)*1000) -> 2 | AW56: =IF(I56="","",(I56-I$10)*1000) -> -11 | AX56: =IF(J56="","",(J56-J$10)*1000) -> -0.5 | AY56: =IF(K56="","",(K56-K$10)*1000) -> 0.099999947 | AZ56: =IF(L56="","",(L56-L$10)*1000) -> -11.6 | ... BM56: =IF(Y56="","",(Y56-Y$10)*1000) -> 2.7 | BO56: 169.3697 | BP56: -3.7614 | BQ56: -1.1604 | BR56: 169.2091 | BS56: -4.201 | BT56: 0.827 | BU56: 169.1866 | BV56: -3.2302 | BW56: 2.967 | BX56: 168.9591 | BY56: 0.2167 | BZ56: 4.3329 | CA56: 169.1986 | CB56: 3.2042 | CC56: 2.9759 | CD56: 169.19 | CE56: 4.1926 | CF56: 0.8336 | CG56: 169.2538 | CH56: 3.8638 | CI56: -1.0852 | CK56: =IF(BO56="","",(BO56-BO$10)*1000) -> -5.3556222 | CL56: =IF(BP56="","",(BP56-BP$10)*1000) -> 12.452242 | CM56: =IF(BQ56="","",(BQ56-BQ$10)*1000) -> 0.47055622 | CN56: =IF(BR56="","",(BR56-BR$10)*1000) -> -2.7902291 | CO56: =IF(BS56="","",(BS56-BS$10)*1000) -> 10.859154 | CP56: =IF(BT56="","",(BT56-BT$10)*1000) -> -0.46109771 | CQ56: =IF(BU56="","",(BU56-BU$10)*1000) -> -4.8552419 | CR56: =IF(BV56="","",(BV56-BV$10)*1000) -> 10.600087 | ... DE56: =IF(CI56="","",(CI56-CI$10)*1000) -> 2.7072027
A57: 43781 | B57: =A57-A$10 -> 182 | C57: 218.7 | D57: =C57-PM -> 49.5 | E57: 823219.58 | F57: 1091508.6 | G57: -125.0097 | H57: 823219.25 | I57: 1091508.9 | J57: -123.0238 | K57: 823219.64 | L57: 1091508 | M57: -120.8834 | N57: 823220.89 | O57: 1091504.8 | P57: -119.5204 | Q57: 823222.37 | R57: 1091502.2 | S57: -120.8751 | T57: 823222.78 | U57: 1091501.3 | V57: -123.0173 | W57: 823222.7 | X57: 1091501.6 | Y57: -124.9356 | Z57: =IF(Xhaut="","",SQRT(((Xbasgauche-Xhaut)^2+(Ybasgauche-Yhaut)^2)+(Zbasgauche-Zhaut)^2)) -> 6.7916496 | AA57: =IF(Xhaut="","",SQRT(((Xintergauche-Xhaut)^2+(Yintergauche-Yhaut)^2)+(Zintergauche-Zhaut)^2)) -> 5.6437624 | AB57: =IF(Xhaut="","",SQRT(((Xhautgauche-Xhaut)^2+(Yhautgauche-Yhaut)^2)+(Zhautgauche-Zhaut)^2)) -> 3.7129578 | AC57: =IF(Xhaut="","",SQRT(((Xhautdroit-Xhaut)^2+(Yhautdroit-Yhaut)^2)+(Zhautdroit-Zhaut)^2)) -> 3.2892832 | AD57: =IF(Xhaut="","",SQRT(((Xinterdroit-Xhaut)^2+(Yinterdroit-Yhaut)^2)+(Zinterdroit-Zhaut)^2)) -> 5.3001237 | AE57: =IF(Xhaut="","",SQRT(((Xbasdroit-Xhaut)^2+(Ybasdroit-Yhaut)^2)+(Zbasdroit-Zhaut)^2)) -> 6.5355604 | AF57: =IF(Xhautdroit="","",SQRT(((Xhautdroit-Xhautgauche)^2+(Yhautdroit-Yhautgauche)^2)+(Zhautdroit-Zhautgauche)^2)) -> 6.434041 | AG57: =IF(Xinterdroit="","",SQRT(((Xinterdroit-Xintergauche)^2+(Yinterdroit-Yintergauche)^2)+(Zinterdroit-Zintergauche)^2)) -> 8.3938406 | AH57: =IF(Xbasdroit="","",SQRT(((Xbasdroit-Xbasgauche)^2+(Ybasdroit-Ybasgauche)^2)+(Zbasdroit-Zbasgauche)^2)) -> 7.6265971 | AI57: =IF(Z57="","",(Z57-Z$10)*1000) -> -25.301692 | AJ57: =IF(AA57="","",(AA57-AA$10)*1000) -> -22.609099 | AK57: =IF(AB57="","",(AB57-AB$10)*1000) -> -19.567474 | AL57: =IF(AC57="","",(AC57-AC$10)*1000) -> -8.4055997 | AM57: =IF(AD57="","",(AD57-AD$10)*1000) -> -17.142323 | AN57: =IF(AE57="","",(AE57-AE$10)*1000) -> -22.444845 | AO57: =IF(AF57="","",(AF57-AF$10)*1000) -> -17.562678 | AP57: =IF(AG57="","",(AG57-AG$10)*1000) -> -18.550833 | AQ57: =IF(AH57="","",(AH57-AH$10)*1000) -> -21.421041 | AS57: =IF(E57="","",(E57-E$10)*1000) -> 0.20000001 | AT57: =IF(F57="","",(F57-F$10)*1000) -> -13.5 | AU57: =IF(G57="","",(G57-G$10)*1000) -> 0.3 | AV57: =IF(H57="","",(H57-H$10)*1000) -> 1.7 | AW57: =IF(I57="","",(I57-I$10)*1000) -> -11.1 | AX57: =IF(J57="","",(J57-J$10)*1000) -> -0.5 | AY57: =IF(K57="","",(K57-K$10)*1000) -> 0 | AZ57: =IF(L57="","",(L57-L$10)*1000) -> -12.3 | ... BM57: =IF(Y57="","",(Y57-Y$10)*1000) -> 2.6 | BO57: 169.3695 | BP57: -3.7615 | BQ57: -1.1605 | BR57: 169.2087 | BS57: -4.2011 | BT57: 0.827 | BU57: 169.1863 | BV57: -3.2297 | BW57: 2.9676 | BX57: 168.9589 | BY57: 0.2166 | BZ57: 4.3329 | CA57: 169.1983 | CB57: 3.2044 | CC57: 2.9758 | CD57: 169.1897 | CE57: 4.1927 | CF57: 0.8337 | CG57: 169.2536 | CH57: 3.8638 | CI57: -1.0853 | CK57: =IF(BO57="","",(BO57-BO$10)*1000) -> -5.5556222 | CL57: =IF(BP57="","",(BP57-BP$10)*1000) -> 12.352242 | CM57: =IF(BQ57="","",(BQ57-BQ$10)*1000) -> 0.37055622 | CN57: =IF(BR57="","",(BR57-BR$10)*1000) -> -3.1902291 | CO57: =IF(BS57="","",(BS57-BS$10)*1000) -> 10.759154 | CP57: =IF(BT57="","",(BT57-BT$10)*1000) -> -0.46109771 | CQ57: =IF(BU57="","",(BU57-BU$10)*1000) -> -5.1552419 | CR57: =IF(BV57="","",(BV57-BV$10)*1000) -> 11.100087 | ... DE57: =IF(CI57="","",(CI57-CI$10)*1000) -> 2.6072027
A58: 43783 | B58: =IF(A58="","",A58-excav) -> 184 | C58: 220.5 | D58: =C58-PM -> 51.3 | E58: 823219.58 | F58: 1091508.6 | G58: -125.0096 | H58: 823219.25 | I58: 1091508.9 | J58: -123.0239 | K58: 823219.64 | L58: 1091508 | M58: -120.8837 | N58: 823220.89 | O58: 1091504.8 | P58: -119.5208 | Q58: 823222.37 | R58: 1091502.2 | S58: -120.8751 | T58: 823222.78 | U58: 1091501.3 | V58: -123.0174 | W58: 823222.7 | X58: 1091501.6 | Y58: -124.9356 | Z58: =IF(Xhaut="","",SQRT(((Xbasgauche-Xhaut)^2+(Ybasgauche-Yhaut)^2)+(Zbasgauche-Zhaut)^2)) -> 6.7911706 | AA58: =IF(Xhaut="","",SQRT(((Xintergauche-Xhaut)^2+(Yintergauche-Yhaut)^2)+(Zintergauche-Zhaut)^2)) -> 5.6434015 | AB58: =IF(Xhaut="","",SQRT(((Xhautgauche-Xhaut)^2+(Yhautgauche-Yhaut)^2)+(Zhautgauche-Zhaut)^2)) -> 3.712714 | AC58: =IF(Xhaut="","",SQRT(((Xhautdroit-Xhaut)^2+(Yhautdroit-Yhaut)^2)+(Zhautdroit-Zhaut)^2)) -> 3.2891292 | AD58: =IF(Xhaut="","",SQRT(((Xinterdroit-Xhaut)^2+(Yinterdroit-Yhaut)^2)+(Zinterdroit-Zhaut)^2)) -> 5.2999666 | AE58: =IF(Xhaut="","",SQRT(((Xbasdroit-Xhaut)^2+(Ybasdroit-Yhaut)^2)+(Zbasdroit-Zhaut)^2)) -> 6.5352843 | AF58: =IF(Xhautdroit="","",SQRT(((Xhautdroit-Xhautgauche)^2+(Yhautdroit-Yhautgauche)^2)+(Zhautdroit-Zhautgauche)^2)) -> 6.4338121 | AG58: =IF(Xinterdroit="","",SQRT(((Xinterdroit-Xintergauche)^2+(Yinterdroit-Yintergauche)^2)+(Zinterdroit-Zintergauche)^2)) -> 8.3936526 | AH58: =IF(Xbasdroit="","",SQRT(((Xbasdroit-Xbasgauche)^2+(Ybasdroit-Ybasgauche)^2)+(Zbasdroit-Zbasgauche)^2)) -> 7.6265458 | AI58: =IF(Z58="","",(Z58-Z$10)*1000) -> -25.780727 | AJ58: =IF(AA58="","",(AA58-AA$10)*1000) -> -22.970019 | AK58: =IF(AB58="","",(AB58-AB$10)*1000) -> -19.811277 | AL58: =IF(AC58="","",(AC58-AC$10)*1000) -> -8.5595807 | AM58: =IF(AD58="","",(AD58-AD$10)*1000) -> -17.299429 | AN58: =IF(AE58="","",(AE58-AE$10)*1000) -> -22.720919 | AO58: =IF(AF58="","",(AF58-AF$10)*1000) -> -17.791494 | AP58: =IF(AG58="","",(AG58-AG$10)*1000) -> -18.738883 | AQ58: =IF(AH58="","",(AH58-AH$10)*1000) -> -21.472387 | AS58: =IF(E58="","",(E58-E$10)*1000) -> 0.30000007 | AT58: =IF(F58="","",(F58-F$10)*1000) -> -13.7 | AU58: =IF(G58="","",(G58-G$10)*1000) -> 0.4 | AV58: =IF(H58="","",(H58-H$10)*1000) -> 1.8 | AW58: =IF(I58="","",(I58-I$10)*1000) -> -11.4 | AX58: =IF(J58="","",(J58-J$10)*1000) -> -0.6 | AY58: =IF(K58="","",(K58-K$10)*1000) -> 0.099999947 | AZ58: =IF(L58="","",(L58-L$10)*1000) -> -12.6 | ... BM58: =IF(Y58="","",(Y58-Y$10)*1000) -> 2.6 | BO58: 169.3695 | BP58: -3.7613 | BQ58: -1.1604 | BR58: 169.2087 | BS58: -4.2008 | BT58: 0.8269 | BU58: 169.1862 | BV58: -3.2293 | BW58: 2.9673 | BX58: 168.9588 | BY58: 0.2167 | BZ58: 4.3325 | CA58: 169.1985 | CB58: 3.2045 | CC58: 2.9758 | CD58: 169.19 | CE58: 4.1929 | CF58: 0.8336 | CG58: 169.2537 | CH58: 3.864 | CI58: -1.0853 | CK58: =IF(BO58="","",(BO58-BO$10)*1000) -> -5.5556222 | CL58: =IF(BP58="","",(BP58-BP$10)*1000) -> 12.552242 | CM58: =IF(BQ58="","",(BQ58-BQ$10)*1000) -> 0.47055622 | CN58: =IF(BR58="","",(BR58-BR$10)*1000) -> -3.1902291 | CO58: =IF(BS58="","",(BS58-BS$10)*1000) -> 11.059154 | CP58: =IF(BT58="","",(BT58-BT$10)*1000) -> -0.56109771 | CQ58: =IF(BU58="","",(BU58-BU$10)*1000) -> -5.2552419 | CR58: =IF(BV58="","",(BV58-BV$10)*1000) -> 11.500087 | ... DE58: =IF(CI58="","",(CI58-CI$10)*1000) -> 2.6072027
A59: 43787 | B59: =IF(A59="","",A59-excav) -> 188 | C59: 221.7 | D59: =C59-PM -> 52.5 | E59: 823219.58 | F59: 1091508.6 | G59: -125.0097 | H59: 823219.25 | I59: 1091508.9 | J59: -123.0239 | K59: 823219.64 | L59: 1091508 | M59: -120.8835 | N59: 823220.89 | O59: 1091504.8 | P59: -119.5208 | Q59: 823222.37 | R59: 1091502.2 | S59: -120.8752 | T59: 823222.78 | U59: 1091501.3 | V59: -123.0174 | W59: 823222.7 | X59: 1091501.6 | Y59: -124.9355 | Z59: =IF(Xhaut="","",SQRT(((Xbasgauche-Xhaut)^2+(Ybasgauche-Yhaut)^2)+(Zbasgauche-Zhaut)^2)) -> 6.7914376 | AA59: =IF(Xhaut="","",SQRT(((Xintergauche-Xhaut)^2+(Yintergauche-Yhaut)^2)+(Zintergauche-Zhaut)^2)) -> 5.643649 | AB59: =IF(Xhaut="","",SQRT(((Xhautgauche-Xhaut)^2+(Yhautgauche-Yhaut)^2)+(Zhautgauche-Zhaut)^2)) -> 3.712761 | AC59: =IF(Xhaut="","",SQRT(((Xhautdroit-Xhaut)^2+(Yhautdroit-Yhaut)^2)+(Zhautdroit-Zhaut)^2)) -> 3.2891254 | AD59: =IF(Xhaut="","",SQRT(((Xinterdroit-Xhaut)^2+(Yinterdroit-Yhaut)^2)+(Zinterdroit-Zhaut)^2)) -> 5.2999971 | AE59: =IF(Xhaut="","",SQRT(((Xbasdroit-Xhaut)^2+(Ybasdroit-Yhaut)^2)+(Zbasdroit-Zhaut)^2)) -> 6.5350975 | AF59: =IF(Xhautdroit="","",SQRT(((Xhautdroit-Xhautgauche)^2+(Yhautdroit-Yhautgauche)^2)+(Zhautdroit-Zhautgauche)^2)) -> 6.4339023 | AG59: =IF(Xinterdroit="","",SQRT(((Xinterdroit-Xintergauche)^2+(Yinterdroit-Yintergauche)^2)+(Zinterdroit-Zintergauche)^2)) -> 8.3940155 | AH59: =IF(Xbasdroit="","",SQRT(((Xbasdroit-Xbasgauche)^2+(Ybasdroit-Ybasgauche)^2)+(Zbasdroit-Zbasgauche)^2)) -> 7.6266894 | AI59: =IF(Z59="","",(Z59-Z$10)*1000) -> -25.513697 | AJ59: =IF(AA59="","",(AA59-AA$10)*1000) -> -22.722507 | AK59: =IF(AB59="","",(AB59-AB$10)*1000) -> -19.764301 | AL59: =IF(AC59="","",(AC59-AC$10)*1000) -> -8.5633994 | AM59: =IF(AD59="","",(AD59-AD$10)*1000) -> -17.268938 | AN59: =IF(AE59="","",(AE59-AE$10)*1000) -> -22.907799 | AO59: =IF(AF59="","",(AF59-AF$10)*1000) -> -17.70134 | AP59: =IF(AG59="","",(AG59-AG$10)*1000) -> -18.375988 | AQ59: =IF(AH59="","",(AH59-AH$10)*1000) -> -21.328812 | AS59: =IF(E59="","",(E59-E$10)*1000) -> 0.10000006 | AT59: =IF(F59="","",(F59-F$10)*1000) -> -13.4 | AU59: =IF(G59="","",(G59-G$10)*1000) -> 0.3 | AV59: =IF(H59="","",(H59-H$10)*1000) -> 1.6 | AW59: =IF(I59="","",(I59-I$10)*1000) -> -11.1 | AX59: =IF(J59="","",(J59-J$10)*1000) -> -0.6 | AY59: =IF(K59="","",(K59-K$10)*1000) -> -0.10000006 | AZ59: =IF(L59="","",(L59-L$10)*1000) -> -12.5 | ... BM59: =IF(Y59="","",(Y59-Y$10)*1000) -> 2.7 | BO59: 169.3695 | BP59: -3.7617 | BQ59: -1.1605 | BR59: 169.2086 | BS59: -4.2011 | BT59: 0.8269 | BU59: 169.1861 | BV59: -3.2295 | BW59: 2.9675 | BX59: 168.9588 | BY59: 0.2166 | BZ59: 4.3325 | CA59: 169.1983 | CB59: 3.2044 | CC59: 2.9757 | CD59: 169.1897 | CE59: 4.1929 | CF59: 0.8336 | CG59: 169.2535 | CH59: 3.8638 | CI59: -1.0852 | CK59: =IF(BO59="","",(BO59-BO$10)*1000) -> -5.5556222 | CL59: =IF(BP59="","",(BP59-BP$10)*1000) -> 12.152242 | CM59: =IF(BQ59="","",(BQ59-BQ$10)*1000) -> 0.37055622 | CN59: =IF(BR59="","",(BR59-BR$10)*1000) -> -3.2902291 | CO59: =IF(BS59="","",(BS59-BS$10)*1000) -> 10.759154 | CP59: =IF(BT59="","",(BT59-BT$10)*1000) -> -0.56109771 | CQ59: =IF(BU59="","",(BU59-BU$10)*1000) -> -5.3552419 | CR59: =IF(BV59="","",(BV59-BV$10)*1000) -> 11.300087 | ... DE59: =IF(CI59="","",(CI59-CI$10)*1000) -> 2.7072027
A60: 43790 | B60: =IF(A60="","",A60-excav) -> 191 | C60: 222.9 | D60: =C60-PM -> 53.7 | E60: 823219.58 | F60: 1091508.6 | G60: -125.0094 | H60: 823219.25 | I60: 1091508.9 | J60: -123.0238 | K60: 823219.64 | L60: 1091508 | M60: -120.8836 | N60: 823220.89 | O60: 1091504.8 | P60: -119.5211 | Q60: 823222.37 | R60: 1091502.2 | S60: -120.8753 | T60: 823222.78 | U60: 1091501.3 | V60: -123.0174 | W60: 823222.7 | X60: 1091501.6 | Y60: -124.9354 | Z60: =IF(Xhaut="","",SQRT(((Xbasgauche-Xhaut)^2+(Ybasgauche-Yhaut)^2)+(Zbasgauche-Zhaut)^2)) -> 6.7906723 | AA60: =IF(Xhaut="","",SQRT(((Xintergauche-Xhaut)^2+(Yintergauche-Yhaut)^2)+(Zintergauche-Zhaut)^2)) -> 5.6430223 | AB60: =IF(Xhaut="","",SQRT(((Xhautgauche-Xhaut)^2+(Yhautgauche-Yhaut)^2)+(Zhautgauche-Zhaut)^2)) -> 3.7125865 | AC60: =IF(Xhaut="","",SQRT(((Xhautdroit-Xhaut)^2+(Yhautdroit-Yhaut)^2)+(Zhautdroit-Zhaut)^2)) -> 3.2889638 | AD60: =IF(Xhaut="","",SQRT(((Xinterdroit-Xhaut)^2+(Yinterdroit-Yhaut)^2)+(Zinterdroit-Zhaut)^2)) -> 5.2996312 | AE60: =IF(Xhaut="","",SQRT(((Xbasdroit-Xhaut)^2+(Ybasdroit-Yhaut)^2)+(Zbasdroit-Zhaut)^2)) -> 6.5347937 | AF60: =IF(Xhautdroit="","",SQRT(((Xhautdroit-Xhautgauche)^2+(Yhautdroit-Yhautgauche)^2)+(Zhautdroit-Zhautgauche)^2)) -> 6.4336844 | AG60: =IF(Xinterdroit="","",SQRT(((Xinterdroit-Xintergauche)^2+(Yinterdroit-Yintergauche)^2)+(Zinterdroit-Zintergauche)^2)) -> 8.3933028 | AH60: =IF(Xbasdroit="","",SQRT(((Xbasdroit-Xbasgauche)^2+(Ybasdroit-Ybasgauche)^2)+(Zbasdroit-Zbasgauche)^2)) -> 7.6262406 | AI60: =IF(Z60="","",(Z60-Z$10)*1000) -> -26.279032 | AJ60: =IF(AA60="","",(AA60-AA$10)*1000) -> -23.349265 | AK60: =IF(AB60="","",(AB60-AB$10)*1000) -> -19.938737 | AL60: =IF(AC60="","",(AC60-AC$10)*1000) -> -8.724998 | AM60: =IF(AD60="","",(AD60-AD$10)*1000) -> -17.634819 | AN60: =IF(AE60="","",(AE60-AE$10)*1000) -> -23.211541 | AO60: =IF(AF60="","",(AF60-AF$10)*1000) -> -17.919197 | AP60: =IF(AG60="","",(AG60-AG$10)*1000) -> -19.088653 | AQ60: =IF(AH60="","",(AH60-AH$10)*1000) -> -21.777544 | AS60: =IF(E60="","",(E60-E$10)*1000) -> 0.40000002 | AT60: =IF(F60="","",(F60-F$10)*1000) -> -13.8 | AU60: =IF(G60="","",(G60-G$10)*1000) -> 0.6 | AV60: =IF(H60="","",(H60-H$10)*1000) -> 1.9 | AW60: =IF(I60="","",(I60-I$10)*1000) -> -11.5 | AX60: =IF(J60="","",(J60-J$10)*1000) -> -0.5 | AY60: =IF(K60="","",(K60-K$10)*1000) -> 0.20000001 | AZ60: =IF(L60="","",(L60-L$10)*1000) -> -12.5 | ... BM60: =IF(Y60="","",(Y60-Y$10)*1000) -> 2.8 | BO60: 169.3696 | BP60: -3.7612 | BQ60: -1.1602 | BR60: 169.2088 | BS60: -4.2006 | BT60: 0.827 | BU60: 169.1864 | BV60: -3.2294 | BW60: 2.9674 | BX60: 168.9588 | BY60: 0.2166 | BZ60: 4.3322 | CA60: 169.1984 | CB60: 3.2043 | CC60: 2.9756 | CD60: 169.1897 | CE60: 4.1926 | CF60: 0.8336 | CG60: 169.2536 | CH60: 3.8638 | CI60: -1.0851 | CK60: =IF(BO60="","",(BO60-BO$10)*1000) -> -5.4556222 | CL60: =IF(BP60="","",(BP60-BP$10)*1000) -> 12.652242 | CM60: =IF(BQ60="","",(BQ60-BQ$10)*1000) -> 0.67055622 | CN60: =IF(BR60="","",(BR60-BR$10)*1000) -> -3.0902291 | CO60: =IF(BS60="","",(BS60-BS$10)*1000) -> 11.259154 | CP60: =IF(BT60="","",(BT60-BT$10)*1000) -> -0.46109771 | CQ60: =IF(BU60="","",(BU60-BU$10)*1000) -> -5.0552419 | CR60: =IF(BV60="","",(BV60-BV$10)*1000) -> 11.400087 | ... DE60: =IF(CI60="","",(CI60-CI$10)*1000) -> 2.8072027
A61: 43795 | B61: =IF(A61="","",A61-excav) -> 196 | C61: 222.9 | D61: =C61-PM -> 53.7 | E61: 823219.58 | F61: 1091508.6 | G61: -125.0099 | H61: 823219.25 | I61: 1091508.9 | J61: -123.0243 | K61: 823219.64 | L61: 1091508 | M61: -120.8842 | N61: 823220.89 | O61: 1091504.8 | P61: -119.5215 | Q61: 823222.37 | R61: 1091502.2 | S61: -120.8758 | T61: 823222.78 | U61: 1091501.3 | V61: -123.0178 | W61: 823222.7 | X61: 1091501.6 | Y61: -124.9359 | Z61: =IF(Xhaut="","",SQRT(((Xbasgauche-Xhaut)^2+(Ybasgauche-Yhaut)^2)+(Zbasgauche-Zhaut)^2)) -> 6.7906633 | AA61: =IF(Xhaut="","",SQRT(((Xintergauche-Xhaut)^2+(Yintergauche-Yhaut)^2)+(Zintergauche-Zhaut)^2)) -> 5.643055 | AB61: =IF(Xhaut="","",SQRT(((Xhautgauche-Xhaut)^2+(Yhautgauche-Yhaut)^2)+(Zhautgauche-Zhaut)^2)) -> 3.7125682 | AC61: =IF(Xhaut="","",SQRT(((Xhautdroit-Xhaut)^2+(Yhautdroit-Yhaut)^2)+(Zhautdroit-Zhaut)^2)) -> 3.2889599 | AD61: =IF(Xhaut="","",SQRT(((Xinterdroit-Xhaut)^2+(Yinterdroit-Yhaut)^2)+(Zinterdroit-Zhaut)^2)) -> 5.2997636 | AE61: =IF(Xhaut="","",SQRT(((Xbasdroit-Xhaut)^2+(Ybasdroit-Yhaut)^2)+(Zbasdroit-Zhaut)^2)) -> 6.5348766 | AF61: =IF(Xhautdroit="","",SQRT(((Xhautdroit-Xhautgauche)^2+(Yhautdroit-Yhautgauche)^2)+(Zhautdroit-Zhautgauche)^2)) -> 6.4335827 | AG61: =IF(Xinterdroit="","",SQRT(((Xinterdroit-Xintergauche)^2+(Yinterdroit-Yintergauche)^2)+(Zinterdroit-Zintergauche)^2)) -> 8.3934711 | AH61: =IF(Xbasdroit="","",SQRT(((Xbasdroit-Xbasgauche)^2+(Ybasdroit-Ybasgauche)^2)+(Zbasdroit-Zbasgauche)^2)) -> 7.6261304 | AI61: =IF(Z61="","",(Z61-Z$10)*1000) -> -26.288029 | AJ61: =IF(AA61="","",(AA61-AA$10)*1000) -> -23.316528 | AK61: =IF(AB61="","",(AB61-AB$10)*1000) -> -19.957054 | AL61: =IF(AC61="","",(AC61-AC$10)*1000) -> -8.7288168 | AM61: =IF(AD61="","",(AD61-AD$10)*1000) -> -17.502513 | AN61: =IF(AE61="","",(AE61-AE$10)*1000) -> -23.128687 | AO61: =IF(AF61="","",(AF61-AF$10)*1000) -> -18.020961 | AP61: =IF(AG61="","",(AG61-AG$10)*1000) -> -18.92033 | AQ61: =IF(AH61="","",(AH61-AH$10)*1000) -> -21.88778 | AS61: =IF(E61="","",(E61-E$10)*1000) -> 0.20000001 | AT61: =IF(F61="","",(F61-F$10)*1000) -> -13.4 | AU61: =IF(G61="","",(G61-G$10)*1000) -> 0.1 | AV61: =IF(H61="","",(H61-H$10)*1000) -> 1.7 | AW61: =IF(I61="","",(I61-I$10)*1000) -> -11 | AX61: =IF(J61="","",(J61-J$10)*1000) -> -1 | AY61: =IF(K61="","",(K61-K$10)*1000) -> -0.10000006 | AZ61: =IF(L61="","",(L61-L$10)*1000) -> -12.1 | ... BM61: =IF(Y61="","",(Y61-Y$10)*1000) -> 2.3 | BO61: 169.3696 | BP61: -3.7616 | BQ61: -1.1607 | BR61: 169.2088 | BS61: -4.2012 | BT61: 0.8265 | BU61: 169.1863 | BV61: -3.2299 | BW61: 2.9668 | BX61: 168.9592 | BY61: 0.2161 | BZ61: 4.3318 | CA61: 169.1988 | CB61: 3.2037 | CC61: 2.9751 | CD61: 169.1901 | CE61: 4.1923 | CF61: 0.8332 | CG61: 169.2541 | CH61: 3.8633 | CI61: -1.0856 | CK61: =IF(BO61="","",(BO61-BO$10)*1000) -> -5.4556222 | CL61: =IF(BP61="","",(BP61-BP$10)*1000) -> 12.252242 | CM61: =IF(BQ61="","",(BQ61-BQ$10)*1000) -> 0.17055622 | CN61: =IF(BR61="","",(BR61-BR$10)*1000) -> -3.0902291 | CO61: =IF(BS61="","",(BS61-BS$10)*1000) -> 10.659154 | CP61: =IF(BT61="","",(BT61-BT$10)*1000) -> -0.96109771 | CQ61: =IF(BU61="","",(BU61-BU$10)*1000) -> -5.1552419 | CR61: =IF(BV61="","",(BV61-BV$10)*1000) -> 10.900087 | ... DE61: =IF(CI61="","",(CI61-CI$10)*1000) -> 2.3072027
A62: 43797 | B62: =IF(A62="","",A62-excav) -> 198 | C62: 222.9 | D62: =C62-PM -> 53.7 | E62: 823219.58 | F62: 1091508.6 | G62: -125.0098 | H62: 823219.25 | I62: 1091508.9 | J62: -123.0242 | K62: - | L62: - | M62: - | N62: 823220.89 | O62: 1091504.8 | P62: -119.5215 | Q62: 823222.37 | R62: 1091502.2 | S62: -120.8758 | T62: 823222.78 | U62: 1091501.3 | V62: -123.0178 | W62: 823222.7 | X62: 1091501.6 | Y62: -124.9358 | Z62: =IF(Xhaut="","",SQRT(((Xbasgauche-Xhaut)^2+(Ybasgauche-Yhaut)^2)+(Zbasgauche-Zhaut)^2)) -> 6.7906359 | AA62: =IF(Xhaut="","",SQRT(((Xintergauche-Xhaut)^2+(Yintergauche-Yhaut)^2)+(Zintergauche-Zhaut)^2)) -> 5.6431242 | AC62: =IF(Xhaut="","",SQRT(((Xhautdroit-Xhaut)^2+(Yhautdroit-Yhaut)^2)+(Zhautdroit-Zhaut)^2)) -> 3.28887 | AD62: =IF(Xhaut="","",SQRT(((Xinterdroit-Xhaut)^2+(Yinterdroit-Yhaut)^2)+(Zinterdroit-Zhaut)^2)) -> 5.2996261 | AE62: =IF(Xhaut="","",SQRT(((Xbasdroit-Xhaut)^2+(Ybasdroit-Yhaut)^2)+(Zbasdroit-Zhaut)^2)) -> 6.534766 | AG62: =IF(Xinterdroit="","",SQRT(((Xinterdroit-Xintergauche)^2+(Yinterdroit-Yintergauche)^2)+(Zinterdroit-Zintergauche)^2)) -> 8.3934422 | AH62: =IF(Xbasdroit="","",SQRT(((Xbasdroit-Xbasgauche)^2+(Ybasdroit-Ybasgauche)^2)+(Zbasdroit-Zbasgauche)^2)) -> 7.6261494 | AI62: =IF(Z62="","",(Z62-Z$10)*1000) -> -26.315401 | AJ62: =IF(AA62="","",(AA62-AA$10)*1000) -> -23.247379 | AL62: =IF(AC62="","",(AC62-AC$10)*1000) -> -8.8187979 | AM62: =IF(AD62="","",(AD62-AD$10)*1000) -> -17.63998 | AN62: =IF(AE62="","",(AE62-AE$10)*1000) -> -23.239218 | AP62: =IF(AG62="","",(AG62-AG$10)*1000) -> -18.949262 | AQ62: =IF(AH62="","",(AH62-AH$10)*1000) -> -21.868801 | AS62: =IF(E62="","",(E62-E$10)*1000) -> 0.20000001 | AT62: =IF(F62="","",(F62-F$10)*1000) -> -14.7 | AU62: =IF(G62="","",(G62-G$10)*1000) -> 0.2 | AV62: =IF(H62="","",(H62-H$10)*1000) -> 1.7 | AW62: =IF(I62="","",(I62-I$10)*1000) -> -12.2 | AX62: =IF(J62="","",(J62-J$10)*1000) -> -0.9 | BB62: =IF(N62="","",(N62-N$10)*1000) -> -5.6 | BC62: =IF(O62="","",(O62-O$10)*1000) -> -0.50000008 | BD62: =IF(P62="","",(P62-P$10)*1000) -> -21.2 | BE62: =IF(Q62="","",(Q62-Q$10)*1000) -> -5.7000001 | BF62: =IF(R62="","",(R62-R$10)*1000) -> 3.8999999 | BG62: =IF(S62="","",(S62-S$10)*1000) -> -8.4 | BH62: =IF(T62="","",(T62-T$10)*1000) -> -6.9 | BI62: =IF(U62="","",(U62-U$10)*1000) -> 4.6999999 | ... BM62: =IF(Y62="","",(Y62-Y$10)*1000) -> 2.4 | BO62: 169.369 | BP62: -3.7604 | BQ62: -1.1606 | BR62: 169.2083 | BS62: -4.2001 | BT62: 0.8266 | BU62: - | BV62: - | BW62: - | BX62: 168.9583 | BY62: 0.2173 | BZ62: 4.3318 | CA62: 169.1977 | CB62: 3.2048 | CC62: 2.9751 | CD62: 169.1891 | CE62: 4.1933 | CF62: 0.8332 | CG62: 169.2531 | CH62: 3.8645 | CI62: -1.0855 | CK62: =IF(BO62="","",(BO62-BO$10)*1000) -> -6.0556222 | CL62: =IF(BP62="","",(BP62-BP$10)*1000) -> 13.452242 | CM62: =IF(BQ62="","",(BQ62-BQ$10)*1000) -> 0.27055622 | CN62: =IF(BR62="","",(BR62-BR$10)*1000) -> -3.5902291 | CO62: =IF(BS62="","",(BS62-BS$10)*1000) -> 11.759154 | CP62: =IF(BT62="","",(BT62-BT$10)*1000) -> -0.86109771 | CT62: =IF(BX62="","",(BX62-BX$10)*1000) -> -5.3138646 | CU62: =IF(BY62="","",(BY62-BY$10)*1000) -> -1.9351047 | CV62: =IF(BZ62="","",(BZ62-BZ$10)*1000) -> -21.143861 | CW62: =IF(CA62="","",(CA62-CA$10)*1000) -> -3.4943419 | CX62: =IF(CB62="","",(CB62-CB$10)*1000) -> -5.9805659 | CY62: =IF(CC62="","",(CC62-CC$10)*1000) -> -8.3680566 | CZ62: =IF(CD62="","",(CD62-CD$10)*1000) -> -4.2480277 | DA62: =IF(CE62="","",(CE62-CE$10)*1000) -> -7.2098044 | ... DE62: =IF(CI62="","",(CI62-CI$10)*1000) -> 2.4072027
A63: 43801 | B63: =IF(A63="","",A63-excav) -> 202 | C63: 222.9 | D63: =C63-PM -> 53.7 | E63: 823219.58 | F63: 1091508.6 | G63: -125.01 | H63: 823219.25 | I63: 1091508.9 | J63: -123.0241 | K63: 823219.64 | L63: 1091508 | M63: -120.8838 | N63: 823220.89 | O63: 1091504.8 | P63: -119.5214 | Q63: 823222.37 | R63: 1091502.2 | S63: -120.8757 | T63: 823222.78 | U63: 1091501.3 | V63: -123.0177 | W63: 823222.7 | X63: 1091501.6 | Y63: -124.9359 | Z63: =IF(Xhaut="","",SQRT(((Xbasgauche-Xhaut)^2+(Ybasgauche-Yhaut)^2)+(Zbasgauche-Zhaut)^2)) -> 6.7911759 | AA63: =IF(Xhaut="","",SQRT(((Xintergauche-Xhaut)^2+(Yintergauche-Yhaut)^2)+(Zintergauche-Zhaut)^2)) -> 5.6434008 | AB63: =IF(Xhaut="","",SQRT(((Xhautgauche-Xhaut)^2+(Yhautgauche-Yhaut)^2)+(Zhautgauche-Zhaut)^2)) -> 3.7127376 | AC63: =IF(Xhaut="","",SQRT(((Xhautdroit-Xhaut)^2+(Yhautdroit-Yhaut)^2)+(Zhautdroit-Zhaut)^2)) -> 3.2889942 | AD63: =IF(Xhaut="","",SQRT(((Xinterdroit-Xhaut)^2+(Yinterdroit-Yhaut)^2)+(Zinterdroit-Zhaut)^2)) -> 5.2997941 | AE63: =IF(Xhaut="","",SQRT(((Xbasdroit-Xhaut)^2+(Ybasdroit-Yhaut)^2)+(Zbasdroit-Zhaut)^2)) -> 6.5350291 | AF63: =IF(Xhautdroit="","",SQRT(((Xhautdroit-Xhautgauche)^2+(Yhautdroit-Yhautgauche)^2)+(Zhautdroit-Zhautgauche)^2)) -> 6.4339077 | AG63: =IF(Xinterdroit="","",SQRT(((Xinterdroit-Xintergauche)^2+(Yinterdroit-Yintergauche)^2)+(Zinterdroit-Zintergauche)^2)) -> 8.394022 | AH63: =IF(Xbasdroit="","",SQRT(((Xbasdroit-Xbasgauche)^2+(Ybasdroit-Ybasgauche)^2)+(Zbasdroit-Zbasgauche)^2)) -> 7.62683 | AI63: =IF(Z63="","",(Z63-Z$10)*1000) -> -25.775434 | AJ63: =IF(AA63="","",(AA63-AA$10)*1000) -> -22.970784 | AK63: =IF(AB63="","",(AB63-AB$10)*1000) -> -19.787688 | AL63: =IF(AC63="","",(AC63-AC$10)*1000) -> -8.6945599 | AM63: =IF(AD63="","",(AD63-AD$10)*1000) -> -17.472016 | AN63: =IF(AE63="","",(AE63-AE$10)*1000) -> -22.97616 | AO63: =IF(AF63="","",(AF63-AF$10)*1000) -> -17.695918 | AP63: =IF(AG63="","",(AG63-AG$10)*1000) -> -18.36946 | AQ63: =IF(AH63="","",(AH63-AH$10)*1000) -> -21.188148 | AS63: =IF(E63="","",(E63-E$10)*1000) -> 0.30000007 | AT63: =IF(F63="","",(F63-F$10)*1000) -> -13.5 | AU63: =IF(G63="","",(G63-G$10)*1000) -> 0 | AV63: =IF(H63="","",(H63-H$10)*1000) -> 1.7 | AW63: =IF(I63="","",(I63-I$10)*1000) -> -11.2 | AX63: =IF(J63="","",(J63-J$10)*1000) -> -0.8 | AY63: =IF(K63="","",(K63-K$10)*1000) -> 0 | AZ63: =IF(L63="","",(L63-L$10)*1000) -> -12.5 | ... BM63: =IF(Y63="","",(Y63-Y$10)*1000) -> 2.3 | BO63: 169.3696 | BP63: -3.7615 | BQ63: -1.1608 | BR63: 169.2087 | BS63: -4.201 | BT63: 0.8267 | BU63: 169.1862 | BV63: -3.2295 | BW63: 2.9672 | BX63: 168.9588 | BY63: 0.2168 | BZ63: 4.3319 | CA63: 169.1982 | CB63: 3.2044 | CC63: 2.9752 | CD63: 169.1896 | CE63: 4.193 | CF63: 0.8333 | CG63: 169.2535 | CH63: 3.8641 | CI63: -1.0856 | CK63: =IF(BO63="","",(BO63-BO$10)*1000) -> -5.4556222 | CL63: =IF(BP63="","",(BP63-BP$10)*1000) -> 12.352242 | CM63: =IF(BQ63="","",(BQ63-BQ$10)*1000) -> 0.070556222 | CN63: =IF(BR63="","",(BR63-BR$10)*1000) -> -3.1902291 | CO63: =IF(BS63="","",(BS63-BS$10)*1000) -> 10.859154 | CP63: =IF(BT63="","",(BT63-BT$10)*1000) -> -0.76109771 | CQ63: =IF(BU63="","",(BU63-BU$10)*1000) -> -5.2552419 | CR63: =IF(BV63="","",(BV63-BV$10)*1000) -> 11.300087 | ... DE63: =IF(CI63="","",(CI63-CI$10)*1000) -> 2.3072027
A64: 43803 | B64: =IF(A64="","",A64-excav) -> 204 | C64: 222.9 | D64: =C64-PM -> 53.7 | E64: 823219.58 | F64: 1091508.6 | G64: -125.0087 | H64: 823219.25 | I64: 1091508.9 | J64: -123.024 | K64: 823219.64 | L64: 1091508 | M64: -120.8839 | N64: 823220.89 | O64: 1091504.8 | P64: -119.5215 | Q64: 823222.37 | R64: 1091502.2 | S64: -120.8755 | T64: 823222.78 | U64: 1091501.3 | V64: -123.0174 | W64: 823222.7 | X64: 1091501.6 | Y64: -124.9355 | Z64: =IF(Xhaut="","",SQRT(((Xbasgauche-Xhaut)^2+(Ybasgauche-Yhaut)^2)+(Zbasgauche-Zhaut)^2)) -> 6.7908496 | AA64: =IF(Xhaut="","",SQRT(((Xintergauche-Xhaut)^2+(Yintergauche-Yhaut)^2)+(Zintergauche-Zhaut)^2)) -> 5.6429563 | AB64: =IF(Xhaut="","",SQRT(((Xhautgauche-Xhaut)^2+(Yhautgauche-Yhaut)^2)+(Zhautgauche-Zhaut)^2)) -> 3.7125448 | AC64: =IF(Xhaut="","",SQRT(((Xhautdroit-Xhaut)^2+(Yhautdroit-Yhaut)^2)+(Zhautdroit-Zhaut)^2)) -> 3.2887572 | AD64: =IF(Xhaut="","",SQRT(((Xinterdroit-Xhaut)^2+(Yinterdroit-Yhaut)^2)+(Zinterdroit-Zhaut)^2)) -> 5.2993674 | AE64: =IF(Xhaut="","",SQRT(((Xbasdroit-Xhaut)^2+(Ybasdroit-Yhaut)^2)+(Zbasdroit-Zhaut)^2)) -> 6.5344411 | AF64: =IF(Xhautdroit="","",SQRT(((Xhautdroit-Xhautgauche)^2+(Yhautdroit-Yhautgauche)^2)+(Zhautdroit-Zhautgauche)^2)) -> 6.4335827 | AG64: =IF(Xinterdroit="","",SQRT(((Xinterdroit-Xintergauche)^2+(Yinterdroit-Yintergauche)^2)+(Zinterdroit-Zintergauche)^2)) -> 8.3933871 | AH64: =IF(Xbasdroit="","",SQRT(((Xbasdroit-Xbasgauche)^2+(Ybasdroit-Ybasgauche)^2)+(Zbasdroit-Zbasgauche)^2)) -> 7.6279193 | AI64: =IF(Z64="","",(Z64-Z$10)*1000) -> -26.101725 | AJ64: =IF(AA64="","",(AA64-AA$10)*1000) -> -23.415262 | AK64: =IF(AB64="","",(AB64-AB$10)*1000) -> -19.98045 | AL64: =IF(AC64="","",(AC64-AC$10)*1000) -> -8.9315861 | AM64: =IF(AD64="","",(AD64-AD$10)*1000) -> -17.8987 | AN64: =IF(AE64="","",(AE64-AE$10)*1000) -> -23.564131 | AO64: =IF(AF64="","",(AF64-AF$10)*1000) -> -18.020961 | AP64: =IF(AG64="","",(AG64-AG$10)*1000) -> -19.004377 | AQ64: =IF(AH64="","",(AH64-AH$10)*1000) -> -20.098854 | AS64: =IF(E64="","",(E64-E$10)*1000) -> -0.49999997 | AT64: =IF(F64="","",(F64-F$10)*1000) -> -12.2 | AU64: =IF(G64="","",(G64-G$10)*1000) -> 1.3 | AV64: =IF(H64="","",(H64-H$10)*1000) -> 2 | AW64: =IF(I64="","",(I64-I$10)*1000) -> -11.4 | AX64: =IF(J64="","",(J64-J$10)*1000) -> -0.7 | AY64: =IF(K64="","",(K64-K$10)*1000) -> 0 | AZ64: =IF(L64="","",(L64-L$10)*1000) -> -12.6 | ... BM64: =IF(Y64="","",(Y64-Y$10)*1000) -> 2.7 | BO64: 169.3694 | BP64: -3.763 | BQ64: -1.1595 | BR64: 169.2089 | BS64: -4.2007 | BT64: 0.8268 | BU64: 169.1861 | BV64: -3.2294 | BW64: 2.9671 | BX64: 168.9591 | BY64: 0.2167 | BZ64: 4.3318 | CA64: 169.1986 | CB64: 3.2042 | CC64: 2.9754 | CD64: 169.19 | CE64: 4.1927 | CF64: 0.8336 | CG64: 169.2538 | CH64: 3.8637 | CI64: -1.0852 | CK64: =IF(BO64="","",(BO64-BO$10)*1000) -> -5.6556222 | CL64: =IF(BP64="","",(BP64-BP$10)*1000) -> 10.852242 | CM64: =IF(BQ64="","",(BQ64-BQ$10)*1000) -> 1.3705562 | CN64: =IF(BR64="","",(BR64-BR$10)*1000) -> -2.9902291 | CO64: =IF(BS64="","",(BS64-BS$10)*1000) -> 11.159154 | CP64: =IF(BT64="","",(BT64-BT$10)*1000) -> -0.66109771 | CQ64: =IF(BU64="","",(BU64-BU$10)*1000) -> -5.3552419 | CR64: =IF(BV64="","",(BV64-BV$10)*1000) -> 11.400087 | ... DE64: =IF(CI64="","",(CI64-CI$10)*1000) -> 2.7072027
A65: 43808 | B65: =IF(A65="","",A65-excav) -> 209 | C65: 222.9 | D65: =C65-PM -> 53.7 | E65: 823219.58 | F65: 1091508.6 | G65: -125.01 | H65: 823219.25 | I65: 1091508.9 | J65: -123.0242 | K65: 823219.64 | L65: 1091508 | M65: -120.884 | N65: 823220.89 | O65: 1091504.8 | P65: -119.522 | Q65: 823222.37 | R65: 1091502.2 | S65: -120.876 | T65: 823222.78 | U65: 1091501.3 | V65: -123.0177 | W65: 823222.7 | X65: 1091501.6 | Y65: -124.9359 | Z65: =IF(Xhaut="","",SQRT(((Xbasgauche-Xhaut)^2+(Ybasgauche-Yhaut)^2)+(Zbasgauche-Zhaut)^2)) -> 6.7904298 | AA65: =IF(Xhaut="","",SQRT(((Xintergauche-Xhaut)^2+(Yintergauche-Yhaut)^2)+(Zintergauche-Zhaut)^2)) -> 5.6428576 | AB65: =IF(Xhaut="","",SQRT(((Xhautgauche-Xhaut)^2+(Yhautgauche-Yhaut)^2)+(Zhautgauche-Zhaut)^2)) -> 3.7121766 | AC65: =IF(Xhaut="","",SQRT(((Xhautdroit-Xhaut)^2+(Yhautdroit-Yhaut)^2)+(Zhautdroit-Zhaut)^2)) -> 3.2888814 | AD65: =IF(Xhaut="","",SQRT(((Xinterdroit-Xhaut)^2+(Yinterdroit-Yhaut)^2)+(Zinterdroit-Zhaut)^2)) -> 5.2993424 | AE65: =IF(Xhaut="","",SQRT(((Xbasdroit-Xhaut)^2+(Ybasdroit-Yhaut)^2)+(Zbasdroit-Zhaut)^2)) -> 6.53449 | AF65: =IF(Xhautdroit="","",SQRT(((Xhautdroit-Xhautgauche)^2+(Yhautdroit-Yhautgauche)^2)+(Zhautdroit-Zhautgauche)^2)) -> 6.4334548 | AG65: =IF(Xinterdroit="","",SQRT(((Xinterdroit-Xintergauche)^2+(Yinterdroit-Yintergauche)^2)+(Zinterdroit-Zintergauche)^2)) -> 8.3936105 | AH65: =IF(Xbasdroit="","",SQRT(((Xbasdroit-Xbasgauche)^2+(Ybasdroit-Ybasgauche)^2)+(Zbasdroit-Zbasgauche)^2)) -> 7.6262825 | AI65: =IF(Z65="","",(Z65-Z$10)*1000) -> -26.521493 | AJ65: =IF(AA65="","",(AA65-AA$10)*1000) -> -23.513967 | AK65: =IF(AB65="","",(AB65-AB$10)*1000) -> -20.348675 | AL65: =IF(AC65="","",(AC65-AC$10)*1000) -> -8.8073411 | AM65: =IF(AD65="","",(AD65-AD$10)*1000) -> -17.923642 | AN65: =IF(AE65="","",(AE65-AE$10)*1000) -> -23.515271 | AO65: =IF(AF65="","",(AF65-AF$10)*1000) -> -18.148789 | AP65: =IF(AG65="","",(AG65-AG$10)*1000) -> -18.780946 | AQ65: =IF(AH65="","",(AH65-AH$10)*1000) -> -21.735692 | AS65: =IF(E65="","",(E65-E$10)*1000) -> 0.40000002 | AT65: =IF(F65="","",(F65-F$10)*1000) -> -13.9 | AU65: =IF(G65="","",(G65-G$10)*1000) -> 0 | AV65: =IF(H65="","",(H65-H$10)*1000) -> 1.9 | AW65: =IF(I65="","",(I65-I$10)*1000) -> -11.4 | AX65: =IF(J65="","",(J65-J$10)*1000) -> -0.9 | AY65: =IF(K65="","",(K65-K$10)*1000) -> 0.099999947 | AZ65: =IF(L65="","",(L65-L$10)*1000) -> -12.9 | ... BM65: =IF(Y65="","",(Y65-Y$10)*1000) -> 2.3 | BO65: 169.3695 | BP65: -3.7611 | BQ65: -1.1608 | BR65: 169.2088 | BS65: -4.2007 | BT65: 0.8266 | BU65: 169.1861 | BV65: -3.2291 | BW65: 2.967 | BX65: 168.9587 | BY65: 0.2167 | BZ65: 4.3313 | CA65: 169.1983 | CB65: 3.2044 | CC65: 2.9749 | CD65: 169.19 | CE65: 4.1929 | CF65: 0.8333 | CG65: 169.2536 | CH65: 3.864 | CI65: -1.0856 | CK65: =IF(BO65="","",(BO65-BO$10)*1000) -> -5.5556222 | CL65: =IF(BP65="","",(BP65-BP$10)*1000) -> 12.752242 | CM65: =IF(BQ65="","",(BQ65-BQ$10)*1000) -> 0.070556222 | CN65: =IF(BR65="","",(BR65-BR$10)*1000) -> -3.0902291 | CO65: =IF(BS65="","",(BS65-BS$10)*1000) -> 11.159154 | CP65: =IF(BT65="","",(BT65-BT$10)*1000) -> -0.86109771 | CQ65: =IF(BU65="","",(BU65-BU$10)*1000) -> -5.3552419 | CR65: =IF(BV65="","",(BV65-BV$10)*1000) -> 11.700087 | ... DE65: =IF(CI65="","",(CI65-CI$10)*1000) -> 2.3072027
A66: 43811 | B66: =IF(A66="","",A66-excav) -> 212 | C66: 222.9 | D66: =C66-PM -> 53.7 | E66: 823219.58 | F66: 1091508.6 | G66: -125.0094 | H66: 823219.25 | I66: 1091508.9 | J66: -123.0237 | K66: 823219.64 | L66: 1091508 | M66: -120.8835 | N66: 823220.89 | O66: 1091504.8 | P66: -119.5216 | Q66: 823222.37 | R66: 1091502.2 | S66: -120.8755 | T66: 823222.78 | U66: 1091501.3 | V66: -123.0172 | W66: 823222.7 | X66: 1091501.6 | Y66: -124.9353 | Z66: =IF(Xhaut="","",SQRT(((Xbasgauche-Xhaut)^2+(Ybasgauche-Yhaut)^2)+(Zbasgauche-Zhaut)^2)) -> 6.7903238 | AA66: =IF(Xhaut="","",SQRT(((Xintergauche-Xhaut)^2+(Yintergauche-Yhaut)^2)+(Zintergauche-Zhaut)^2)) -> 5.6427664 | AB66: =IF(Xhaut="","",SQRT(((Xhautgauche-Xhaut)^2+(Yhautgauche-Yhaut)^2)+(Zhautgauche-Zhaut)^2)) -> 3.7121929 | AC66: =IF(Xhaut="","",SQRT(((Xhautdroit-Xhaut)^2+(Yhautdroit-Yhaut)^2)+(Zhautdroit-Zhaut)^2)) -> 3.2888852 | AD66: =IF(Xhaut="","",SQRT(((Xinterdroit-Xhaut)^2+(Yinterdroit-Yhaut)^2)+(Zinterdroit-Zhaut)^2)) -> 5.2992713 | AE66: =IF(Xhaut="","",SQRT(((Xbasdroit-Xhaut)^2+(Ybasdroit-Yhaut)^2)+(Zbasdroit-Zhaut)^2)) -> 6.5343243 | AF66: =IF(Xhautdroit="","",SQRT(((Xhautdroit-Xhautgauche)^2+(Yhautdroit-Yhautgauche)^2)+(Zhautdroit-Zhautgauche)^2)) -> 6.4335454 | AG66: =IF(Xinterdroit="","",SQRT(((Xinterdroit-Xintergauche)^2+(Yinterdroit-Yintergauche)^2)+(Zinterdroit-Zintergauche)^2)) -> 8.3935751 | AH66: =IF(Xbasdroit="","",SQRT(((Xbasdroit-Xbasgauche)^2+(Ybasdroit-Ybasgauche)^2)+(Zbasdroit-Zbasgauche)^2)) -> 7.6263737 | AI66: =IF(Z66="","",(Z66-Z$10)*1000) -> -26.627483 | AJ66: =IF(AA66="","",(AA66-AA$10)*1000) -> -23.605101 | AK66: =IF(AB66="","",(AB66-AB$10)*1000) -> -20.332328 | AL66: =IF(AC66="","",(AC66-AC$10)*1000) -> -8.8035098 | AM66: =IF(AD66="","",(AD66-AD$10)*1000) -> -17.99478 | AN66: =IF(AE66="","",(AE66-AE$10)*1000) -> -23.680972 | AO66: =IF(AF66="","",(AF66-AF$10)*1000) -> -18.05824 | AP66: =IF(AG66="","",(AG66-AG$10)*1000) -> -18.816401 | AQ66: =IF(AH66="","",(AH66-AH$10)*1000) -> -21.644435 | AS66: =IF(E66="","",(E66-E$10)*1000) -> 0.10000006 | AT66: =IF(F66="","",(F66-F$10)*1000) -> -13.5 | AU66: =IF(G66="","",(G66-G$10)*1000) -> 0.6 | AV66: =IF(H66="","",(H66-H$10)*1000) -> 1.7 | AW66: =IF(I66="","",(I66-I$10)*1000) -> -11.1 | AX66: =IF(J66="","",(J66-J$10)*1000) -> -0.4 | AY66: =IF(K66="","",(K66-K$10)*1000) -> -0.10000006 | AZ66: =IF(L66="","",(L66-L$10)*1000) -> -12.5 | ... BM66: =IF(Y66="","",(Y66-Y$10)*1000) -> 2.9 | BO66: 169.3694 | BP66: -3.7616 | BQ66: -1.1602 | BR66: 169.2087 | BS66: -4.2011 | BT66: 0.8271 | BU66: 169.1861 | BV66: -3.2295 | BW66: 2.9675 | BX66: 168.9586 | BY66: 0.2163 | BZ66: 4.3317 | CA66: 169.1983 | CB66: 3.204 | CC66: 2.9754 | CD66: 169.1896 | CE66: 4.1925 | CF66: 0.8338 | CG66: 169.2535 | CH66: 3.8636 | CI66: -1.085 | CK66: =IF(BO66="","",(BO66-BO$10)*1000) -> -5.6556222 | CL66: =IF(BP66="","",(BP66-BP$10)*1000) -> 12.252242 | CM66: =IF(BQ66="","",(BQ66-BQ$10)*1000) -> 0.67055622 | CN66: =IF(BR66="","",(BR66-BR$10)*1000) -> -3.1902291 | CO66: =IF(BS66="","",(BS66-BS$10)*1000) -> 10.759154 | CP66: =IF(BT66="","",(BT66-BT$10)*1000) -> -0.36109771 | CQ66: =IF(BU66="","",(BU66-BU$10)*1000) -> -5.3552419 | CR66: =IF(BV66="","",(BV66-BV$10)*1000) -> 11.300087 | ... DE66: =IF(CI66="","",(CI66-CI$10)*1000) -> 2.9072027
A67: 43815 | B67: =IF(A67="","",A67-excav) -> 216 | C67: 222.9 | D67: =C67-PM -> 53.7 | E67: 823219.58 | F67: 1091508.6 | G67: -125.0103 | H67: 823219.25 | I67: 1091508.9 | J67: -123.0244 | K67: - | L67: - | M67: - | N67: 823220.89 | O67: 1091504.8 | P67: -119.5228 | Q67: 823222.37 | R67: 1091502.2 | S67: -120.8768 | T67: 823222.78 | U67: 1091501.3 | V67: -123.0182 | W67: 823222.7 | X67: 1091501.6 | Y67: -124.9359 | Z67: =IF(Xhaut="","",SQRT(((Xbasgauche-Xhaut)^2+(Ybasgauche-Yhaut)^2)+(Zbasgauche-Zhaut)^2)) -> 6.7903553 | AA67: =IF(Xhaut="","",SQRT(((Xintergauche-Xhaut)^2+(Yintergauche-Yhaut)^2)+(Zintergauche-Zhaut)^2)) -> 5.6428497 | AB67: =IF(Xhaut="","",SQRT(((Xhautgauche-Xhaut)^2+(Yhautgauche-Yhaut)^2)+(Zhautgauche-Zhaut)^2)) -> #VALUE! | AC67: =IF(Xhaut="","",SQRT(((Xhautdroit-Xhaut)^2+(Yhautdroit-Yhaut)^2)+(Zhautdroit-Zhaut)^2)) -> 3.2883737 | AD67: =IF(Xhaut="","",SQRT(((Xinterdroit-Xhaut)^2+(Yinterdroit-Yhaut)^2)+(Zinterdroit-Zhaut)^2)) -> 5.2983858 | AE67: =IF(Xhaut="","",SQRT(((Xbasdroit-Xhaut)^2+(Ybasdroit-Yhaut)^2)+(Zbasdroit-Zhaut)^2)) -> 6.533411 | AG67: =IF(Xinterdroit="","",SQRT(((Xinterdroit-Xintergauche)^2+(Yinterdroit-Yintergauche)^2)+(Zinterdroit-Zintergauche)^2)) -> 8.3930768 | AH67: =IF(Xbasdroit="","",SQRT(((Xbasdroit-Xbasgauche)^2+(Ybasdroit-Ybasgauche)^2)+(Zbasdroit-Zbasgauche)^2)) -> 7.6260782 | AI67: =IF(Z67="","",(Z67-Z$10)*1000) -> -26.595975 | AJ67: =IF(AA67="","",(AA67-AA$10)*1000) -> -23.521858 | AL67: =IF(AC67="","",(AC67-AC$10)*1000) -> -9.3150407 | AM67: =IF(AD67="","",(AD67-AD$10)*1000) -> -18.880232 | AN67: =IF(AE67="","",(AE67-AE$10)*1000) -> -24.594214 | AO67: =IF(AF67="","",(AF67-AF$10)*1000) | AP67: =IF(AG67="","",(AG67-AG$10)*1000) -> -19.314617 | AQ67: =IF(AH67="","",(AH67-AH$10)*1000) -> -21.939942 | AS67: =IF(E67="","",(E67-E$10)*1000) -> 1.3 | AT67: =IF(F67="","",(F67-F$10)*1000) -> -14.4 | AU67: =IF(G67="","",(G67-G$10)*1000) -> -0.3 | AV67: =IF(H67="","",(H67-H$10)*1000) -> 2.7 | AW67: =IF(I67="","",(I67-I$10)*1000) -> -12 | AX67: =IF(J67="","",(J67-J$10)*1000) -> -1.1 | BB67: =IF(N67="","",(N67-N$10)*1000) -> -5.2 | BC67: =IF(O67="","",(O67-O$10)*1000) -> -1.1 | BD67: =IF(P67="","",(P67-P$10)*1000) -> -22.5 | BE67: =IF(Q67="","",(Q67-Q$10)*1000) -> -5.6 | BF67: =IF(R67="","",(R67-R$10)*1000) -> 3.5999999 | BG67: =IF(S67="","",(S67-S$10)*1000) -> -9.4 | BH67: =IF(T67="","",(T67-T$10)*1000) -> -7.2 | BI67: =IF(U67="","",(U67-U$10)*1000) -> 4.6999999 | ... BM67: =IF(Y67="","",(Y67-Y$10)*1000) -> 2.3 | BO67: 169.3701 | BP67: -3.7603 | BQ67: -1.1611 | BR67: 169.2093 | BS67: -4.1998 | BT67: 0.8264 | BU67: - | BV67: - | BW67: - | BX67: 168.9584 | BY67: 0.218 | BZ67: 4.3305 | CA67: 169.1976 | CB67: 3.2052 | CC67: 2.9741 | CD67: 169.1888 | CE67: 4.1932 | CF67: 0.8328 | CG67: 169.2528 | CH67: 3.8646 | CI67: -1.0855 | CK67: =IF(BO67="","",(BO67-BO$10)*1000) -> -4.9556222 | CL67: =IF(BP67="","",(BP67-BP$10)*1000) -> 13.552242 | CM67: =IF(BQ67="","",(BQ67-BQ$10)*1000) -> -0.22944378 | CN67: =IF(BR67="","",(BR67-BR$10)*1000) -> -2.5902291 | CO67: =IF(BS67="","",(BS67-BS$10)*1000) -> 12.059154 | CP67: =IF(BT67="","",(BT67-BT$10)*1000) -> -1.0610977 | CT67: =IF(BX67="","",(BX67-BX$10)*1000) -> -5.2138646 | CU67: =IF(BY67="","",(BY67-BY$10)*1000) -> -1.2351047 | CV67: =IF(BZ67="","",(BZ67-BZ$10)*1000) -> -22.443861 | CW67: =IF(CA67="","",(CA67-CA$10)*1000) -> -3.5943419 | CX67: =IF(CB67="","",(CB67-CB$10)*1000) -> -5.5805659 | CY67: =IF(CC67="","",(CC67-CC$10)*1000) -> -9.3680566 | CZ67: =IF(CD67="","",(CD67-CD$10)*1000) -> -4.5480277 | DA67: =IF(CE67="","",(CE67-CE$10)*1000) -> -7.3098044 | ... DE67: =IF(CI67="","",(CI67-CI$10)*1000) -> 2.4072027
A68: 43818 | B68: =IF(A68="","",A68-excav) -> 219 | C68: 222.9 | D68: =C68-PM -> 53.7 | E68: 823219.58 | F68: 1091508.6 | G68: -125.0099 | H68: 823219.25 | I68: 1091508.9 | J68: -123.0242 | K68: 823219.64 | L68: 1091508 | M68: -120.8841 | N68: 823220.89 | O68: 1091504.8 | P68: -119.5222 | Q68: 823222.37 | R68: 1091502.2 | S68: -120.876 | T68: 823222.78 | U68: 1091501.3 | V68: -123.0177 | W68: 823222.7 | X68: 1091501.6 | Y68: -124.9357 | Z68: =IF(Xhaut="","",SQRT(((Xbasgauche-Xhaut)^2+(Ybasgauche-Yhaut)^2)+(Zbasgauche-Zhaut)^2)) -> 6.7897978 | AA68: =IF(Xhaut="","",SQRT(((Xintergauche-Xhaut)^2+(Yintergauche-Yhaut)^2)+(Zintergauche-Zhaut)^2)) -> 5.6425587 | AB68: =IF(Xhaut="","",SQRT(((Xhautgauche-Xhaut)^2+(Yhautgauche-Yhaut)^2)+(Zhautgauche-Zhaut)^2)) -> 3.7121736 | AC68: =IF(Xhaut="","",SQRT(((Xhautdroit-Xhaut)^2+(Yhautdroit-Yhaut)^2)+(Zhautdroit-Zhaut)^2)) -> 3.2892296 | AD68: =IF(Xhaut="","",SQRT(((Xinterdroit-Xhaut)^2+(Yinterdroit-Yhaut)^2)+(Zinterdroit-Zhaut)^2)) -> 5.2993428 | AE68: =IF(Xhaut="","",SQRT(((Xbasdroit-Xhaut)^2+(Ybasdroit-Yhaut)^2)+(Zbasdroit-Zhaut)^2)) -> 6.5342283 | AF68: =IF(Xhautdroit="","",SQRT(((Xhautdroit-Xhautgauche)^2+(Yhautdroit-Yhautgauche)^2)+(Zhautdroit-Zhautgauche)^2)) -> 6.4339983 | AG68: =IF(Xinterdroit="","",SQRT(((Xinterdroit-Xintergauche)^2+(Yinterdroit-Yintergauche)^2)+(Zinterdroit-Zintergauche)^2)) -> 8.3935685 | AH68: =IF(Xbasdroit="","",SQRT(((Xbasdroit-Xbasgauche)^2+(Ybasdroit-Ybasgauche)^2)+(Zbasdroit-Zbasgauche)^2)) -> 7.6257863 | AI68: =IF(Z68="","",(Z68-Z$10)*1000) -> -27.153471 | AJ68: =IF(AA68="","",(AA68-AA$10)*1000) -> -23.812808 | AK68: =IF(AB68="","",(AB68-AB$10)*1000) -> -20.351682 | AL68: =IF(AC68="","",(AC68-AC$10)*1000) -> -8.4591392 | AM68: =IF(AD68="","",(AD68-AD$10)*1000) -> -17.923253 | AN68: =IF(AE68="","",(AE68-AE$10)*1000) -> -23.776991 | AO68: =IF(AF68="","",(AF68-AF$10)*1000) -> -17.605368 | AP68: =IF(AG68="","",(AG68-AG$10)*1000) -> -18.823007 | AQ68: =IF(AH68="","",(AH68-AH$10)*1000) -> -22.231884 | AS68: =IF(E68="","",(E68-E$10)*1000) -> 0.20000001 | AT68: =IF(F68="","",(F68-F$10)*1000) -> -13.9 | AU68: =IF(G68="","",(G68-G$10)*1000) -> 0.1 | AV68: =IF(H68="","",(H68-H$10)*1000) -> 1.8 | AW68: =IF(I68="","",(I68-I$10)*1000) -> -10.9 | AX68: =IF(J68="","",(J68-J$10)*1000) -> -0.9 | AY68: =IF(K68="","",(K68-K$10)*1000) -> -0.20000001 | AZ68: =IF(L68="","",(L68-L$10)*1000) -> -12.2 | ... BM68: =IF(Y68="","",(Y68-Y$10)*1000) -> 2.5 | BO68: 169.3694 | BP68: -3.7613 | BQ68: -1.1607 | BR68: 169.2087 | BS68: -4.2009 | BT68: 0.8266 | BU68: 169.1859 | BV68: -3.2294 | BW68: 2.9669 | BX68: 168.9586 | BY68: 0.2165 | BZ68: 4.3311 | CA68: 169.1981 | CB68: 3.2041 | CC68: 2.9749 | CD68: 169.1899 | CE68: 4.1926 | CF68: 0.8333 | CG68: 169.2535 | CH68: 3.8636 | CI68: -1.0854 | CK68: =IF(BO68="","",(BO68-BO$10)*1000) -> -5.6556222 | CL68: =IF(BP68="","",(BP68-BP$10)*1000) -> 12.552242 | CM68: =IF(BQ68="","",(BQ68-BQ$10)*1000) -> 0.17055622 | CN68: =IF(BR68="","",(BR68-BR$10)*1000) -> -3.1902291 | CO68: =IF(BS68="","",(BS68-BS$10)*1000) -> 10.959154 | CP68: =IF(BT68="","",(BT68-BT$10)*1000) -> -0.86109771 | CQ68: =IF(BU68="","",(BU68-BU$10)*1000) -> -5.5552419 | CR68: =IF(BV68="","",(BV68-BV$10)*1000) -> 11.400087 | ... DE68: =IF(CI68="","",(CI68-CI$10)*1000) -> 2.5072027
A69: 43837 | B69: =IF(A69="","",A69-excav) -> 238 | C69: 222.9 | D69: =C69-PM -> 53.7 | E69: 823219.58 | F69: 1091508.6 | G69: -125.01 | H69: 823219.25 | I69: 1091508.9 | J69: -123.0243 | K69: 823219.64 | L69: 1091508 | M69: -120.884 | N69: 823220.89 | O69: 1091504.8 | P69: -119.5226 | Q69: 823222.37 | R69: 1091502.2 | S69: -120.8762 | T69: 823222.78 | U69: 1091501.3 | V69: -123.0176 | W69: 823222.7 | X69: 1091501.6 | Y69: -124.9357 | Z69: =IF(Xhaut="","",SQRT(((Xbasgauche-Xhaut)^2+(Ybasgauche-Yhaut)^2)+(Zbasgauche-Zhaut)^2)) -> 6.7898336 | AA69: =IF(Xhaut="","",SQRT(((Xintergauche-Xhaut)^2+(Yintergauche-Yhaut)^2)+(Zintergauche-Zhaut)^2)) -> 5.6422707 | AB69: =IF(Xhaut="","",SQRT(((Xhautgauche-Xhaut)^2+(Yhautgauche-Yhaut)^2)+(Zhautgauche-Zhaut)^2)) -> 3.7120769 | AC69: =IF(Xhaut="","",SQRT(((Xhautdroit-Xhaut)^2+(Yhautdroit-Yhaut)^2)+(Zhautdroit-Zhaut)^2)) -> 3.2885583 | AD69: =IF(Xhaut="","",SQRT(((Xinterdroit-Xhaut)^2+(Yinterdroit-Yhaut)^2)+(Zinterdroit-Zhaut)^2)) -> 5.2988807 | AE69: =IF(Xhaut="","",SQRT(((Xbasdroit-Xhaut)^2+(Ybasdroit-Yhaut)^2)+(Zbasdroit-Zhaut)^2)) -> 6.5338062 | AF69: =IF(Xhautdroit="","",SQRT(((Xhautdroit-Xhautgauche)^2+(Yhautdroit-Yhautgauche)^2)+(Zhautdroit-Zhautgauche)^2)) -> 6.4334065 | AG69: =IF(Xinterdroit="","",SQRT(((Xinterdroit-Xintergauche)^2+(Yinterdroit-Yintergauche)^2)+(Zinterdroit-Zintergauche)^2)) -> 8.3932544 | AH69: =IF(Xbasdroit="","",SQRT(((Xbasdroit-Xbasgauche)^2+(Ybasdroit-Ybasgauche)^2)+(Zbasdroit-Zbasgauche)^2)) -> 7.6260515 | AI69: =IF(Z69="","",(Z69-Z$10)*1000) -> -27.117703 | AJ69: =IF(AA69="","",(AA69-AA$10)*1000) -> -24.10089 | AK69: =IF(AB69="","",(AB69-AB$10)*1000) -> -20.44837 | AL69: =IF(AC69="","",(AC69-AC$10)*1000) -> -9.1305001 | AM69: =IF(AD69="","",(AD69-AD$10)*1000) -> -18.385369 | AN69: =IF(AE69="","",(AE69-AE$10)*1000) -> -24.199061 | AO69: =IF(AF69="","",(AF69-AF$10)*1000) -> -18.197144 | AP69: =IF(AG69="","",(AG69-AG$10)*1000) -> -19.137083 | AQ69: =IF(AH69="","",(AH69-AH$10)*1000) -> -21.966632 | AS69: =IF(E69="","",(E69-E$10)*1000) -> -0.099999947 | AT69: =IF(F69="","",(F69-F$10)*1000) -> -14.2 | AU69: =IF(G69="","",(G69-G$10)*1000) -> 0 | AV69: =IF(H69="","",(H69-H$10)*1000) -> 1.6 | AW69: =IF(I69="","",(I69-I$10)*1000) -> -11.8 | AX69: =IF(J69="","",(J69-J$10)*1000) -> -1 | AY69: =IF(K69="","",(K69-K$10)*1000) -> -0.50000008 | AZ69: =IF(L69="","",(L69-L$10)*1000) -> -12.9 | ... BM69: =IF(Y69="","",(Y69-Y$10)*1000) -> 2.5 | BO69: 169.369 | BP69: -3.761 | BQ69: -1.1608 | BR69: 169.2084 | BS69: -4.2005 | BT69: 0.8265 | BU69: 169.1855 | BV69: -3.2293 | BW69: 2.967 | BX69: 168.9582 | BY69: 0.2166 | BZ69: 4.3307 | CA69: 169.1979 | CB69: 3.2041 | CC69: 2.9747 | CD69: 169.1895 | CE69: 4.1927 | CF69: 0.8334 | CG69: 169.2533 | CH69: 3.8638 | CI69: -1.0854 | CK69: =IF(BO69="","",(BO69-BO$10)*1000) -> -6.0556222 | CL69: =IF(BP69="","",(BP69-BP$10)*1000) -> 12.852242 | CM69: =IF(BQ69="","",(BQ69-BQ$10)*1000) -> 0.070556222 | CN69: =IF(BR69="","",(BR69-BR$10)*1000) -> -3.4902291 | CO69: =IF(BS69="","",(BS69-BS$10)*1000) -> 11.359154 | CP69: =IF(BT69="","",(BT69-BT$10)*1000) -> -0.96109771 | CQ69: =IF(BU69="","",(BU69-BU$10)*1000) -> -5.9552419 | CR69: =IF(BV69="","",(BV69-BV$10)*1000) -> 11.500087 | ... DE69: =IF(CI69="","",(CI69-CI$10)*1000) -> 2.5072027
A70: 43843 | B70: =IF(A70="","",A70-excav) -> 244 | C70: 222.9 | D70: =C70-PM -> 53.7 | E70: 823219.58 | F70: 1091508.6 | G70: -125.0099 | H70: 823219.25 | I70: 1091508.9 | J70: -123.0241 | K70: 823219.64 | L70: 1091508 | M70: -120.8831 | N70: 823220.89 | O70: 1091504.8 | P70: -119.5227 | Q70: 823222.37 | R70: 1091502.2 | S70: -120.8762 | T70: 823222.78 | U70: 1091501.3 | V70: -123.0175 | W70: 823222.7 | X70: 1091501.6 | Y70: -124.9356 | Z70: =IF(Xhaut="","",SQRT(((Xbasgauche-Xhaut)^2+(Ybasgauche-Yhaut)^2)+(Zbasgauche-Zhaut)^2)) -> 6.7897083 | AA70: =IF(Xhaut="","",SQRT(((Xintergauche-Xhaut)^2+(Yintergauche-Yhaut)^2)+(Zintergauche-Zhaut)^2)) -> 5.6422301 | AB70: =IF(Xhaut="","",SQRT(((Xhautgauche-Xhaut)^2+(Yhautgauche-Yhaut)^2)+(Zhautgauche-Zhaut)^2)) -> 3.7112093 | AC70: =IF(Xhaut="","",SQRT(((Xhautdroit-Xhaut)^2+(Yhautdroit-Yhaut)^2)+(Zhautdroit-Zhaut)^2)) -> 3.2884721 | AD70: =IF(Xhaut="","",SQRT(((Xinterdroit-Xhaut)^2+(Yinterdroit-Yhaut)^2)+(Zinterdroit-Zhaut)^2)) -> 5.2987436 | AE70: =IF(Xhaut="","",SQRT(((Xbasdroit-Xhaut)^2+(Ybasdroit-Yhaut)^2)+(Zbasdroit-Zhaut)^2)) -> 6.5336128 | AF70: =IF(Xhautdroit="","",SQRT(((Xhautdroit-Xhautgauche)^2+(Yhautdroit-Yhautgauche)^2)+(Zhautdroit-Zhautgauche)^2)) -> 6.4328254 | AG70: =IF(Xinterdroit="","",SQRT(((Xinterdroit-Xintergauche)^2+(Yinterdroit-Yintergauche)^2)+(Zinterdroit-Zintergauche)^2)) -> 8.3934424 | AH70: =IF(Xbasdroit="","",SQRT(((Xbasdroit-Xbasgauche)^2+(Ybasdroit-Ybasgauche)^2)+(Zbasdroit-Zbasgauche)^2)) -> 7.626061 | AI70: =IF(Z70="","",(Z70-Z$10)*1000) -> -27.242963 | AJ70: =IF(AA70="","",(AA70-AA$10)*1000) -> -24.141417 | AK70: =IF(AB70="","",(AB70-AB$10)*1000) -> -21.316014 | AL70: =IF(AC70="","",(AC70-AC$10)*1000) -> -9.2166606 | AM70: =IF(AD70="","",(AD70-AD$10)*1000) -> -18.522456 | AN70: =IF(AE70="","",(AE70-AE$10)*1000) -> -24.392441 | AO70: =IF(AF70="","",(AF70-AF$10)*1000) -> -18.778229 | AP70: =IF(AG70="","",(AG70-AG$10)*1000) -> -18.949107 | AQ70: =IF(AH70="","",(AH70-AH$10)*1000) -> -21.957141 | AS70: =IF(E70="","",(E70-E$10)*1000) -> -0.099999947 | AT70: =IF(F70="","",(F70-F$10)*1000) -> -14.2 | AU70: =IF(G70="","",(G70-G$10)*1000) -> 0.1 | AV70: =IF(H70="","",(H70-H$10)*1000) -> 1.5 | AW70: =IF(I70="","",(I70-I$10)*1000) -> -11.7 | AX70: =IF(J70="","",(J70-J$10)*1000) -> -0.8 | AY70: =IF(K70="","",(K70-K$10)*1000) -> -0.40000002 | AZ70: =IF(L70="","",(L70-L$10)*1000) -> -13.5 | ... BM70: =IF(Y70="","",(Y70-Y$10)*1000) -> 2.6 | BO70: 169.369 | BP70: -3.761 | BQ70: -1.1607 | BR70: 169.2083 | BS70: -4.2006 | BT70: 0.8267 | BU70: 169.1854 | BV70: -3.2287 | BW70: 2.9679 | BX70: 168.9581 | BY70: 0.2167 | BZ70: 4.3306 | CA70: 169.1977 | CB70: 3.2041 | CC70: 2.9747 | CD70: 169.1891 | CE70: 4.1928 | CF70: 0.8335 | CG70: 169.2531 | CH70: 3.8638 | CI70: -1.0853 | CK70: =IF(BO70="","",(BO70-BO$10)*1000) -> -6.0556222 | CL70: =IF(BP70="","",(BP70-BP$10)*1000) -> 12.852242 | CM70: =IF(BQ70="","",(BQ70-BQ$10)*1000) -> 0.17055622 | CN70: =IF(BR70="","",(BR70-BR$10)*1000) -> -3.5902291 | CO70: =IF(BS70="","",(BS70-BS$10)*1000) -> 11.259154 | CP70: =IF(BT70="","",(BT70-BT$10)*1000) -> -0.76109771 | CQ70: =IF(BU70="","",(BU70-BU$10)*1000) -> -6.0552419 | CR70: =IF(BV70="","",(BV70-BV$10)*1000) -> 12.100087 | ... DE70: =IF(CI70="","",(CI70-CI$10)*1000) -> 2.6072027
A71: 43850 | B71: =IF(A71="","",A71-excav) -> 251 | C71: 222.9 | D71: =C71-PM -> 53.7 | E71: 823219.58 | F71: 1091508.6 | G71: -125.0096 | H71: 823219.25 | I71: 1091508.9 | J71: -123.0241 | K71: 823219.64 | L71: 1091508 | M71: -120.8838 | N71: 823220.89 | O71: 1091504.8 | P71: -119.5229 | Q71: 823222.37 | R71: 1091502.2 | S71: -120.8762 | T71: 823222.78 | U71: 1091501.3 | V71: -123.0174 | W71: 823222.7 | X71: 1091501.6 | Y71: -124.9354 | Z71: =IF(Xhaut="","",SQRT(((Xbasgauche-Xhaut)^2+(Ybasgauche-Yhaut)^2)+(Zbasgauche-Zhaut)^2)) -> 6.7891373 | AA71: =IF(Xhaut="","",SQRT(((Xintergauche-Xhaut)^2+(Yintergauche-Yhaut)^2)+(Zintergauche-Zhaut)^2)) -> 5.6418147 | AB71: =IF(Xhaut="","",SQRT(((Xhautgauche-Xhaut)^2+(Yhautgauche-Yhaut)^2)+(Zhautgauche-Zhaut)^2)) -> 3.7113589 | AC71: =IF(Xhaut="","",SQRT(((Xhautdroit-Xhaut)^2+(Yhautdroit-Yhaut)^2)+(Zhautdroit-Zhaut)^2)) -> 3.2884348 | AD71: =IF(Xhaut="","",SQRT(((Xinterdroit-Xhaut)^2+(Yinterdroit-Yhaut)^2)+(Zinterdroit-Zhaut)^2)) -> 5.2985814 | AE71: =IF(Xhaut="","",SQRT(((Xbasdroit-Xhaut)^2+(Ybasdroit-Yhaut)^2)+(Zbasdroit-Zhaut)^2)) -> 6.5332327 | AF71: =IF(Xhautdroit="","",SQRT(((Xhautdroit-Xhautgauche)^2+(Yhautdroit-Yhautgauche)^2)+(Zhautdroit-Zhautgauche)^2)) -> 6.4328262 | AG71: =IF(Xinterdroit="","",SQRT(((Xinterdroit-Xintergauche)^2+(Yinterdroit-Yintergauche)^2)+(Zinterdroit-Zintergauche)^2)) -> 8.3931216 | AH71: =IF(Xbasdroit="","",SQRT(((Xbasdroit-Xbasgauche)^2+(Ybasdroit-Ybasgauche)^2)+(Zbasdroit-Zbasgauche)^2)) -> 7.625695 | AI71: =IF(Z71="","",(Z71-Z$10)*1000) -> -27.814 | AJ71: =IF(AA71="","",(AA71-AA$10)*1000) -> -24.556839 | AK71: =IF(AB71="","",(AB71-AB$10)*1000) -> -21.166387 | AL71: =IF(AC71="","",(AC71-AC$10)*1000) -> -9.2539716 | AM71: =IF(AD71="","",(AD71-AD$10)*1000) -> -18.684648 | AN71: =IF(AE71="","",(AE71-AE$10)*1000) -> -24.772509 | AO71: =IF(AF71="","",(AF71-AF$10)*1000) -> -18.77744 | AP71: =IF(AG71="","",(AG71-AG$10)*1000) -> -19.269868 | AQ71: =IF(AH71="","",(AH71-AH$10)*1000) -> -22.32314 | AS71: =IF(E71="","",(E71-E$10)*1000) -> 0.20000001 | AT71: =IF(F71="","",(F71-F$10)*1000) -> -13.9 | AU71: =IF(G71="","",(G71-G$10)*1000) -> 0.4 | AV71: =IF(H71="","",(H71-H$10)*1000) -> 1.8 | AW71: =IF(I71="","",(I71-I$10)*1000) -> -11.5 | AX71: =IF(J71="","",(J71-J$10)*1000) -> -0.8 | AY71: =IF(K71="","",(K71-K$10)*1000) -> 0 | AZ71: =IF(L71="","",(L71-L$10)*1000) -> -12.9 | ... BM71: =IF(Y71="","",(Y71-Y$10)*1000) -> 2.8 | BO71: 169.3694 | BP71: -3.7612 | BQ71: -1.1604 | BR71: 169.2087 | BS71: -4.2007 | BT71: 0.8267 | BU71: 169.186 | BV71: -3.2291 | BW71: 2.9672 | BX71: 168.9586 | BY71: 0.2162 | BZ71: 4.3304 | CA71: 169.1983 | CB71: 3.2037 | CC71: 2.9747 | CD71: 169.1897 | CE71: 4.1924 | CF71: 0.8336 | CG71: 169.2536 | CH71: 3.8633 | CI71: -1.0851 | CK71: =IF(BO71="","",(BO71-BO$10)*1000) -> -5.6556222 | CL71: =IF(BP71="","",(BP71-BP$10)*1000) -> 12.652242 | CM71: =IF(BQ71="","",(BQ71-BQ$10)*1000) -> 0.47055622 | CN71: =IF(BR71="","",(BR71-BR$10)*1000) -> -3.1902291 | CO71: =IF(BS71="","",(BS71-BS$10)*1000) -> 11.159154 | CP71: =IF(BT71="","",(BT71-BT$10)*1000) -> -0.76109771 | CQ71: =IF(BU71="","",(BU71-BU$10)*1000) -> -5.4552419 | CR71: =IF(BV71="","",(BV71-BV$10)*1000) -> 11.700087 | ... DE71: =IF(CI71="","",(CI71-CI$10)*1000) -> 2.8072027
A72: 43857 | B72: =IF(A72="","",A72-excav) -> 258 | C72: 222.9 | D72: =C72-PM -> 53.7 | E72: 823219.58 | F72: 1091508.6 | G72: -125.0098 | H72: 823219.25 | I72: 1091508.9 | J72: -123.0242 | K72: 823219.64 | L72: 1091508 | M72: -120.8844 | N72: 823220.89 | O72: 1091504.8 | P72: -119.5235 | Q72: 823222.37 | R72: 1091502.2 | S72: -120.8766 | T72: a | U72: a | V72: a | W72: 823222.7 | X72: 1091501.6 | Y72: -124.9356 | Z72: =IF(Xhaut="","",SQRT(((Xbasgauche-Xhaut)^2+(Ybasgauche-Yhaut)^2)+(Zbasgauche-Zhaut)^2)) -> 6.7886256 | AA72: =IF(Xhaut="","",SQRT(((Xintergauche-Xhaut)^2+(Yintergauche-Yhaut)^2)+(Zintergauche-Zhaut)^2)) -> 5.6412716 | AB72: =IF(Xhaut="","",SQRT(((Xhautgauche-Xhaut)^2+(Yhautgauche-Yhaut)^2)+(Zhautgauche-Zhaut)^2)) -> 3.7113252 | AC72: =IF(Xhaut="","",SQRT(((Xhautdroit-Xhaut)^2+(Yhautdroit-Yhaut)^2)+(Zhautdroit-Zhaut)^2)) -> 3.2884083 | AE72: =IF(Xhaut="","",SQRT(((Xbasdroit-Xhaut)^2+(Ybasdroit-Yhaut)^2)+(Zbasdroit-Zhaut)^2)) -> 6.5329567 | AF72: =IF(Xhautdroit="","",SQRT(((Xhautdroit-Xhautgauche)^2+(Yhautdroit-Yhautgauche)^2)+(Zhautdroit-Zhautgauche)^2)) -> 6.4328208 | AH72: =IF(Xbasdroit="","",SQRT(((Xbasdroit-Xbasgauche)^2+(Ybasdroit-Ybasgauche)^2)+(Zbasdroit-Zbasgauche)^2)) -> 7.6254307 | AI72: =IF(Z72="","",(Z72-Z$10)*1000) -> -28.325672 | AJ72: =IF(AA72="","",(AA72-AA$10)*1000) -> -25.09999 | AK72: =IF(AB72="","",(AB72-AB$10)*1000) -> -21.200068 | AL72: =IF(AC72="","",(AC72-AC$10)*1000) -> -9.280501 | AN72: =IF(AE72="","",(AE72-AE$10)*1000) -> -25.04851 | AO72: =IF(AF72="","",(AF72-AF$10)*1000) -> -18.782868 | AQ72: =IF(AH72="","",(AH72-AH$10)*1000) -> -22.587417 | AS72: =IF(E72="","",(E72-E$10)*1000) -> 0.50000008 | AT72: =IF(F72="","",(F72-F$10)*1000) -> -14.1 | AU72: =IF(G72="","",(G72-G$10)*1000) -> 0.2 | AV72: =IF(H72="","",(H72-H$10)*1000) -> 2 | AW72: =IF(I72="","",(I72-I$10)*1000) -> -11.7 | AX72: =IF(J72="","",(J72-J$10)*1000) -> -0.9 | AY72: =IF(K72="","",(K72-K$10)*1000) -> 0 | AZ72: =IF(L72="","",(L72-L$10)*1000) -> -12.9 | ... BG72: =IF(S72="","",(S72-S$10)*1000) -> -9.2 | BK72: =IF(W72="","",(W72-W$10)*1000) -> -8.5999999 | BL72: =IF(X72="","",(X72-X$10)*1000) -> 6.6 | BM72: =IF(Y72="","",(Y72-Y$10)*1000) -> 2.6 | BO72: 169.3695 | BP72: -3.7609 | BQ72: -1.1606 | BR72: 169.2088 | BS72: -4.2004 | BT72: 0.8266 | BU72: 169.186 | BV72: -3.2291 | BW72: 2.9666 | BX72: 168.9585 | BY72: 0.2162 | BZ72: 4.3298 | CA72: 169.1985 | CB72: 3.2037 | CC72: 2.9743 | CD72: a | CE72: a | CF72: a | CG72: 169.2537 | CH72: 3.8633 | CI72: -1.0853 | CK72: =IF(BO72="","",(BO72-BO$10)*1000) -> -5.5556222 | CL72: =IF(BP72="","",(BP72-BP$10)*1000) -> 12.952242 | CM72: =IF(BQ72="","",(BQ72-BQ$10)*1000) -> 0.27055622 | CN72: =IF(BR72="","",(BR72-BR$10)*1000) -> -3.0902291 | CO72: =IF(BS72="","",(BS72-BS$10)*1000) -> 11.459154 | CP72: =IF(BT72="","",(BT72-BT$10)*1000) -> -0.86109771 | CQ72: =IF(BU72="","",(BU72-BU$10)*1000) -> -5.4552419 | CR72: =IF(BV72="","",(BV72-BV$10)*1000) -> 11.700087 | ... CY72: =IF(CC72="","",(CC72-CC$10)*1000) -> -9.1680566 | DC72: =IF(CG72="","",(CG72-CG$10)*1000) -> -5.0202747 | DD72: =IF(CH72="","",(CH72-CH$10)*1000) -> -9.6439952 | DE72: =IF(CI72="","",(CI72-CI$10)*1000) -> 2.6072027
A73: 43865 | B73: =IF(A73="","",A73-excav) -> 266 | C73: 222.9 | D73: =C73-PM -> 53.7 | E73: 823219.58 | F73: 1091508.6 | G73: -125.0103 | H73: 823219.25 | I73: 1091508.9 | J73: -123.0249 | K73: masqué | N73: 823220.89 | O73: 1091504.8 | P73: -119.5244 | Q73: 823222.37 | R73: 1091502.2 | S73: -120.8773 | T73: 823222.78 | U73: 1091501.3 | V73: -123.0182 | W73: masqué | Z73: =IF(Xhaut="","",SQRT(((Xbasgauche-Xhaut)^2+(Ybasgauche-Yhaut)^2)+(Zbasgauche-Zhaut)^2)) -> 6.7882489 | AA73: =IF(Xhaut="","",SQRT(((Xintergauche-Xhaut)^2+(Yintergauche-Yhaut)^2)+(Zintergauche-Zhaut)^2)) -> 5.6410599 | AC73: =IF(Xhaut="","",SQRT(((Xhautdroit-Xhaut)^2+(Yhautdroit-Yhaut)^2)+(Zhautdroit-Zhaut)^2)) -> 3.2882467 | AI73: =IF(Z73="","",(Z73-Z$10)*1000) -> -28.702412 | AJ73: =IF(AA73="","",(AA73-AA$10)*1000) -> -25.311613 | AK73: =IF(AB73="","",(AB73-AB$10)*1000) | AL73: =IF(AC73="","",(AC73-AC$10)*1000) -> -9.4420434 | AM73: =IF(AD73="","",(AD73-AD$10)*1000) | AN73: =IF(AE73="","",(AE73-AE$10)*1000) | AO73: =IF(AF73="","",(AF73-AF$10)*1000) | AP73: =IF(AG73="","",(AG73-AG$10)*1000) | AQ73: =IF(AH73="","",(AH73-AH$10)*1000) | AS73: =IF(E73="","",(E73-E$10)*1000) -> 0.30000007 | AT73: =IF(F73="","",(F73-F$10)*1000) -> -14 | AU73: =IF(G73="","",(G73-G$10)*1000) -> -0.3 | AV73: =IF(H73="","",(H73-H$10)*1000) -> 1.9 | AW73: =IF(I73="","",(I73-I$10)*1000) -> -11.6 | AX73: =IF(J73="","",(J73-J$10)*1000) -> -1.6 | BB73: =IF(N73="","",(N73-N$10)*1000) -> -5.8 | BC73: =IF(O73="","",(O73-O$10)*1000) -> 0.9000001 | BD73: =IF(P73="","",(P73-P$10)*1000) -> -24.1 | BE73: =IF(Q73="","",(Q73-Q$10)*1000) -> -5.3000001 | BF73: =IF(R73="","",(R73-R$10)*1000) -> 5.6999999 | BG73: =IF(S73="","",(S73-S$10)*1000) -> -9.9 | BL73: =IF(X73="","",(X73-X$10)*1000) | BM73: =IF(Y73="","",(Y73-Y$10)*1000) | BO73: 169.3694 | BP73: -3.761 | BQ73: -1.1611 | BR73: 169.2087 | BS73: -4.2005 | BT73: 0.8259 | BU73: a | BV73: a | BW73: a | BX73: 168.9587 | BY73: 0.216 | BZ73: 4.3289 | CA73: 169.1988 | CB73: 3.2034 | CC73: 2.9736 | CD73: 169.1903 | CE73: 4.1921 | CF73: 0.8328 | CK73: =IF(BO73="","",(BO73-BO$10)*1000) -> -5.6556222 | CL73: =IF(BP73="","",(BP73-BP$10)*1000) -> 12.852242 | CM73: =IF(BQ73="","",(BQ73-BQ$10)*1000) -> -0.22944378 | CN73: =IF(BR73="","",(BR73-BR$10)*1000) -> -3.1902291 | CO73: =IF(BS73="","",(BS73-BS$10)*1000) -> 11.359154 | CP73: =IF(BT73="","",(BT73-BT$10)*1000) -> -1.5610977 | CT73: =IF(BX73="","",(BX73-BX$10)*1000) -> -4.9138646 | CU73: =IF(BY73="","",(BY73-BY$10)*1000) -> -3.2351047 | CV73: =IF(BZ73="","",(BZ73-BZ$10)*1000) -> -24.043861 | CW73: =IF(CA73="","",(CA73-CA$10)*1000) -> -2.3943419 | CX73: =IF(CB73="","",(CB73-CB$10)*1000) -> -7.3805659 | CY73: =IF(CC73="","",(CC73-CC$10)*1000) -> -9.8680566 | CZ73: =IF(CD73="","",(CD73-CD$10)*1000) -> -3.0480277 | DA73: =IF(CE73="","",(CE73-CE$10)*1000) -> -8.4098044 | ... DE73: =IF(CI73="","",(CI73-CI$10)*1000)
A74: 43867 | B74: =IF(A74="","",A74-excav) -> 268 | C74: 222.9 | D74: =C74-PM -> 53.7 | E74: 823219.58 | F74: 1091508.6 | G74: -125.0097 | H74: 823219.25 | I74: 1091508.9 | J74: -123.0243 | K74: 823219.64 | L74: 1091508 | M74: -120.8846 | N74: 823220.89 | O74: 1091504.8 | P74: -119.5234 | Q74: 823222.37 | R74: 1091502.2 | S74: -120.8762 | T74: 823222.78 | U74: 1091501.3 | V74: -123.0173 | W74: 823222.7 | X74: 1091501.6 | Y74: -124.9356 | Z74: =IF(Xhaut="","",SQRT(((Xbasgauche-Xhaut)^2+(Ybasgauche-Yhaut)^2)+(Zbasgauche-Zhaut)^2)) -> 6.7886878 | AA74: =IF(Xhaut="","",SQRT(((Xintergauche-Xhaut)^2+(Yintergauche-Yhaut)^2)+(Zintergauche-Zhaut)^2)) -> 5.6413807 | AB74: =IF(Xhaut="","",SQRT(((Xhautgauche-Xhaut)^2+(Yhautgauche-Yhaut)^2)+(Zhautgauche-Zhaut)^2)) -> 3.7114302 | AC74: =IF(Xhaut="","",SQRT(((Xhautdroit-Xhaut)^2+(Yhautdroit-Yhaut)^2)+(Zhautdroit-Zhaut)^2)) -> 3.2885334 | AD74: =IF(Xhaut="","",SQRT(((Xinterdroit-Xhaut)^2+(Yinterdroit-Yhaut)^2)+(Zinterdroit-Zhaut)^2)) -> 5.2986035 | AE74: =IF(Xhaut="","",SQRT(((Xbasdroit-Xhaut)^2+(Ybasdroit-Yhaut)^2)+(Zbasdroit-Zhaut)^2)) -> 6.5333518 | AF74: =IF(Xhautdroit="","",SQRT(((Xhautdroit-Xhautgauche)^2+(Yhautdroit-Yhautgauche)^2)+(Zhautdroit-Zhautgauche)^2)) -> 6.4331186 | AG74: =IF(Xinterdroit="","",SQRT(((Xinterdroit-Xintergauche)^2+(Yinterdroit-Yintergauche)^2)+(Zinterdroit-Zintergauche)^2)) -> 8.3933545 | AH74: =IF(Xbasdroit="","",SQRT(((Xbasdroit-Xbasgauche)^2+(Ybasdroit-Ybasgauche)^2)+(Zbasdroit-Zbasgauche)^2)) -> 7.6261344 | AI74: =IF(Z74="","",(Z74-Z$10)*1000) -> -28.263456 | AJ74: =IF(AA74="","",(AA74-AA$10)*1000) -> -24.990826 | AK74: =IF(AB74="","",(AB74-AB$10)*1000) -> -21.095056 | AL74: =IF(AC74="","",(AC74-AC$10)*1000) -> -9.1553928 | AM74: =IF(AD74="","",(AD74-AD$10)*1000) -> -18.662566 | AN74: =IF(AE74="","",(AE74-AE$10)*1000) -> -24.653445 | AO74: =IF(AF74="","",(AF74-AF$10)*1000) -> -18.484989 | AP74: =IF(AG74="","",(AG74-AG$10)*1000) -> -19.036981 | AQ74: =IF(AH74="","",(AH74-AH$10)*1000) -> -21.883793 | AS74: =IF(E74="","",(E74-E$10)*1000) -> -0.79999992 | AT74: =IF(F74="","",(F74-F$10)*1000) -> -13.9 | AU74: =IF(G74="","",(G74-G$10)*1000) -> 0.3 | AV74: =IF(H74="","",(H74-H$10)*1000) -> 0.89999998 | AW74: =IF(I74="","",(I74-I$10)*1000) -> -11.6 | AX74: =IF(J74="","",(J74-J$10)*1000) -> -1 | AY74: =IF(K74="","",(K74-K$10)*1000) -> -0.89999998 | AZ74: =IF(L74="","",(L74-L$10)*1000) -> -12.7 | ... BM74: =IF(Y74="","",(Y74-Y$10)*1000) -> 2.6 | BO74: 169.36846 | BP74: -3.7615929 | BQ74: -1.1605046 | BR74: 169.2078 | BS74: -4.2009658 | BT74: 0.82650197 | BU74: 169.18527 | BV74: -3.2296706 | BW74: 2.9664273 | BX74: 168.95833 | BY74: 0.21566611 | BZ74: 4.3298967 | CA74: 169.19844 | CB74: 3.2034291 | CC74: 2.9746956 | CD74: 169.19008 | CE74: 4.1923671 | CF74: 0.83367916 | CG74: 169.25394 | CH74: 3.8633216 | CI74: -1.0852594 | CK74: =IF(BO74="","",(BO74-BO$10)*1000) -> -6.5998965 | CL74: =IF(BP74="","",(BP74-BP$10)*1000) -> 12.259338 | CM74: =IF(BQ74="","",(BQ74-BQ$10)*1000) -> 0.36599896 | CN74: =IF(BR74="","",(BR74-BR$10)*1000) -> -4.0871004 | CO74: =IF(BS74="","",(BS74-BS$10)*1000) -> 10.893374 | CP74: =IF(BT74="","",(BT74-BT$10)*1000) -> -0.959129 | CQ74: =IF(BU74="","",(BU74-BU$10)*1000) -> -6.1833433 | CR74: =IF(BV74="","",(BV74-BV$10)*1000) -> 11.129522 | ... DE74: =IF(CI74="","",(CI74-CI$10)*1000) -> 2.6478108
A75: 43878 | B75: =IF(A75="","",A75-excav) -> 279 | C75: 222.9 | D75: =C75-PM -> 53.7 | E75: 823219.58 | F75: 1091508.6 | G75: -125.0105 | H75: 823219.25 | I75: 1091508.9 | J75: -123.025 | K75: masqué | N75: 823220.89 | O75: 1091504.8 | P75: -119.5245 | Q75: 823222.37 | R75: 1091502.2 | S75: -120.8775 | T75: 823222.78 | U75: 1091501.3 | V75: -123.0183 | W75: masqué | Z75: =IF(Xhaut="","",SQRT(((Xbasgauche-Xhaut)^2+(Ybasgauche-Yhaut)^2)+(Zbasgauche-Zhaut)^2)) -> 6.7883104 | AA75: =IF(Xhaut="","",SQRT(((Xintergauche-Xhaut)^2+(Yintergauche-Yhaut)^2)+(Zintergauche-Zhaut)^2)) -> 5.6413222 | AC75: =IF(Xhaut="","",SQRT(((Xhautdroit-Xhaut)^2+(Yhautdroit-Yhaut)^2)+(Zhautdroit-Zhaut)^2)) -> 3.2882321 | AD75: =IF(Xhaut="","",SQRT(((Xinterdroit-Xhaut)^2+(Yinterdroit-Yhaut)^2)+(Zinterdroit-Zhaut)^2)) -> 5.2980536 | AG75: =IF(Xinterdroit="","",SQRT(((Xinterdroit-Xintergauche)^2+(Yinterdroit-Yintergauche)^2)+(Zinterdroit-Zintergauche)^2)) -> 8.3929467 | AI75: =IF(Z75="","",(Z75-Z$10)*1000) -> -28.640875 | AJ75: =IF(AA75="","",(AA75-AA$10)*1000) -> -25.049364 | AK75: =IF(AB75="","",(AB75-AB$10)*1000) | AL75: =IF(AC75="","",(AC75-AC$10)*1000) -> -9.456676 | AM75: =IF(AD75="","",(AD75-AD$10)*1000) -> -19.212455 | AN75: =IF(AE75="","",(AE75-AE$10)*1000) | AO75: =IF(AF75="","",(AF75-AF$10)*1000) | AP75: =IF(AG75="","",(AG75-AG$10)*1000) -> -19.444713 | AQ75: =IF(AH75="","",(AH75-AH$10)*1000) | AS75: =IF(E75="","",(E75-E$10)*1000) -> 0.60000003 | AT75: =IF(F75="","",(F75-F$10)*1000) -> -14.9 | AU75: =IF(G75="","",(G75-G$10)*1000) -> -0.5 | AV75: =IF(H75="","",(H75-H$10)*1000) -> 2.2 | AW75: =IF(I75="","",(I75-I$10)*1000) -> -12.1 | AX75: =IF(J75="","",(J75-J$10)*1000) -> -1.7 | BB75: =IF(N75="","",(N75-N$10)*1000) -> -5.6 | BC75: =IF(O75="","",(O75-O$10)*1000) -> 0 | BD75: =IF(P75="","",(P75-P$10)*1000) -> -24.2 | BE75: =IF(Q75="","",(Q75-Q$10)*1000) -> -5.4 | BF75: =IF(R75="","",(R75-R$10)*1000) -> 4.6999999 | BG75: =IF(S75="","",(S75-S$10)*1000) -> -10.1 | BH75: =IF(T75="","",(T75-T$10)*1000) -> -6.5 | BI75: =IF(U75="","",(U75-U$10)*1000) -> 5.3000001 | BJ75: =IF(V75="","",(V75-V$10)*1000) -> -0.9 | BL75: =IF(X75="","",(X75-X$10)*1000) | BM75: =IF(Y75="","",(Y75-Y$10)*1000) | BO75: 169.3694 | BP75: -3.7603 | BQ75: -1.1613 | BR75: 169.2088 | BS75: -4.2 | BT75: 0.8258 | BU75: - | BV75: - | BW75: - | BX75: 168.9585 | BY75: 0.2169 | BZ75: 4.3288 | CA75: 169.1983 | CB75: 3.2042 | CC75: 2.9734 | CD75: 169.1897 | CE75: 4.193 | CF75: 0.8327 | CK75: =IF(BO75="","",(BO75-BO$10)*1000) -> -5.6556222 | CL75: =IF(BP75="","",(BP75-BP$10)*1000) -> 13.552242 | CM75: =IF(BQ75="","",(BQ75-BQ$10)*1000) -> -0.42944378 | CN75: =IF(BR75="","",(BR75-BR$10)*1000) -> -3.0902291 | CO75: =IF(BS75="","",(BS75-BS$10)*1000) -> 11.859154 | CP75: =IF(BT75="","",(BT75-BT$10)*1000) -> -1.6610977 | CT75: =IF(BX75="","",(BX75-BX$10)*1000) -> -5.1138646 | CU75: =IF(BY75="","",(BY75-BY$10)*1000) -> -2.3351047 | CV75: =IF(BZ75="","",(BZ75-BZ$10)*1000) -> -24.143861 | CW75: =IF(CA75="","",(CA75-CA$10)*1000) -> -2.8943419 | CX75: =IF(CB75="","",(CB75-CB$10)*1000) -> -6.5805659 | CY75: =IF(CC75="","",(CC75-CC$10)*1000) -> -10.068057 | CZ75: =IF(CD75="","",(CD75-CD$10)*1000) -> -3.6480277 | DA75: =IF(CE75="","",(CE75-CE$10)*1000) -> -7.5098044 | ... DE75: =IF(CI75="","",(CI75-CI$10)*1000)
A76: 43886 | B76: 287 | C76: 222.9 | D76: =C76-PM -> 53.7 | E76: 823219.58 | F76: 1091508.6 | G76: -125.0101 | H76: 823219.25 | I76: 1091508.9 | J76: -123.0247 | K76: masqué | N76: 823220.89 | O76: 1091504.8 | P76: -119.5246 | Q76: 823222.37 | R76: 1091502.2 | S76: -120.8774 | T76: 823222.78 | U76: 1091501.3 | V76: -123.0181 | W76: masqué | Z76: 6.7878507 | AA76: 5.6407826 | AC76: 3.2880021 | AD76: 5.2975249 | AE76: 6.5319952 | AG76: 8.3921302 | AH76: 7.6247007 | AI76: -29.100601 | AJ76: -25.588895 | AL76: -9.6867059 | AM76: -19.741141 | AN76: -26.010062 | AP76: -20.261308 | AQ76: -23.317462 | AS76: 0.69999998 | AT76: -14.1 | AU76: -0.1 | AV76: 2.3000001 | AW76: -11.6 | AX76: -1.4 | BB76: -5.5 | BC76: 0.9000001 | BD76: -24.3 | BE76: -5.1000001 | BF76: 5.9 | BG76: -10 | BH76: -6.4000001 | BI76: 6.7 | BJ76: -0.7 | BK76: -8.3999999 | BL76: 7.4 | BM76: 2.3 | BO76: 169.3697 | BP76: -3.7608 | BQ76: -1.1609 | BR76: 169.2091 | BS76: -4.2004 | BT76: 0.8261 | BU76: - | BV76: - | BW76: - | BX76: 168.959 | BY76: 0.2161 | BZ76: 4.3287 | CA76: 169.1991 | CB76: 3.2032 | CC76: 2.9735 | CD76: 169.1904 | CE76: 4.1917 | CF76: 0.8329 | CG76: 169.2542 | CH76: 3.8627 | CI76: -1.0856 | CK76: -5.3556222 | CL76: 13.052242 | CM76: -0.029443778 | CN76: -2.7902291 | CO76: 11.459154 | CP76: -1.3610977 | CT76: -4.6138646 | CU76: -3.1351047 | CV76: -24.243861 | CW76: -2.0943419 | CX76: -7.5805659 | CY76: -9.9680566 | CZ76: -2.9480277 | DA76: -8.8098044 | DB76: -0.64651972 | DC76: -4.5202747 | DD76: -10.243995 | DE76: 2.3072027
A77: 43896 | B77: =IF(A77="","",A77-excav) -> 297 | C77: 222.9 | D77: =C77-PM -> 53.7 | E77: 823219.58 | F77: 1091508.6 | G77: -125.0101 | H77: 823219.25 | I77: 1091508.9 | J77: -123.0248 | K77: masqué | N77: 823220.89 | O77: 1091504.8 | P77: -119.5249 | Q77: 823222.37 | R77: 1091502.2 | S77: -120.8775 | T77: 823222.78 | U77: 1091501.3 | V77: -123.0181 | W77: 823222.7 | X77: 1091501.6 | Y77: -124.9359 | Z77: =IF(Xhaut="","",SQRT(((Xbasgauche-Xhaut)^2+(Ybasgauche-Yhaut)^2)+(Zbasgauche-Zhaut)^2)) -> 6.7876254 | AA77: =IF(Xhaut="","",SQRT(((Xintergauche-Xhaut)^2+(Yintergauche-Yhaut)^2)+(Zintergauche-Zhaut)^2)) -> 5.6404547 | AC77: =IF(Xhaut="","",SQRT(((Xhautdroit-Xhaut)^2+(Yhautdroit-Yhaut)^2)+(Zhautdroit-Zhaut)^2)) -> 3.2878748 | AD77: =IF(Xhaut="","",SQRT(((Xinterdroit-Xhaut)^2+(Yinterdroit-Yhaut)^2)+(Zinterdroit-Zhaut)^2)) -> 5.2973576 | AE77: =IF(Xhaut="","",SQRT(((Xbasdroit-Xhaut)^2+(Ybasdroit-Yhaut)^2)+(Zbasdroit-Zhaut)^2)) -> 6.5317467 | AG77: =IF(Xinterdroit="","",SQRT(((Xinterdroit-Xintergauche)^2+(Yinterdroit-Yintergauche)^2)+(Zinterdroit-Zintergauche)^2)) -> 8.3919133 | AH77: =IF(Xbasdroit="","",SQRT(((Xbasdroit-Xbasgauche)^2+(Ybasdroit-Ybasgauche)^2)+(Zbasdroit-Zbasgauche)^2)) -> 7.6247102 | AI77: =IF(Z77="","",(Z77-Z$10)*1000) -> -29.325937 | AJ77: =IF(AA77="","",(AA77-AA$10)*1000) -> -25.916806 | AK77: =IF(AB77="","",(AB77-AB$10)*1000) | AL77: =IF(AC77="","",(AC77-AC$10)*1000) -> -9.8140029 | AM77: =IF(AD77="","",(AD77-AD$10)*1000) -> -19.90848 | AN77: =IF(AE77="","",(AE77-AE$10)*1000) -> -26.258589 | AO77: =IF(AF77="","",(AF77-AF$10)*1000) | AP77: =IF(AG77="","",(AG77-AG$10)*1000) -> -20.478138 | AQ77: =IF(AH77="","",(AH77-AH$10)*1000) -> -23.307975 | AS77: =IF(E77="","",(E77-E$10)*1000) -> 0.60000003 | AT77: =IF(F77="","",(F77-F$10)*1000) -> -14.6 | AU77: =IF(G77="","",(G77-G$10)*1000) -> -0.1 | AV77: =IF(H77="","",(H77-H$10)*1000) -> 2.2 | AW77: =IF(I77="","",(I77-I$10)*1000) -> -12.4 | AX77: =IF(J77="","",(J77-J$10)*1000) -> -1.5 | AZ77: =IF(L77="","",(L77-L$10)*1000) | BA77: =IF(M77="","",(M77-M$10)*1000) | BB77: =IF(N77="","",(N77-N$10)*1000) -> -5.8 | BC77: =IF(O77="","",(O77-O$10)*1000) -> 0.29999996 | BD77: =IF(P77="","",(P77-P$10)*1000) -> -24.6 | BE77: =IF(Q77="","",(Q77-Q$10)*1000) -> -5.5000001 | BF77: =IF(R77="","",(R77-R$10)*1000) -> 5.2999998 | BG77: =IF(S77="","",(S77-S$10)*1000) -> -10.1 | ... BM77: =IF(Y77="","",(Y77-Y$10)*1000) -> 2.3 | BO77: 169.3694 | BP77: -3.7604 | BQ77: -1.1609 | BR77: 169.2086 | BS77: -4.1997 | BT77: 0.826 | BU77: - | BV77: - | BW77: - | BX77: 168.9585 | BY77: 0.2165 | BZ77: 4.3284 | CA77: 169.1984 | CB77: 3.2037 | CC77: 2.9734 | CD77: 169.1897 | CE77: 4.1922 | CF77: 0.8329 | CG77: 169.2537 | CH77: 3.8631 | CI77: -1.0856 | CK77: =IF(BO77="","",(BO77-BO$10)*1000) -> -5.6556222 | CL77: =IF(BP77="","",(BP77-BP$10)*1000) -> 13.452242 | CM77: =IF(BQ77="","",(BQ77-BQ$10)*1000) -> -0.029443778 | CN77: =IF(BR77="","",(BR77-BR$10)*1000) -> -3.2902291 | CO77: =IF(BS77="","",(BS77-BS$10)*1000) -> 12.159154 | CP77: =IF(BT77="","",(BT77-BT$10)*1000) -> -1.4610977 | CT77: =IF(BX77="","",(BX77-BX$10)*1000) -> -5.1138646 | CU77: =IF(BY77="","",(BY77-BY$10)*1000) -> -2.7351047 | CV77: =IF(BZ77="","",(BZ77-BZ$10)*1000) -> -24.543861 | CW77: =IF(CA77="","",(CA77-CA$10)*1000) -> -2.7943419 | CX77: =IF(CB77="","",(CB77-CB$10)*1000) -> -7.0805659 | CY77: =IF(CC77="","",(CC77-CC$10)*1000) -> -10.068057 | CZ77: =IF(CD77="","",(CD77-CD$10)*1000) -> -3.6480277 | DA77: =IF(CE77="","",(CE77-CE$10)*1000) -> -8.3098044 | ... DE77: =IF(CI77="","",(CI77-CI$10)*1000) -> 2.3072027
A78: 43970 | B78: 371 | C78: 222.9 | D78: =C78-PM -> 53.7 | E78: 823219.58 | F78: 1091508.6 | G78: -125.0106 | H78: 823219.25 | I78: 1091508.9 | J78: -123.025 | K78: masqué | N78: 823220.89 | O78: 1091504.8 | P78: -119.5258 | Q78: 823222.37 | R78: 1091502.2 | S78: -120.8783 | T78: 823222.78 | U78: 1091501.3 | V78: -123.0182 | W78: 823222.7 | X78: 1091501.6 | Y78: -124.9362 | Z78: 6.7873192 | AA78: 5.6406179 | AC78: 3.2880371 | AD78: 5.2972629 | AE78: 6.5316602 | AG78: 8.3932322 | AH78: 7.6255021 | AI78: -29.632069 | AJ78: -25.753688 | AL78: -9.6516133 | AM78: -20.003212 | AN78: -26.345059 | AP78: -19.159224 | AQ78: -22.516085 | AS78: 0.20000001 | AT78: -14.9 | AU78: -0.6 | AV78: 1.8 | AW78: -11.9 | AX78: -1.7 | BB78: -6.4000001 | BC78: -0.10000006 | BD78: -25.5 | BE78: -6.0000001 | BF78: 4.6999999 | BG78: -10.9 | BH78: -7.3000001 | BI78: 4.9999999 | BJ78: -0.8 | BK78: -9.4 | BL78: 5.5 | BM78: 2 | BO78: 169.369 | BP78: -3.7604 | BQ78: -1.1614 | BR78: 169.2083 | BS78: -4.2 | BT78: 0.8258 | BU78: - | BV78: - | BW78: - | BX78: 168.9577 | BY78: 0.2167 | BZ78: 4.3275 | CA78: 169.1978 | CB78: 3.2039 | CC78: 2.9726 | CD78: 169.1889 | CE78: 4.1927 | CF78: 0.8328 | CG78: 169.2527 | CH78: 3.8637 | CI78: -1.0858 | CK78: -6.0556222 | CL78: 13.452242 | CM78: -0.52944378 | CN78: -3.5902291 | CO78: 11.859154 | CP78: -1.6610977 | CT78: -5.9138646 | CU78: -2.5351047 | CV78: -25.443861 | CW78: -3.3943419 | CX78: -6.8805659 | CY78: -10.868057 | CZ78: -4.4480277 | DA78: -7.8098044 | DB78: -0.74651972 | DC78: -6.0202747 | DD78: -9.2439952 | DE78: 2.1072027
