Workbook
Name cintre: 'Résultats observations'!#REF!
Name cintre: 'Résultats observations'!#REF!
Name date: 'Résultats observations'!$A:$A
Name DH_BD: 'Résultats observations'!#REF!
Name DH_BD: 'Résultats observations'!#REF!
Name DH_BG: 'Résultats observations'!#REF!
Name DH_BG: 'Résultats observations'!#REF!
Name DH_HD: 'Résultats observations'!$BW:$BW
Name DH_HG: 'Résultats observations'!$BQ:$BQ
Name DH_ID: 'Résultats observations'!$BZ:$BZ
Name DH_IG: 'Résultats observations'!$BN:$BN
Name DHhaut: 'Résultats observations'!$BT:$BT
Name dist: 'Résultats observations'!$D:$D
Name DPM_BD: 'Résultats observations'!#REF!
Name DPM_BD: 'Résultats observations'!#REF!
Name DPM_BG: 'Résultats observations'!#REF!
Name DPM_BG: 'Résultats observations'!#REF!
Name DPM_HD: 'Résultats observations'!$BV:$BV
Name DPM_HG: 'Résultats observations'!$BP:$BP
Name DPM_ID: 'Résultats observations'!$BY:$BY
Name DPM_IG: 'Résultats observations'!$BM:$BM
Name DPMhaut: 'Résultats observations'!$BS:$BS
Name DZ_BD: 'Résultats observations'!#REF!
Name DZ_BD: 'Résultats observations'!#REF!
Name DZ_BG: 'Résultats observations'!#REF!
Name DZ_BG: 'Résultats observations'!#REF!
Name DZ_HD: 'Résultats observations'!$AR:$AR
Name DZ_HG: 'Résultats observations'!$AL:$AL
Name DZ_ID: 'Résultats observations'!$AU:$AU
Name DZ_IG: 'Résultats observations'!$AI:$AI
Name DZhaut: 'Résultats observations'!$AO:$AO
Name Ecart_BD: 'Résultats observations'!#REF!
Name Ecart_BD: 'Résultats observations'!#REF!
Name Ecart_BG: 'Résultats observations'!#REF!
Name Ecart_BG: 'Résultats observations'!#REF!
Name Ecart_HD: 'Résultats observations'!$AB:$AB
Name Ecart_HG: 'Résultats observations'!$AA:$AA
Name Ecart_ID: 'Résultats observations'!$AC:$AC
Name Ecart_IG: 'Résultats observations'!$Z:$Z
Name Ecart_LB: 'Résultats observations'!#REF!
Name Ecart_LB: 'Résultats observations'!#REF!
Name Ecart_LH: 'Résultats observations'!$AD:$AD
Name Ecart_LI: 'Résultats observations'!$AE:$AE
Name excav: 'Résultats observations'!$A$7
Name front: 'Résultats observations'!$C:$C
Name galerie: 'Résultats observations'!#REF!
Name galerie: 'Résultats observations'!#REF!
Name jours: 'Résultats observations'!$B:$B
Name PM: 'Résultats observations'!$P$6
Name Xbasdroit: 'Résultats observations'!#REF!
Name Xbasdroit: 'Résultats observations'!#REF!
Name Xbasgauche: 'Résultats observations'!#REF!
Name Xbasgauche: 'Résultats observations'!#REF!
Name Xhaut: 'Résultats observations'!$K:$K
Name Xhautdroit: 'Résultats observations'!$N:$N
Name Xhautgauche: 'Résultats observations'!$H:$H
Name Xinterdroit: 'Résultats observations'!$Q:$Q
Name Xintergauche: 'Résultats observations'!$E:$E
Name Ybasdroit: 'Résultats observations'!#REF!
Name Ybasdroit: 'Résultats observations'!#REF!

Sheet Résultats observations
A6: Date point 0 | O6: PM = | P6: 170.4
A7: =A10 -> 43655
A8: Date | B8: Jours | C8: Front | D8: Dist | E8: Point intermédiaire gauche | H8: Point haut gauche | K8: Point centre haut | N8: Point haut droit | Q8: Point intermédiaire droit | AG8: Point intermédiaire gauche | AJ8: Point haut gauche | AM8: Point centre haut | AP8: Point haut droit | AS8: Point intermédiaire droit | AW8: Point intermédiaire gauche | AZ8: Point haut gauche | BC8: Point centre haut | BF8: Point haut droit | BI8: Point intermédiaire droit | BM8: Point intermédiaire gauche | BP8: Point haut gauche | BS8: Point centre haut | BV8: Point haut droit | BY8: Point intermédiaire droit
H9: X | I9: Y | J9: Z | K9: X | L9: Y | M9: Z | N9: X | O9: Y | P9: Z | T9: IG | U9: HG | V9: HD | W9: ID | X9: LH | Y9: LI | Z9: IG | AA9: HG | AB9: HD | AC9: ID | AD9: LH | AE9: LI | AG9: DX | AH9: DY | AI9: DZ | AJ9: DX | AK9: DY | AL9: DZ | AM9: DX | AN9: DY | AO9: DZ | AP9: DX | AQ9: DY | AR9: DZ | AS9: DX | AT9: DY | AU9: DZ | AW9: PM | AX9: H | AY9: V | AZ9: PM | BA9: H | BB9: V | BC9: PM | BD9: H | BE9: V | BF9: PM | BG9: H | BH9: V | BI9: PM | BJ9: H | BK9: V | BM9: DPM | BN9: DH | BO9: DZ | BP9: DPM | BQ9: DH | BR9: DZ | BS9: DPM | BT9: DH | BU9: DZ | BV9: DPM | BW9: DH | BX9: DZ | BY9: DPM | BZ9: DH | CA9: DZ
A10: 43655 | B10: 0 | C10: 184.3 | D10: =C10-PM -> 13.9 | E10: 823220.73 | F10: 1091507.9 | G10: -122.34745 | H10: 823221.65 | I10: 1091506.7 | J10: -121.07765 | K10: 823222.3 | L10: 1091505.3 | M10: -120.4067 | N10: 823222.81 | O10: 1091504.7 | P10: -121.09895 | Q10: 823223.22 | R10: 1091503.2 | S10: -122.24595 | T10: =IF(Xhaut="","",SQRT(((Xintergauche-Xhaut)^2+(Yintergauche-Yhaut)^2)+(Zintergauche-Zhaut)^2)) -> 3.5993378 | U10: =IF(Xhaut="","",SQRT(((Xhautgauche-Xhaut)^2+(Yhautgauche-Yhaut)^2)+(Zhautgauche-Zhaut)^2)) -> 1.6599261 | V10: =IF(Xhaut="","",SQRT(((Xhautdroit-Xhaut)^2+(Yhautdroit-Yhaut)^2)+(Zhautdroit-Zhaut)^2)) -> 1.0254438 | W10: =IF(Xhaut="","",SQRT(((Xinterdroit-Xhaut)^2+(Yinterdroit-Yhaut)^2)+(Zinterdroit-Zhaut)^2)) -> 2.9084967 | X10: =IF(Xhautdroit="","",SQRT(((Xhautdroit-Xhautgauche)^2+(Yhautdroit-Yhautgauche)^2)+(Zhautdroit-Zhautgauche)^2)) -> 2.2529149 | Y10: =IF(Xinterdroit="","",SQRT(((Xinterdroit-Xintergauche)^2+(Yinterdroit-Yintergauche)^2)+(Zinterdroit-Zintergauche)^2)) -> 5.274692 | Z10: 0 | AA10: 0 | AB10: 0 | AC10: 0 | AD10: 0 | AE10: 0 | AG10: 0 | AH10: 0 | AI10: 0 | AJ10: 0 | AK10: 0 | AL10: 0 | AM10: 0 | AN10: 0 | AO10: 0 | AP10: 0 | AQ10: 0 | AR10: 0 | AS10: 0 | AT10: 0 | AU10: 0 | AW10: 170.1097 | AX10: -2.6293 | AY10: 1.4943 | AZ10: 170.4293 | BA10: -1.1342 | BB10: 2.7609 | BC10: 170.4392 | BD10: 0.3841 | BE10: 3.4318 | BF10: 170.6642 | BG10: 1.1063 | BH10: 2.7373 | BI10: 170.3948 | BJ10: 2.6367 | BK10: 1.593 | BM10: 0 | BN10: 0 | BO10: 0 | BP10: 0 | BQ10: 0 | BR10: 0 | BS10: 0 | BT10: 0 | BU10: 0 | BV10: 0 | BW10: 0 | BX10: 0 | BY10: 0 | BZ10: 0 | CA10: 0
A11: 43657 | B11: =A11-$A$10 -> 2 | C11: 185.03 | D11: =C11-PM -> 14.63 | E11: 823220.73 | F11: 1091507.9 | G11: -122.3476 | H11: 823221.65 | I11: 1091506.7 | J11: -121.078 | K11: 823222.31 | L11: 1091505.3 | M11: -120.4071 | N11: 823222.81 | O11: 1091504.7 | P11: -121.0992 | Q11: 823223.22 | R11: 1091503.2 | S11: -122.2461 | T11: =IF(Xhaut="","",SQRT(((Xintergauche-Xhaut)^2+(Yintergauche-Yhaut)^2)+(Zintergauche-Zhaut)^2)) -> 3.599419 | U11: =IF(Xhaut="","",SQRT(((Xhautgauche-Xhaut)^2+(Yhautgauche-Yhaut)^2)+(Zhautgauche-Zhaut)^2)) -> 1.6600124 | V11: =IF(Xhaut="","",SQRT(((Xhautdroit-Xhaut)^2+(Yhautdroit-Yhaut)^2)+(Zhautdroit-Zhaut)^2)) -> 1.0251691 | W11: =IF(Xhaut="","",SQRT(((Xinterdroit-Xhaut)^2+(Yinterdroit-Yhaut)^2)+(Zinterdroit-Zhaut)^2)) -> 2.9082632 | X11: =IF(Xhautdroit="","",SQRT(((Xhautdroit-Xhautgauche)^2+(Yhautdroit-Yhautgauche)^2)+(Zhautdroit-Zhautgauche)^2)) -> 2.2526825 | Y11: =IF(Xinterdroit="","",SQRT(((Xinterdroit-Xintergauche)^2+(Yinterdroit-Yintergauche)^2)+(Zinterdroit-Zintergauche)^2)) -> 5.274907 | Z11: =IF(T11="","",(T11-T$10)*1000) -> 0.081236089 | AA11: =IF(U11="","",(U11-U$10)*1000) -> 0.086295387 | AB11: =IF(V11="","",(V11-V$10)*1000) -> -0.27464097 | AC11: =IF(W11="","",(W11-W$10)*1000) -> -0.23352312 | AD11: =IF(X11="","",(X11-X$10)*1000) -> -0.23236683 | AE11: =IF(Y11="","",(Y11-Y$10)*1000) -> 0.21494242 | AG11: =IF(E11="","",(E11-E$10)*1000) -> 0.59999991 | AH11: =IF(F11="","",(F11-F$10)*1000) -> -0.09999983 | AI11: =IF(G11="","",(G11-G$10)*1000) -> -0.15 | AJ11: =IF(H11="","",(H11-H$10)*1000) -> 0.75000001 | AK11: =IF(I11="","",(I11-I$10)*1000) -> -0.19999989 | AL11: =IF(J11="","",(J11-J$10)*1000) -> -0.35 | AM11: =IF(K11="","",(K11-K$10)*1000) -> 0.60000003 | AN11: =IF(L11="","",(L11-L$10)*1000) -> -0.40000002 | ... AU11: =IF(S11="","",(S11-S$10)*1000) -> -0.15 | AW11: 170.1102 | AX11: -2.6288 | AY11: 1.4942 | AZ11: 170.4299 | BA11: -1.1337 | BB11: 2.7606 | BC11: 170.4396 | BD11: 0.3847 | BE11: 3.4314 | BF11: 170.6649 | BG11: 1.1069 | BH11: 2.737 | BI11: 170.3958 | BJ11: 2.6373 | BK11: 1.5928 | BM11: =IF(AW11="","",(AW11-AW$10)*1000) -> 0.5 | BN11: =IF(AX11="","",(AX11-AX$10)*1000) -> 0.5 | BO11: =IF(AY11="","",(AY11-AY$10)*1000) -> -0.1 | BP11: =IF(AZ11="","",(AZ11-AZ$10)*1000) -> 0.6 | BQ11: =IF(BA11="","",(BA11-BA$10)*1000) -> 0.5 | BR11: =IF(BB11="","",(BB11-BB$10)*1000) -> -0.3 | BS11: =IF(BC11="","",(BC11-BC$10)*1000) -> 0.4 | BT11: =IF(BD11="","",(BD11-BD$10)*1000) -> 0.6 | ... CA11: =IF(BK11="","",(BK11-BK$10)*1000) -> -0.2
A12: 43661 | B12: =A12-$A$10 -> 6 | C12: 187.2 | D12: =C12-PM -> 16.8 | E12: 823220.73 | F12: 1091507.9 | G12: -122.3482 | H12: 823221.66 | I12: 1091506.7 | J12: -121.0783 | K12: 823222.31 | L12: 1091505.3 | M12: -120.4076 | N12: 823222.81 | O12: 1091504.7 | P12: -121.0997 | Q12: 823223.22 | R12: 1091503.2 | S12: -122.2469 | T12: =IF(Xhaut="","",SQRT(((Xintergauche-Xhaut)^2+(Yintergauche-Yhaut)^2)+(Zintergauche-Zhaut)^2)) -> 3.5991258 | U12: =IF(Xhaut="","",SQRT(((Xhautgauche-Xhaut)^2+(Yhautgauche-Yhaut)^2)+(Zhautgauche-Zhaut)^2)) -> 1.6598054 | V12: =IF(Xhaut="","",SQRT(((Xhautdroit-Xhaut)^2+(Yhautdroit-Yhaut)^2)+(Zhautdroit-Zhaut)^2)) -> 1.0255112 | W12: =IF(Xhaut="","",SQRT(((Xinterdroit-Xhaut)^2+(Yinterdroit-Yhaut)^2)+(Zinterdroit-Zhaut)^2)) -> 2.9079827 | X12: =IF(Xhautdroit="","",SQRT(((Xhautdroit-Xhautgauche)^2+(Yhautdroit-Yhautgauche)^2)+(Zhautdroit-Zhautgauche)^2)) -> 2.2531815 | Y12: =IF(Xinterdroit="","",SQRT(((Xinterdroit-Xintergauche)^2+(Yinterdroit-Yintergauche)^2)+(Zinterdroit-Zintergauche)^2)) -> 5.2737909 | Z12: =IF(T12="","",(T12-T$10)*1000) -> -0.21191044 | AA12: =IF(U12="","",(U12-U$10)*1000) -> -0.12063458 | AB12: =IF(V12="","",(V12-V$10)*1000) -> 0.06742101 | AC12: =IF(W12="","",(W12-W$10)*1000) -> -0.51402381 | AD12: =IF(X12="","",(X12-X$10)*1000) -> 0.26664726 | AE12: =IF(Y12="","",(Y12-Y$10)*1000) -> -0.9011185 | AG12: =IF(E12="","",(E12-E$10)*1000) -> 1.2999999 | AH12: =IF(F12="","",(F12-F$10)*1000) -> 2.3283064e-07 | AI12: =IF(G12="","",(G12-G$10)*1000) -> -0.75 | AJ12: =IF(H12="","",(H12-H$10)*1000) -> 1.0500001 | AK12: =IF(I12="","",(I12-I$10)*1000) -> 0 | AL12: =IF(J12="","",(J12-J$10)*1000) -> -0.65 | AM12: =IF(K12="","",(K12-K$10)*1000) -> 1 | AN12: =IF(L12="","",(L12-L$10)*1000) -> -2.3283064e-07 | ... AU12: =IF(S12="","",(S12-S$10)*1000) -> -0.95 | AW12: 170.1109 | AX12: -2.6287 | AY12: 1.4936 | AZ12: 170.4303 | BA12: -1.1338 | BB12: 2.7603 | BC12: 170.4401 | BD12: 0.3845 | BE12: 3.4309 | BF12: 170.6649 | BG12: 1.1071 | BH12: 2.7365 | BI12: 170.395 | BJ12: 2.6364 | BK12: 1.592 | BM12: =IF(AW12="","",(AW12-AW$10)*1000) -> 1.2 | BN12: =IF(AX12="","",(AX12-AX$10)*1000) -> 0.6 | BO12: =IF(AY12="","",(AY12-AY$10)*1000) -> -0.7 | BP12: =IF(AZ12="","",(AZ12-AZ$10)*1000) -> 1 | BQ12: =IF(BA12="","",(BA12-BA$10)*1000) -> 0.4 | BR12: =IF(BB12="","",(BB12-BB$10)*1000) -> -0.6 | BS12: =IF(BC12="","",(BC12-BC$10)*1000) -> 0.9 | BT12: =IF(BD12="","",(BD12-BD$10)*1000) -> 0.4 | ... CA12: =IF(BK12="","",(BK12-BK$10)*1000) -> -1
A13: 43663 | B13: =A13-$A$10 -> 8 | C13: 188.17 | D13: =C13-PM -> 17.77 | E13: 823220.73 | F13: 1091507.9 | G13: -122.3483 | H13: 823221.65 | I13: 1091506.7 | J13: -121.0792 | K13: 823222.31 | L13: 1091505.3 | M13: -120.4082 | N13: 823222.81 | O13: 1091504.7 | P13: -121.0998 | Q13: 823223.22 | R13: 1091503.2 | S13: -122.2462 | T13: =IF(Xhaut="","",SQRT(((Xintergauche-Xhaut)^2+(Yintergauche-Yhaut)^2)+(Zintergauche-Zhaut)^2)) -> 3.5983676 | U13: =IF(Xhaut="","",SQRT(((Xhautgauche-Xhaut)^2+(Yhautgauche-Yhaut)^2)+(Zhautgauche-Zhaut)^2)) -> 1.659627 | V13: =IF(Xhaut="","",SQRT(((Xhautdroit-Xhaut)^2+(Yhautdroit-Yhaut)^2)+(Zhautdroit-Zhaut)^2)) -> 1.0252682 | W13: =IF(Xhaut="","",SQRT(((Xinterdroit-Xhaut)^2+(Yinterdroit-Yhaut)^2)+(Zinterdroit-Zhaut)^2)) -> 2.90811 | X13: =IF(Xhautdroit="","",SQRT(((Xhautdroit-Xhautgauche)^2+(Yhautdroit-Yhautgauche)^2)+(Zhautdroit-Zhautgauche)^2)) -> 2.2529859 | Y13: =IF(Xinterdroit="","",SQRT(((Xinterdroit-Xintergauche)^2+(Yinterdroit-Yintergauche)^2)+(Zinterdroit-Zintergauche)^2)) -> 5.2746021 | Z13: =IF(T13="","",(T13-T$10)*1000) -> -0.97017878 | AA13: =IF(U13="","",(U13-U$10)*1000) -> -0.29911096 | AB13: =IF(V13="","",(V13-V$10)*1000) -> -0.1755452 | AC13: =IF(W13="","",(W13-W$10)*1000) -> -0.3867218 | AD13: =IF(X13="","",(X13-X$10)*1000) -> 0.071064045 | AE13: =IF(Y13="","",(Y13-Y$10)*1000) -> -0.089940131 | AG13: =IF(E13="","",(E13-E$10)*1000) -> 1.0999999 | AH13: =IF(F13="","",(F13-F$10)*1000) -> -1.4 | AI13: =IF(G13="","",(G13-G$10)*1000) -> -0.85 | AJ13: =IF(H13="","",(H13-H$10)*1000) -> 0.55 | AK13: =IF(I13="","",(I13-I$10)*1000) -> -1.2000001 | AL13: =IF(J13="","",(J13-J$10)*1000) -> -1.55 | AM13: =IF(K13="","",(K13-K$10)*1000) -> 1 | AN13: =IF(L13="","",(L13-L$10)*1000) -> -0.60000014 | ... AU13: =IF(S13="","",(S13-S$10)*1000) -> -0.25 | AW13: 170.1102 | AX13: -2.6275 | AY13: 1.4935 | AZ13: 170.4293 | BA13: -1.1329 | BB13: 2.7594 | BC13: 170.4399 | BD13: 0.385 | BE13: 3.4303 | BF13: 170.6649 | BG13: 1.1077 | BH13: 2.7364 | BI13: 170.3973 | BJ13: 2.6382 | BK13: 1.5927 | BM13: =IF(AW13="","",(AW13-AW$10)*1000) -> 0.5 | BN13: =IF(AX13="","",(AX13-AX$10)*1000) -> 1.8 | BO13: =IF(AY13="","",(AY13-AY$10)*1000) -> -0.8 | BP13: =IF(AZ13="","",(AZ13-AZ$10)*1000) -> 0 | BQ13: =IF(BA13="","",(BA13-BA$10)*1000) -> 1.3 | BR13: =IF(BB13="","",(BB13-BB$10)*1000) -> -1.5 | BS13: =IF(BC13="","",(BC13-BC$10)*1000) -> 0.7 | BT13: =IF(BD13="","",(BD13-BD$10)*1000) -> 0.9 | ... CA13: =IF(BK13="","",(BK13-BK$10)*1000) -> -0.3
A14: 43669 | B14: =A14-$A$10 -> 14 | C14: 189.2 | D14: =C14-PM -> 18.8 | E14: 823220.73 | F14: 1091507.9 | G14: -122.3486 | H14: non-visible (engin) | K14: 823222.3 | L14: 1091505.3 | M14: -120.4088 | N14: 823222.81 | O14: 1091504.7 | P14: -121.1001 | Q14: 823223.22 | R14: 1091503.2 | S14: -122.2468 | T14: =IF(Xhaut="","",SQRT(((Xintergauche-Xhaut)^2+(Yintergauche-Yhaut)^2)+(Zintergauche-Zhaut)^2)) -> 3.5980748 | U14: =IF(Xhaut="","",SQRT(((Xhautgauche-Xhaut)^2+(Yhautgauche-Yhaut)^2)+(Zhautgauche-Zhaut)^2)) -> #VALUE! | V14: =IF(Xhaut="","",SQRT(((Xhautdroit-Xhaut)^2+(Yhautdroit-Yhaut)^2)+(Zhautdroit-Zhaut)^2)) -> 1.0253048 | W14: =IF(Xhaut="","",SQRT(((Xinterdroit-Xhaut)^2+(Yinterdroit-Yhaut)^2)+(Zinterdroit-Zhaut)^2)) -> 2.9068517 | X14: =IF(Xhautdroit="","",SQRT(((Xhautdroit-Xhautgauche)^2+(Yhautdroit-Yhautgauche)^2)+(Zhautdroit-Zhautgauche)^2)) -> #VALUE! | Y14: =IF(Xinterdroit="","",SQRT(((Xinterdroit-Xintergauche)^2+(Yinterdroit-Yintergauche)^2)+(Zinterdroit-Zintergauche)^2)) -> 5.2727842 | Z14: =IF(T14="","",(T14-T$10)*1000) -> -1.2629818 | AA14: =IF(U14="","",(U14-U$10)*1000) -> #VALUE! | AB14: =IF(V14="","",(V14-V$10)*1000) -> -0.13901878 | AC14: =IF(W14="","",(W14-W$10)*1000) -> -1.6449811 | AD14: =IF(X14="","",(X14-X$10)*1000) -> #VALUE! | AE14: =IF(Y14="","",(Y14-Y$10)*1000) -> -1.9078435 | AG14: =IF(E14="","",(E14-E$10)*1000) -> -0.30000007 | AH14: =IF(F14="","",(F14-F$10)*1000) -> -0.69999998 | AI14: =IF(G14="","",(G14-G$10)*1000) -> -1.15 | AJ14: =IF(H14="","",(H14-H$10)*1000) -> #VALUE! | AK14: =IF(I14="","",(I14-I$10)*1000) | AL14: =IF(J14="","",(J14-J$10)*1000) | AM14: =IF(K14="","",(K14-K$10)*1000) -> -0.69999986 | AN14: =IF(L14="","",(L14-L$10)*1000) -> 0.09999983 | ... AU14: =IF(S14="","",(S14-S$10)*1000) -> -0.85 | AW14: 170.1092 | AX14: -2.6288 | AY14: 1.4932 | AZ14: non-visible (engin) | BC14: 170.4386 | BD14: 0.3837 | BE14: 3.4297 | BF14: 170.6644 | BG14: 1.1064 | BH14: 2.7361 | BI14: 170.3953 | BJ14: 2.6353 | BK14: 1.5921 | BM14: =IF(AW14="","",(AW14-AW$10)*1000) -> -0.5 | BN14: =IF(AX14="","",(AX14-AX$10)*1000) -> 0.5 | BO14: =IF(AY14="","",(AY14-AY$10)*1000) -> -1.1 | BP14: =IF(AZ14="","",(AZ14-AZ$10)*1000) -> #VALUE! | BQ14: =IF(BA14="","",(BA14-BA$10)*1000) | BR14: =IF(BB14="","",(BB14-BB$10)*1000) | BS14: =IF(BC14="","",(BC14-BC$10)*1000) -> -0.6 | BT14: =IF(BD14="","",(BD14-BD$10)*1000) -> -0.4 | ... CA14: =IF(BK14="","",(BK14-BK$10)*1000) -> -0.9
A15: 43675 | B15: =A15-$A$10 -> 20 | C15: 191.5 | D15: =C15-PM -> 21.1 | E15: 823220.73 | F15: 1091507.9 | G15: -122.3487 | H15: 823221.65 | I15: 1091506.7 | J15: -121.0802 | K15: 823222.3 | L15: 1091505.3 | M15: -120.4097 | N15: 823222.81 | O15: 1091504.7 | P15: -121.1013 | Q15: 823223.22 | R15: 1091503.2 | S15: -122.2469 | T15: =IF(Xhaut="","",SQRT(((Xintergauche-Xhaut)^2+(Yintergauche-Yhaut)^2)+(Zintergauche-Zhaut)^2)) -> 3.597783 | U15: =IF(Xhaut="","",SQRT(((Xhautgauche-Xhaut)^2+(Yhautgauche-Yhaut)^2)+(Zhautgauche-Zhaut)^2)) -> 1.6593464 | V15: =IF(Xhaut="","",SQRT(((Xhautdroit-Xhaut)^2+(Yhautdroit-Yhaut)^2)+(Zhautdroit-Zhaut)^2)) -> 1.0251291 | W15: =IF(Xhaut="","",SQRT(((Xinterdroit-Xhaut)^2+(Yinterdroit-Yhaut)^2)+(Zinterdroit-Zhaut)^2)) -> 2.9063854 | X15: =IF(Xhautdroit="","",SQRT(((Xhautdroit-Xhautgauche)^2+(Yhautdroit-Yhautgauche)^2)+(Zhautdroit-Zhautgauche)^2)) -> 2.2528015 | Y15: =IF(Xinterdroit="","",SQRT(((Xinterdroit-Xintergauche)^2+(Yinterdroit-Yintergauche)^2)+(Zinterdroit-Zintergauche)^2)) -> 5.2730598 | Z15: =IF(T15="","",(T15-T$10)*1000) -> -1.5547552 | AA15: =IF(U15="","",(U15-U$10)*1000) -> -0.57966459 | AB15: =IF(V15="","",(V15-V$10)*1000) -> -0.31463523 | AC15: =IF(W15="","",(W15-W$10)*1000) -> -2.1113031 | AD15: =IF(X15="","",(X15-X$10)*1000) -> -0.11334755 | AE15: =IF(Y15="","",(Y15-Y$10)*1000) -> -1.632245 | AG15: =IF(E15="","",(E15-E$10)*1000) -> 1.1999999 | AH15: =IF(F15="","",(F15-F$10)*1000) -> -2.4999999 | AI15: =IF(G15="","",(G15-G$10)*1000) -> -1.25 | AJ15: =IF(H15="","",(H15-H$10)*1000) -> -0.44999993 | AK15: =IF(I15="","",(I15-I$10)*1000) -> -3.1000001 | AL15: =IF(J15="","",(J15-J$10)*1000) -> -2.55 | AM15: =IF(K15="","",(K15-K$10)*1000) -> -0.19999989 | AN15: =IF(L15="","",(L15-L$10)*1000) -> -2.5000002 | ... AU15: =IF(S15="","",(S15-S$10)*1000) -> -0.95 | AW15: 170.1098 | AX15: -2.6265 | AY15: 1.4931 | AZ15: 170.4276 | BA15: -1.1316 | BB15: 2.7584 | BC15: 170.438 | BD15: 0.3862 | BE15: 3.4288 | BF15: 170.6625 | BG15: 1.1088 | BH15: 2.735 | BI15: 170.3946 | BJ15: 2.6379 | BK15: 1.592 | BM15: =IF(AW15="","",(AW15-AW$10)*1000) -> 0.1 | BN15: =IF(AX15="","",(AX15-AX$10)*1000) -> 2.8 | BO15: =IF(AY15="","",(AY15-AY$10)*1000) -> -1.2 | BP15: =IF(AZ15="","",(AZ15-AZ$10)*1000) -> -1.7 | BQ15: =IF(BA15="","",(BA15-BA$10)*1000) -> 2.6 | BR15: =IF(BB15="","",(BB15-BB$10)*1000) -> -2.5 | BS15: =IF(BC15="","",(BC15-BC$10)*1000) -> -1.2 | BT15: =IF(BD15="","",(BD15-BD$10)*1000) -> 2.1 | ... CA15: =IF(BK15="","",(BK15-BK$10)*1000) -> -1
A16: 43679 | B16: =A16-$A$10 -> 24 | C16: 192.5 | D16: =C16-PM -> 22.1 | E16: 823220.73 | F16: 1091507.9 | G16: -122.3485 | H16: 823221.65 | I16: 1091506.7 | J16: -121.0798 | K16: 823222.3 | L16: 1091505.3 | M16: -120.4093 | N16: 823222.81 | O16: 1091504.7 | P16: -121.101 | Q16: 823223.22 | R16: 1091503.2 | S16: -122.2463 | T16: =IF(Xhaut="","",SQRT(((Xintergauche-Xhaut)^2+(Yintergauche-Yhaut)^2)+(Zintergauche-Zhaut)^2)) -> 3.5983252 | U16: =IF(Xhaut="","",SQRT(((Xhautgauche-Xhaut)^2+(Yhautgauche-Yhaut)^2)+(Zhautgauche-Zhaut)^2)) -> 1.6599291 | V16: =IF(Xhaut="","",SQRT(((Xhautdroit-Xhaut)^2+(Yhautdroit-Yhaut)^2)+(Zhautdroit-Zhaut)^2)) -> 1.0251966 | W16: =IF(Xhaut="","",SQRT(((Xinterdroit-Xhaut)^2+(Yinterdroit-Yhaut)^2)+(Zinterdroit-Zhaut)^2)) -> 2.9055192 | X16: =IF(Xhautdroit="","",SQRT(((Xhautdroit-Xhautgauche)^2+(Yhautdroit-Yhautgauche)^2)+(Zhautdroit-Zhautgauche)^2)) -> 2.2533854 | Y16: =IF(Xinterdroit="","",SQRT(((Xinterdroit-Xintergauche)^2+(Yinterdroit-Yintergauche)^2)+(Zinterdroit-Zintergauche)^2)) -> 5.2726385 | Z16: =IF(T16="","",(T16-T$10)*1000) -> -1.0125454 | AA16: =IF(U16="","",(U16-U$10)*1000) -> 0.0030650547 | AB16: =IF(V16="","",(V16-V$10)*1000) -> -0.24716796 | AC16: =IF(W16="","",(W16-W$10)*1000) -> -2.9775062 | AD16: =IF(X16="","",(X16-X$10)*1000) -> 0.47049644 | AE16: =IF(Y16="","",(Y16-Y$10)*1000) -> -2.053483 | AG16: =IF(E16="","",(E16-E$10)*1000) -> 0.19999989 | AH16: =IF(F16="","",(F16-F$10)*1000) -> -1.1 | AI16: =IF(G16="","",(G16-G$10)*1000) -> -1.05 | AJ16: =IF(H16="","",(H16-H$10)*1000) -> -0.75000001 | AK16: =IF(I16="","",(I16-I$10)*1000) -> -1.2000001 | AL16: =IF(J16="","",(J16-J$10)*1000) -> -2.15 | AM16: =IF(K16="","",(K16-K$10)*1000) -> -0.69999986 | AN16: =IF(L16="","",(L16-L$10)*1000) -> -1.4000002 | ... AU16: =IF(S16="","",(S16-S$10)*1000) -> -0.35 | AW16: 170.10938 | AX16: -2.6280157 | AY16: 1.4932862 | AZ16: 170.42799 | BA16: -1.1330647 | BB16: 2.7588001 | BC16: 170.43813 | BD16: 0.38475323 | BE16: 3.4291987 | BF16: 170.66262 | BG16: 1.107455 | BH16: 2.7352538 | BI16: 170.3947 | BJ16: 2.6361705 | BK16: 1.5926331 | BM16: =IF(AW16="","",(AW16-AW$10)*1000) -> -0.3227 | BN16: =IF(AX16="","",(AX16-AX$10)*1000) -> 1.28428 | BO16: =IF(AY16="","",(AY16-AY$10)*1000) -> -1.013773 | BP16: =IF(AZ16="","",(AZ16-AZ$10)*1000) -> -1.3102 | BQ16: =IF(BA16="","",(BA16-BA$10)*1000) -> 1.135279 | BR16: =IF(BB16="","",(BB16-BB$10)*1000) -> -2.099898 | BS16: =IF(BC16="","",(BC16-BC$10)*1000) -> -1.0687 | BT16: =IF(BD16="","",(BD16-BD$10)*1000) -> 0.653229 | ... CA16: =IF(BK16="","",(BK16-BK$10)*1000) -> -0.36695
A17: 43682 | B17: =A17-$A$10 -> 27 | C17: 193.04 | D17: =C17-PM -> 22.64 | E17: 823220.73 | F17: 1091507.9 | G17: -122.3489 | H17: 823221.65 | I17: 1091506.7 | J17: -121.0806 | K17: 823222.3 | L17: 1091505.3 | M17: -120.4101 | N17: 823222.81 | O17: 1091504.7 | P17: -121.1015 | T17: =IF(Xhaut="","",SQRT(((Xintergauche-Xhaut)^2+(Yintergauche-Yhaut)^2)+(Zintergauche-Zhaut)^2)) -> 3.5977932 | U17: =IF(Xhaut="","",SQRT(((Xhautgauche-Xhaut)^2+(Yhautgauche-Yhaut)^2)+(Zhautgauche-Zhaut)^2)) -> 1.65946 | V17: =IF(Xhaut="","",SQRT(((Xhautdroit-Xhaut)^2+(Yhautdroit-Yhaut)^2)+(Zhautdroit-Zhaut)^2)) -> 1.0249942 | X17: =IF(Xhautdroit="","",SQRT(((Xhautdroit-Xhautgauche)^2+(Yhautdroit-Yhautgauche)^2)+(Zhautdroit-Zhautgauche)^2)) -> 2.2529714 | Y17: =IF(Xinterdroit="","",SQRT(((Xinterdroit-Xintergauche)^2+(Yinterdroit-Yintergauche)^2)+(Zinterdroit-Zintergauche)^2)) | Z17: =IF(T17="","",(T17-T$10)*1000) -> -1.5445935 | AA17: =IF(U17="","",(U17-U$10)*1000) -> -0.4660937 | AB17: =IF(V17="","",(V17-V$10)*1000) -> -0.44955394 | AD17: =IF(X17="","",(X17-X$10)*1000) -> 0.056527783 | AE17: =IF(Y17="","",(Y17-Y$10)*1000) | AG17: =IF(E17="","",(E17-E$10)*1000) -> -0.20000013 | AH17: =IF(F17="","",(F17-F$10)*1000) -> -2.2 | AI17: =IF(G17="","",(G17-G$10)*1000) -> -1.45 | AJ17: =IF(H17="","",(H17-H$10)*1000) -> -1.7499999 | AK17: =IF(I17="","",(I17-I$10)*1000) -> -2.7000001 | AL17: =IF(J17="","",(J17-J$10)*1000) -> -2.95 | AM17: =IF(K17="","",(K17-K$10)*1000) -> -0.99999993 | AN17: =IF(L17="","",(L17-L$10)*1000) -> -2.0000001 | ... AU17: =IF(S17="","",(S17-S$10)*1000) | AW17: 170.10863 | AX17: -2.6273691 | AY17: 1.4928937 | AZ17: 170.42662 | BA17: -1.1324905 | BB17: 2.7580138 | BC17: 170.43748 | BD17: 0.3854421 | BE17: 3.4284052 | BF17: 170.66201 | BG17: 1.1080533 | BH17: 2.7347599 | BM17: =IF(AW17="","",(AW17-AW$10)*1000) -> -1.0656119 | BN17: =IF(AX17="","",(AX17-AX$10)*1000) -> 1.9308822 | BO17: =IF(AY17="","",(AY17-AY$10)*1000) -> -1.4063439 | BP17: =IF(AZ17="","",(AZ17-AZ$10)*1000) -> -2.6814397 | BQ17: =IF(BA17="","",(BA17-BA$10)*1000) -> 1.7095482 | BR17: =IF(BB17="","",(BB17-BB$10)*1000) -> -2.8861856 | BS17: =IF(BC17="","",(BC17-BC$10)*1000) -> -1.7209699 | BT17: =IF(BD17="","",(BD17-BD$10)*1000) -> 1.3420961 | ... CA17: =IF(BK17="","",(BK17-BK$10)*1000)
A18: 43684 | B18: =A18-$A$10 -> 29 | C18: 193.6 | D18: =C18-PM -> 23.2 | E18: 823220.73 | F18: 1091507.9 | G18: -122.3493 | H18: 823221.65 | I18: 1091506.7 | J18: -121.0811 | K18: 823222.3 | L18: 1091505.3 | M18: -120.4105 | N18: 823222.81 | O18: 1091504.7 | P18: -121.1021 | Q18: 823223.22 | R18: 1091503.2 | S18: -122.2471 | T18: =IF(Xhaut="","",SQRT(((Xintergauche-Xhaut)^2+(Yintergauche-Yhaut)^2)+(Zintergauche-Zhaut)^2)) -> 3.598066 | U18: =IF(Xhaut="","",SQRT(((Xhautgauche-Xhaut)^2+(Yhautgauche-Yhaut)^2)+(Zhautgauche-Zhaut)^2)) -> 1.6593 | V18: =IF(Xhaut="","",SQRT(((Xhautdroit-Xhaut)^2+(Yhautdroit-Yhaut)^2)+(Zhautdroit-Zhaut)^2)) -> 1.0251291 | W18: =IF(Xhaut="","",SQRT(((Xinterdroit-Xhaut)^2+(Yinterdroit-Yhaut)^2)+(Zinterdroit-Zhaut)^2)) -> 2.906069 | X18: =IF(Xhautdroit="","",SQRT(((Xhautdroit-Xhautgauche)^2+(Yhautdroit-Yhautgauche)^2)+(Zhautdroit-Zhautgauche)^2)) -> 2.2527321 | Y18: =IF(Xinterdroit="","",SQRT(((Xinterdroit-Xintergauche)^2+(Yinterdroit-Yintergauche)^2)+(Zinterdroit-Zintergauche)^2)) -> 5.2736147 | Z18: =IF(T18="","",(T18-T$10)*1000) -> -1.2717657 | AA18: =IF(U18="","",(U18-U$10)*1000) -> -0.62604786 | AB18: =IF(V18="","",(V18-V$10)*1000) -> -0.31463523 | AC18: =IF(W18="","",(W18-W$10)*1000) -> -2.4277477 | AD18: =IF(X18="","",(X18-X$10)*1000) -> -0.18274878 | AE18: =IF(Y18="","",(Y18-Y$10)*1000) -> -1.0773601 | AG18: =IF(E18="","",(E18-E$10)*1000) -> 0.69999986 | AH18: =IF(F18="","",(F18-F$10)*1000) -> -1.1 | AI18: =IF(G18="","",(G18-G$10)*1000) -> -1.85 | AJ18: =IF(H18="","",(H18-H$10)*1000) -> -0.75000001 | AK18: =IF(I18="","",(I18-I$10)*1000) -> -2.2 | AL18: =IF(J18="","",(J18-J$10)*1000) -> -3.45 | AM18: =IF(K18="","",(K18-K$10)*1000) -> -0.29999996 | AN18: =IF(L18="","",(L18-L$10)*1000) -> -1.4000002 | ... AU18: =IF(S18="","",(S18-S$10)*1000) -> -1.15 | AW18: 170.1097 | AX18: -2.6275325 | AY18: 1.492483 | AZ18: 170.42761 | BA18: -1.1322491 | BB18: 2.7575039 | BC18: 170.43832 | BD18: 0.38528481 | BE18: 3.4279968 | BF18: 170.66277 | BG18: 1.1080772 | BH18: 2.7341523 | BI18: 170.39524 | BJ18: 2.6366476 | BK18: 1.5918276 | BM18: =IF(AW18="","",(AW18-AW$10)*1000) -> 0.0036 | BN18: =IF(AX18="","",(AX18-AX$10)*1000) -> 1.767494 | BO18: =IF(AY18="","",(AY18-AY$10)*1000) -> -1.817036 | BP18: =IF(AZ18="","",(AZ18-AZ$10)*1000) -> -1.6906 | BQ18: =IF(BA18="","",(BA18-BA$10)*1000) -> 1.950942 | BR18: =IF(BB18="","",(BB18-BB$10)*1000) -> -3.396094 | BS18: =IF(BC18="","",(BC18-BC$10)*1000) -> -0.8752 | BT18: =IF(BD18="","",(BD18-BD$10)*1000) -> 1.184806 | ... CA18: =IF(BK18="","",(BK18-BK$10)*1000) -> -1.172448
A19: 43685 | B19: =A19-$A$10 -> 30 | C19: 193.6 | D19: =C19-PM -> 23.2 | E19: 823220.73 | F19: 1091507.9 | G19: -122.3489 | H19: 823221.65 | I19: 1091506.7 | J19: -121.0807 | K19: 823222.3 | L19: 1091505.3 | M19: -120.4101 | N19: 823222.81 | O19: 1091504.7 | P19: -121.1014 | Q19: 823223.22 | R19: 1091503.2 | S19: -122.2465 | T19: =IF(Xhaut="","",SQRT(((Xintergauche-Xhaut)^2+(Yintergauche-Yhaut)^2)+(Zintergauche-Zhaut)^2)) -> 3.5980223 | U19: =IF(Xhaut="","",SQRT(((Xhautgauche-Xhaut)^2+(Yhautgauche-Yhaut)^2)+(Zhautgauche-Zhaut)^2)) -> 1.6593785 | V19: =IF(Xhaut="","",SQRT(((Xhautdroit-Xhaut)^2+(Yhautdroit-Yhaut)^2)+(Zhautdroit-Zhaut)^2)) -> 1.0249268 | W19: =IF(Xhaut="","",SQRT(((Xinterdroit-Xhaut)^2+(Yinterdroit-Yhaut)^2)+(Zinterdroit-Zhaut)^2)) -> 2.9058798 | X19: =IF(Xhautdroit="","",SQRT(((Xhautdroit-Xhautgauche)^2+(Yhautdroit-Yhautgauche)^2)+(Zhautdroit-Zhautgauche)^2)) -> 2.2528323 | Y19: =IF(Xinterdroit="","",SQRT(((Xinterdroit-Xintergauche)^2+(Yinterdroit-Yintergauche)^2)+(Zinterdroit-Zintergauche)^2)) -> 5.2734773 | Z19: =IF(T19="","",(T19-T$10)*1000) -> -1.3154325 | AA19: =IF(U19="","",(U19-U$10)*1000) -> -0.54755879 | AB19: =IF(V19="","",(V19-V$10)*1000) -> -0.51700532 | AC19: =IF(W19="","",(W19-W$10)*1000) -> -2.6169371 | AD19: =IF(X19="","",(X19-X$10)*1000) -> -0.082532695 | AE19: =IF(Y19="","",(Y19-Y$10)*1000) -> -1.2147637 | AG19: =IF(E19="","",(E19-E$10)*1000) -> 1.1999999 | AH19: =IF(F19="","",(F19-F$10)*1000) -> -2.0999999 | AI19: =IF(G19="","",(G19-G$10)*1000) -> -1.45 | AJ19: =IF(H19="","",(H19-H$10)*1000) -> -0.55 | AK19: =IF(I19="","",(I19-I$10)*1000) -> -3.1999999 | AL19: =IF(J19="","",(J19-J$10)*1000) -> -3.05 | AM19: =IF(K19="","",(K19-K$10)*1000) -> 0.10000006 | AN19: =IF(L19="","",(L19-L$10)*1000) -> -2.4000001 | ... AU19: =IF(S19="","",(S19-S$10)*1000) -> -0.55 | AW19: 170.10978 | AX19: -2.6265055 | AY19: 1.4928822 | AZ19: 170.42741 | BA19: -1.1313489 | BB19: 2.7579059 | BC19: 170.43835 | BD19: 0.3861789 | BE19: 3.4283965 | BF19: 170.66275 | BG19: 1.1090619 | BH19: 2.7348525 | BI19: 170.39505 | BJ19: 2.6375478 | BK19: 1.5924295 | BM19: =IF(AW19="","",(AW19-AW$10)*1000) -> 0.0764 | BN19: =IF(AX19="","",(AX19-AX$10)*1000) -> 2.794483 | BO19: =IF(AY19="","",(AY19-AY$10)*1000) -> -1.417764 | BP19: =IF(AZ19="","",(AZ19-AZ$10)*1000) -> -1.8897 | BQ19: =IF(BA19="","",(BA19-BA$10)*1000) -> 2.851135 | BR19: =IF(BB19="","",(BB19-BB$10)*1000) -> -2.994103 | BS19: =IF(BC19="","",(BC19-BC$10)*1000) -> -0.8508 | BT19: =IF(BD19="","",(BD19-BD$10)*1000) -> 2.078901 | ... CA19: =IF(BK19="","",(BK19-BK$10)*1000) -> -0.570457
A20: 43689 | B20: =A20-$A$10 -> 34 | C20: 194.8 | D20: =C20-PM -> 24.4 | E20: 823220.73 | F20: 1091507.9 | G20: -122.3496 | H20: 823221.65 | I20: 1091506.7 | J20: -121.0818 | K20: 823222.3 | L20: 1091505.3 | M20: -120.4111 | N20: 823222.81 | O20: 1091504.7 | P20: -121.1025 | Q20: 823223.22 | R20: 1091503.2 | S20: -122.247 | T20: =IF(Xhaut="","",SQRT(((Xintergauche-Xhaut)^2+(Yintergauche-Yhaut)^2)+(Zintergauche-Zhaut)^2)) -> 3.5979043 | U20: =IF(Xhaut="","",SQRT(((Xhautgauche-Xhaut)^2+(Yhautgauche-Yhaut)^2)+(Zhautgauche-Zhaut)^2)) -> 1.6594582 | V20: =IF(Xhaut="","",SQRT(((Xhautdroit-Xhaut)^2+(Yhautdroit-Yhaut)^2)+(Zhautdroit-Zhaut)^2)) -> 1.0249446 | W20: =IF(Xhaut="","",SQRT(((Xinterdroit-Xhaut)^2+(Yinterdroit-Yhaut)^2)+(Zinterdroit-Zhaut)^2)) -> 2.9048553 | X20: =IF(Xhautdroit="","",SQRT(((Xhautdroit-Xhautgauche)^2+(Yhautdroit-Yhautgauche)^2)+(Zhautdroit-Zhautgauche)^2)) -> 2.2528323 | Y20: =IF(Xinterdroit="","",SQRT(((Xinterdroit-Xintergauche)^2+(Yinterdroit-Yintergauche)^2)+(Zinterdroit-Zintergauche)^2)) -> 5.2726463 | Z20: =IF(T20="","",(T20-T$10)*1000) -> -1.4334103 | AA20: =IF(U20="","",(U20-U$10)*1000) -> -0.46789234 | AB20: =IF(V20="","",(V20-V$10)*1000) -> -0.49919935 | AC20: =IF(W20="","",(W20-W$10)*1000) -> -3.6414462 | AD20: =IF(X20="","",(X20-X$10)*1000) -> -0.082532755 | AE20: =IF(Y20="","",(Y20-Y$10)*1000) -> -2.0457146 | AG20: =IF(E20="","",(E20-E$10)*1000) -> -0.50000008 | AH20: =IF(F20="","",(F20-F$10)*1000) -> -2.0999999 | AI20: =IF(G20="","",(G20-G$10)*1000) -> -2.15 | AJ20: =IF(H20="","",(H20-H$10)*1000) -> -2.2499999 | AK20: =IF(I20="","",(I20-I$10)*1000) -> -3.1999999 | AL20: =IF(J20="","",(J20-J$10)*1000) -> -4.15 | AM20: =IF(K20="","",(K20-K$10)*1000) -> -1.4999999 | AN20: =IF(L20="","",(L20-L$10)*1000) -> -2.4000001 | ... AU20: =IF(S20="","",(S20-S$10)*1000) -> -1.05 | AW20: 170.10836 | AX20: -2.6274959 | AY20: 1.4921964 | AZ20: 170.42591 | BA20: -1.132158 | BB20: 2.7568209 | BC20: 170.4369 | BD20: 0.38550266 | BE20: 3.427411 | BF20: 170.66121 | BG20: 1.1083434 | BH20: 2.7337679 | BI20: 170.39381 | BJ20: 2.6364184 | BK20: 1.5919419 | BM20: =IF(AW20="","",(AW20-AW$10)*1000) -> -1.3375 | BN20: =IF(AX20="","",(AX20-AX$10)*1000) -> 1.804087 | BO20: =IF(AY20="","",(AY20-AY$10)*1000) -> -2.103625 | BP20: =IF(AZ20="","",(AZ20-AZ$10)*1000) -> -3.3882 | BQ20: =IF(BA20="","",(BA20-BA$10)*1000) -> 2.041997 | BR20: =IF(BB20="","",(BB20-BB$10)*1000) -> -4.079118 | BS20: =IF(BC20="","",(BC20-BC$10)*1000) -> -2.3009 | BT20: =IF(BD20="","",(BD20-BD$10)*1000) -> 1.402658 | ... CA20: =IF(BK20="","",(BK20-BK$10)*1000) -> -1.05807
A21: 43690 | B21: =A21-$A$10 -> 35 | C21: 194.8 | D21: =C21-PM -> 24.4 | E21: 823220.73 | F21: 1091507.9 | G21: -122.3492 | H21: 823221.65 | I21: 1091506.7 | J21: -121.0814 | K21: 823222.3 | L21: 1091505.3 | M21: -120.4105 | N21: 823222.81 | O21: 1091504.7 | P21: -121.1019 | Q21: 823223.22 | R21: 1091503.2 | S21: -122.2466 | T21: =IF(Xhaut="","",SQRT(((Xintergauche-Xhaut)^2+(Yintergauche-Yhaut)^2)+(Zintergauche-Zhaut)^2)) -> 3.5974665 | U21: =IF(Xhaut="","",SQRT(((Xhautgauche-Xhaut)^2+(Yhautgauche-Yhaut)^2)+(Zhautgauche-Zhaut)^2)) -> 1.6590273 | V21: =IF(Xhaut="","",SQRT(((Xhautdroit-Xhaut)^2+(Yhautdroit-Yhaut)^2)+(Zhautdroit-Zhaut)^2)) -> 1.0252433 | W21: =IF(Xhaut="","",SQRT(((Xinterdroit-Xhaut)^2+(Yinterdroit-Yhaut)^2)+(Zinterdroit-Zhaut)^2)) -> 2.9056588 | X21: =IF(Xhautdroit="","",SQRT(((Xhautdroit-Xhautgauche)^2+(Yhautdroit-Yhautgauche)^2)+(Zhautdroit-Zhautgauche)^2)) -> 2.252985 | Y21: =IF(Xinterdroit="","",SQRT(((Xinterdroit-Xintergauche)^2+(Yinterdroit-Yintergauche)^2)+(Zinterdroit-Zintergauche)^2)) -> 5.2727876 | Z21: =IF(T21="","",(T21-T$10)*1000) -> -1.8712529 | AA21: =IF(U21="","",(U21-U$10)*1000) -> -0.89875166 | AB21: =IF(V21="","",(V21-V$10)*1000) -> -0.20047066 | AC21: =IF(W21="","",(W21-W$10)*1000) -> -2.8379113 | AD21: =IF(X21="","",(X21-X$10)*1000) -> 0.070151922 | AE21: =IF(Y21="","",(Y21-Y$10)*1000) -> -1.9044031 | AG21: =IF(E21="","",(E21-E$10)*1000) -> -0.30000007 | AH21: =IF(F21="","",(F21-F$10)*1000) -> -3.0999999 | AI21: =IF(G21="","",(G21-G$10)*1000) -> -1.75 | AJ21: =IF(H21="","",(H21-H$10)*1000) -> -2.4499999 | AK21: =IF(I21="","",(I21-I$10)*1000) -> -4.2000001 | AL21: =IF(J21="","",(J21-J$10)*1000) -> -3.75 | AM21: =IF(K21="","",(K21-K$10)*1000) -> -0.89999987 | AN21: =IF(L21="","",(L21-L$10)*1000) -> -2.4000001 | ... AU21: =IF(S21="","",(S21-S$10)*1000) -> -0.65 | AW21: 170.10825 | AX21: -2.626777 | AY21: 1.4925975 | AZ21: 170.42531 | BA21: -1.1313362 | BB21: 2.7572269 | BC21: 170.43719 | BD21: 0.38630002 | BE21: 3.4280081 | BF21: 170.66092 | BG21: 1.1092014 | BH21: 2.7343708 | BI21: 170.39388 | BJ21: 2.6374454 | BK21: 1.5923412 | BM21: =IF(AW21="","",(AW21-AW$10)*1000) -> -1.4521 | BN21: =IF(AX21="","",(AX21-AX$10)*1000) -> 2.523021 | BO21: =IF(AY21="","",(AY21-AY$10)*1000) -> -1.702479 | BP21: =IF(AZ21="","",(AZ21-AZ$10)*1000) -> -3.9921 | BQ21: =IF(BA21="","",(BA21-BA$10)*1000) -> 2.863759 | BR21: =IF(BB21="","",(BB21-BB$10)*1000) -> -3.673079 | BS21: =IF(BC21="","",(BC21-BC$10)*1000) -> -2.0107 | BT21: =IF(BD21="","",(BD21-BD$10)*1000) -> 2.200024 | ... CA21: =IF(BK21="","",(BK21-BK$10)*1000) -> -0.658797
A22: 43696 | B22: =A22-$A$10 -> 41 | C22: 195.4 | D22: =C22-PM -> 25 | E22: 823220.73 | F22: 1091507.9 | G22: -122.3493 | H22: 823221.65 | I22: 1091506.7 | J22: -121.0818 | K22: 823222.3 | L22: 1091505.3 | M22: -120.4111 | N22: 823222.81 | O22: 1091504.7 | P22: -121.1022 | Q22: 823223.22 | R22: 1091503.2 | S22: -122.2463 | T22: =IF(Xhaut="","",SQRT(((Xintergauche-Xhaut)^2+(Yintergauche-Yhaut)^2)+(Zintergauche-Zhaut)^2)) -> 3.5979634 | U22: =IF(Xhaut="","",SQRT(((Xhautgauche-Xhaut)^2+(Yhautgauche-Yhaut)^2)+(Zhautgauche-Zhaut)^2)) -> 1.6592848 | V22: =IF(Xhaut="","",SQRT(((Xhautdroit-Xhaut)^2+(Yhautdroit-Yhaut)^2)+(Zhautdroit-Zhaut)^2)) -> 1.0251199 | W22: =IF(Xhaut="","",SQRT(((Xinterdroit-Xhaut)^2+(Yinterdroit-Yhaut)^2)+(Zinterdroit-Zhaut)^2)) -> 2.9046409 | X22: =IF(Xhautdroit="","",SQRT(((Xhautdroit-Xhautgauche)^2+(Yhautdroit-Yhautgauche)^2)+(Zhautdroit-Zhautgauche)^2)) -> 2.2532585 | Y22: =IF(Xinterdroit="","",SQRT(((Xinterdroit-Xintergauche)^2+(Yinterdroit-Yintergauche)^2)+(Zinterdroit-Zintergauche)^2)) -> 5.2731844 | Z22: =IF(T22="","",(T22-T$10)*1000) -> -1.3743097 | AA22: =IF(U22="","",(U22-U$10)*1000) -> -0.64125919 | AB22: =IF(V22="","",(V22-V$10)*1000) -> -0.32389757 | AC22: =IF(W22="","",(W22-W$10)*1000) -> -3.8558556 | AD22: =IF(X22="","",(X22-X$10)*1000) -> 0.34368141 | AE22: =IF(Y22="","",(Y22-Y$10)*1000) -> -1.5075846 | AG22: =IF(E22="","",(E22-E$10)*1000) -> -1.3000001 | AH22: =IF(F22="","",(F22-F$10)*1000) -> -1.1 | AI22: =IF(G22="","",(G22-G$10)*1000) -> -1.85 | AJ22: =IF(H22="","",(H22-H$10)*1000) -> -2.4499999 | AK22: =IF(I22="","",(I22-I$10)*1000) -> -2.3000001 | AL22: =IF(J22="","",(J22-J$10)*1000) -> -4.15 | AM22: =IF(K22="","",(K22-K$10)*1000) -> -1.2999999 | AN22: =IF(L22="","",(L22-L$10)*1000) -> -1.1000002 | ... AU22: =IF(S22="","",(S22-S$10)*1000) -> -0.35 | AW22: 170.1081 | AX22: -2.6288 | AY22: 1.4925 | AZ22: 170.4262 | BA22: -1.1331 | BB22: 2.7568 | BC22: 170.4376 | BD22: 0.3845 | BE22: 3.4274 | BF22: 170.6619 | BG22: 1.1077 | BH22: 2.7341 | BI22: 170.395 | BJ22: 2.6355 | BK22: 1.5926 | BM22: =IF(AW22="","",(AW22-AW$10)*1000) -> -1.6 | BN22: =IF(AX22="","",(AX22-AX$10)*1000) -> 0.5 | BO22: =IF(AY22="","",(AY22-AY$10)*1000) -> -1.8 | BP22: =IF(AZ22="","",(AZ22-AZ$10)*1000) -> -3.1 | BQ22: =IF(BA22="","",(BA22-BA$10)*1000) -> 1.1 | BR22: =IF(BB22="","",(BB22-BB$10)*1000) -> -4.1 | BS22: =IF(BC22="","",(BC22-BC$10)*1000) -> -1.6 | BT22: =IF(BD22="","",(BD22-BD$10)*1000) -> 0.4 | ... CA22: =IF(BK22="","",(BK22-BK$10)*1000) -> -0.4
A23: 43699 | B23: =A23-$A$10 -> 44 | C23: 196.35 | D23: =C23-PM -> 25.95 | E23: 823220.73 | F23: 1091507.9 | G23: -122.3498 | H23: 823221.65 | I23: 1091506.7 | J23: -121.0826 | K23: 823222.3 | L23: 1091505.3 | M23: -120.4116 | N23: 823222.81 | O23: 1091504.7 | P23: -121.1029 | Q23: 823223.22 | R23: 1091503.2 | S23: -122.2467 | T23: =IF(Xhaut="","",SQRT(((Xintergauche-Xhaut)^2+(Yintergauche-Yhaut)^2)+(Zintergauche-Zhaut)^2)) -> 3.5980071 | U23: =IF(Xhaut="","",SQRT(((Xhautgauche-Xhaut)^2+(Yhautgauche-Yhaut)^2)+(Zhautgauche-Zhaut)^2)) -> 1.6594021 | V23: =IF(Xhaut="","",SQRT(((Xhautdroit-Xhaut)^2+(Yhautdroit-Yhaut)^2)+(Zhautdroit-Zhaut)^2)) -> 1.0251008 | W23: =IF(Xhaut="","",SQRT(((Xinterdroit-Xhaut)^2+(Yinterdroit-Yhaut)^2)+(Zinterdroit-Zhaut)^2)) -> 2.9044674 | X23: =IF(Xhautdroit="","",SQRT(((Xhautdroit-Xhautgauche)^2+(Yhautdroit-Yhautgauche)^2)+(Zhautdroit-Zhautgauche)^2)) -> 2.2530862 | Y23: =IF(Xinterdroit="","",SQRT(((Xinterdroit-Xintergauche)^2+(Yinterdroit-Yintergauche)^2)+(Zinterdroit-Zintergauche)^2)) -> 5.2731043 | Z23: =IF(T23="","",(T23-T$10)*1000) -> -1.3306116 | AA23: =IF(U23="","",(U23-U$10)*1000) -> -0.52399599 | AB23: =IF(V23="","",(V23-V$10)*1000) -> -0.34299298 | AC23: =IF(W23="","",(W23-W$10)*1000) -> -4.0293174 | AD23: =IF(X23="","",(X23-X$10)*1000) -> 0.17136668 | AE23: =IF(Y23="","",(Y23-Y$10)*1000) -> -1.587729 | AG23: =IF(E23="","",(E23-E$10)*1000) -> -1.5000001 | AH23: =IF(F23="","",(F23-F$10)*1000) -> -1.4999998 | AI23: =IF(G23="","",(G23-G$10)*1000) -> -2.35 | AJ23: =IF(H23="","",(H23-H$10)*1000) -> -2.75 | AK23: =IF(I23="","",(I23-I$10)*1000) -> -2.7999999 | AL23: =IF(J23="","",(J23-J$10)*1000) -> -4.95 | AM23: =IF(K23="","",(K23-K$10)*1000) -> -1.4 | AN23: =IF(L23="","",(L23-L$10)*1000) -> -1.5 | ... AU23: =IF(S23="","",(S23-S$10)*1000) -> -0.75 | AW23: 170.1078 | AX23: -2.6286 | AY23: 1.492 | AZ23: 170.4257 | BA23: -1.1328 | BB23: 2.756 | BC23: 170.4373 | BD23: 0.3848 | BE23: 3.4269 | BF23: 170.6615 | BG23: 1.1078 | BH23: 2.7334 | BI23: 170.3949 | BJ23: 2.6357 | BK23: 1.5922 | BM23: =IF(AW23="","",(AW23-AW$10)*1000) -> -1.9 | BN23: =IF(AX23="","",(AX23-AX$10)*1000) -> 0.7 | BO23: =IF(AY23="","",(AY23-AY$10)*1000) -> -2.3 | BP23: =IF(AZ23="","",(AZ23-AZ$10)*1000) -> -3.6 | BQ23: =IF(BA23="","",(BA23-BA$10)*1000) -> 1.4 | BR23: =IF(BB23="","",(BB23-BB$10)*1000) -> -4.9 | BS23: =IF(BC23="","",(BC23-BC$10)*1000) -> -1.9 | BT23: =IF(BD23="","",(BD23-BD$10)*1000) -> 0.7 | ... CA23: =IF(BK23="","",(BK23-BK$10)*1000) -> -0.8
A24: 43703 | B24: =A24-$A$10 -> 48 | C24: 196.35 | D24: =C24-PM -> 25.95 | E24: 823220.73 | F24: 1091507.9 | G24: -122.3501 | H24: 823221.65 | I24: 1091506.7 | J24: -121.0831 | K24: 823222.3 | L24: 1091505.3 | M24: -120.4122 | N24: 823222.81 | O24: 1091504.7 | P24: -121.1034 | Q24: 823223.22 | R24: 1091503.2 | S24: -122.2468 | T24: =IF(Xhaut="","",SQRT(((Xintergauche-Xhaut)^2+(Yintergauche-Yhaut)^2)+(Zintergauche-Zhaut)^2)) -> 3.5979176 | U24: =IF(Xhaut="","",SQRT(((Xhautgauche-Xhaut)^2+(Yhautgauche-Yhaut)^2)+(Zhautgauche-Zhaut)^2)) -> 1.6592791 | V24: =IF(Xhaut="","",SQRT(((Xhautdroit-Xhaut)^2+(Yhautdroit-Yhaut)^2)+(Zhautdroit-Zhaut)^2)) -> 1.0251033 | W24: =IF(Xhaut="","",SQRT(((Xinterdroit-Xhaut)^2+(Yinterdroit-Yhaut)^2)+(Zinterdroit-Zhaut)^2)) -> 2.9040886 | X24: =IF(Xhautdroit="","",SQRT(((Xhautdroit-Xhautgauche)^2+(Yhautdroit-Yhautgauche)^2)+(Zhautdroit-Zhautgauche)^2)) -> 2.2531888 | Y24: =IF(Xinterdroit="","",SQRT(((Xinterdroit-Xintergauche)^2+(Yinterdroit-Yintergauche)^2)+(Zinterdroit-Zintergauche)^2)) -> 5.2731021 | Z24: =IF(T24="","",(T24-T$10)*1000) -> -1.4201734 | AA24: =IF(U24="","",(U24-U$10)*1000) -> -0.64702063 | AB24: =IF(V24="","",(V24-V$10)*1000) -> -0.3404665 | AC24: =IF(W24="","",(W24-W$10)*1000) -> -4.4080641 | AD24: =IF(X24="","",(X24-X$10)*1000) -> 0.27397026 | AE24: =IF(Y24="","",(Y24-Y$10)*1000) -> -1.5898939 | AG24: =IF(E24="","",(E24-E$10)*1000) -> -2.0000001 | AH24: =IF(F24="","",(F24-F$10)*1000) -> -2.7999999 | AI24: =IF(G24="","",(G24-G$10)*1000) -> -2.65 | AJ24: =IF(H24="","",(H24-H$10)*1000) -> -3.25 | AK24: =IF(I24="","",(I24-I$10)*1000) -> -4.2999999 | AL24: =IF(J24="","",(J24-J$10)*1000) -> -5.45 | AM24: =IF(K24="","",(K24-K$10)*1000) -> -1.8999999 | AN24: =IF(L24="","",(L24-L$10)*1000) -> -2.9000002 | ... AU24: =IF(S24="","",(S24-S$10)*1000) -> -0.85 | AW24: 170.1067 | AX24: -2.6276 | AY24: 1.4917 | AZ24: 170.4246 | BA24: -1.1317 | BB24: 2.7555 | BC24: 170.4363 | BD24: 0.3859 | BE24: 3.4263 | BF24: 170.66 | BG24: 1.1091 | BH24: 2.7329 | BI24: 170.3937 | BJ24: 2.6367 | BK24: 1.5921 | BM24: =IF(AW24="","",(AW24-AW$10)*1000) -> -3 | BN24: =IF(AX24="","",(AX24-AX$10)*1000) -> 1.7 | BO24: =IF(AY24="","",(AY24-AY$10)*1000) -> -2.6 | BP24: =IF(AZ24="","",(AZ24-AZ$10)*1000) -> -4.7 | BQ24: =IF(BA24="","",(BA24-BA$10)*1000) -> 2.5 | BR24: =IF(BB24="","",(BB24-BB$10)*1000) -> -5.4 | BS24: =IF(BC24="","",(BC24-BC$10)*1000) -> -2.9 | BT24: =IF(BD24="","",(BD24-BD$10)*1000) -> 1.8 | ... CA24: =IF(BK24="","",(BK24-BK$10)*1000) -> -0.9
A25: 43706 | B25: =A25-$A$10 -> 51 | C25: 198.3 | D25: =C25-PM -> 27.9 | E25: 823220.73 | F25: 1091507.9 | G25: -122.3505 | H25: 823221.65 | I25: 1091506.7 | J25: -121.0835 | K25: 823222.3 | L25: 1091505.3 | M25: -120.4126 | N25: 823222.81 | O25: 1091504.7 | P25: -121.1037 | Q25: 823223.22 | R25: 1091503.2 | S25: -122.2469 | T25: =IF(Xhaut="","",SQRT(((Xintergauche-Xhaut)^2+(Yintergauche-Yhaut)^2)+(Zintergauche-Zhaut)^2)) -> 3.5980487 | U25: =IF(Xhaut="","",SQRT(((Xhautgauche-Xhaut)^2+(Yhautgauche-Yhaut)^2)+(Zhautgauche-Zhaut)^2)) -> 1.6592358 | V25: =IF(Xhaut="","",SQRT(((Xhautdroit-Xhaut)^2+(Yhautdroit-Yhaut)^2)+(Zhautdroit-Zhaut)^2)) -> 1.02513 | W25: =IF(Xhaut="","",SQRT(((Xinterdroit-Xhaut)^2+(Yinterdroit-Yhaut)^2)+(Zinterdroit-Zhaut)^2)) -> 2.9037888 | X25: =IF(Xhautdroit="","",SQRT(((Xhautdroit-Xhautgauche)^2+(Yhautdroit-Yhautgauche)^2)+(Zhautdroit-Zhautgauche)^2)) -> 2.2532226 | Y25: =IF(Xinterdroit="","",SQRT(((Xinterdroit-Xintergauche)^2+(Yinterdroit-Yintergauche)^2)+(Zinterdroit-Zintergauche)^2)) -> 5.2731202 | Z25: =IF(T25="","",(T25-T$10)*1000) -> -1.2890624 | AA25: =IF(U25="","",(U25-U$10)*1000) -> -0.69031115 | AB25: =IF(V25="","",(V25-V$10)*1000) -> -0.31377191 | AC25: =IF(W25="","",(W25-W$10)*1000) -> -4.7078706 | AD25: =IF(X25="","",(X25-X$10)*1000) -> 0.30768892 | AE25: =IF(Y25="","",(Y25-Y$10)*1000) -> -1.5718409 | AG25: =IF(E25="","",(E25-E$10)*1000) -> -2.3000001 | AH25: =IF(F25="","",(F25-F$10)*1000) -> -2.6999998 | AI25: =IF(G25="","",(G25-G$10)*1000) -> -3.05 | AJ25: =IF(H25="","",(H25-H$10)*1000) -> -3.3499999 | AK25: =IF(I25="","",(I25-I$10)*1000) -> -4.2999999 | AL25: =IF(J25="","",(J25-J$10)*1000) -> -5.85 | AM25: =IF(K25="","",(K25-K$10)*1000) -> -1.8999999 | AN25: =IF(L25="","",(L25-L$10)*1000) -> -2.8000001 | ... AU25: =IF(S25="","",(S25-S$10)*1000) -> -0.95 | AW25: 170.1065 | AX25: -2.6278 | AY25: 1.4913 | AZ25: 170.4245 | BA25: -1.1317 | BB25: 2.7551 | BC25: 170.4363 | BD25: 0.3858 | BE25: 3.4259 | BF25: 170.6603 | BG25: 1.109 | BH25: 2.7326 | BI25: 170.3939 | BJ25: 2.6365 | BK25: 1.592 | BM25: =IF(AW25="","",(AW25-AW$10)*1000) -> -3.2 | BN25: =IF(AX25="","",(AX25-AX$10)*1000) -> 1.5 | BO25: =IF(AY25="","",(AY25-AY$10)*1000) -> -3 | BP25: =IF(AZ25="","",(AZ25-AZ$10)*1000) -> -4.8 | BQ25: =IF(BA25="","",(BA25-BA$10)*1000) -> 2.5 | BR25: =IF(BB25="","",(BB25-BB$10)*1000) -> -5.8 | BS25: =IF(BC25="","",(BC25-BC$10)*1000) -> -2.9 | BT25: =IF(BD25="","",(BD25-BD$10)*1000) -> 1.7 | ... CA25: =IF(BK25="","",(BK25-BK$10)*1000) -> -1
A26: 43710 | B26: =A26-$A$10 -> 55 | C26: 199.4 | D26: =C26-PM -> 29 | E26: 823220.73 | F26: 1091507.9 | G26: -122.3506 | H26: 823221.65 | I26: 1091506.7 | J26: -121.0841 | K26: 823222.3 | L26: 1091505.3 | M26: -120.4131 | N26: 823222.81 | O26: 1091504.7 | P26: -121.1039 | Q26: 823223.22 | R26: 1091503.2 | S26: -122.247 | T26: =IF(Xhaut="","",SQRT(((Xintergauche-Xhaut)^2+(Yintergauche-Yhaut)^2)+(Zintergauche-Zhaut)^2)) -> 3.5979183 | U26: =IF(Xhaut="","",SQRT(((Xhautgauche-Xhaut)^2+(Yhautgauche-Yhaut)^2)+(Zhautgauche-Zhaut)^2)) -> 1.6592409 | V26: =IF(Xhaut="","",SQRT(((Xhautdroit-Xhaut)^2+(Yhautdroit-Yhaut)^2)+(Zhautdroit-Zhaut)^2)) -> 1.0249724 | W26: =IF(Xhaut="","",SQRT(((Xinterdroit-Xhaut)^2+(Yinterdroit-Yhaut)^2)+(Zinterdroit-Zhaut)^2)) -> 2.9033865 | X26: =IF(Xhautdroit="","",SQRT(((Xhautdroit-Xhautgauche)^2+(Yhautdroit-Yhautgauche)^2)+(Zhautdroit-Zhautgauche)^2)) -> 2.2531675 | Y26: =IF(Xinterdroit="","",SQRT(((Xinterdroit-Xintergauche)^2+(Yinterdroit-Yintergauche)^2)+(Zinterdroit-Zintergauche)^2)) -> 5.273073 | Z26: =IF(T26="","",(T26-T$10)*1000) -> -1.4194772 | AA26: =IF(U26="","",(U26-U$10)*1000) -> -0.68516113 | AB26: =IF(V26="","",(V26-V$10)*1000) -> -0.4714226 | AC26: =IF(W26="","",(W26-W$10)*1000) -> -5.1102436 | AD26: =IF(X26="","",(X26-X$10)*1000) -> 0.2526227 | AE26: =IF(Y26="","",(Y26-Y$10)*1000) -> -1.6189738 | AG26: =IF(E26="","",(E26-E$10)*1000) -> -2.4000001 | AH26: =IF(F26="","",(F26-F$10)*1000) -> -2.4999999 | AI26: =IF(G26="","",(G26-G$10)*1000) -> -3.15 | AJ26: =IF(H26="","",(H26-H$10)*1000) -> -3.45 | AK26: =IF(I26="","",(I26-I$10)*1000) -> -4.2999999 | AL26: =IF(J26="","",(J26-J$10)*1000) -> -6.45 | AM26: =IF(K26="","",(K26-K$10)*1000) -> -2.2999999 | AN26: =IF(L26="","",(L26-L$10)*1000) -> -2.9000002 | ... AU26: =IF(S26="","",(S26-S$10)*1000) -> -1.05 | AW26: 170.1065 | AX26: -2.628 | AY26: 1.4912 | AZ26: 170.4244 | BA26: -1.1318 | BB26: 2.7545 | BC26: 170.4359 | BD26: 0.3857 | BE26: 3.4254 | BF26: 170.6602 | BG26: 1.109 | BH26: 2.7324 | BI26: 170.3938 | BJ26: 2.6362 | BK26: 1.5919 | BM26: =IF(AW26="","",(AW26-AW$10)*1000) -> -3.2 | BN26: =IF(AX26="","",(AX26-AX$10)*1000) -> 1.3 | BO26: =IF(AY26="","",(AY26-AY$10)*1000) -> -3.1 | BP26: =IF(AZ26="","",(AZ26-AZ$10)*1000) -> -4.9 | BQ26: =IF(BA26="","",(BA26-BA$10)*1000) -> 2.4 | BR26: =IF(BB26="","",(BB26-BB$10)*1000) -> -6.4 | BS26: =IF(BC26="","",(BC26-BC$10)*1000) -> -3.3 | BT26: =IF(BD26="","",(BD26-BD$10)*1000) -> 1.6 | ... CA26: =IF(BK26="","",(BK26-BK$10)*1000) -> -1.1
A27: 43713 | B27: =A27-$A$10 -> 58 | C27: 200.6 | D27: =C27-PM -> 30.2 | E27: 823220.73 | F27: 1091507.9 | G27: -122.351 | H27: 823221.65 | I27: 1091506.7 | J27: -121.0847 | K27: 823222.3 | L27: 1091505.3 | M27: -120.4136 | N27: 823222.81 | O27: 1091504.7 | P27: -121.1044 | Q27: 823223.22 | R27: 1091503.2 | S27: -122.2473 | T27: =IF(Xhaut="","",SQRT(((Xintergauche-Xhaut)^2+(Yintergauche-Yhaut)^2)+(Zintergauche-Zhaut)^2)) -> 3.5979955 | U27: =IF(Xhaut="","",SQRT(((Xhautgauche-Xhaut)^2+(Yhautgauche-Yhaut)^2)+(Zhautgauche-Zhaut)^2)) -> 1.6593559 | V27: =IF(Xhaut="","",SQRT(((Xhautdroit-Xhaut)^2+(Yhautdroit-Yhaut)^2)+(Zhautdroit-Zhaut)^2)) -> 1.025022 | W27: =IF(Xhaut="","",SQRT(((Xinterdroit-Xhaut)^2+(Yinterdroit-Yhaut)^2)+(Zinterdroit-Zhaut)^2)) -> 2.9032207 | X27: =IF(Xhautdroit="","",SQRT(((Xhautdroit-Xhautgauche)^2+(Yhautdroit-Yhautgauche)^2)+(Zhautdroit-Zhautgauche)^2)) -> 2.2533385 | Y27: =IF(Xinterdroit="","",SQRT(((Xinterdroit-Xintergauche)^2+(Yinterdroit-Yintergauche)^2)+(Zinterdroit-Zintergauche)^2)) -> 5.2731754 | Z27: =IF(T27="","",(T27-T$10)*1000) -> -1.3422138 | AA27: =IF(U27="","",(U27-U$10)*1000) -> -0.57013063 | AB27: =IF(V27="","",(V27-V$10)*1000) -> -0.42176883 | AC27: =IF(W27="","",(W27-W$10)*1000) -> -5.2759823 | AD27: =IF(X27="","",(X27-X$10)*1000) -> 0.42366201 | AE27: =IF(Y27="","",(Y27-Y$10)*1000) -> -1.5166396 | AG27: =IF(E27="","",(E27-E$10)*1000) -> -2.8000001 | AH27: =IF(F27="","",(F27-F$10)*1000) -> -2.6999998 | AI27: =IF(G27="","",(G27-G$10)*1000) -> -3.55 | AJ27: =IF(H27="","",(H27-H$10)*1000) -> -3.9499999 | AK27: =IF(I27="","",(I27-I$10)*1000) -> -4.5999999 | AL27: =IF(J27="","",(J27-J$10)*1000) -> -7.05 | AM27: =IF(K27="","",(K27-K$10)*1000) -> -2.3999999 | AN27: =IF(L27="","",(L27-L$10)*1000) -> -3.1000001 | ... AU27: =IF(S27="","",(S27-S$10)*1000) -> -1.35 | AW27: 170.1061 | AX27: -2.628 | AY27: 1.4908 | AZ27: 170.4238 | BA27: -1.1317 | BB27: 2.7539 | BC27: 170.4357 | BD27: 0.3858 | BE27: 3.4249 | BF27: 170.6601 | BG27: 1.1091 | BH27: 2.7319 | BI27: 170.3938 | BJ27: 2.6363 | BK27: 1.5916 | BM27: =IF(AW27="","",(AW27-AW$10)*1000) -> -3.6 | BN27: =IF(AX27="","",(AX27-AX$10)*1000) -> 1.3 | BO27: =IF(AY27="","",(AY27-AY$10)*1000) -> -3.5 | BP27: =IF(AZ27="","",(AZ27-AZ$10)*1000) -> -5.5 | BQ27: =IF(BA27="","",(BA27-BA$10)*1000) -> 2.5 | BR27: =IF(BB27="","",(BB27-BB$10)*1000) -> -7 | BS27: =IF(BC27="","",(BC27-BC$10)*1000) -> -3.5 | BT27: =IF(BD27="","",(BD27-BD$10)*1000) -> 1.7 | ... CA27: =IF(BK27="","",(BK27-BK$10)*1000) -> -1.4
A28: 43718 | B28: =A28-$A$10 -> 63 | C28: 202.58 | D28: =C28-PM -> 32.18 | E28: 823220.73 | F28: 1091507.9 | G28: -122.3509 | H28: 823221.65 | I28: 1091506.7 | J28: -121.0844 | K28: 823222.3 | L28: 1091505.3 | M28: -120.4133 | N28: 823222.81 | O28: 1091504.7 | P28: -121.1044 | Q28: 823223.22 | R28: 1091503.2 | S28: -122.2467 | T28: =IF(Xhaut="","",SQRT(((Xintergauche-Xhaut)^2+(Yintergauche-Yhaut)^2)+(Zintergauche-Zhaut)^2)) -> 3.5983784 | U28: =IF(Xhaut="","",SQRT(((Xhautgauche-Xhaut)^2+(Yhautgauche-Yhaut)^2)+(Zhautgauche-Zhaut)^2)) -> 1.6594385 | V28: =IF(Xhaut="","",SQRT(((Xhautdroit-Xhaut)^2+(Yhautdroit-Yhaut)^2)+(Zhautdroit-Zhaut)^2)) -> 1.0251898 | W28: =IF(Xhaut="","",SQRT(((Xinterdroit-Xhaut)^2+(Yinterdroit-Yhaut)^2)+(Zinterdroit-Zhaut)^2)) -> 2.9031415 | X28: =IF(Xhautdroit="","",SQRT(((Xhautdroit-Xhautgauche)^2+(Yhautdroit-Yhautgauche)^2)+(Zhautdroit-Zhautgauche)^2)) -> 2.2534779 | Y28: =IF(Xinterdroit="","",SQRT(((Xinterdroit-Xintergauche)^2+(Yinterdroit-Yintergauche)^2)+(Zinterdroit-Zintergauche)^2)) -> 5.2736322 | Z28: =IF(T28="","",(T28-T$10)*1000) -> -0.95930844 | AA28: =IF(U28="","",(U28-U$10)*1000) -> -0.48754938 | AB28: =IF(V28="","",(V28-V$10)*1000) -> -0.25396182 | AC28: =IF(W28="","",(W28-W$10)*1000) -> -5.3551679 | AD28: =IF(X28="","",(X28-X$10)*1000) -> 0.56302203 | AE28: =IF(Y28="","",(Y28-Y$10)*1000) -> -1.0598237 | AG28: =IF(E28="","",(E28-E$10)*1000) -> -2.6000001 | AH28: =IF(F28="","",(F28-F$10)*1000) -> -2.6999998 | AI28: =IF(G28="","",(G28-G$10)*1000) -> -3.45 | AJ28: =IF(H28="","",(H28-H$10)*1000) -> -3.45 | AK28: =IF(I28="","",(I28-I$10)*1000) -> -4.6999999 | AL28: =IF(J28="","",(J28-J$10)*1000) -> -6.75 | AM28: =IF(K28="","",(K28-K$10)*1000) -> -1.8999999 | AN28: =IF(L28="","",(L28-L$10)*1000) -> -3.3000002 | ... AU28: =IF(S28="","",(S28-S$10)*1000) -> -0.75 | AW28: 170.10625 | AX28: -2.6279303 | AY28: 1.4909175 | AZ28: 170.42423 | BA28: -1.1313964 | BB28: 2.7542377 | BC28: 170.43611 | BD28: 0.38623989 | BE28: 3.4252189 | BF28: 170.65995 | BG28: 1.1096305 | BH28: 2.7318805 | BI28: 170.39395 | BJ28: 2.6368171 | BK28: 1.5922405 | BM28: =IF(AW28="","",(AW28-AW$10)*1000) -> -3.4520387 | BN28: =IF(AX28="","",(AX28-AX$10)*1000) -> 1.3696632 | BO28: =IF(AY28="","",(AY28-AY$10)*1000) -> -3.3824796 | BP28: =IF(AZ28="","",(AZ28-AZ$10)*1000) -> -5.0674402 | BQ28: =IF(BA28="","",(BA28-BA$10)*1000) -> 2.8036238 | BR28: =IF(BB28="","",(BB28-BB$10)*1000) -> -6.6623256 | BS28: =IF(BC28="","",(BC28-BC$10)*1000) -> -3.0860804 | BT28: =IF(BD28="","",(BD28-BD$10)*1000) -> 2.1398891 | ... CA28: =IF(BK28="","",(BK28-BK$10)*1000) -> -0.7595205
A29: 43720 | B29: =A29-$A$10 -> 65 | C29: 203.6 | D29: =C29-PM -> 33.2 | E29: 823220.73 | F29: 1091507.9 | G29: -122.3507 | H29: 823221.65 | I29: 1091506.7 | J29: -121.0845 | K29: 823222.3 | L29: 1091505.3 | M29: -120.4132 | N29: 823222.81 | O29: 1091504.7 | P29: -121.1041 | Q29: 823223.22 | R29: 1091503.2 | S29: -122.2464 | T29: =IF(Xhaut="","",SQRT(((Xintergauche-Xhaut)^2+(Yintergauche-Yhaut)^2)+(Zintergauche-Zhaut)^2)) -> 3.5983683 | U29: =IF(Xhaut="","",SQRT(((Xhautgauche-Xhaut)^2+(Yhautgauche-Yhaut)^2)+(Zhautgauche-Zhaut)^2)) -> 1.6593936 | V29: =IF(Xhaut="","",SQRT(((Xhautdroit-Xhaut)^2+(Yhautdroit-Yhaut)^2)+(Zhautdroit-Zhaut)^2)) -> 1.0252535 | W29: =IF(Xhaut="","",SQRT(((Xinterdroit-Xhaut)^2+(Yinterdroit-Yhaut)^2)+(Zinterdroit-Zhaut)^2)) -> 2.9030387 | X29: =IF(Xhautdroit="","",SQRT(((Xhautdroit-Xhautgauche)^2+(Yhautdroit-Yhautgauche)^2)+(Zhautdroit-Zhautgauche)^2)) -> 2.2535606 | Y29: =IF(Xinterdroit="","",SQRT(((Xinterdroit-Xintergauche)^2+(Yinterdroit-Yintergauche)^2)+(Zinterdroit-Zintergauche)^2)) -> 5.2737346 | Z29: =IF(T29="","",(T29-T$10)*1000) -> -0.96944077 | AA29: =IF(U29="","",(U29-U$10)*1000) -> -0.53250202 | AB29: =IF(V29="","",(V29-V$10)*1000) -> -0.19024876 | AC29: =IF(W29="","",(W29-W$10)*1000) -> -5.4579755 | AD29: =IF(X29="","",(X29-X$10)*1000) -> 0.64571263 | AE29: =IF(Y29="","",(Y29-Y$10)*1000) -> -0.95744913 | AG29: =IF(E29="","",(E29-E$10)*1000) -> -3.0000001 | AH29: =IF(F29="","",(F29-F$10)*1000) -> -2.5999998 | AI29: =IF(G29="","",(G29-G$10)*1000) -> -3.25 | AJ29: =IF(H29="","",(H29-H$10)*1000) -> -3.85 | AK29: =IF(I29="","",(I29-I$10)*1000) -> -4.8 | AL29: =IF(J29="","",(J29-J$10)*1000) -> -6.85 | AM29: =IF(K29="","",(K29-K$10)*1000) -> -2.1999999 | AN29: =IF(L29="","",(L29-L$10)*1000) -> -3.2000002 | ... AU29: =IF(S29="","",(S29-S$10)*1000) -> -0.45 | AW29: 170.1059 | AX29: -2.6282 | AY29: 1.4911 | AZ29: 170.4238 | BA29: -1.1315 | BB29: 2.7541 | BC29: 170.4359 | BD29: 0.386 | BE29: 3.4253 | BF29: 170.6601 | BG29: 1.1096 | BH29: 2.7322 | BI29: 170.394 | BJ29: 2.6366 | BK29: 1.5925 | BM29: =IF(AW29="","",(AW29-AW$10)*1000) -> -3.8 | BN29: =IF(AX29="","",(AX29-AX$10)*1000) -> 1.1 | BO29: =IF(AY29="","",(AY29-AY$10)*1000) -> -3.2 | BP29: =IF(AZ29="","",(AZ29-AZ$10)*1000) -> -5.5 | BQ29: =IF(BA29="","",(BA29-BA$10)*1000) -> 2.7 | BR29: =IF(BB29="","",(BB29-BB$10)*1000) -> -6.8 | BS29: =IF(BC29="","",(BC29-BC$10)*1000) -> -3.3 | BT29: =IF(BD29="","",(BD29-BD$10)*1000) -> 1.9 | ... CA29: =IF(BK29="","",(BK29-BK$10)*1000) -> -0.5
... A40: 43762 | B40: =A40-$A$10 -> 107 | C40: 215 | D40: =C40-PM -> 44.6 | E40: 823220.73 | F40: 1091507.9 | G40: -122.3531 | H40: 823221.65 | I40: 1091506.7 | J40: -121.0879 | K40: 823222.3 | L40: 1091505.3 | M40: -120.4166 | N40: 823222.81 | O40: 1091504.7 | P40: -121.107 | Q40: 823223.21 | R40: 1091503.2 | S40: -122.247 | T40: =IF(Xhaut="","",SQRT(((Xintergauche-Xhaut)^2+(Yintergauche-Yhaut)^2)+(Zintergauche-Zhaut)^2)) -> 3.5986404 | U40: =IF(Xhaut="","",SQRT(((Xhautgauche-Xhaut)^2+(Yhautgauche-Yhaut)^2)+(Zhautgauche-Zhaut)^2)) -> 1.659602 | V40: =IF(Xhaut="","",SQRT(((Xhautdroit-Xhaut)^2+(Yhautdroit-Yhaut)^2)+(Zhautdroit-Zhaut)^2)) -> 1.0254044 | W40: =IF(Xhaut="","",SQRT(((Xinterdroit-Xhaut)^2+(Yinterdroit-Yhaut)^2)+(Zinterdroit-Zhaut)^2)) -> 2.9011846 | X40: =IF(Xhautdroit="","",SQRT(((Xhautdroit-Xhautgauche)^2+(Yhautdroit-Yhautgauche)^2)+(Zhautdroit-Zhautgauche)^2)) -> 2.254499 | Y40: =IF(Xinterdroit="","",SQRT(((Xinterdroit-Xintergauche)^2+(Yinterdroit-Yintergauche)^2)+(Zinterdroit-Zintergauche)^2)) -> 5.2746418 | Z40: =IF(T40="","",(T40-T$10)*1000) -> -0.69732775 | AA40: =IF(U40="","",(U40-U$10)*1000) -> -0.32407739 | AB40: =IF(V40="","",(V40-V$10)*1000) -> -0.039370299 | AC40: =IF(W40="","",(W40-W$10)*1000) -> -7.312079 | AD40: =IF(X40="","",(X40-X$10)*1000) -> 1.5841432 | AE40: =IF(Y40="","",(Y40-Y$10)*1000) -> -0.050228127 | AG40: =IF(E40="","",(E40-E$10)*1000) -> -5.4000001 | AH40: =IF(F40="","",(F40-F$10)*1000) -> -1.9999999 | AI40: =IF(G40="","",(G40-G$10)*1000) -> -5.65 | AJ40: =IF(H40="","",(H40-H$10)*1000) -> -5.4499999 | AK40: =IF(I40="","",(I40-I$10)*1000) -> -4.5999999 | AL40: =IF(J40="","",(J40-J$10)*1000) -> -10.25 | AM40: =IF(K40="","",(K40-K$10)*1000) -> -3.8999999 | AN40: =IF(L40="","",(L40-L$10)*1000) -> -3.3000002 | ... AU40: =IF(S40="","",(S40-S$10)*1000) -> -1.05 | AW40: 170.10401 | AX40: -2.6297482 | AY40: 1.4887399 | AZ40: 170.42246 | BA40: -1.1323323 | BB40: 2.7507554 | BC40: 170.4343 | BD40: 0.38539459 | BE40: 3.421937 | BF40: 170.65825 | BG40: 1.1097216 | BH40: 2.7292975 | BI40: 170.39294 | BJ40: 2.6359051 | BK40: 1.5919506 | BM40: =IF(AW40="","",(AW40-AW$10)*1000) -> -5.6938001 | BN40: =IF(AX40="","",(AX40-AX$10)*1000) -> -0.44816683 | BO40: =IF(AY40="","",(AY40-AY$10)*1000) -> -5.560062 | BP40: =IF(AZ40="","",(AZ40-AZ$10)*1000) -> -6.8377591 | BQ40: =IF(BA40="","",(BA40-BA$10)*1000) -> 1.8676905 | BR40: =IF(BB40="","",(BB40-BB$10)*1000) -> -10.144622 | BS40: =IF(BC40="","",(BC40-BC$10)*1000) -> -4.8986645 | BT40: =IF(BD40="","",(BD40-BD$10)*1000) -> 1.294585 | ... CA40: =IF(BK40="","",(BK40-BK$10)*1000) -> -1.0494293
A41: 43766 | B41: =A41-$A$10 -> 111 | C41: 215.55 | D41: =C41-PM -> 45.15 | E41: 823220.73 | F41: 1091507.9 | G41: -122.3526 | H41: - | I41: - | J41: - | K41: 823222.3 | L41: 1091505.3 | M41: -120.4166 | N41: 823222.81 | O41: 1091504.7 | P41: -121.1068 | Q41: 823223.21 | R41: 1091503.2 | S41: -122.2472 | T41: =IF(Xhaut="","",SQRT(((Xintergauche-Xhaut)^2+(Yintergauche-Yhaut)^2)+(Zintergauche-Zhaut)^2)) -> 3.5985285 | V41: =IF(Xhaut="","",SQRT(((Xhautdroit-Xhaut)^2+(Yhautdroit-Yhaut)^2)+(Zhautdroit-Zhaut)^2)) -> 1.02515 | W41: =IF(Xhaut="","",SQRT(((Xinterdroit-Xhaut)^2+(Yinterdroit-Yhaut)^2)+(Zinterdroit-Zhaut)^2)) -> 2.9010193 | Y41: =IF(Xinterdroit="","",SQRT(((Xinterdroit-Xintergauche)^2+(Yinterdroit-Yintergauche)^2)+(Zinterdroit-Zintergauche)^2)) -> 5.2744924 | Z41: =IF(T41="","",(T41-T$10)*1000) -> -0.8092914 | AA41: =IF(U41="","",(U41-U$10)*1000) | AB41: =IF(V41="","",(V41-V$10)*1000) -> -0.29379906 | AC41: =IF(W41="","",(W41-W$10)*1000) -> -7.4773833 | AD41: =IF(X41="","",(X41-X$10)*1000) | AE41: =IF(Y41="","",(Y41-Y$10)*1000) -> -0.19957981 | AG41: =IF(E41="","",(E41-E$10)*1000) -> -5.3000001 | AH41: =IF(F41="","",(F41-F$10)*1000) -> -2.3999999 | AI41: =IF(G41="","",(G41-G$10)*1000) -> -5.15 | AM41: =IF(K41="","",(K41-K$10)*1000) -> -4.0999999 | AN41: =IF(L41="","",(L41-L$10)*1000) -> -4.1 | AO41: =IF(M41="","",(M41-M$10)*1000) -> -9.9 | AP41: =IF(N41="","",(N41-N$10)*1000) -> -4 | AQ41: =IF(O41="","",(O41-O$10)*1000) -> -6.0000001 | AR41: =IF(P41="","",(P41-P$10)*1000) -> -7.85 | AS41: =IF(Q41="","",(Q41-Q$10)*1000) -> -2.0499999 | AT41: =IF(R41="","",(R41-R$10)*1000) -> -0.34999987 | AU41: =IF(S41="","",(S41-S$10)*1000) -> -1.25 | AW41: 170.10393 | AX41: -2.6293434 | AY41: 1.4892407 | BC41: 170.43378 | BD41: 0.38603509 | BE41: 3.4219422 | BF41: 170.65808 | BG41: 1.1100841 | BH41: 2.7294992 | BI41: 170.39282 | BJ41: 2.636177 | BK41: 1.5917518 | BM41: =IF(AW41="","",(AW41-AW$10)*1000) -> -5.7722317 | BN41: =IF(AX41="","",(AX41-AX$10)*1000) -> -0.043384767 | BO41: =IF(AY41="","",(AY41-AY$10)*1000) -> -5.0592777 | BP41: =IF(AZ41="","",(AZ41-AZ$10)*1000) | BQ41: =IF(BA41="","",(BA41-BA$10)*1000) | BR41: =IF(BB41="","",(BB41-BB$10)*1000) | BS41: =IF(BC41="","",(BC41-BC$10)*1000) -> -5.4180444 | BT41: =IF(BD41="","",(BD41-BD$10)*1000) -> 1.9350881 | ... CA41: =IF(BK41="","",(BK41-BK$10)*1000) -> -1.2481614
A42: 43769 | B42: =A42-$A$10 -> 114 | C42: 216.87 | D42: =C42-PM -> 46.47 | E42: 823220.73 | F42: 1091507.9 | G42: -122.3527 | H42: 823221.65 | I42: 1091506.7 | J42: -121.0884 | K42: 823222.3 | L42: 1091505.3 | M42: -120.4166 | N42: 823222.81 | O42: 1091504.7 | P42: -121.1072 | Q42: 823223.21 | R42: 1091503.2 | S42: -122.247 | T42: =IF(Xhaut="","",SQRT(((Xintergauche-Xhaut)^2+(Yintergauche-Yhaut)^2)+(Zintergauche-Zhaut)^2)) -> 3.5987159 | U42: =IF(Xhaut="","",SQRT(((Xhautgauche-Xhaut)^2+(Yhautgauche-Yhaut)^2)+(Zhautgauche-Zhaut)^2)) -> 1.6594153 | V42: =IF(Xhaut="","",SQRT(((Xhautdroit-Xhaut)^2+(Yhautdroit-Yhaut)^2)+(Zhautdroit-Zhaut)^2)) -> 1.0252207 | W42: =IF(Xhaut="","",SQRT(((Xinterdroit-Xhaut)^2+(Yinterdroit-Yhaut)^2)+(Zinterdroit-Zhaut)^2)) -> 2.9005859 | X42: =IF(Xhautdroit="","",SQRT(((Xhautdroit-Xhautgauche)^2+(Yhautdroit-Yhautgauche)^2)+(Zhautdroit-Zhautgauche)^2)) -> 2.2537432 | Y42: =IF(Xinterdroit="","",SQRT(((Xinterdroit-Xintergauche)^2+(Yinterdroit-Yintergauche)^2)+(Zinterdroit-Zintergauche)^2)) -> 5.2742053 | Z42: =IF(T42="","",(T42-T$10)*1000) -> -0.62181127 | AA42: =IF(U42="","",(U42-U$10)*1000) -> -0.51081047 | AB42: =IF(V42="","",(V42-V$10)*1000) -> -0.22306064 | AC42: =IF(W42="","",(W42-W$10)*1000) -> -7.9107668 | AD42: =IF(X42="","",(X42-X$10)*1000) -> 0.82833852 | AE42: =IF(Y42="","",(Y42-Y$10)*1000) -> -0.48670144 | AG42: =IF(E42="","",(E42-E$10)*1000) -> -5.7000001 | AH42: =IF(F42="","",(F42-F$10)*1000) -> -1.8 | AI42: =IF(G42="","",(G42-G$10)*1000) -> -5.25 | AJ42: =IF(H42="","",(H42-H$10)*1000) -> -6.1499999 | AK42: =IF(I42="","",(I42-I$10)*1000) -> -5.3999999 | AL42: =IF(J42="","",(J42-J$10)*1000) -> -10.75 | AM42: =IF(K42="","",(K42-K$10)*1000) -> -3.6999999 | AN42: =IF(L42="","",(L42-L$10)*1000) -> -3.2000002 | ... AU42: =IF(S42="","",(S42-S$10)*1000) -> -1.05 | AW42: 170.10382 | AX42: -2.6300562 | AY42: 1.4891418 | AZ42: 170.42149 | BA42: -1.1319031 | BB42: 2.7502651 | BC42: 170.43452 | BD42: 0.38538849 | BE42: 3.4219348 | BF42: 170.65846 | BG42: 1.1092685 | BH42: 2.7290954 | BI42: 170.39341 | BJ42: 2.6351317 | BK42: 1.5919459 | BM42: =IF(AW42="","",(AW42-AW$10)*1000) -> -5.8811573 | BN42: =IF(AX42="","",(AX42-AX$10)*1000) -> -0.75622073 | BO42: =IF(AY42="","",(AY42-AY$10)*1000) -> -5.1581884 | BP42: =IF(AZ42="","",(AZ42-AZ$10)*1000) -> -7.8102851 | BQ42: =IF(BA42="","",(BA42-BA$10)*1000) -> 2.2968678 | BR42: =IF(BB42="","",(BB42-BB$10)*1000) -> -10.634897 | BS42: =IF(BC42="","",(BC42-BC$10)*1000) -> -4.6751409 | BT42: =IF(BD42="","",(BD42-BD$10)*1000) -> 1.2884862 | ... CA42: =IF(BK42="","",(BK42-BK$10)*1000) -> -1.0541395
A43: 43774 | B43: =A43-$A$10 -> 119 | C43: 217.7 | D43: =C43-PM -> 47.3 | E43: 823220.73 | F43: 1091507.9 | G43: -122.3532 | H43: 823221.65 | I43: 1091506.7 | J43: -121.089 | K43: 823222.3 | L43: 1091505.3 | M43: -120.4172 | N43: 823222.81 | O43: 1091504.7 | P43: -121.1076 | Q43: 823223.21 | R43: 1091503.2 | S43: -122.2474 | T43: =IF(Xhaut="","",SQRT(((Xintergauche-Xhaut)^2+(Yintergauche-Yhaut)^2)+(Zintergauche-Zhaut)^2)) -> 3.5987908 | U43: =IF(Xhaut="","",SQRT(((Xhautgauche-Xhaut)^2+(Yhautgauche-Yhaut)^2)+(Zhautgauche-Zhaut)^2)) -> 1.6597925 | V43: =IF(Xhaut="","",SQRT(((Xhautdroit-Xhaut)^2+(Yhautdroit-Yhaut)^2)+(Zhautdroit-Zhaut)^2)) -> 1.0250312 | W43: =IF(Xhaut="","",SQRT(((Xinterdroit-Xhaut)^2+(Yinterdroit-Yhaut)^2)+(Zinterdroit-Zhaut)^2)) -> 2.9005227 | X43: =IF(Xhautdroit="","",SQRT(((Xhautdroit-Xhautgauche)^2+(Yhautdroit-Yhautgauche)^2)+(Zhautdroit-Zhautgauche)^2)) -> 2.2540153 | Y43: =IF(Xinterdroit="","",SQRT(((Xinterdroit-Xintergauche)^2+(Yinterdroit-Yintergauche)^2)+(Zinterdroit-Zintergauche)^2)) -> 5.2744718 | Z43: =IF(T43="","",(T43-T$10)*1000) -> -0.54691037 | AA43: =IF(U43="","",(U43-U$10)*1000) -> -0.13357894 | AB43: =IF(V43="","",(V43-V$10)*1000) -> -0.41253495 | AC43: =IF(W43="","",(W43-W$10)*1000) -> -7.9739685 | AD43: =IF(X43="","",(X43-X$10)*1000) -> 1.1004604 | AE43: =IF(Y43="","",(Y43-Y$10)*1000) -> -0.22023394 | AG43: =IF(E43="","",(E43-E$10)*1000) -> -5.5000001 | AH43: =IF(F43="","",(F43-F$10)*1000) -> -2.2 | AI43: =IF(G43="","",(G43-G$10)*1000) -> -5.75 | AJ43: =IF(H43="","",(H43-H$10)*1000) -> -5.85 | AK43: =IF(I43="","",(I43-I$10)*1000) -> -5.5 | AL43: =IF(J43="","",(J43-J$10)*1000) -> -11.35 | AM43: =IF(K43="","",(K43-K$10)*1000) -> -3.6999999 | AN43: =IF(L43="","",(L43-L$10)*1000) -> -3.9000001 | ... AU43: =IF(S43="","",(S43-S$10)*1000) -> -1.45 | AW43: 170.10383 | AX43: -2.6296092 | AY43: 1.4886417 | AZ43: 170.42172 | BA43: -1.1316857 | BB43: 2.7496628 | BC43: 170.43423 | BD43: 0.38602289 | BE43: 3.4213377 | BF43: 170.65821 | BG43: 1.1098122 | BH43: 2.7286979 | BI43: 170.3933 | BJ43: 2.6358506 | BK43: 1.591547 | BM43: =IF(AW43="","",(AW43-AW$10)*1000) -> -5.8689597 | BN43: =IF(AX43="","",(AX43-AX$10)*1000) -> -0.30917349 | BO43: =IF(AY43="","",(AY43-AY$10)*1000) -> -5.6583104 | BP43: =IF(AZ43="","",(AZ43-AZ$10)*1000) -> -7.5806627 | BQ43: =IF(BA43="","",(BA43-BA$10)*1000) -> 2.5142926 | BR43: =IF(BB43="","",(BB43-BB$10)*1000) -> -11.237193 | BS43: =IF(BC43="","",(BC43-BC$10)*1000) -> -4.9709972 | BT43: =IF(BD43="","",(BD43-BD$10)*1000) -> 1.9228906 | ... CA43: =IF(BK43="","",(BK43-BK$10)*1000) -> -1.4529935
A44: 43776 | B44: =A44-$A$10 -> 121 | C44: 218.7 | D44: =C44-PM -> 48.3 | E44: 823220.73 | F44: 1091507.9 | G44: -122.353 | H44: 823221.65 | I44: 1091506.7 | J44: -121.0888 | K44: 823222.3 | L44: 1091505.3 | M44: -120.417 | N44: 823222.81 | O44: 1091504.7 | P44: -121.1074 | Q44: 823223.21 | R44: 1091503.2 | S44: -122.247 | T44: =IF(Xhaut="","",SQRT(((Xintergauche-Xhaut)^2+(Yintergauche-Yhaut)^2)+(Zintergauche-Zhaut)^2)) -> 3.5988783 | U44: =IF(Xhaut="","",SQRT(((Xhautgauche-Xhaut)^2+(Yhautgauche-Yhaut)^2)+(Zhautgauche-Zhaut)^2)) -> 1.6597022 | V44: =IF(Xhaut="","",SQRT(((Xhautdroit-Xhaut)^2+(Yhautdroit-Yhaut)^2)+(Zhautdroit-Zhaut)^2)) -> 1.0250809 | W44: =IF(Xhaut="","",SQRT(((Xinterdroit-Xhaut)^2+(Yinterdroit-Yhaut)^2)+(Zinterdroit-Zhaut)^2)) -> 2.9003965 | X44: =IF(Xhautdroit="","",SQRT(((Xhautdroit-Xhautgauche)^2+(Yhautdroit-Yhautgauche)^2)+(Zhautdroit-Zhautgauche)^2)) -> 2.254016 | Y44: =IF(Xinterdroit="","",SQRT(((Xinterdroit-Xintergauche)^2+(Yinterdroit-Yintergauche)^2)+(Zinterdroit-Zintergauche)^2)) -> 5.2745701 | Z44: =IF(T44="","",(T44-T$10)*1000) -> -0.45943193 | AA44: =IF(U44="","",(U44-U$10)*1000) -> -0.22384268 | AB44: =IF(V44="","",(V44-V$10)*1000) -> -0.36288397 | AC44: =IF(W44="","",(W44-W$10)*1000) -> -8.1001623 | AD44: =IF(X44="","",(X44-X$10)*1000) -> 1.1011569 | AE44: =IF(Y44="","",(Y44-Y$10)*1000) -> -0.12188173 | AG44: =IF(E44="","",(E44-E$10)*1000) -> -5.8 | AH44: =IF(F44="","",(F44-F$10)*1000) -> -1.8999998 | AI44: =IF(G44="","",(G44-G$10)*1000) -> -5.55 | AJ44: =IF(H44="","",(H44-H$10)*1000) -> -6.3499999 | AK44: =IF(I44="","",(I44-I$10)*1000) -> -5.5 | AL44: =IF(J44="","",(J44-J$10)*1000) -> -11.15 | AM44: =IF(K44="","",(K44-K$10)*1000) -> -3.7999999 | AN44: =IF(L44="","",(L44-L$10)*1000) -> -3.6000002 | ... AU44: =IF(S44="","",(S44-S$10)*1000) -> -1.05 | AW44: 170.1037 | AX44: -2.63 | AY44: 1.4888 | AZ44: 170.4213 | BA44: -1.1319 | BB44: 2.7499 | BC44: 170.4343 | BD44: 0.3857 | BE44: 3.4215 | BF44: 170.6583 | BG44: 1.1095 | BH44: 2.7289 | BI44: 170.3933 | BJ44: 2.6355 | BK44: 1.5919 | BM44: =IF(AW44="","",(AW44-AW$10)*1000) -> -6 | BN44: =IF(AX44="","",(AX44-AX$10)*1000) -> -0.7 | BO44: =IF(AY44="","",(AY44-AY$10)*1000) -> -5.5 | BP44: =IF(AZ44="","",(AZ44-AZ$10)*1000) -> -8 | BQ44: =IF(BA44="","",(BA44-BA$10)*1000) -> 2.3 | BR44: =IF(BB44="","",(BB44-BB$10)*1000) -> -11 | BS44: =IF(BC44="","",(BC44-BC$10)*1000) -> -4.9 | BT44: =IF(BD44="","",(BD44-BD$10)*1000) -> 1.6 | ... CA44: =IF(BK44="","",(BK44-BK$10)*1000) -> -1.1
A45: 43781 | B45: =A45-$A$10 -> 126 | C45: 218.7 | D45: =C45-PM -> 48.3 | E45: 823220.73 | F45: 1091507.9 | G45: -122.3532 | H45: 823221.65 | I45: 1091506.7 | J45: -121.0892 | K45: 823222.3 | L45: 1091505.3 | M45: -120.4172 | N45: 823222.81 | O45: 1091504.7 | P45: -121.1076 | Q45: 823223.21 | R45: 1091503.2 | S45: -122.2471 | T45: =IF(Xhaut="","",SQRT(((Xintergauche-Xhaut)^2+(Yintergauche-Yhaut)^2)+(Zintergauche-Zhaut)^2)) -> 3.5989504 | U45: =IF(Xhaut="","",SQRT(((Xhautgauche-Xhaut)^2+(Yhautgauche-Yhaut)^2)+(Zhautgauche-Zhaut)^2)) -> 1.6597438 | V45: =IF(Xhaut="","",SQRT(((Xhautdroit-Xhaut)^2+(Yhautdroit-Yhaut)^2)+(Zhautdroit-Zhaut)^2)) -> 1.0251853 | W45: =IF(Xhaut="","",SQRT(((Xinterdroit-Xhaut)^2+(Yinterdroit-Yhaut)^2)+(Zinterdroit-Zhaut)^2)) -> 2.900231 | X45: =IF(Xhautdroit="","",SQRT(((Xhautdroit-Xhautgauche)^2+(Yhautdroit-Yhautgauche)^2)+(Zhautdroit-Zhautgauche)^2)) -> 2.2541001 | Y45: =IF(Xinterdroit="","",SQRT(((Xinterdroit-Xintergauche)^2+(Yinterdroit-Yintergauche)^2)+(Zinterdroit-Zintergauche)^2)) -> 5.274525 | Z45: =IF(T45="","",(T45-T$10)*1000) -> -0.38736999 | AA45: =IF(U45="","",(U45-U$10)*1000) -> -0.18223029 | AB45: =IF(V45="","",(V45-V$10)*1000) -> -0.25846826 | AC45: =IF(W45="","",(W45-W$10)*1000) -> -8.2656599 | AD45: =IF(X45="","",(X45-X$10)*1000) -> 1.1851943 | AE45: =IF(Y45="","",(Y45-Y$10)*1000) -> -0.16704023 | AG45: =IF(E45="","",(E45-E$10)*1000) -> -6.1000001 | AH45: =IF(F45="","",(F45-F$10)*1000) -> -1.9999999 | AI45: =IF(G45="","",(G45-G$10)*1000) -> -5.75 | AJ45: =IF(H45="","",(H45-H$10)*1000) -> -6.5499999 | AK45: =IF(I45="","",(I45-I$10)*1000) -> -5.6999999 | AL45: =IF(J45="","",(J45-J$10)*1000) -> -11.55 | AM45: =IF(K45="","",(K45-K$10)*1000) -> -4.0999999 | AN45: =IF(L45="","",(L45-L$10)*1000) -> -3.8000001 | ... AU45: =IF(S45="","",(S45-S$10)*1000) -> -1.15 | AW45: 170.1034 | AX45: -2.63 | AY45: 1.4886 | AZ45: 170.421 | BA45: -1.1318 | BB45: 2.7495 | BC45: 170.4339 | BD45: 0.3858 | BE45: 3.4213 | BF45: 170.658 | BG45: 1.1097 | BH45: 2.7287 | BI45: 170.3929 | BJ45: 2.6355 | BK45: 1.5919 | BM45: =IF(AW45="","",(AW45-AW$10)*1000) -> -6.3 | BN45: =IF(AX45="","",(AX45-AX$10)*1000) -> -0.7 | BO45: =IF(AY45="","",(AY45-AY$10)*1000) -> -5.7 | BP45: =IF(AZ45="","",(AZ45-AZ$10)*1000) -> -8.3 | BQ45: =IF(BA45="","",(BA45-BA$10)*1000) -> 2.4 | BR45: =IF(BB45="","",(BB45-BB$10)*1000) -> -11.4 | BS45: =IF(BC45="","",(BC45-BC$10)*1000) -> -5.3 | BT45: =IF(BD45="","",(BD45-BD$10)*1000) -> 1.7 | ... CA45: =IF(BK45="","",(BK45-BK$10)*1000) -> -1.1
A46: 43783 | B46: =A46-$A$10 -> 128 | C46: 220.5 | D46: =C46-PM -> 50.1 | E46: 823220.73 | F46: 1091507.9 | G46: -122.3533 | H46: - | I46: - | J46: - | K46: 823222.3 | L46: 1091505.3 | M46: -120.4174 | N46: 823222.81 | O46: 1091504.7 | P46: -121.1078 | Q46: 823223.21 | R46: 1091503.2 | S46: -122.2472 | T46: =IF(Xhaut="","",SQRT(((Xintergauche-Xhaut)^2+(Yintergauche-Yhaut)^2)+(Zintergauche-Zhaut)^2)) -> 3.5989249 | V46: =IF(Xhaut="","",SQRT(((Xhautdroit-Xhaut)^2+(Yhautdroit-Yhaut)^2)+(Zhautdroit-Zhaut)^2)) -> 1.0250211 | W46: =IF(Xhaut="","",SQRT(((Xinterdroit-Xhaut)^2+(Yinterdroit-Yhaut)^2)+(Zinterdroit-Zhaut)^2)) -> 2.900231 | Y46: =IF(Xinterdroit="","",SQRT(((Xinterdroit-Xintergauche)^2+(Yinterdroit-Yintergauche)^2)+(Zinterdroit-Zintergauche)^2)) -> 5.2746603 | Z46: =IF(T46="","",(T46-T$10)*1000) -> -0.41283721 | AA46: =IF(U46="","",(U46-U$10)*1000) | AB46: =IF(V46="","",(V46-V$10)*1000) -> -0.42271999 | AC46: =IF(W46="","",(W46-W$10)*1000) -> -8.2657375 | AD46: =IF(X46="","",(X46-X$10)*1000) | AE46: =IF(Y46="","",(Y46-Y$10)*1000) -> -0.031717901 | AG46: =IF(E46="","",(E46-E$10)*1000) -> -5.7000001 | AH46: =IF(F46="","",(F46-F$10)*1000) -> -2.2999998 | AI46: =IF(G46="","",(G46-G$10)*1000) -> -5.85 | AM46: =IF(K46="","",(K46-K$10)*1000) -> -3.7999999 | AN46: =IF(L46="","",(L46-L$10)*1000) -> -4.2000001 | AO46: =IF(M46="","",(M46-M$10)*1000) -> -10.7 | AP46: =IF(N46="","",(N46-N$10)*1000) -> -3.9 | AQ46: =IF(O46="","",(O46-O$10)*1000) -> -5.8000002 | AR46: =IF(P46="","",(P46-P$10)*1000) -> -8.85 | AS46: =IF(Q46="","",(Q46-Q$10)*1000) -> -1.7499999 | AT46: =IF(R46="","",(R46-R$10)*1000) -> -0.049999915 | AU46: =IF(S46="","",(S46-S$10)*1000) -> -1.25 | AW46: 170.1036 | AX46: -2.6296 | AY46: 1.4885 | BC46: 170.434 | BD46: 0.3863 | BE46: 3.4211 | BF46: 170.6583 | BG46: 1.1099 | BH46: 2.7285 | BI46: 170.3932 | BJ46: 2.636 | BK46: 1.5917 | BM46: =IF(AW46="","",(AW46-AW$10)*1000) -> -6.1 | BN46: =IF(AX46="","",(AX46-AX$10)*1000) -> -0.3 | BO46: =IF(AY46="","",(AY46-AY$10)*1000) -> -5.8 | BP46: =IF(AZ46="","",(AZ46-AZ$10)*1000) | BQ46: =IF(BA46="","",(BA46-BA$10)*1000) | BR46: =IF(BB46="","",(BB46-BB$10)*1000) | BS46: =IF(BC46="","",(BC46-BC$10)*1000) -> -5.2 | BT46: =IF(BD46="","",(BD46-BD$10)*1000) -> 2.2 | ... CA46: =IF(BK46="","",(BK46-BK$10)*1000) -> -1.3
A47: 43787 | B47: =A47-$A$10 -> 132 | C47: 221.7 | D47: =C47-PM -> 51.3 | E47: 823220.73 | F47: 1091507.9 | G47: -122.3532 | H47: 823221.65 | I47: 1091506.7 | J47: -121.0895 | K47: 823222.3 | L47: 1091505.3 | M47: -120.4178 | N47: 823222.81 | O47: 1091504.7 | P47: -121.1079 | Q47: 823223.21 | R47: 1091503.2 | S47: -122.2472 | T47: =IF(Xhaut="","",SQRT(((Xintergauche-Xhaut)^2+(Yintergauche-Yhaut)^2)+(Zintergauche-Zhaut)^2)) -> 3.5987847 | U47: =IF(Xhaut="","",SQRT(((Xhautgauche-Xhaut)^2+(Yhautgauche-Yhaut)^2)+(Zhautgauche-Zhaut)^2)) -> 1.659418 | V47: =IF(Xhaut="","",SQRT(((Xhautdroit-Xhaut)^2+(Yhautdroit-Yhaut)^2)+(Zhautdroit-Zhaut)^2)) -> 1.0250725 | W47: =IF(Xhaut="","",SQRT(((Xinterdroit-Xhaut)^2+(Yinterdroit-Yhaut)^2)+(Zinterdroit-Zhaut)^2)) -> 2.9000023 | X47: =IF(Xhautdroit="","",SQRT(((Xhautdroit-Xhautgauche)^2+(Yhautdroit-Yhautgauche)^2)+(Zhautdroit-Zhautgauche)^2)) -> 2.2539121 | Y47: =IF(Xinterdroit="","",SQRT(((Xinterdroit-Xintergauche)^2+(Yinterdroit-Yintergauche)^2)+(Zinterdroit-Zintergauche)^2)) -> 5.2748818 | Z47: =IF(T47="","",(T47-T$10)*1000) -> -0.55302072 | AA47: =IF(U47="","",(U47-U$10)*1000) -> -0.50810783 | AB47: =IF(V47="","",(V47-V$10)*1000) -> -0.37124913 | AC47: =IF(W47="","",(W47-W$10)*1000) -> -8.4944318 | AD47: =IF(X47="","",(X47-X$10)*1000) -> 0.99720235 | AE47: =IF(Y47="","",(Y47-Y$10)*1000) -> 0.18974752 | AG47: =IF(E47="","",(E47-E$10)*1000) -> -6.0000001 | AH47: =IF(F47="","",(F47-F$10)*1000) -> -1.6999999 | AI47: =IF(G47="","",(G47-G$10)*1000) -> -5.75 | AJ47: =IF(H47="","",(H47-H$10)*1000) -> -6.65 | AK47: =IF(I47="","",(I47-I$10)*1000) -> -6.0000001 | AL47: =IF(J47="","",(J47-J$10)*1000) -> -11.85 | AM47: =IF(K47="","",(K47-K$10)*1000) -> -4.2999999 | AN47: =IF(L47="","",(L47-L$10)*1000) -> -3.9000001 | ... AU47: =IF(S47="","",(S47-S$10)*1000) -> -1.25 | AW47: 170.1036 | AX47: -2.6303 | AY47: 1.4886 | AZ47: 170.4208 | BA47: -1.1316 | BB47: 2.7492 | BC47: 170.4337 | BD47: 0.3858 | BE47: 3.4207 | BF47: 170.6582 | BG47: 1.1097 | BH47: 2.7284 | BI47: 170.3932 | BJ47: 2.6356 | BK47: 1.5917 | BM47: =IF(AW47="","",(AW47-AW$10)*1000) -> -6.1 | BN47: =IF(AX47="","",(AX47-AX$10)*1000) -> -1 | BO47: =IF(AY47="","",(AY47-AY$10)*1000) -> -5.7 | BP47: =IF(AZ47="","",(AZ47-AZ$10)*1000) -> -8.5 | BQ47: =IF(BA47="","",(BA47-BA$10)*1000) -> 2.6 | BR47: =IF(BB47="","",(BB47-BB$10)*1000) -> -11.7 | BS47: =IF(BC47="","",(BC47-BC$10)*1000) -> -5.5 | BT47: =IF(BD47="","",(BD47-BD$10)*1000) -> 1.7 | ... CA47: =IF(BK47="","",(BK47-BK$10)*1000) -> -1.3
A48: 43790 | B48: =A48-$A$10 -> 135 | C48: 222.9 | D48: =C48-PM -> 52.5 | E48: 823220.73 | F48: 1091507.9 | G48: -122.3532 | H48: 823221.65 | I48: 1091506.7 | J48: -121.0896 | K48: 823222.3 | L48: 1091505.3 | M48: -120.4179 | N48: 823222.81 | O48: 1091504.7 | P48: -121.1079 | Q48: 823223.21 | R48: 1091503.2 | S48: -122.2471 | T48: =IF(Xhaut="","",SQRT(((Xintergauche-Xhaut)^2+(Yintergauche-Yhaut)^2)+(Zintergauche-Zhaut)^2)) -> 3.5985868 | U48: =IF(Xhaut="","",SQRT(((Xhautgauche-Xhaut)^2+(Yhautgauche-Yhaut)^2)+(Zhautgauche-Zhaut)^2)) -> 1.6595005 | V48: =IF(Xhaut="","",SQRT(((Xhautdroit-Xhaut)^2+(Yhautdroit-Yhaut)^2)+(Zhautdroit-Zhaut)^2)) -> 1.0250103 | W48: =IF(Xhaut="","",SQRT(((Xinterdroit-Xhaut)^2+(Yinterdroit-Yhaut)^2)+(Zinterdroit-Zhaut)^2)) -> 2.8998446 | X48: =IF(Xhautdroit="","",SQRT(((Xhautdroit-Xhautgauche)^2+(Yhautdroit-Yhautgauche)^2)+(Zhautdroit-Zhautgauche)^2)) -> 2.254031 | Y48: =IF(Xinterdroit="","",SQRT(((Xinterdroit-Xintergauche)^2+(Yinterdroit-Yintergauche)^2)+(Zinterdroit-Zintergauche)^2)) -> 5.2746603 | Z48: =IF(T48="","",(T48-T$10)*1000) -> -0.7509528 | AA48: =IF(U48="","",(U48-U$10)*1000) -> -0.42556587 | AB48: =IF(V48="","",(V48-V$10)*1000) -> -0.43351484 | AC48: =IF(W48="","",(W48-W$10)*1000) -> -8.6521168 | AD48: =IF(X48="","",(X48-X$10)*1000) -> 1.1161569 | AE48: =IF(Y48="","",(Y48-Y$10)*1000) -> -0.031717901 | AG48: =IF(E48="","",(E48-E$10)*1000) -> -5.9000001 | AH48: =IF(F48="","",(F48-F$10)*1000) -> -2.0999999 | AI48: =IF(G48="","",(G48-G$10)*1000) -> -5.75 | AJ48: =IF(H48="","",(H48-H$10)*1000) -> -6.5499999 | AK48: =IF(I48="","",(I48-I$10)*1000) -> -6.0999999 | AL48: =IF(J48="","",(J48-J$10)*1000) -> -11.95 | AM48: =IF(K48="","",(K48-K$10)*1000) -> -4.2 | AN48: =IF(L48="","",(L48-L$10)*1000) -> -4.1 | ... AU48: =IF(S48="","",(S48-S$10)*1000) -> -1.15 | AW48: 170.1035 | AX48: -2.6299 | AY48: 1.4886 | AZ48: 170.4208 | BA48: -1.1314 | BB48: 2.7491 | BC48: 170.4337 | BD48: 0.386 | BE48: 3.4206 | BF48: 170.6581 | BG48: 1.11 | BH48: 2.7284 | BI48: 170.3931 | BJ48: 2.6358 | BK48: 1.5918 | BM48: =IF(AW48="","",(AW48-AW$10)*1000) -> -6.2 | BN48: =IF(AX48="","",(AX48-AX$10)*1000) -> -0.6 | BO48: =IF(AY48="","",(AY48-AY$10)*1000) -> -5.7 | BP48: =IF(AZ48="","",(AZ48-AZ$10)*1000) -> -8.5 | BQ48: =IF(BA48="","",(BA48-BA$10)*1000) -> 2.8 | BR48: =IF(BB48="","",(BB48-BB$10)*1000) -> -11.8 | BS48: =IF(BC48="","",(BC48-BC$10)*1000) -> -5.5 | BT48: =IF(BD48="","",(BD48-BD$10)*1000) -> 1.9 | ... CA48: =IF(BK48="","",(BK48-BK$10)*1000) -> -1.2
A49: 43795 | B49: =A49-$A$10 -> 140 | C49: 222.9 | D49: =C49-PM -> 52.5 | E49: 823220.73 | F49: 1091507.9 | G49: -122.3537 | H49: 823221.65 | I49: 1091506.7 | J49: -121.09 | K49: 823222.3 | L49: 1091505.3 | M49: -120.4183 | N49: 823222.81 | O49: 1091504.7 | P49: -121.1083 | Q49: 823223.21 | R49: 1091503.2 | S49: -122.2473 | T49: =IF(Xhaut="","",SQRT(((Xintergauche-Xhaut)^2+(Yintergauche-Yhaut)^2)+(Zintergauche-Zhaut)^2)) -> 3.5988155 | U49: =IF(Xhaut="","",SQRT(((Xhautgauche-Xhaut)^2+(Yhautgauche-Yhaut)^2)+(Zhautgauche-Zhaut)^2)) -> 1.6597443 | V49: =IF(Xhaut="","",SQRT(((Xhautdroit-Xhaut)^2+(Yhautdroit-Yhaut)^2)+(Zhautdroit-Zhaut)^2)) -> 1.02506 | W49: =IF(Xhaut="","",SQRT(((Xinterdroit-Xhaut)^2+(Yinterdroit-Yhaut)^2)+(Zinterdroit-Zhaut)^2)) -> 2.8997184 | X49: =IF(Xhautdroit="","",SQRT(((Xhautdroit-Xhautgauche)^2+(Yhautdroit-Yhautgauche)^2)+(Zhautdroit-Zhautgauche)^2)) -> 2.2543571 | Y49: =IF(Xinterdroit="","",SQRT(((Xinterdroit-Xintergauche)^2+(Yinterdroit-Yintergauche)^2)+(Zinterdroit-Zintergauche)^2)) -> 5.274855 | Z49: =IF(T49="","",(T49-T$10)*1000) -> -0.52221037 | AA49: =IF(U49="","",(U49-U$10)*1000) -> -0.18177537 | AB49: =IF(V49="","",(V49-V$10)*1000) -> -0.38381426 | AC49: =IF(W49="","",(W49-W$10)*1000) -> -8.7782713 | AD49: =IF(X49="","",(X49-X$10)*1000) -> 1.4422179 | AE49: =IF(Y49="","",(Y49-Y$10)*1000) -> 0.16301238 | AG49: =IF(E49="","",(E49-E$10)*1000) -> -6.1000001 | AH49: =IF(F49="","",(F49-F$10)*1000) -> -1.6999999 | AI49: =IF(G49="","",(G49-G$10)*1000) -> -6.25 | AJ49: =IF(H49="","",(H49-H$10)*1000) -> -6.5499999 | AK49: =IF(I49="","",(I49-I$10)*1000) -> -5.5 | AL49: =IF(J49="","",(J49-J$10)*1000) -> -12.35 | AM49: =IF(K49="","",(K49-K$10)*1000) -> -4 | AN49: =IF(L49="","",(L49-L$10)*1000) -> -3.7000002 | ... AU49: =IF(S49="","",(S49-S$10)*1000) -> -1.35 | AW49: 170.1035 | AX49: -2.6303 | AY49: 1.4881 | AZ49: 170.4211 | BA49: -1.132 | BB49: 2.7487 | BC49: 170.434 | BD49: 0.3857 | BE49: 3.4202 | BF49: 170.6586 | BG49: 1.1098 | BH49: 2.728 | BI49: 170.3935 | BJ49: 2.6355 | BK49: 1.5916 | BM49: =IF(AW49="","",(AW49-AW$10)*1000) -> -6.2 | BN49: =IF(AX49="","",(AX49-AX$10)*1000) -> -1 | BO49: =IF(AY49="","",(AY49-AY$10)*1000) -> -6.2 | BP49: =IF(AZ49="","",(AZ49-AZ$10)*1000) -> -8.2 | BQ49: =IF(BA49="","",(BA49-BA$10)*1000) -> 2.2 | BR49: =IF(BB49="","",(BB49-BB$10)*1000) -> -12.2 | BS49: =IF(BC49="","",(BC49-BC$10)*1000) -> -5.2 | BT49: =IF(BD49="","",(BD49-BD$10)*1000) -> 1.6 | ... CA49: =IF(BK49="","",(BK49-BK$10)*1000) -> -1.4
A50: 43797 | B50: =A50-$A$10 -> 142 | C50: 222.9 | D50: =C50-PM -> 52.5 | E50: 823220.73 | F50: 1091507.9 | G50: -122.3536 | H50: 823221.65 | I50: 1091506.7 | J50: -121.09 | K50: 823222.3 | L50: 1091505.3 | M50: -120.4181 | N50: 823222.81 | O50: 1091504.7 | P50: -121.1084 | Q50: 823223.21 | R50: 1091503.2 | S50: -122.2472 | T50: =IF(Xhaut="","",SQRT(((Xintergauche-Xhaut)^2+(Yintergauche-Yhaut)^2)+(Zintergauche-Zhaut)^2)) -> 3.5988693 | U50: =IF(Xhaut="","",SQRT(((Xhautgauche-Xhaut)^2+(Yhautgauche-Yhaut)^2)+(Zhautgauche-Zhaut)^2)) -> 1.6596602 | V50: =IF(Xhaut="","",SQRT(((Xhautdroit-Xhaut)^2+(Yhautdroit-Yhaut)^2)+(Zhautdroit-Zhaut)^2)) -> 1.0252224 | W50: =IF(Xhaut="","",SQRT(((Xinterdroit-Xhaut)^2+(Yinterdroit-Yhaut)^2)+(Zinterdroit-Zhaut)^2)) -> 2.8998603 | X50: =IF(Xhautdroit="","",SQRT(((Xhautdroit-Xhautgauche)^2+(Yhautdroit-Yhautgauche)^2)+(Zhautdroit-Zhautgauche)^2)) -> 2.2542032 | Y50: =IF(Xinterdroit="","",SQRT(((Xinterdroit-Xintergauche)^2+(Yinterdroit-Yintergauche)^2)+(Zinterdroit-Zintergauche)^2)) -> 5.274937 | Z50: =IF(T50="","",(T50-T$10)*1000) -> -0.46843058 | AA50: =IF(U50="","",(U50-U$10)*1000) -> -0.26589876 | AB50: =IF(V50="","",(V50-V$10)*1000) -> -0.22137819 | AC50: =IF(W50="","",(W50-W$10)*1000) -> -8.636418 | AD50: =IF(X50="","",(X50-X$10)*1000) -> 1.2883196 | AE50: =IF(Y50="","",(Y50-Y$10)*1000) -> 0.2449703 | AG50: =IF(E50="","",(E50-E$10)*1000) -> -6.4000001 | AH50: =IF(F50="","",(F50-F$10)*1000) -> -2.7999999 | AI50: =IF(G50="","",(G50-G$10)*1000) -> -6.15 | AJ50: =IF(H50="","",(H50-H$10)*1000) -> -6.85 | AK50: =IF(I50="","",(I50-I$10)*1000) -> -6.7999999 | AL50: =IF(J50="","",(J50-J$10)*1000) -> -12.35 | AM50: =IF(K50="","",(K50-K$10)*1000) -> -4.2999999 | AN50: =IF(L50="","",(L50-L$10)*1000) -> -4.8000002 | ... AU50: =IF(S50="","",(S50-S$10)*1000) -> -1.25 | AW50: 170.1028 | AX50: -2.6294 | AY50: 1.4883 | AZ50: 170.4203 | BA50: -1.1309 | BB50: 2.7487 | BC50: 170.4333 | BD50: 0.3866 | BE50: 3.4204 | BF50: 170.6575 | BG50: 1.1107 | BH50: 2.7279 | BI50: 170.3925 | BJ50: 2.6365 | BK50: 1.5918 | BM50: =IF(AW50="","",(AW50-AW$10)*1000) -> -6.9 | BN50: =IF(AX50="","",(AX50-AX$10)*1000) -> -0.1 | BO50: =IF(AY50="","",(AY50-AY$10)*1000) -> -6 | BP50: =IF(AZ50="","",(AZ50-AZ$10)*1000) -> -9 | BQ50: =IF(BA50="","",(BA50-BA$10)*1000) -> 3.3 | BR50: =IF(BB50="","",(BB50-BB$10)*1000) -> -12.2 | BS50: =IF(BC50="","",(BC50-BC$10)*1000) -> -5.9 | BT50: =IF(BD50="","",(BD50-BD$10)*1000) -> 2.5 | ... CA50: =IF(BK50="","",(BK50-BK$10)*1000) -> -1.2
A51: 43801 | B51: =A51-$A$10 -> 146 | C51: 222.9 | D51: =C51-PM -> 52.5 | E51: 823220.73 | F51: 1091507.9 | G51: -122.3535 | H51: 823221.65 | I51: 1091506.7 | J51: -121.0903 | K51: 823222.3 | L51: 1091505.3 | M51: -120.418 | N51: 823222.81 | O51: 1091504.7 | P51: -121.1084 | Q51: 823223.21 | R51: 1091503.2 | S51: -122.2473 | T51: =IF(Xhaut="","",SQRT(((Xintergauche-Xhaut)^2+(Yintergauche-Yhaut)^2)+(Zintergauche-Zhaut)^2)) -> 3.5989851 | U51: =IF(Xhaut="","",SQRT(((Xhautgauche-Xhaut)^2+(Yhautgauche-Yhaut)^2)+(Zhautgauche-Zhaut)^2)) -> 1.6597752 | V51: =IF(Xhaut="","",SQRT(((Xhautdroit-Xhaut)^2+(Yhautdroit-Yhaut)^2)+(Zhautdroit-Zhaut)^2)) -> 1.0253 | W51: =IF(Xhaut="","",SQRT(((Xinterdroit-Xhaut)^2+(Yinterdroit-Yhaut)^2)+(Zinterdroit-Zhaut)^2)) -> 2.8997422 | X51: =IF(Xhautdroit="","",SQRT(((Xhautdroit-Xhautgauche)^2+(Yhautdroit-Yhautgauche)^2)+(Zhautdroit-Zhautgauche)^2)) -> 2.2542523 | Y51: =IF(Xinterdroit="","",SQRT(((Xinterdroit-Xintergauche)^2+(Yinterdroit-Yintergauche)^2)+(Zinterdroit-Zintergauche)^2)) -> 5.2747567 | Z51: =IF(T51="","",(T51-T$10)*1000) -> -0.35261549 | AA51: =IF(U51="","",(U51-U$10)*1000) -> -0.15087631 | AB51: =IF(V51="","",(V51-V$10)*1000) -> -0.14380272 | AC51: =IF(W51="","",(W51-W$10)*1000) -> -8.7544915 | AD51: =IF(X51="","",(X51-X$10)*1000) -> 1.3374584 | AE51: =IF(Y51="","",(Y51-Y$10)*1000) -> 0.064635296 | AG51: =IF(E51="","",(E51-E$10)*1000) -> -6.2000001 | AH51: =IF(F51="","",(F51-F$10)*1000) -> -1.8999998 | AI51: =IF(G51="","",(G51-G$10)*1000) -> -6.05 | AJ51: =IF(H51="","",(H51-H$10)*1000) -> -6.85 | AK51: =IF(I51="","",(I51-I$10)*1000) -> -6.1999999 | AL51: =IF(J51="","",(J51-J$10)*1000) -> -12.65 | AM51: =IF(K51="","",(K51-K$10)*1000) -> -4 | AN51: =IF(L51="","",(L51-L$10)*1000) -> -4.0000002 | ... AU51: =IF(S51="","",(S51-S$10)*1000) -> -1.35 | AW51: 170.1033 | AX51: -2.6302 | AY51: 1.4883 | AZ51: 170.4205 | BA51: -1.1315 | BB51: 2.7484 | BC51: 170.4339 | BD51: 0.386 | BE51: 3.4205 | BF51: 170.6578 | BG51: 1.1102 | BH51: 2.7279 | BI51: 170.3931 | BJ51: 2.6355 | BK51: 1.5916 | BM51: =IF(AW51="","",(AW51-AW$10)*1000) -> -6.4 | BN51: =IF(AX51="","",(AX51-AX$10)*1000) -> -0.9 | BO51: =IF(AY51="","",(AY51-AY$10)*1000) -> -6 | BP51: =IF(AZ51="","",(AZ51-AZ$10)*1000) -> -8.8 | BQ51: =IF(BA51="","",(BA51-BA$10)*1000) -> 2.7 | BR51: =IF(BB51="","",(BB51-BB$10)*1000) -> -12.5 | BS51: =IF(BC51="","",(BC51-BC$10)*1000) -> -5.3 | BT51: =IF(BD51="","",(BD51-BD$10)*1000) -> 1.9 | ... CA51: =IF(BK51="","",(BK51-BK$10)*1000) -> -1.4
A52: 43803 | B52: =A52-$A$10 -> 148 | C52: 222.9 | D52: =C52-PM -> 52.5 | E52: 823220.73 | F52: 1091507.9 | G52: -122.3535 | H52: 823221.65 | I52: 1091506.7 | J52: -121.0899 | K52: 823222.3 | L52: 1091505.3 | M52: -120.4183 | N52: 823222.81 | O52: 1091504.7 | P52: -121.1085 | Q52: 823223.21 | R52: 1091503.2 | S52: -122.2471 | T52: =IF(Xhaut="","",SQRT(((Xintergauche-Xhaut)^2+(Yintergauche-Yhaut)^2)+(Zintergauche-Zhaut)^2)) -> 3.5987801 | U52: =IF(Xhaut="","",SQRT(((Xhautgauche-Xhaut)^2+(Yhautgauche-Yhaut)^2)+(Zhautgauche-Zhaut)^2)) -> 1.6596251 | V52: =IF(Xhaut="","",SQRT(((Xhautdroit-Xhaut)^2+(Yhautdroit-Yhaut)^2)+(Zhautdroit-Zhaut)^2)) -> 1.0250061 | W52: =IF(Xhaut="","",SQRT(((Xinterdroit-Xhaut)^2+(Yinterdroit-Yhaut)^2)+(Zinterdroit-Zhaut)^2)) -> 2.899348 | X52: =IF(Xhautdroit="","",SQRT(((Xhautdroit-Xhautgauche)^2+(Yhautdroit-Yhautgauche)^2)+(Zhautdroit-Zhautgauche)^2)) -> 2.2541184 | Y52: =IF(Xinterdroit="","",SQRT(((Xinterdroit-Xintergauche)^2+(Yinterdroit-Yintergauche)^2)+(Zinterdroit-Zintergauche)^2)) -> 5.2746316 | Z52: =IF(T52="","",(T52-T$10)*1000) -> -0.55769023 | AA52: =IF(U52="","",(U52-U$10)*1000) -> -0.3009456 | AB52: =IF(V52="","",(V52-V$10)*1000) -> -0.43768577 | AC52: =IF(W52="","",(W52-W$10)*1000) -> -9.1486654 | AD52: =IF(X52="","",(X52-X$10)*1000) -> 1.2035451 | AE52: =IF(Y52="","",(Y52-Y$10)*1000) -> -0.060462885 | AG52: =IF(E52="","",(E52-E$10)*1000) -> -6.1000001 | AH52: =IF(F52="","",(F52-F$10)*1000) -> -1.8999998 | AI52: =IF(G52="","",(G52-G$10)*1000) -> -6.05 | AJ52: =IF(H52="","",(H52-H$10)*1000) -> -6.3499999 | AK52: =IF(I52="","",(I52-I$10)*1000) -> -5.7999999 | AL52: =IF(J52="","",(J52-J$10)*1000) -> -12.25 | AM52: =IF(K52="","",(K52-K$10)*1000) -> -4 | AN52: =IF(L52="","",(L52-L$10)*1000) -> -4.0000002 | ... AU52: =IF(S52="","",(S52-S$10)*1000) -> -1.15 | AW52: 170.1034 | AX52: -2.6301 | AY52: 1.4883 | AZ52: 170.4211 | BA52: -1.1316 | BB52: 2.7488 | BC52: 170.4339 | BD52: 0.386 | BE52: 3.4202 | BF52: 170.6578 | BG52: 1.11 | BH52: 2.7278 | BI52: 170.3934 | BJ52: 2.6354 | BK52: 1.5918 | BM52: =IF(AW52="","",(AW52-AW$10)*1000) -> -6.3 | BN52: =IF(AX52="","",(AX52-AX$10)*1000) -> -0.8 | BO52: =IF(AY52="","",(AY52-AY$10)*1000) -> -6 | BP52: =IF(AZ52="","",(AZ52-AZ$10)*1000) -> -8.2 | BQ52: =IF(BA52="","",(BA52-BA$10)*1000) -> 2.6 | BR52: =IF(BB52="","",(BB52-BB$10)*1000) -> -12.1 | BS52: =IF(BC52="","",(BC52-BC$10)*1000) -> -5.3 | BT52: =IF(BD52="","",(BD52-BD$10)*1000) -> 1.9 | ... CA52: =IF(BK52="","",(BK52-BK$10)*1000) -> -1.2
A53: 43808 | B53: =A53-$A$10 -> 153 | C53: 222.9 | D53: =C53-PM -> 52.5 | E53: 823220.73 | F53: 1091507.9 | G53: -122.3541 | H53: 823221.65 | I53: 1091506.7 | J53: -121.0907 | K53: 823222.3 | L53: 1091505.3 | M53: -120.4189 | N53: 823222.81 | O53: 1091504.7 | P53: -121.1089 | Q53: 823223.21 | R53: 1091503.2 | S53: -122.2476 | T53: =IF(Xhaut="","",SQRT(((Xintergauche-Xhaut)^2+(Yintergauche-Yhaut)^2)+(Zintergauche-Zhaut)^2)) -> 3.5988805 | U53: =IF(Xhaut="","",SQRT(((Xhautgauche-Xhaut)^2+(Yhautgauche-Yhaut)^2)+(Zhautgauche-Zhaut)^2)) -> 1.6597454 | V53: =IF(Xhaut="","",SQRT(((Xhautdroit-Xhaut)^2+(Yhautdroit-Yhaut)^2)+(Zhautdroit-Zhaut)^2)) -> 1.0249555 | W53: =IF(Xhaut="","",SQRT(((Xinterdroit-Xhaut)^2+(Yinterdroit-Yhaut)^2)+(Zinterdroit-Zhaut)^2)) -> 2.8992771 | X53: =IF(Xhautdroit="","",SQRT(((Xhautdroit-Xhautgauche)^2+(Yhautdroit-Yhautgauche)^2)+(Zhautdroit-Zhautgauche)^2)) -> 2.2541675 | Y53: =IF(Xinterdroit="","",SQRT(((Xinterdroit-Xintergauche)^2+(Yinterdroit-Yintergauche)^2)+(Zinterdroit-Zintergauche)^2)) -> 5.2747689 | Z53: =IF(T53="","",(T53-T$10)*1000) -> -0.45728127 | AA53: =IF(U53="","",(U53-U$10)*1000) -> -0.18065489 | AB53: =IF(V53="","",(V53-V$10)*1000) -> -0.48827195 | AC53: =IF(W53="","",(W53-W$10)*1000) -> -9.219589 | AD53: =IF(X53="","",(X53-X$10)*1000) -> 1.2525904 | AE53: =IF(Y53="","",(Y53-Y$10)*1000) -> 0.076880551 | AG53: =IF(E53="","",(E53-E$10)*1000) -> -6.8000001 | AH53: =IF(F53="","",(F53-F$10)*1000) -> -1.8999998 | AI53: =IF(G53="","",(G53-G$10)*1000) -> -6.65 | AJ53: =IF(H53="","",(H53-H$10)*1000) -> -7.2499999 | AK53: =IF(I53="","",(I53-I$10)*1000) -> -6.0000001 | AL53: =IF(J53="","",(J53-J$10)*1000) -> -13.05 | AM53: =IF(K53="","",(K53-K$10)*1000) -> -4.7999999 | AN53: =IF(L53="","",(L53-L$10)*1000) -> -4.2000001 | ... AU53: =IF(S53="","",(S53-S$10)*1000) -> -1.65 | AW53: 170.10278 | AX53: -2.6304305 | AY53: 1.4877522 | AZ53: 170.42024 | BA53: -1.1318243 | BB53: 2.7479776 | BC53: 170.43311 | BD53: 0.38582986 | BE53: 3.4196489 | BF53: 170.65758 | BG53: 1.1097399 | BH53: 2.7274042 | BI53: 170.39279 | BJ53: 2.6352829 | BK53: 1.5913521 | BM53: =IF(AW53="","",(AW53-AW$10)*1000) -> -6.9203437 | BN53: =IF(AX53="","",(AX53-AX$10)*1000) -> -1.1305089 | BO53: =IF(AY53="","",(AY53-AY$10)*1000) -> -6.5477966 | BP53: =IF(AZ53="","",(AZ53-AZ$10)*1000) -> -9.0607976 | BQ53: =IF(BA53="","",(BA53-BA$10)*1000) -> 2.3757259 | BR53: =IF(BB53="","",(BB53-BB$10)*1000) -> -12.922392 | BS53: =IF(BC53="","",(BC53-BC$10)*1000) -> -6.0947141 | BT53: =IF(BD53="","",(BD53-BD$10)*1000) -> 1.729861 | ... CA53: =IF(BK53="","",(BK53-BK$10)*1000) -> -1.6479174
A54: 43811 | B54: =A54-$A$10 -> 156 | C54: 222.9 | D54: =C54-PM -> 52.5 | E54: 823220.73 | F54: 1091507.9 | G54: -122.3534 | H54: 823221.65 | I54: 1091506.7 | J54: -121.0904 | K54: 823222.3 | L54: 1091505.3 | M54: -120.4184 | N54: 823222.81 | O54: 1091504.7 | P54: -121.1085 | Q54: 823223.21 | R54: 1091503.2 | S54: -122.2469 | T54: =IF(Xhaut="","",SQRT(((Xintergauche-Xhaut)^2+(Yintergauche-Yhaut)^2)+(Zintergauche-Zhaut)^2)) -> 3.5986571 | U54: =IF(Xhaut="","",SQRT(((Xhautgauche-Xhaut)^2+(Yhautgauche-Yhaut)^2)+(Zhautgauche-Zhaut)^2)) -> 1.6595356 | V54: =IF(Xhaut="","",SQRT(((Xhautdroit-Xhaut)^2+(Yhautdroit-Yhaut)^2)+(Zhautdroit-Zhaut)^2)) -> 1.0250381 | W54: =IF(Xhaut="","",SQRT(((Xinterdroit-Xhaut)^2+(Yinterdroit-Yhaut)^2)+(Zinterdroit-Zhaut)^2)) -> 2.8993716 | X54: =IF(Xhautdroit="","",SQRT(((Xhautdroit-Xhautgauche)^2+(Yhautdroit-Yhautgauche)^2)+(Zhautdroit-Zhautgauche)^2)) -> 2.2539778 | Y54: =IF(Xinterdroit="","",SQRT(((Xinterdroit-Xintergauche)^2+(Yinterdroit-Yintergauche)^2)+(Zinterdroit-Zintergauche)^2)) -> 5.2748918 | Z54: =IF(T54="","",(T54-T$10)*1000) -> -0.68064379 | AA54: =IF(U54="","",(U54-U$10)*1000) -> -0.39047422 | AB54: =IF(V54="","",(V54-V$10)*1000) -> -0.40570114 | AC54: =IF(W54="","",(W54-W$10)*1000) -> -9.1251464 | AD54: =IF(X54="","",(X54-X$10)*1000) -> 1.0629735 | AE54: =IF(Y54="","",(Y54-Y$10)*1000) -> 0.19981888 | AG54: =IF(E54="","",(E54-E$10)*1000) -> -6.5000001 | AH54: =IF(F54="","",(F54-F$10)*1000) -> -1.8 | AI54: =IF(G54="","",(G54-G$10)*1000) -> -5.95 | AJ54: =IF(H54="","",(H54-H$10)*1000) -> -7.15 | AK54: =IF(I54="","",(I54-I$10)*1000) -> -6.1999999 | AL54: =IF(J54="","",(J54-J$10)*1000) -> -12.75 | AM54: =IF(K54="","",(K54-K$10)*1000) -> -4.5999999 | AN54: =IF(L54="","",(L54-L$10)*1000) -> -4.0000002 | ... AU54: =IF(S54="","",(S54-S$10)*1000) -> -0.95 | AW54: 170.1031 | AX54: -2.6304 | AY54: 1.4884 | AZ54: 170.4202 | BA54: -1.1316 | BB54: 2.7483 | BC54: 170.4334 | BD54: 0.3857 | BE54: 3.4201 | BF54: 170.6574 | BG54: 1.1098 | BH54: 2.7278 | BI54: 170.3927 | BJ54: 2.6355 | BK54: 1.5921 | BM54: =IF(AW54="","",(AW54-AW$10)*1000) -> -6.6 | BN54: =IF(AX54="","",(AX54-AX$10)*1000) -> -1.1 | BO54: =IF(AY54="","",(AY54-AY$10)*1000) -> -5.9 | BP54: =IF(AZ54="","",(AZ54-AZ$10)*1000) -> -9.1 | BQ54: =IF(BA54="","",(BA54-BA$10)*1000) -> 2.6 | BR54: =IF(BB54="","",(BB54-BB$10)*1000) -> -12.6 | BS54: =IF(BC54="","",(BC54-BC$10)*1000) -> -5.8 | BT54: =IF(BD54="","",(BD54-BD$10)*1000) -> 1.6 | ... CA54: =IF(BK54="","",(BK54-BK$10)*1000) -> -0.9
A55: 43815 | B55: =A55-$A$10 -> 160 | C55: 222.9 | D55: =C55-PM -> 52.5 | E55: 823220.73 | F55: 1091507.9 | G55: -122.3544 | H55: 823221.65 | I55: 1091506.7 | J55: -121.0914 | K55: 823222.3 | L55: 1091505.3 | M55: -120.4192 | N55: 823222.81 | O55: 1091504.7 | P55: -121.1095 | Q55: 823223.21 | R55: 1091503.2 | S55: -122.2478 | T55: =IF(Xhaut="","",SQRT(((Xintergauche-Xhaut)^2+(Yintergauche-Yhaut)^2)+(Zintergauche-Zhaut)^2)) -> 3.5987517 | U55: =IF(Xhaut="","",SQRT(((Xhautgauche-Xhaut)^2+(Yhautgauche-Yhaut)^2)+(Zhautgauche-Zhaut)^2)) -> 1.659656 | V55: =IF(Xhaut="","",SQRT(((Xhautdroit-Xhaut)^2+(Yhautdroit-Yhaut)^2)+(Zhautdroit-Zhaut)^2)) -> 1.025332 | W55: =IF(Xhaut="","",SQRT(((Xinterdroit-Xhaut)^2+(Yinterdroit-Yhaut)^2)+(Zinterdroit-Zhaut)^2)) -> 2.8995686 | X55: =IF(Xhautdroit="","",SQRT(((Xhautdroit-Xhautgauche)^2+(Yhautdroit-Yhautgauche)^2)+(Zhautdroit-Zhautgauche)^2)) -> 2.2542523 | Y55: =IF(Xinterdroit="","",SQRT(((Xinterdroit-Xintergauche)^2+(Yinterdroit-Yintergauche)^2)+(Zinterdroit-Zintergauche)^2)) -> 5.2750416 | Z55: =IF(T55="","",(T55-T$10)*1000) -> -0.58601679 | AA55: =IF(U55="","",(U55-U$10)*1000) -> -0.27011681 | AB55: =IF(V55="","",(V55-V$10)*1000) -> -0.11182713 | AC55: =IF(W55="","",(W55-W$10)*1000) -> -8.9281138 | AD55: =IF(X55="","",(X55-X$10)*1000) -> 1.3374583 | AE55: =IF(Y55="","",(Y55-Y$10)*1000) -> 0.3495515 | AG55: =IF(E55="","",(E55-E$10)*1000) -> -6.8000001 | AH55: =IF(F55="","",(F55-F$10)*1000) -> -2.0999999 | AI55: =IF(G55="","",(G55-G$10)*1000) -> -6.95 | AJ55: =IF(H55="","",(H55-H$10)*1000) -> -7.2499999 | AK55: =IF(I55="","",(I55-I$10)*1000) -> -6.3 | AL55: =IF(J55="","",(J55-J$10)*1000) -> -13.75 | AM55: =IF(K55="","",(K55-K$10)*1000) -> -4.5999999 | AN55: =IF(L55="","",(L55-L$10)*1000) -> -4.1 | ... AU55: =IF(S55="","",(S55-S$10)*1000) -> -1.85 | AW55: 170.1027 | AX55: -2.6302 | AY55: 1.4875 | AZ55: 170.4201 | BA55: -1.1316 | BB55: 2.7473 | BC55: 170.4333 | BD55: 0.3858 | BE55: 3.4193 | BF55: 170.6574 | BG55: 1.1101 | BH55: 2.7268 | BI55: 170.3928 | BJ55: 2.6357 | BK55: 1.5912 | BM55: =IF(AW55="","",(AW55-AW$10)*1000) -> -7 | BN55: =IF(AX55="","",(AX55-AX$10)*1000) -> -0.9 | BO55: =IF(AY55="","",(AY55-AY$10)*1000) -> -6.8 | BP55: =IF(AZ55="","",(AZ55-AZ$10)*1000) -> -9.2 | BQ55: =IF(BA55="","",(BA55-BA$10)*1000) -> 2.6 | BR55: =IF(BB55="","",(BB55-BB$10)*1000) -> -13.6 | BS55: =IF(BC55="","",(BC55-BC$10)*1000) -> -5.9 | BT55: =IF(BD55="","",(BD55-BD$10)*1000) -> 1.7 | ... CA55: =IF(BK55="","",(BK55-BK$10)*1000) -> -1.8
A56: 43818 | B56: =A56-$A$10 -> 163 | C56: 222.9 | D56: =C56-PM -> 52.5 | E56: 823220.73 | F56: 1091507.9 | G56: -122.354 | H56: 823221.65 | I56: 1091506.7 | J56: -121.091 | K56: 823222.3 | L56: 1091505.3 | M56: -120.419 | N56: 823222.81 | O56: 1091504.7 | P56: -121.1091 | Q56: 823223.21 | R56: 1091503.2 | S56: -122.2473 | T56: =IF(Xhaut="","",SQRT(((Xintergauche-Xhaut)^2+(Yintergauche-Yhaut)^2)+(Zintergauche-Zhaut)^2)) -> 3.5987729 | U56: =IF(Xhaut="","",SQRT(((Xhautgauche-Xhaut)^2+(Yhautgauche-Yhaut)^2)+(Zhautgauche-Zhaut)^2)) -> 1.6598264 | V56: =IF(Xhaut="","",SQRT(((Xhautdroit-Xhaut)^2+(Yhautdroit-Yhaut)^2)+(Zhautdroit-Zhaut)^2)) -> 1.0248636 | W56: =IF(Xhaut="","",SQRT(((Xinterdroit-Xhaut)^2+(Yinterdroit-Yhaut)^2)+(Zinterdroit-Zhaut)^2)) -> 2.8991745 | X56: =IF(Xhautdroit="","",SQRT(((Xhautdroit-Xhautgauche)^2+(Yhautdroit-Yhautgauche)^2)+(Zhautdroit-Zhautgauche)^2)) -> 2.2539437 | Y56: =IF(Xinterdroit="","",SQRT(((Xinterdroit-Xintergauche)^2+(Yinterdroit-Yintergauche)^2)+(Zinterdroit-Zintergauche)^2)) -> 5.274943 | Z56: =IF(T56="","",(T56-T$10)*1000) -> -0.56482187 | AA56: =IF(U56="","",(U56-U$10)*1000) -> -0.099692445 | AB56: =IF(V56="","",(V56-V$10)*1000) -> -0.58013375 | AC56: =IF(W56="","",(W56-W$10)*1000) -> -9.3221907 | AD56: =IF(X56="","",(X56-X$10)*1000) -> 1.0288693 | AE56: =IF(Y56="","",(Y56-Y$10)*1000) -> 0.25103008 | AG56: =IF(E56="","",(E56-E$10)*1000) -> -6.5000001 | AH56: =IF(F56="","",(F56-F$10)*1000) -> -2.0999999 | AI56: =IF(G56="","",(G56-G$10)*1000) -> -6.55 | AJ56: =IF(H56="","",(H56-H$10)*1000) -> -6.95 | AK56: =IF(I56="","",(I56-I$10)*1000) -> -6.1999999 | AL56: =IF(J56="","",(J56-J$10)*1000) -> -13.35 | AM56: =IF(K56="","",(K56-K$10)*1000) -> -4.4999999 | AN56: =IF(L56="","",(L56-L$10)*1000) -> -4.4000002 | ... AU56: =IF(S56="","",(S56-S$10)*1000) -> -1.35 | AW56: 170.1031 | AX56: -2.6303 | AY56: 1.4878 | AZ56: 170.4204 | BA56: -1.1314 | BB56: 2.7477 | BC56: 170.4334 | BD56: 0.386 | BE56: 3.4195 | BF56: 170.6576 | BG56: 1.1102 | BH56: 2.7272 | BI56: 170.3928 | BJ56: 2.6356 | BK56: 1.5917 | BM56: =IF(AW56="","",(AW56-AW$10)*1000) -> -6.6 | BN56: =IF(AX56="","",(AX56-AX$10)*1000) -> -1 | BO56: =IF(AY56="","",(AY56-AY$10)*1000) -> -6.5 | BP56: =IF(AZ56="","",(AZ56-AZ$10)*1000) -> -8.9 | BQ56: =IF(BA56="","",(BA56-BA$10)*1000) -> 2.8 | BR56: =IF(BB56="","",(BB56-BB$10)*1000) -> -13.2 | BS56: =IF(BC56="","",(BC56-BC$10)*1000) -> -5.8 | BT56: =IF(BD56="","",(BD56-BD$10)*1000) -> 1.9 | ... CA56: =IF(BK56="","",(BK56-BK$10)*1000) -> -1.3
A57: 43837 | B57: =A57-$A$10 -> 182 | C57: 222.9 | D57: =C57-PM -> 52.5 | E57: 823220.73 | F57: 1091507.9 | G57: -122.3542 | H57: 823221.65 | I57: 1091506.7 | J57: -121.0916 | K57: 823222.3 | L57: 1091505.3 | M57: -120.4194 | N57: 823222.81 | O57: 1091504.7 | P57: -121.1096 | Q57: 823223.21 | R57: 1091503.2 | S57: -122.2474 | T57: =IF(Xhaut="","",SQRT(((Xintergauche-Xhaut)^2+(Yintergauche-Yhaut)^2)+(Zintergauche-Zhaut)^2)) -> 3.5987529 | U57: =IF(Xhaut="","",SQRT(((Xhautgauche-Xhaut)^2+(Yhautgauche-Yhaut)^2)+(Zhautgauche-Zhaut)^2)) -> 1.6597347 | V57: =IF(Xhaut="","",SQRT(((Xhautdroit-Xhaut)^2+(Yhautdroit-Yhaut)^2)+(Zhautdroit-Zhaut)^2)) -> 1.0251551 | W57: =IF(Xhaut="","",SQRT(((Xinterdroit-Xhaut)^2+(Yinterdroit-Yhaut)^2)+(Zinterdroit-Zhaut)^2)) -> 2.8987647 | X57: =IF(Xhautdroit="","",SQRT(((Xhautdroit-Xhautgauche)^2+(Yhautdroit-Yhautgauche)^2)+(Zhautdroit-Zhautgauche)^2)) -> 2.2541833 | Y57: =IF(Xinterdroit="","",SQRT(((Xinterdroit-Xintergauche)^2+(Yinterdroit-Yintergauche)^2)+(Zinterdroit-Zintergauche)^2)) -> 5.2747812 | Z57: =IF(T57="","",(T57-T$10)*1000) -> -0.58486226 | AA57: =IF(U57="","",(U57-U$10)*1000) -> -0.19137947 | AB57: =IF(V57="","",(V57-V$10)*1000) -> -0.28870713 | AC57: =IF(W57="","",(W57-W$10)*1000) -> -9.7319724 | AD57: =IF(X57="","",(X57-X$10)*1000) -> 1.2684653 | AE57: =IF(Y57="","",(Y57-Y$10)*1000) -> 0.089151908 | AG57: =IF(E57="","",(E57-E$10)*1000) -> -6.9000002 | AH57: =IF(F57="","",(F57-F$10)*1000) -> -2.2 | AI57: =IF(G57="","",(G57-G$10)*1000) -> -6.75 | AJ57: =IF(H57="","",(H57-H$10)*1000) -> -7.55 | AK57: =IF(I57="","",(I57-I$10)*1000) -> -6.7 | AL57: =IF(J57="","",(J57-J$10)*1000) -> -13.95 | AM57: =IF(K57="","",(K57-K$10)*1000) -> -4.6999999 | AN57: =IF(L57="","",(L57-L$10)*1000) -> -4.5 | ... AU57: =IF(S57="","",(S57-S$10)*1000) -> -1.45 | AW57: 170.1026 | AX57: -2.6302 | AY57: 1.4877 | AZ57: 170.4197 | BA57: -1.1313 | BB57: 2.7471 | BC57: 170.4331 | BD57: 0.3861 | BE57: 3.4191 | BF57: 170.6572 | BG57: 1.1102 | BH57: 2.7267 | BI57: 170.3928 | BJ57: 2.6355 | BK57: 1.5916 | BM57: =IF(AW57="","",(AW57-AW$10)*1000) -> -7.1 | BN57: =IF(AX57="","",(AX57-AX$10)*1000) -> -0.9 | BO57: =IF(AY57="","",(AY57-AY$10)*1000) -> -6.6 | BP57: =IF(AZ57="","",(AZ57-AZ$10)*1000) -> -9.6 | BQ57: =IF(BA57="","",(BA57-BA$10)*1000) -> 2.9 | BR57: =IF(BB57="","",(BB57-BB$10)*1000) -> -13.8 | BS57: =IF(BC57="","",(BC57-BC$10)*1000) -> -6.1 | BT57: =IF(BD57="","",(BD57-BD$10)*1000) -> 2 | ... CA57: =IF(BK57="","",(BK57-BK$10)*1000) -> -1.4
A58: 43843 | B58: =IF(A58="","",A58-excav) -> 188 | C58: 222.9 | D58: =C58-PM -> 52.5 | E58: 823220.73 | F58: 1091507.9 | G58: -122.3542 | H58: 823221.65 | I58: 1091506.7 | J58: -121.0918 | K58: 823222.3 | L58: 1091505.3 | M58: -120.4197 | N58: 823222.81 | O58: 1091504.7 | P58: -121.1096 | Q58: 823223.21 | R58: 1091503.2 | S58: -122.2474 | T58: =IF(Xhaut="","",SQRT(((Xintergauche-Xhaut)^2+(Yintergauche-Yhaut)^2)+(Zintergauche-Zhaut)^2)) -> 3.5985892 | U58: =IF(Xhaut="","",SQRT(((Xhautgauche-Xhaut)^2+(Yhautgauche-Yhaut)^2)+(Zhautgauche-Zhaut)^2)) -> 1.6597336 | V58: =IF(Xhaut="","",SQRT(((Xhautdroit-Xhaut)^2+(Yhautdroit-Yhaut)^2)+(Zhautdroit-Zhaut)^2)) -> 1.0249582 | W58: =IF(Xhaut="","",SQRT(((Xinterdroit-Xhaut)^2+(Yinterdroit-Yhaut)^2)+(Zinterdroit-Zhaut)^2)) -> 2.8984179 | X58: =IF(Xhautdroit="","",SQRT(((Xhautdroit-Xhautgauche)^2+(Yhautdroit-Yhautgauche)^2)+(Zhautdroit-Zhautgauche)^2)) -> 2.2542674 | Y58: =IF(Xinterdroit="","",SQRT(((Xinterdroit-Xintergauche)^2+(Yinterdroit-Yintergauche)^2)+(Zinterdroit-Zintergauche)^2)) -> 5.2745739 | Z58: =IF(T58="","",(T58-T$10)*1000) -> -0.74859621 | AA58: =IF(U58="","",(U58-U$10)*1000) -> -0.19249996 | AB58: =IF(V58="","",(V58-V$10)*1000) -> -0.48554998 | AC58: =IF(W58="","",(W58-W$10)*1000) -> -10.078807 | AD58: =IF(X58="","",(X58-X$10)*1000) -> 1.3525453 | AE58: =IF(Y58="","",(Y58-Y$10)*1000) -> -0.11809779 | AG58: =IF(E58="","",(E58-E$10)*1000) -> -6.6000001 | AH58: =IF(F58="","",(F58-F$10)*1000) -> -2.0999999 | AI58: =IF(G58="","",(G58-G$10)*1000) -> -6.75 | AJ58: =IF(H58="","",(H58-H$10)*1000) -> -7.8499999 | AK58: =IF(I58="","",(I58-I$10)*1000) -> -6.8999999 | AL58: =IF(J58="","",(J58-J$10)*1000) -> -14.15 | AM58: =IF(K58="","",(K58-K$10)*1000) -> -4.8999999 | AN58: =IF(L58="","",(L58-L$10)*1000) -> -4.7000002 | ... AU58: =IF(S58="","",(S58-S$10)*1000) -> -1.45 | AW58: 170.1029 | AX58: -2.6303 | AY58: 1.4877 | AZ58: 170.4193 | BA58: -1.1313 | BB58: 2.7469 | BC58: 170.4328 | BD58: 0.3862 | BE58: 3.4189 | BF58: 170.6568 | BG58: 1.1104 | BH58: 2.7267 | BI58: 170.3921 | BJ58: 2.6354 | BK58: 1.5916 | BM58: =IF(AW58="","",(AW58-AW$10)*1000) -> -6.8 | BN58: =IF(AX58="","",(AX58-AX$10)*1000) -> -1 | BO58: =IF(AY58="","",(AY58-AY$10)*1000) -> -6.6 | BP58: =IF(AZ58="","",(AZ58-AZ$10)*1000) -> -10 | BQ58: =IF(BA58="","",(BA58-BA$10)*1000) -> 2.9 | BR58: =IF(BB58="","",(BB58-BB$10)*1000) -> -14 | BS58: =IF(BC58="","",(BC58-BC$10)*1000) -> -6.4 | BT58: =IF(BD58="","",(BD58-BD$10)*1000) -> 2.1 | ... CA58: =IF(BK58="","",(BK58-BK$10)*1000) -> -1.4
A59: 43850 | B59: =IF(A59="","",A59-excav) -> 195 | C59: 222.9 | D59: =C59-PM -> 52.5 | E59: 823220.73 | F59: 1091507.9 | G59: -122.3542 | H59: 823221.65 | I59: 1091506.7 | J59: -121.0919 | K59: 823222.3 | L59: 1091505.3 | M59: -120.4196 | N59: 823222.81 | O59: 1091504.7 | P59: -121.1095 | Q59: 823223.21 | R59: 1091503.2 | S59: -122.2472 | T59: =IF(Xhaut="","",SQRT(((Xintergauche-Xhaut)^2+(Yintergauche-Yhaut)^2)+(Zintergauche-Zhaut)^2)) -> 3.5985579 | U59: =IF(Xhaut="","",SQRT(((Xhautgauche-Xhaut)^2+(Yhautgauche-Yhaut)^2)+(Zhautgauche-Zhaut)^2)) -> 1.6596927 | V59: =IF(Xhaut="","",SQRT(((Xhautdroit-Xhaut)^2+(Yhautdroit-Yhaut)^2)+(Zhautdroit-Zhaut)^2)) -> 1.0251621 | W59: =IF(Xhaut="","",SQRT(((Xinterdroit-Xhaut)^2+(Yinterdroit-Yhaut)^2)+(Zinterdroit-Zhaut)^2)) -> 2.8986543 | X59: =IF(Xhautdroit="","",SQRT(((Xhautdroit-Xhautgauche)^2+(Yhautdroit-Yhautgauche)^2)+(Zhautdroit-Zhautgauche)^2)) -> 2.254369 | Y59: =IF(Xinterdroit="","",SQRT(((Xinterdroit-Xintergauche)^2+(Yinterdroit-Yintergauche)^2)+(Zinterdroit-Zintergauche)^2)) -> 5.2748672 | Z59: =IF(T59="","",(T59-T$10)*1000) -> -0.77987938 | AA59: =IF(U59="","",(U59-U$10)*1000) -> -0.2333926 | AB59: =IF(V59="","",(V59-V$10)*1000) -> -0.28171802 | AC59: =IF(W59="","",(W59-W$10)*1000) -> -9.8423595 | AD59: =IF(X59="","",(X59-X$10)*1000) -> 1.4541369 | AE59: =IF(Y59="","",(Y59-Y$10)*1000) -> 0.17514919 | AG59: =IF(E59="","",(E59-E$10)*1000) -> -6.8000001 | AH59: =IF(F59="","",(F59-F$10)*1000) -> -1.8999998 | AI59: =IF(G59="","",(G59-G$10)*1000) -> -6.75 | AJ59: =IF(H59="","",(H59-H$10)*1000) -> -7.6499999 | AK59: =IF(I59="","",(I59-I$10)*1000) -> -6.4999999 | AL59: =IF(J59="","",(J59-J$10)*1000) -> -14.25 | AM59: =IF(K59="","",(K59-K$10)*1000) -> -4.7999999 | AN59: =IF(L59="","",(L59-L$10)*1000) -> -4.2000001 | ... AU59: =IF(S59="","",(S59-S$10)*1000) -> -1.25 | AW59: 170.1028 | AX59: -2.6304 | AY59: 1.4877 | AZ59: 170.4197 | BA59: -1.1315 | BB59: 2.7468 | BC59: 170.4331 | BD59: 0.3858 | BE59: 3.4189 | BF59: 170.6574 | BG59: 1.1102 | BH59: 2.7268 | BI59: 170.3927 | BJ59: 2.6354 | BK59: 1.5918 | BM59: =IF(AW59="","",(AW59-AW$10)*1000) -> -6.9 | BN59: =IF(AX59="","",(AX59-AX$10)*1000) -> -1.1 | BO59: =IF(AY59="","",(AY59-AY$10)*1000) -> -6.6 | BP59: =IF(AZ59="","",(AZ59-AZ$10)*1000) -> -9.6 | BQ59: =IF(BA59="","",(BA59-BA$10)*1000) -> 2.7 | BR59: =IF(BB59="","",(BB59-BB$10)*1000) -> -14.1 | BS59: =IF(BC59="","",(BC59-BC$10)*1000) -> -6.1 | BT59: =IF(BD59="","",(BD59-BD$10)*1000) -> 1.7 | ... CA59: =IF(BK59="","",(BK59-BK$10)*1000) -> -1.2
A60: 43857 | B60: =IF(A60="","",A60-excav) -> 202 | C60: 222.9 | D60: =C60-PM -> 52.5 | E60: 823220.73 | F60: 1091507.9 | G60: -122.3547 | H60: 823221.65 | I60: 1091506.7 | J60: -121.0925 | K60: 823222.3 | L60: 1091505.3 | M60: -120.4202 | N60: 823222.81 | O60: 1091504.7 | P60: -121.11 | Q60: 823223.21 | R60: 1091503.2 | S60: -122.2474 | T60: =IF(Xhaut="","",SQRT(((Xintergauche-Xhaut)^2+(Yintergauche-Yhaut)^2)+(Zintergauche-Zhaut)^2)) -> 3.5984887 | U60: =IF(Xhaut="","",SQRT(((Xhautgauche-Xhaut)^2+(Yhautgauche-Yhaut)^2)+(Zhautgauche-Zhaut)^2)) -> 1.6596927 | V60: =IF(Xhaut="","",SQRT(((Xhautdroit-Xhaut)^2+(Yhautdroit-Yhaut)^2)+(Zhautdroit-Zhaut)^2)) -> 1.0251496 | W60: =IF(Xhaut="","",SQRT(((Xinterdroit-Xhaut)^2+(Yinterdroit-Yhaut)^2)+(Zinterdroit-Zhaut)^2)) -> 2.8981578 | X60: =IF(Xhautdroit="","",SQRT(((Xhautdroit-Xhautgauche)^2+(Yhautdroit-Yhautgauche)^2)+(Zhautdroit-Zhautgauche)^2)) -> 2.2544539 | Y60: =IF(Xinterdroit="","",SQRT(((Xinterdroit-Xintergauche)^2+(Yinterdroit-Yintergauche)^2)+(Zinterdroit-Zintergauche)^2)) -> 5.2745554 | Z60: =IF(T60="","",(T60-T$10)*1000) -> -0.84903843 | AA60: =IF(U60="","",(U60-U$10)*1000) -> -0.2333926 | AB60: =IF(V60="","",(V60-V$10)*1000) -> -0.29421365 | AC60: =IF(W60="","",(W60-W$10)*1000) -> -10.338863 | AD60: =IF(X60="","",(X60-X$10)*1000) -> 1.5390239 | AE60: =IF(Y60="","",(Y60-Y$10)*1000) -> -0.13657796 | AG60: =IF(E60="","",(E60-E$10)*1000) -> -6.6000001 | AH60: =IF(F60="","",(F60-F$10)*1000) -> -2.0999999 | AI60: =IF(G60="","",(G60-G$10)*1000) -> -7.25 | AJ60: =IF(H60="","",(H60-H$10)*1000) -> -7.6499999 | AK60: =IF(I60="","",(I60-I$10)*1000) -> -6.7999999 | AL60: =IF(J60="","",(J60-J$10)*1000) -> -14.85 | AM60: =IF(K60="","",(K60-K$10)*1000) -> -4.7999999 | AN60: =IF(L60="","",(L60-L$10)*1000) -> -4.5 | ... AU60: =IF(S60="","",(S60-S$10)*1000) -> -1.45 | AW60: 170.1029 | AX60: -2.6302 | AY60: 1.4872 | AZ60: 170.4195 | BA60: -1.1313 | BB60: 2.7462 | BC60: 170.433 | BD60: 0.3861 | BE60: 3.4184 | BF60: 170.6572 | BG60: 1.1106 | BH60: 2.7263 | BI60: 170.3927 | BJ60: 2.6353 | BK60: 1.5916 | BM60: =IF(AW60="","",(AW60-AW$10)*1000) -> -6.8 | BN60: =IF(AX60="","",(AX60-AX$10)*1000) -> -0.9 | BO60: =IF(AY60="","",(AY60-AY$10)*1000) -> -7.1 | BP60: =IF(AZ60="","",(AZ60-AZ$10)*1000) -> -9.8 | BQ60: =IF(BA60="","",(BA60-BA$10)*1000) -> 2.9 | BR60: =IF(BB60="","",(BB60-BB$10)*1000) -> -14.7 | BS60: =IF(BC60="","",(BC60-BC$10)*1000) -> -6.2 | BT60: =IF(BD60="","",(BD60-BD$10)*1000) -> 2 | ... CA60: =IF(BK60="","",(BK60-BK$10)*1000) -> -1.4
A61: 43865 | B61: =IF(A61="","",A61-excav) -> 210 | C61: 222.9 | D61: =C61-PM -> 52.5 | E61: 823220.73 | F61: 1091507.9 | G61: -122.3551 | H61: 823221.65 | I61: 1091506.7 | J61: -121.0927 | K61: 823222.3 | L61: 1091505.3 | M61: -120.4205 | N61: 823222.81 | O61: 1091504.7 | P61: -121.1106 | Q61: 823223.21 | R61: 1091503.2 | S61: -122.2479 | T61: =IF(Xhaut="","",SQRT(((Xintergauche-Xhaut)^2+(Yintergauche-Yhaut)^2)+(Zintergauche-Zhaut)^2)) -> 3.5986454 | U61: =IF(Xhaut="","",SQRT(((Xhautgauche-Xhaut)^2+(Yhautgauche-Yhaut)^2)+(Zhautgauche-Zhaut)^2)) -> 1.6596166 | V61: =IF(Xhaut="","",SQRT(((Xhautdroit-Xhaut)^2+(Yhautdroit-Yhaut)^2)+(Zhautdroit-Zhaut)^2)) -> 1.0251477 | W61: =IF(Xhaut="","",SQRT(((Xinterdroit-Xhaut)^2+(Yinterdroit-Yhaut)^2)+(Zinterdroit-Zhaut)^2)) -> 2.8983864 | X61: =IF(Xhautdroit="","",SQRT(((Xhautdroit-Xhautgauche)^2+(Yhautdroit-Yhautgauche)^2)+(Zhautdroit-Zhautgauche)^2)) -> 2.2541476 | Y61: =IF(Xinterdroit="","",SQRT(((Xinterdroit-Xintergauche)^2+(Yinterdroit-Yintergauche)^2)+(Zinterdroit-Zintergauche)^2)) -> 5.2747893 | Z61: =IF(T61="","",(T61-T$10)*1000) -> -0.69238428 | AA61: =IF(U61="","",(U61-U$10)*1000) -> -0.30947763 | AB61: =IF(V61="","",(V61-V$10)*1000) -> -0.29613051 | AC61: =IF(W61="","",(W61-W$10)*1000) -> -10.110303 | AD61: =IF(X61="","",(X61-X$10)*1000) -> 1.2327294 | AE61: =IF(Y61="","",(Y61-Y$10)*1000) -> 0.097266187 | AG61: =IF(E61="","",(E61-E$10)*1000) -> -7.0000001 | AH61: =IF(F61="","",(F61-F$10)*1000) -> -1.9999999 | AI61: =IF(G61="","",(G61-G$10)*1000) -> -7.65 | AJ61: =IF(H61="","",(H61-H$10)*1000) -> -7.35 | AK61: =IF(I61="","",(I61-I$10)*1000) -> -6.4999999 | AL61: =IF(J61="","",(J61-J$10)*1000) -> -15.05 | AM61: =IF(K61="","",(K61-K$10)*1000) -> -4.7999999 | AN61: =IF(L61="","",(L61-L$10)*1000) -> -4.3000001 | ... AU61: =IF(S61="","",(S61-S$10)*1000) -> -1.95 | AW61: 170.1026 | AX61: -2.6304 | AY61: 1.4868 | AZ61: 170.4199 | BA61: -1.1314 | BB61: 2.746 | BC61: 170.4331 | BD61: 0.3859 | BE61: 3.418 | BF61: 170.6571 | BG61: 1.1102 | BH61: 2.7257 | BI61: 170.3928 | BJ61: 2.6353 | BK61: 1.5911 | BM61: =IF(AW61="","",(AW61-AW$10)*1000) -> -7.1 | BN61: =IF(AX61="","",(AX61-AX$10)*1000) -> -1.1 | BO61: =IF(AY61="","",(AY61-AY$10)*1000) -> -7.5 | BP61: =IF(AZ61="","",(AZ61-AZ$10)*1000) -> -9.4 | BQ61: =IF(BA61="","",(BA61-BA$10)*1000) -> 2.8 | BR61: =IF(BB61="","",(BB61-BB$10)*1000) -> -14.9 | BS61: =IF(BC61="","",(BC61-BC$10)*1000) -> -6.1 | BT61: =IF(BD61="","",(BD61-BD$10)*1000) -> 1.8 | ... CA61: =IF(BK61="","",(BK61-BK$10)*1000) -> -1.9
A62: 43878 | B62: =IF(A62="","",A62-excav) -> 223 | C62: 222.9 | D62: =C62-PM -> 52.5 | E62: 823220.73 | F62: 1091507.9 | G62: -122.3553 | H62: 823221.65 | I62: 1091506.7 | J62: -121.0934 | K62: 823222.3 | L62: 1091505.3 | M62: -120.4212 | N62: 823222.81 | O62: 1091504.7 | P62: -121.111 | Q62: 823223.21 | R62: 1091503.2 | S62: -122.2479 | T62: =IF(Xhaut="","",SQRT(((Xintergauche-Xhaut)^2+(Yintergauche-Yhaut)^2)+(Zintergauche-Zhaut)^2)) -> 3.5983021 | U62: =IF(Xhaut="","",SQRT(((Xhautgauche-Xhaut)^2+(Yhautgauche-Yhaut)^2)+(Zhautgauche-Zhaut)^2)) -> 1.6596166 | V62: =IF(Xhaut="","",SQRT(((Xhautdroit-Xhaut)^2+(Yhautdroit-Yhaut)^2)+(Zhautdroit-Zhaut)^2)) -> 1.0251496 | W62: =IF(Xhaut="","",SQRT(((Xinterdroit-Xhaut)^2+(Yinterdroit-Yhaut)^2)+(Zinterdroit-Zhaut)^2)) -> 2.8980791 | X62: =IF(Xhautdroit="","",SQRT(((Xhautdroit-Xhautgauche)^2+(Yhautdroit-Yhautgauche)^2)+(Zhautdroit-Zhautgauche)^2)) -> 2.2543856 | Y62: =IF(Xinterdroit="","",SQRT(((Xinterdroit-Xintergauche)^2+(Yinterdroit-Yintergauche)^2)+(Zinterdroit-Zintergauche)^2)) -> 5.2749163 | Z62: =IF(T62="","",(T62-T$10)*1000) -> -1.0357048 | AA62: =IF(U62="","",(U62-U$10)*1000) -> -0.30947768 | AB62: =IF(V62="","",(V62-V$10)*1000) -> -0.29421365 | AC62: =IF(W62="","",(W62-W$10)*1000) -> -10.417563 | AD62: =IF(X62="","",(X62-X$10)*1000) -> 1.4707425 | AE62: =IF(Y62="","",(Y62-Y$10)*1000) -> 0.22425544 | AG62: =IF(E62="","",(E62-E$10)*1000) -> -6.2000001 | AH62: =IF(F62="","",(F62-F$10)*1000) -> -2.5999998 | AI62: =IF(G62="","",(G62-G$10)*1000) -> -7.85 | AJ62: =IF(H62="","",(H62-H$10)*1000) -> -7.0499999 | AK62: =IF(I62="","",(I62-I$10)*1000) -> -7.2999999 | AL62: =IF(J62="","",(J62-J$10)*1000) -> -15.75 | AM62: =IF(K62="","",(K62-K$10)*1000) -> -4.4999999 | AN62: =IF(L62="","",(L62-L$10)*1000) -> -5.1000002 | ... AU62: =IF(S62="","",(S62-S$10)*1000) -> -1.95 | AW62: 170.103 | AX62: -2.6295 | AY62: 1.4865 | AZ62: 170.4199 | BA62: -1.1306 | BB62: 2.7453 | BC62: 170.433 | BD62: 0.3868 | BE62: 3.4174 | BF62: 170.6572 | BG62: 1.1112 | BH62: 2.7253 | BI62: 170.3929 | BJ62: 2.6363 | BK62: 1.5911 | BM62: =IF(AW62="","",(AW62-AW$10)*1000) -> -6.7 | BN62: =IF(AX62="","",(AX62-AX$10)*1000) -> -0.2 | BO62: =IF(AY62="","",(AY62-AY$10)*1000) -> -7.8 | BP62: =IF(AZ62="","",(AZ62-AZ$10)*1000) -> -9.4 | BQ62: =IF(BA62="","",(BA62-BA$10)*1000) -> 3.6 | BR62: =IF(BB62="","",(BB62-BB$10)*1000) -> -15.6 | BS62: =IF(BC62="","",(BC62-BC$10)*1000) -> -6.2 | BT62: =IF(BD62="","",(BD62-BD$10)*1000) -> 2.7 | ... CA62: =IF(BK62="","",(BK62-BK$10)*1000) -> -1.9
A63: 43886 | B63: =IF(A63="","",A63-excav) -> 231 | C63: 222.9 | D63: =C63-PM -> 52.5 | E63: 823220.73 | F63: 1091507.9 | G63: -122.3552 | H63: 823221.65 | I63: 1091506.7 | J63: -121.0931 | K63: 823222.3 | L63: 1091505.3 | M63: -120.4208 | N63: 823222.81 | O63: 1091504.7 | P63: -121.1109 | Q63: 823223.21 | R63: 1091503.2 | S63: -122.2477 | T63: =IF(Xhaut="","",SQRT(((Xintergauche-Xhaut)^2+(Yintergauche-Yhaut)^2)+(Zintergauche-Zhaut)^2)) -> 3.5986537 | U63: =IF(Xhaut="","",SQRT(((Xhautgauche-Xhaut)^2+(Yhautgauche-Yhaut)^2)+(Zhautgauche-Zhaut)^2)) -> 1.6596889 | V63: =IF(Xhaut="","",SQRT(((Xhautdroit-Xhaut)^2+(Yhautdroit-Yhaut)^2)+(Zhautdroit-Zhaut)^2)) -> 1.0253566 | W63: =IF(Xhaut="","",SQRT(((Xinterdroit-Xhaut)^2+(Yinterdroit-Yhaut)^2)+(Zinterdroit-Zhaut)^2)) -> 2.8980712 | X63: =IF(Xhautdroit="","",SQRT(((Xhautdroit-Xhautgauche)^2+(Yhautdroit-Yhautgauche)^2)+(Zhautdroit-Zhautgauche)^2)) -> 2.2545078 | Y63: =IF(Xinterdroit="","",SQRT(((Xinterdroit-Xintergauche)^2+(Yinterdroit-Yintergauche)^2)+(Zinterdroit-Zintergauche)^2)) -> 5.2749307 | Z63: =IF(T63="","",(T63-T$10)*1000) -> -0.68406185 | AA63: =IF(U63="","",(U63-U$10)*1000) -> -0.23714334 | AB63: =IF(V63="","",(V63-V$10)*1000) -> -0.087206161 | AC63: =IF(W63="","",(W63-W$10)*1000) -> -10.425521 | AD63: =IF(X63="","",(X63-X$10)*1000) -> 1.5929565 | AE63: =IF(Y63="","",(Y63-Y$10)*1000) -> 0.2386982 | AG63: =IF(E63="","",(E63-E$10)*1000) -> -6.8000001 | AH63: =IF(F63="","",(F63-F$10)*1000) -> -1.6999999 | AI63: =IF(G63="","",(G63-G$10)*1000) -> -7.75 | AJ63: =IF(H63="","",(H63-H$10)*1000) -> -7.55 | AK63: =IF(I63="","",(I63-I$10)*1000) -> -6.4999999 | AL63: =IF(J63="","",(J63-J$10)*1000) -> -15.45 | AM63: =IF(K63="","",(K63-K$10)*1000) -> -4.4999999 | AN63: =IF(L63="","",(L63-L$10)*1000) -> -4.1 | ... AU63: =IF(S63="","",(S63-S$10)*1000) -> -1.75 | AW63: 170.1029 | AX63: -2.6306 | AY63: 1.4867 | AZ63: 170.4198 | BA63: -1.1315 | BB63: 2.7456 | BC63: 170.4334 | BD63: 0.3859 | BE63: 3.4177 | BF63: 170.6575 | BG63: 1.1104 | BH63: 2.7254 | BI63: 170.3931 | BJ63: 2.6352 | BK63: 1.5912 | BM63: =IF(AW63="","",(AW63-AW$10)*1000) -> -6.8 | BN63: =IF(AX63="","",(AX63-AX$10)*1000) -> -1.3 | BO63: =IF(AY63="","",(AY63-AY$10)*1000) -> -7.6 | BP63: =IF(AZ63="","",(AZ63-AZ$10)*1000) -> -9.5 | BQ63: =IF(BA63="","",(BA63-BA$10)*1000) -> 2.7 | BR63: =IF(BB63="","",(BB63-BB$10)*1000) -> -15.3 | BS63: =IF(BC63="","",(BC63-BC$10)*1000) -> -5.8 | BT63: =IF(BD63="","",(BD63-BD$10)*1000) -> 1.8 | ... CA63: =IF(BK63="","",(BK63-BK$10)*1000) -> -1.8
A64: 43896 | B64: =IF(A64="","",A64-excav) -> 241 | C64: 222.9 | D64: =C64-PM -> 52.5 | E64: 823220.73 | F64: 1091507.9 | G64: -122.3552 | H64: 823221.65 | I64: 1091506.7 | J64: -121.0934 | K64: 823222.3 | L64: 1091505.3 | M64: -120.421 | N64: 823222.81 | O64: 1091504.7 | P64: -121.1108 | Q64: 823223.21 | R64: 1091503.2 | S64: -122.2476 | T64: =IF(Xhaut="","",SQRT(((Xintergauche-Xhaut)^2+(Yintergauche-Yhaut)^2)+(Zintergauche-Zhaut)^2)) -> 3.5987754 | U64: =IF(Xhaut="","",SQRT(((Xhautgauche-Xhaut)^2+(Yhautgauche-Yhaut)^2)+(Zhautgauche-Zhaut)^2)) -> 1.659977 | V64: =IF(Xhaut="","",SQRT(((Xhautdroit-Xhaut)^2+(Yhautdroit-Yhaut)^2)+(Zhautdroit-Zhaut)^2)) -> 1.0252987 | W64: =IF(Xhaut="","",SQRT(((Xinterdroit-Xhaut)^2+(Yinterdroit-Yhaut)^2)+(Zinterdroit-Zhaut)^2)) -> 2.8977324 | X64: =IF(Xhautdroit="","",SQRT(((Xhautdroit-Xhautgauche)^2+(Yhautdroit-Yhautgauche)^2)+(Zhautdroit-Zhautgauche)^2)) -> 2.2548824 | Y64: =IF(Xinterdroit="","",SQRT(((Xinterdroit-Xintergauche)^2+(Yinterdroit-Yintergauche)^2)+(Zinterdroit-Zintergauche)^2)) -> 5.2750619 | Z64: =IF(T64="","",(T64-T$10)*1000) -> -0.56234887 | AA64: =IF(U64="","",(U64-U$10)*1000) -> 0.050897655 | AB64: =IF(V64="","",(V64-V$10)*1000) -> -0.14510969 | AC64: =IF(W64="","",(W64-W$10)*1000) -> -10.764318 | AD64: =IF(X64="","",(X64-X$10)*1000) -> 1.967517 | AE64: =IF(Y64="","",(Y64-Y$10)*1000) -> 0.36985462 | AG64: =IF(E64="","",(E64-E$10)*1000) -> -7.0000001 | AH64: =IF(F64="","",(F64-F$10)*1000) -> -2.0999999 | AI64: =IF(G64="","",(G64-G$10)*1000) -> -7.75 | AJ64: =IF(H64="","",(H64-H$10)*1000) -> -8.0499999 | AK64: =IF(I64="","",(I64-I$10)*1000) -> -7.1 | AL64: =IF(J64="","",(J64-J$10)*1000) -> -15.75 | AM64: =IF(K64="","",(K64-K$10)*1000) -> -4.9999999 | AN64: =IF(L64="","",(L64-L$10)*1000) -> -5.0000001 | ... AU64: =IF(S64="","",(S64-S$10)*1000) -> -1.65 | AW64: 170.1025 | AX64: -2.6303 | AY64: 1.4867 | AZ64: 170.419 | BA64: -1.1312 | BB64: 2.7453 | BC64: 170.4326 | BD64: 0.3865 | BE64: 3.4176 | BF64: 170.6571 | BG64: 1.1111 | BH64: 2.7255 | BI64: 170.3926 | BJ64: 2.6356 | BK64: 1.5914 | BM64: =IF(AW64="","",(AW64-AW$10)*1000) -> -7.2 | BN64: =IF(AX64="","",(AX64-AX$10)*1000) -> -1 | BO64: =IF(AY64="","",(AY64-AY$10)*1000) -> -7.6 | BP64: =IF(AZ64="","",(AZ64-AZ$10)*1000) -> -10.3 | BQ64: =IF(BA64="","",(BA64-BA$10)*1000) -> 3 | BR64: =IF(BB64="","",(BB64-BB$10)*1000) -> -15.6 | BS64: =IF(BC64="","",(BC64-BC$10)*1000) -> -6.6 | BT64: =IF(BD64="","",(BD64-BD$10)*1000) -> 2.4 | ... CA64: =IF(BK64="","",(BK64-BK$10)*1000) -> -1.6
A65: 43970 | B65: =IF(A65="","",A65-excav) -> 315 | C65: 222.9 | D65: =C65-PM -> 52.5 | E65: 823220.73 | F65: 1091507.9 | G65: -122.356 | H65: 823221.65 | I65: 1091506.7 | J65: -121.0951 | K65: 823222.3 | L65: 1091505.3 | M65: -120.4225 | N65: 823222.81 | O65: 1091504.7 | P65: -121.1122 | Q65: 823223.21 | R65: 1091503.2 | S65: -122.2477 | T65: =IF(Xhaut="","",SQRT(((Xintergauche-Xhaut)^2+(Yintergauche-Yhaut)^2)+(Zintergauche-Zhaut)^2)) -> 3.5979229 | U65: =IF(Xhaut="","",SQRT(((Xhautgauche-Xhaut)^2+(Yhautgauche-Yhaut)^2)+(Zhautgauche-Zhaut)^2)) -> 1.6595593 | V65: =IF(Xhaut="","",SQRT(((Xhautdroit-Xhaut)^2+(Yhautdroit-Yhaut)^2)+(Zhautdroit-Zhaut)^2)) -> 1.0252913 | W65: =IF(Xhaut="","",SQRT(((Xinterdroit-Xhaut)^2+(Yinterdroit-Yhaut)^2)+(Zinterdroit-Zhaut)^2)) -> 2.8966688 | X65: =IF(Xhautdroit="","",SQRT(((Xhautdroit-Xhautgauche)^2+(Yhautdroit-Yhautgauche)^2)+(Zhautdroit-Zhautgauche)^2)) -> 2.2545034 | Y65: =IF(Xinterdroit="","",SQRT(((Xinterdroit-Xintergauche)^2+(Yinterdroit-Yintergauche)^2)+(Zinterdroit-Zintergauche)^2)) -> 5.2742829 | Z65: =IF(T65="","",(T65-T$10)*1000) -> -1.4148759 | AA65: =IF(U65="","",(U65-U$10)*1000) -> -0.36680223 | AB65: =IF(V65="","",(V65-V$10)*1000) -> -0.15248321 | AC65: =IF(W65="","",(W65-W$10)*1000) -> -11.827883 | AD65: =IF(X65="","",(X65-X$10)*1000) -> 1.5885496 | AE65: =IF(Y65="","",(Y65-Y$10)*1000) -> -0.40913967 | AG65: =IF(E65="","",(E65-E$10)*1000) -> -7.3000001 | AH65: =IF(F65="","",(F65-F$10)*1000) -> -3.0999999 | AI65: =IF(G65="","",(G65-G$10)*1000) -> -8.55 | AJ65: =IF(H65="","",(H65-H$10)*1000) -> -8.65 | AK65: =IF(I65="","",(I65-I$10)*1000) -> -8.2 | AL65: =IF(J65="","",(J65-J$10)*1000) -> -17.45 | AM65: =IF(K65="","",(K65-K$10)*1000) -> -5.3999999 | AN65: =IF(L65="","",(L65-L$10)*1000) -> -5.4000001 | ... AU65: =IF(S65="","",(S65-S$10)*1000) -> -1.75 | AW65: 170.1018 | AX65: -2.6296 | AY65: 1.4859 | AZ65: 170.4182 | BA65: -1.1307 | BB65: 2.7436 | BC65: 170.4321 | BD65: 0.3866 | BE65: 3.4161 | BF65: 170.6563 | BG65: 1.1115 | BH65: 2.7241 | BI65: 170.3922 | BJ65: 2.6358 | BK65: 1.5913 | BM65: =IF(AW65="","",(AW65-AW$10)*1000) -> -7.9 | BN65: =IF(AX65="","",(AX65-AX$10)*1000) -> -0.3 | BO65: =IF(AY65="","",(AY65-AY$10)*1000) -> -8.4 | BP65: =IF(AZ65="","",(AZ65-AZ$10)*1000) -> -11.1 | BQ65: =IF(BA65="","",(BA65-BA$10)*1000) -> 3.5 | BR65: =IF(BB65="","",(BB65-BB$10)*1000) -> -17.3 | BS65: =IF(BC65="","",(BC65-BC$10)*1000) -> -7.1 | BT65: =IF(BD65="","",(BD65-BD$10)*1000) -> 2.5 | ... CA65: =IF(BK65="","",(BK65-BK$10)*1000) -> -1.7
A66: 43977 | B66: =IF(A66="","",A66-excav) -> 322 | C66: 222.9 | D66: =C66-PM -> 52.5 | E66: 823220.73 | F66: 1091507.9 | G66: -122.3556 | H66: 823221.65 | I66: 1091506.7 | J66: -121.0946 | K66: 823222.3 | L66: 1091505.3 | M66: -120.4222 | N66: 823222.81 | O66: 1091504.7 | P66: -121.1118 | Q66: 823223.21 | R66: 1091503.2 | S66: -122.2476 | T66: =IF(Xhaut="","",SQRT(((Xintergauche-Xhaut)^2+(Yintergauche-Yhaut)^2)+(Zintergauche-Zhaut)^2)) -> 3.5981859 | U66: =IF(Xhaut="","",SQRT(((Xhautgauche-Xhaut)^2+(Yhautgauche-Yhaut)^2)+(Zhautgauche-Zhaut)^2)) -> 1.6597688 | V66: =IF(Xhaut="","",SQRT(((Xhautdroit-Xhaut)^2+(Yhautdroit-Yhaut)^2)+(Zhautdroit-Zhaut)^2)) -> 1.0251743 | W66: =IF(Xhaut="","",SQRT(((Xinterdroit-Xhaut)^2+(Yinterdroit-Yhaut)^2)+(Zinterdroit-Zhaut)^2)) -> 2.8967711 | X66: =IF(Xhautdroit="","",SQRT(((Xhautdroit-Xhautgauche)^2+(Yhautdroit-Yhautgauche)^2)+(Zhautdroit-Zhautgauche)^2)) -> 2.2547436 | Y66: =IF(Xinterdroit="","",SQRT(((Xinterdroit-Xintergauche)^2+(Yinterdroit-Yintergauche)^2)+(Zinterdroit-Zintergauche)^2)) -> 5.2746169 | Z66: =IF(T66="","",(T66-T$10)*1000) -> -1.1518519 | AA66: =IF(U66="","",(U66-U$10)*1000) -> -0.15724477 | AB66: =IF(V66="","",(V66-V$10)*1000) -> -0.26945166 | AC66: =IF(W66="","",(W66-W$10)*1000) -> -11.725609 | AD66: =IF(X66="","",(X66-X$10)*1000) -> 1.8287296 | AE66: =IF(Y66="","",(Y66-Y$10)*1000) -> -0.075119085 | AG66: =IF(E66="","",(E66-E$10)*1000) -> -6.8000001 | AH66: =IF(F66="","",(F66-F$10)*1000) -> -2.4999999 | AI66: =IF(G66="","",(G66-G$10)*1000) -> -8.15 | AJ66: =IF(H66="","",(H66-H$10)*1000) -> -8.1499999 | AK66: =IF(I66="","",(I66-I$10)*1000) -> -7.7 | AL66: =IF(J66="","",(J66-J$10)*1000) -> -16.95 | AM66: =IF(K66="","",(K66-K$10)*1000) -> -4.9999999 | AN66: =IF(L66="","",(L66-L$10)*1000) -> -5.3000001 | ... AU66: =IF(S66="","",(S66-S$10)*1000) -> -1.65 | AW66: 170.1025 | AX66: -2.6299 | AY66: 1.4863 | AZ66: 170.4187 | BA66: -1.1307 | BB66: 2.7441 | BC66: 170.4325 | BD66: 0.3867 | BE66: 3.4164 | BF66: 170.6567 | BG66: 1.1114 | BH66: 2.7245 | BI66: 170.3924 | BJ66: 2.6357 | BK66: 1.5914 | BM66: =IF(AW66="","",(AW66-AW$10)*1000) -> -7.2 | BN66: =IF(AX66="","",(AX66-AX$10)*1000) -> -0.6 | BO66: =IF(AY66="","",(AY66-AY$10)*1000) -> -8 | BP66: =IF(AZ66="","",(AZ66-AZ$10)*1000) -> -10.6 | BQ66: =IF(BA66="","",(BA66-BA$10)*1000) -> 3.5 | BR66: =IF(BB66="","",(BB66-BB$10)*1000) -> -16.8 | BS66: =IF(BC66="","",(BC66-BC$10)*1000) -> -6.7 | BT66: =IF(BD66="","",(BD66-BD$10)*1000) -> 2.6 | ... CA66: =IF(BK66="","",(BK66-BK$10)*1000) -> -1.6
A67: 43984 | B67: =IF(A67="","",A67-excav) -> 329 | C67: 222.9 | D67: =C67-PM -> 52.5 | E67: 823220.73 | F67: 1091507.9 | G67: -122.3557 | H67: 823221.65 | I67: 1091506.7 | J67: -121.095 | K67: 823222.3 | L67: 1091505.3 | M67: -120.4224 | N67: 823222.81 | O67: 1091504.7 | P67: -121.1121 | Q67: 823223.21 | R67: 1091503.2 | S67: -122.2477 | T67: =IF(Xhaut="","",SQRT(((Xintergauche-Xhaut)^2+(Yintergauche-Yhaut)^2)+(Zintergauche-Zhaut)^2)) -> 3.597975 | U67: =IF(Xhaut="","",SQRT(((Xhautgauche-Xhaut)^2+(Yhautgauche-Yhaut)^2)+(Zhautgauche-Zhaut)^2)) -> 1.6597674 | V67: =IF(Xhaut="","",SQRT(((Xhautdroit-Xhaut)^2+(Yhautdroit-Yhaut)^2)+(Zhautdroit-Zhaut)^2)) -> 1.0252519 | W67: =IF(Xhaut="","",SQRT(((Xinterdroit-Xhaut)^2+(Yinterdroit-Yhaut)^2)+(Zinterdroit-Zhaut)^2)) -> 2.8966844 | X67: =IF(Xhautdroit="","",SQRT(((Xhautdroit-Xhautgauche)^2+(Yhautdroit-Yhautgauche)^2)+(Zhautdroit-Zhautgauche)^2)) -> 2.2547253 | Y67: =IF(Xinterdroit="","",SQRT(((Xinterdroit-Xintergauche)^2+(Yinterdroit-Yintergauche)^2)+(Zinterdroit-Zintergauche)^2)) -> 5.2743524 | Z67: =IF(T67="","",(T67-T$10)*1000) -> -1.3627448 | AA67: =IF(U67="","",(U67-U$10)*1000) -> -0.1587119 | AB67: =IF(V67="","",(V67-V$10)*1000) -> -0.19190194 | AC67: =IF(W67="","",(W67-W$10)*1000) -> -11.812339 | AD67: =IF(X67="","",(X67-X$10)*1000) -> 1.8104524 | AE67: =IF(Y67="","",(Y67-Y$10)*1000) -> -0.33956843 | AG67: =IF(E67="","",(E67-E$10)*1000) -> -7.3000001 | AH67: =IF(F67="","",(F67-F$10)*1000) -> -2.5999998 | AI67: =IF(G67="","",(G67-G$10)*1000) -> -8.25 | AJ67: =IF(H67="","",(H67-H$10)*1000) -> -8.3499999 | AK67: =IF(I67="","",(I67-I$10)*1000) -> -7.5000001 | AL67: =IF(J67="","",(J67-J$10)*1000) -> -17.35 | AM67: =IF(K67="","",(K67-K$10)*1000) -> -5.1999999 | AN67: =IF(L67="","",(L67-L$10)*1000) -> -5.0000001 | ... AU67: =IF(S67="","",(S67-S$10)*1000) -> -1.75 | AW67: 170.10203 | AX67: -2.6300074 | AY67: 1.4861597 | AZ67: 170.41861 | BA67: -1.1309298 | BB67: 2.7436939 | BC67: 170.4324 | BD67: 0.38638583 | BE67: 3.416156 | BF67: 170.65636 | BG67: 1.1111599 | BH67: 2.7242164 | BI67: 170.39203 | BJ67: 2.6352589 | BK67: 1.5912597 | BM67: =IF(AW67="","",(AW67-AW$10)*1000) -> -7.6693461 | BN67: =IF(AX67="","",(AX67-AX$10)*1000) -> -0.70743046 | BO67: =IF(AY67="","",(AY67-AY$10)*1000) -> -8.1403065 | BP67: =IF(AZ67="","",(AZ67-AZ$10)*1000) -> -10.691697 | BQ67: =IF(BA67="","",(BA67-BA$10)*1000) -> 3.2702468 | BR67: =IF(BB67="","",(BB67-BB$10)*1000) -> -17.206083 | BS67: =IF(BC67="","",(BC67-BC$10)*1000) -> -6.7953525 | BT67: =IF(BD67="","",(BD67-BD$10)*1000) -> 2.2858338 | ... CA67: =IF(BK67="","",(BK67-BK$10)*1000) -> -1.7403054
A68: 43990 | B68: =IF(A68="","",A68-excav) -> 335 | C68: 222.9 | D68: =C68-PM -> 52.5 | E68: 823220.73 | F68: 1091507.9 | G68: -122.3561 | H68: 823221.65 | I68: 1091506.7 | J68: -121.0954 | K68: 823222.3 | L68: 1091505.3 | M68: -120.423 | N68: 823222.81 | O68: 1091504.7 | P68: -121.1127 | Q68: 823223.21 | R68: 1091503.2 | S68: -122.2481 | T68: =IF(Xhaut="","",SQRT(((Xintergauche-Xhaut)^2+(Yintergauche-Yhaut)^2)+(Zintergauche-Zhaut)^2)) -> 3.5978935 | U68: =IF(Xhaut="","",SQRT(((Xhautgauche-Xhaut)^2+(Yhautgauche-Yhaut)^2)+(Zhautgauche-Zhaut)^2)) -> 1.6597688 | V68: =IF(Xhaut="","",SQRT(((Xhautdroit-Xhaut)^2+(Yhautdroit-Yhaut)^2)+(Zhautdroit-Zhaut)^2)) -> 1.0251919 | W68: =IF(Xhaut="","",SQRT(((Xinterdroit-Xhaut)^2+(Yinterdroit-Yhaut)^2)+(Zinterdroit-Zhaut)^2)) -> 2.8964717 | X68: =IF(Xhautdroit="","",SQRT(((Xhautdroit-Xhautgauche)^2+(Yhautdroit-Yhautgauche)^2)+(Zhautdroit-Zhautgauche)^2)) -> 2.2546928 | Y68: =IF(Xinterdroit="","",SQRT(((Xinterdroit-Xintergauche)^2+(Yinterdroit-Yintergauche)^2)+(Zinterdroit-Zintergauche)^2)) -> 5.2743462 | Z68: =IF(T68="","",(T68-T$10)*1000) -> -1.4442693 | AA68: =IF(U68="","",(U68-U$10)*1000) -> -0.15724458 | AB68: =IF(V68="","",(V68-V$10)*1000) -> -0.25187436 | AC68: =IF(W68="","",(W68-W$10)*1000) -> -12.024975 | AD68: =IF(X68="","",(X68-X$10)*1000) -> 1.7779029 | AE68: =IF(Y68="","",(Y68-Y$10)*1000) -> -0.3457655 | AG68: =IF(E68="","",(E68-E$10)*1000) -> -7.0000001 | AH68: =IF(F68="","",(F68-F$10)*1000) -> -3.0999999 | AI68: =IF(G68="","",(G68-G$10)*1000) -> -8.65 | AJ68: =IF(H68="","",(H68-H$10)*1000) -> -8.65 | AK68: =IF(I68="","",(I68-I$10)*1000) -> -8.2999999 | AL68: =IF(J68="","",(J68-J$10)*1000) -> -17.75 | AM68: =IF(K68="","",(K68-K$10)*1000) -> -5.5 | AN68: =IF(L68="","",(L68-L$10)*1000) -> -5.9000002 | ... AU68: =IF(S68="","",(S68-S$10)*1000) -> -2.15 | AW68: 170.10209 | AX68: -2.6294275 | AY68: 1.4857591 | AZ68: 170.418 | BA68: -1.1303315 | BB68: 2.7433 | BC68: 170.43175 | BD68: 0.3870747 | BE68: 3.4155625 | BF68: 170.65589 | BG68: 1.1117098 | BH68: 2.7236211 | BI68: 170.39187 | BJ68: 2.635845 | BK68: 1.5908613 | BM68: =IF(AW68="","",(AW68-AW$10)*1000) -> -7.6087846 | BN68: =IF(AX68="","",(AX68-AX$10)*1000) -> -0.12748878 | BO68: =IF(AY68="","",(AY68-AY$10)*1000) -> -8.5409122 | BP68: =IF(AZ68="","",(AZ68-AZ$10)*1000) -> -11.301706 | BQ68: =IF(BA68="","",(BA68-BA$10)*1000) -> 3.8684846 | BR68: =IF(BB68="","",(BB68-BB$10)*1000) -> -17.599983 | BS68: =IF(BC68="","",(BC68-BC$10)*1000) -> -7.4476271 | BT68: =IF(BD68="","",(BD68-BD$10)*1000) -> 2.9747011 | ... CA68: =IF(BK68="","",(BK68-BK$10)*1000) -> -2.1386758
A69: 43997 | B69: =IF(A69="","",A69-excav) -> 342 | C69: 223.9 | D69: =C69-PM -> 53.5 | E69: 823220.73 | F69: 1091507.9 | G69: -122.355 | H69: 823221.65 | I69: 1091506.7 | J69: -121.0947 | K69: 823222.3 | L69: 1091505.3 | M69: -120.4218 | N69: 823222.81 | O69: 1091504.7 | P69: -121.1117 | Q69: 823223.21 | R69: 1091503.2 | S69: -122.2468 | T69: =IF(Xhaut="","",SQRT(((Xintergauche-Xhaut)^2+(Yintergauche-Yhaut)^2)+(Zintergauche-Zhaut)^2)) -> 3.5980631 | U69: =IF(Xhaut="","",SQRT(((Xhautgauche-Xhaut)^2+(Yhautgauche-Yhaut)^2)+(Zhautgauche-Zhaut)^2)) -> 1.6600502 | V69: =IF(Xhaut="","",SQRT(((Xhautdroit-Xhaut)^2+(Yhautdroit-Yhaut)^2)+(Zhautdroit-Zhaut)^2)) -> 1.0252666 | W69: =IF(Xhaut="","",SQRT(((Xinterdroit-Xhaut)^2+(Yinterdroit-Yhaut)^2)+(Zinterdroit-Zhaut)^2)) -> 2.8962037 | X69: =IF(Xhautdroit="","",SQRT(((Xhautdroit-Xhautgauche)^2+(Yhautdroit-Yhautgauche)^2)+(Zhautdroit-Zhautgauche)^2)) -> 2.254674 | Y69: =IF(Xinterdroit="","",SQRT(((Xinterdroit-Xintergauche)^2+(Yinterdroit-Yintergauche)^2)+(Zinterdroit-Zintergauche)^2)) -> 5.274215 | Z69: =IF(T69="","",(T69-T$10)*1000) -> -1.2746894 | AA69: =IF(U69="","",(U69-U$10)*1000) -> 0.12415912 | AB69: =IF(V69="","",(V69-V$10)*1000) -> -0.17723248 | AC69: =IF(W69="","",(W69-W$10)*1000) -> -12.293004 | AD69: =IF(X69="","",(X69-X$10)*1000) -> 1.7590975 | AE69: =IF(Y69="","",(Y69-Y$10)*1000) -> -0.47698911 | AG69: =IF(E69="","",(E69-E$10)*1000) -> -6.9000002 | AH69: =IF(F69="","",(F69-F$10)*1000) -> -2.7999999 | AI69: =IF(G69="","",(G69-G$10)*1000) -> -7.55 | AJ69: =IF(H69="","",(H69-H$10)*1000) -> -8.65 | AK69: =IF(I69="","",(I69-I$10)*1000) -> -8.1 | AL69: =IF(J69="","",(J69-J$10)*1000) -> -17.05 | AM69: =IF(K69="","",(K69-K$10)*1000) -> -5.3 | AN69: =IF(L69="","",(L69-L$10)*1000) -> -5.7000001 | ... AU69: =IF(S69="","",(S69-S$10)*1000) -> -0.85 | AW69: 170.10231 | AX69: -2.6296571 | AY69: 1.4868569 | AZ69: 170.41808 | BA69: -1.1305128 | BB69: 2.7439992 | BC69: 170.43202 | BD69: 0.38697797 | BE69: 3.4167598 | BF69: 170.65633 | BG69: 1.111474 | BH69: 2.7246167 | BI69: 170.39204 | BJ69: 2.6354824 | BK69: 1.5921596 | BM69: =IF(AW69="","",(AW69-AW$10)*1000) -> -7.3913598 | BN69: =IF(AX69="","",(AX69-AX$10)*1000) -> -0.35711118 | BO69: =IF(AY69="","",(AY69-AY$10)*1000) -> -7.4430864 | BP69: =IF(AZ69="","",(AZ69-AZ$10)*1000) -> -11.217176 | BQ69: =IF(BA69="","",(BA69-BA$10)*1000) -> 3.6872263 | BR69: =IF(BB69="","",(BB69-BB$10)*1000) -> -16.900828 | BS69: =IF(BC69="","",(BC69-BC$10)*1000) -> -7.1818382 | BT69: =IF(BD69="","",(BD69-BD$10)*1000) -> 2.877973 | ... CA69: =IF(BK69="","",(BK69-BK$10)*1000) -> -0.84036639
... A74: 44053 | B74: =IF(A74="","",A74-excav) -> 398 | C74: 223.9 | D74: =C74-PM -> 53.5 | E74: 823220.73 | F74: 1091507.9 | G74: -122.356 | H74: 823221.64 | I74: 1091506.7 | J74: -121.0972 | K74: 823222.3 | L74: 1091505.3 | M74: -120.4242 | N74: 823222.81 | O74: 1091504.7 | P74: -121.1136 | Q74: 823223.21 | R74: 1091503.2 | S74: -122.2479 | T74: =IF(Xhaut="","",SQRT(((Xintergauche-Xhaut)^2+(Yintergauche-Yhaut)^2)+(Zintergauche-Zhaut)^2)) -> 3.5968192 | U74: =IF(Xhaut="","",SQRT(((Xhautgauche-Xhaut)^2+(Yhautgauche-Yhaut)^2)+(Zhautgauche-Zhaut)^2)) -> 1.6597141 | V74: =IF(Xhaut="","",SQRT(((Xhautdroit-Xhaut)^2+(Yhautdroit-Yhaut)^2)+(Zhautdroit-Zhaut)^2)) -> 1.025189 | W74: =IF(Xhaut="","",SQRT(((Xinterdroit-Xhaut)^2+(Yinterdroit-Yhaut)^2)+(Zinterdroit-Zhaut)^2)) -> 2.8951087 | X74: =IF(Xhautdroit="","",SQRT(((Xhautdroit-Xhautgauche)^2+(Yhautdroit-Yhautgauche)^2)+(Zhautdroit-Zhautgauche)^2)) -> 2.2546366 | Y74: =IF(Xinterdroit="","",SQRT(((Xinterdroit-Xintergauche)^2+(Yinterdroit-Yintergauche)^2)+(Zinterdroit-Zintergauche)^2)) -> 5.2732719 | Z74: =IF(T74="","",(T74-T$10)*1000) -> -2.5185652 | AA74: =IF(U74="","",(U74-U$10)*1000) -> -0.21196107 | AB74: =IF(V74="","",(V74-V$10)*1000) -> -0.25482508 | AC74: =IF(W74="","",(W74-W$10)*1000) -> -13.388031 | AD74: =IF(X74="","",(X74-X$10)*1000) -> 1.7217791 | AE74: =IF(Y74="","",(Y74-Y$10)*1000) -> -1.4201067 | AG74: =IF(E74="","",(E74-E$10)*1000) -> -7.1 | AH74: =IF(F74="","",(F74-F$10)*1000) -> -3.4999999 | AI74: =IF(G74="","",(G74-G$10)*1000) -> -8.55 | AJ74: =IF(H74="","",(H74-H$10)*1000) -> -9.4499999 | AK74: =IF(I74="","",(I74-I$10)*1000) -> -8.9 | AL74: =IF(J74="","",(J74-J$10)*1000) -> -19.55 | AM74: =IF(K74="","",(K74-K$10)*1000) -> -5.7999999 | AN74: =IF(L74="","",(L74-L$10)*1000) -> -5.9000002 | ... AU74: =IF(S74="","",(S74-S$10)*1000) -> -1.95 | AW74: 170.10183 | AX74: -2.6291072 | AY74: 1.4858617 | AZ74: 170.41702 | BA74: -1.1301259 | BB74: 2.7415098 | BC74: 170.43148 | BD74: 0.38694791 | BE74: 3.4143652 | BF74: 170.65598 | BG74: 1.111752 | BH74: 2.7227202 | BI74: 170.39144 | BJ74: 2.635096 | BK74: 1.5910656 | BM74: =IF(AW74="","",(AW74-AW$10)*1000) -> -7.8684745 | BN74: =IF(AX74="","",(AX74-AX$10)*1000) -> 0.19276288 | BO74: =IF(AY74="","",(AY74-AY$10)*1000) -> -8.4383153 | BP74: =IF(AZ74="","",(AZ74-AZ$10)*1000) -> -12.280331 | BQ74: =IF(BA74="","",(BA74-BA$10)*1000) -> 4.0741384 | BR74: =IF(BB74="","",(BB74-BB$10)*1000) -> -19.390197 | BS74: =IF(BC74="","",(BC74-BC$10)*1000) -> -7.7195147 | BT74: =IF(BD74="","",(BD74-BD$10)*1000) -> 2.8479055 | ... CA74: =IF(BK74="","",(BK74-BK$10)*1000) -> -1.934445
A75: 44075 | B75: =IF(A75="","",A75-excav) -> 420 | C75: 223.9 | D75: 53.5 | E75: 823220.73 | F75: 1091507.9 | G75: -122.3566 | H75: 823221.64 | I75: 1091506.7 | J75: -121.0982 | N75: 823222.81 | O75: 1091504.7 | P75: -121.1144 | Q75: 823223.21 | R75: 1091503.2 | S75: -122.2483 | T75: =IF(Xhaut="","",SQRT(((Xintergauche-Xhaut)^2+(Yintergauche-Yhaut)^2)+(Zintergauche-Zhaut)^2)) | U75: =IF(Xhaut="","",SQRT(((Xhautgauche-Xhaut)^2+(Yhautgauche-Yhaut)^2)+(Zhautgauche-Zhaut)^2)) | V75: =IF(Xhaut="","",SQRT(((Xhautdroit-Xhaut)^2+(Yhautdroit-Yhaut)^2)+(Zhautdroit-Zhaut)^2)) | W75: =IF(Xhaut="","",SQRT(((Xinterdroit-Xhaut)^2+(Yinterdroit-Yhaut)^2)+(Zinterdroit-Zhaut)^2)) | X75: =IF(Xhautdroit="","",SQRT(((Xhautdroit-Xhautgauche)^2+(Yhautdroit-Yhautgauche)^2)+(Zhautdroit-Zhautgauche)^2)) -> 2.2548241 | Y75: =IF(Xinterdroit="","",SQRT(((Xinterdroit-Xintergauche)^2+(Yinterdroit-Yintergauche)^2)+(Zinterdroit-Zintergauche)^2)) -> 5.2734237 | Z75: =IF(T75="","",(T75-T$10)*1000) | AA75: =IF(U75="","",(U75-U$10)*1000) | AB75: =IF(V75="","",(V75-V$10)*1000) | AC75: =IF(W75="","",(W75-W$10)*1000) | AD75: =IF(X75="","",(X75-X$10)*1000) -> 1.9092361 | AE75: =IF(Y75="","",(Y75-Y$10)*1000) -> -1.2682827 | AG75: =IF(E75="","",(E75-E$10)*1000) -> -7.1 | AH75: =IF(F75="","",(F75-F$10)*1000) -> -3.3999998 | AI75: =IF(G75="","",(G75-G$10)*1000) -> -9.15 | AJ75: =IF(H75="","",(H75-H$10)*1000) -> -9.4499999 | AK75: =IF(I75="","",(I75-I$10)*1000) -> -8.6999999 | AL75: =IF(J75="","",(J75-J$10)*1000) -> -20.55 | AM75: =IF(K75="","",(K75-K$10)*1000) | AN75: =IF(L75="","",(L75-L$10)*1000) | ... AU75: =IF(S75="","",(S75-S$10)*1000) -> -2.35 | AW75: 170.10187 | AX75: -2.6291979 | AY75: 1.4852613 | AZ75: 170.4171 | BA75: -1.1303071 | BB75: 2.740509 | BC75: 0 | BD75: 0 | BE75: 0 | BF75: 170.6562 | BG75: 1.1117459 | BH75: 2.721918 | BI75: 170.39198 | BJ75: 2.635126 | BK75: 1.5906602 | BM75: =IF(AW75="","",(AW75-AW$10)*1000) -> -7.8262093 | BN75: =IF(AX75="","",(AX75-AX$10)*1000) -> 0.10213361 | BO75: =IF(AY75="","",(AY75-AY$10)*1000) -> -9.0387379 | BP75: =IF(AZ75="","",(AZ75-AZ$10)*1000) -> -12.1958 | BQ75: =IF(BA75="","",(BA75-BA$10)*1000) -> 3.8928799 | BR75: =IF(BB75="","",(BB75-BB$10)*1000) -> -20.391042 | BV75: =IF(BF75="","",(BF75-BF$10)*1000) -> -7.998734 | BW75: =IF(BG75="","",(BG75-BG$10)*1000) -> 5.445933 | BX75: =IF(BH75="","",(BH75-BH$10)*1000) -> -15.382013 | BY75: =IF(BI75="","",(BI75-BI$10)*1000) -> -2.817824 | BZ75: =IF(BJ75="","",(BJ75-BJ$10)*1000) -> -1.5739691 | CA75: =IF(BK75="","",(BK75-BK$10)*1000) -> -2.3398218
A76: 44082 | B76: =IF(A76="","",A76-excav) -> 427 | C76: 223.9 | D76: 53.5 | E76: 823220.73 | F76: 1091507.9 | G76: -122.3562 | H76: 823221.64 | I76: 1091506.7 | J76: -121.0981 | N76: 823222.81 | O76: 1091504.7 | P76: -121.1144 | Q76: 823223.21 | R76: 1091503.2 | S76: -122.2479 | T76: =IF(Xhaut="","",SQRT(((Xintergauche-Xhaut)^2+(Yintergauche-Yhaut)^2)+(Zintergauche-Zhaut)^2)) | U76: =IF(Xhaut="","",SQRT(((Xhautgauche-Xhaut)^2+(Yhautgauche-Yhaut)^2)+(Zhautgauche-Zhaut)^2)) | V76: =IF(Xhaut="","",SQRT(((Xhautdroit-Xhaut)^2+(Yhautdroit-Yhaut)^2)+(Zhautdroit-Zhaut)^2)) | W76: =IF(Xhaut="","",SQRT(((Xinterdroit-Xhaut)^2+(Yinterdroit-Yhaut)^2)+(Zinterdroit-Zhaut)^2)) | X76: =IF(Xhautdroit="","",SQRT(((Xhautdroit-Xhautgauche)^2+(Yhautdroit-Yhautgauche)^2)+(Zhautdroit-Zhautgauche)^2)) -> 2.2548248 | Y76: =IF(Xinterdroit="","",SQRT(((Xinterdroit-Xintergauche)^2+(Yinterdroit-Yintergauche)^2)+(Zinterdroit-Zintergauche)^2)) -> 5.273317 | Z76: =IF(T76="","",(T76-T$10)*1000) | AA76: =IF(U76="","",(U76-U$10)*1000) | AB76: =IF(V76="","",(V76-V$10)*1000) | AC76: =IF(W76="","",(W76-W$10)*1000) | AD76: =IF(X76="","",(X76-X$10)*1000) -> 1.9099568 | AE76: =IF(Y76="","",(Y76-Y$10)*1000) -> -1.3750191 | AG76: =IF(E76="","",(E76-E$10)*1000) -> -6.6000001 | AH76: =IF(F76="","",(F76-F$10)*1000) -> -3.1999999 | AI76: =IF(G76="","",(G76-G$10)*1000) -> -8.75 | AJ76: =IF(H76="","",(H76-H$10)*1000) -> -9.3499999 | AK76: =IF(I76="","",(I76-I$10)*1000) -> -8.8 | AL76: =IF(J76="","",(J76-J$10)*1000) -> -20.45 | AP76: =IF(N76="","",(N76-N$10)*1000) -> -4.9000001 | AQ76: =IF(O76="","",(O76-O$10)*1000) -> -8.4000002 | AR76: =IF(P76="","",(P76-P$10)*1000) -> -15.45 | AS76: =IF(Q76="","",(Q76-Q$10)*1000) -> -3.3499999 | AT76: =IF(R76="","",(R76-R$10)*1000) -> 0.25000004 | AU76: =IF(S76="","",(S76-S$10)*1000) -> -1.95 | AW76: 170.10241 | AX76: -2.6291678 | AY76: 1.4856559 | AZ76: 170.41715 | BA76: -1.1301742 | BB76: 2.7406085 | BC76: - | BD76: - | BE76: - | BF76: 170.65625 | BG76: 1.1118788 | BH76: 2.7219175 | BI76: 170.39189 | BJ76: 2.6350838 | BK76: 1.5910611 | BM76: =IF(AW76="","",(AW76-AW$10)*1000) -> -7.2885329 | BN76: =IF(AX76="","",(AX76-AX$10)*1000) -> 0.13220129 | BO76: =IF(AY76="","",(AY76-AY$10)*1000) -> -8.6441147 | BP76: =IF(AZ76="","",(AZ76-AZ$10)*1000) -> -12.147437 | BQ76: =IF(BA76="","",(BA76-BA$10)*1000) -> 4.0257743 | BR76: =IF(BB76="","",(BB76-BB$10)*1000) -> -20.291526 | BV76: =IF(BF76="","",(BF76-BF$10)*1000) -> -7.9503701 | BW76: =IF(BG76="","",(BG76-BG$10)*1000) -> 5.5788274 | BX76: =IF(BH76="","",(BH76-BH$10)*1000) -> -15.382496 | BY76: =IF(BI76="","",(BI76-BI$10)*1000) -> -2.9084531 | BZ76: =IF(BJ76="","",(BJ76-BJ$10)*1000) -> -1.6162343 | CA76: =IF(BK76="","",(BK76-BK$10)*1000) -> -1.9389155
A77: 44112 | B77: =IF(A77="","",A77-excav) -> 457 | C77: 223.9 | D77: 53.5 | H77: 823221.64 | I77: 1091506.7 | J77: -121.0981 | N77: 823222.81 | O77: 1091504.7 | P77: -121.1139 | Q77: 823223.21 | R77: 1091503.2 | S77: -122.2466 | T77: =IF(Xhaut="","",SQRT(((Xintergauche-Xhaut)^2+(Yintergauche-Yhaut)^2)+(Zintergauche-Zhaut)^2)) | U77: =IF(Xhaut="","",SQRT(((Xhautgauche-Xhaut)^2+(Yhautgauche-Yhaut)^2)+(Zhautgauche-Zhaut)^2)) | V77: =IF(Xhaut="","",SQRT(((Xhautdroit-Xhaut)^2+(Yhautdroit-Yhaut)^2)+(Zhautdroit-Zhaut)^2)) | W77: =IF(Xhaut="","",SQRT(((Xinterdroit-Xhaut)^2+(Yinterdroit-Yhaut)^2)+(Zinterdroit-Zhaut)^2)) | X77: =IF(Xhautdroit="","",SQRT(((Xhautdroit-Xhautgauche)^2+(Yhautdroit-Yhautgauche)^2)+(Zhautdroit-Zhautgauche)^2)) -> 2.2553187 | Z77: =IF(T77="","",(T77-T$10)*1000) | AA77: =IF(U77="","",(U77-U$10)*1000) | AB77: =IF(V77="","",(V77-V$10)*1000) | AC77: =IF(W77="","",(W77-W$10)*1000) | AD77: =IF(X77="","",(X77-X$10)*1000) -> 2.4038436 | AE77: =IF(Y77="","",(Y77-Y$10)*1000) | AG77: =IF(E77="","",(E77-E$10)*1000) | AH77: =IF(F77="","",(F77-F$10)*1000) | AI77: =IF(G77="","",(G77-G$10)*1000) | AJ77: =IF(H77="","",(H77-H$10)*1000) -> -9.3499999 | AK77: =IF(I77="","",(I77-I$10)*1000) -> -8.5 | AL77: =IF(J77="","",(J77-J$10)*1000) -> -20.45 | AM77: =IF(K77="","",(K77-K$10)*1000) | AN77: =IF(L77="","",(L77-L$10)*1000) | ... AU77: =IF(S77="","",(S77-S$10)*1000) -> -0.65 | AW77: - | AX77: - | AY77: - | AZ77: 170.41728 | BA77: -1.1304461 | BB77: 2.7406072 | BC77: - | BD77: - | BE77: - | BF77: 170.65648 | BG77: 1.1120963 | BH77: 2.7224152 | BI77: 170.39292 | BJ77: 2.6352345 | BK77: 1.5923508 | BP77: =IF(AZ77="","",(AZ77-AZ$10)*1000) -> -12.020641 | BQ77: =IF(BA77="","",(BA77-BA$10)*1000) -> 3.7538868 | BR77: =IF(BB77="","",(BB77-BB$10)*1000) -> -20.292794 | BV77: =IF(BF77="","",(BF77-BF$10)*1000) -> -7.7207476 | BW77: =IF(BG77="","",(BG77-BG$10)*1000) -> 5.7962523 | BX77: =IF(BH77="","",(BH77-BH$10)*1000) -> -14.884793 | BY77: =IF(BI77="","",(BI77-BI$10)*1000) -> -1.8753656 | BZ77: =IF(BJ77="","",(BJ77-BJ$10)*1000) -> -1.4654699 | CA77: =IF(BK77="","",(BK77-BK$10)*1000) -> -0.64924634
A78: 44134 | B78: =IF(A78="","",A78-excav) -> 479 | C78: 223.9 | D78: 53.5 | E78: 823220.72 | F78: 1091507.9 | G78: -122.3558 | K78: 823222.3 | L78: 1091505.3 | M78: -120.4256 | N78: 823222.81 | O78: 1091504.7 | P78: -121.1147 | Q78: 823223.21 | R78: 1091503.2 | S78: -122.2471 | T78: =IF(Xhaut="","",SQRT(((Xintergauche-Xhaut)^2+(Yintergauche-Yhaut)^2)+(Zintergauche-Zhaut)^2)) -> 3.5955403 | V78: =IF(Xhaut="","",SQRT(((Xhautdroit-Xhaut)^2+(Yhautdroit-Yhaut)^2)+(Zhautdroit-Zhaut)^2)) -> 1.0253061 | W78: =IF(Xhaut="","",SQRT(((Xinterdroit-Xhaut)^2+(Yinterdroit-Yhaut)^2)+(Zinterdroit-Zhaut)^2)) -> 2.8936844 | Y78: =IF(Xinterdroit="","",SQRT(((Xinterdroit-Xintergauche)^2+(Yinterdroit-Yintergauche)^2)+(Zinterdroit-Zintergauche)^2)) -> 5.2728212 | Z78: =IF(T78="","",(T78-T$10)*1000) -> -3.7974683 | AA78: =IF(U78="","",(U78-U$10)*1000) | AB78: =IF(V78="","",(V78-V$10)*1000) -> -0.13769725 | AC78: =IF(W78="","",(W78-W$10)*1000) -> -14.812298 | AD78: =IF(X78="","",(X78-X$10)*1000) | AE78: =IF(Y78="","",(Y78-Y$10)*1000) -> -1.8708481 | AG78: =IF(E78="","",(E78-E$10)*1000) -> -7.6000001 | AH78: =IF(F78="","",(F78-F$10)*1000) -> -3.3 | AI78: =IF(G78="","",(G78-G$10)*1000) -> -8.35 | AJ78: =IF(H78="","",(H78-H$10)*1000) | AK78: =IF(I78="","",(I78-I$10)*1000) | AL78: =IF(J78="","",(J78-J$10)*1000) | AM78: =IF(K78="","",(K78-K$10)*1000) -> -6.6 | AN78: =IF(L78="","",(L78-L$10)*1000) -> -5.3000001 | ... AU78: =IF(S78="","",(S78-S$10)*1000) -> -1.15 | AW78: 170.10146 | AX78: -2.6294998 | AY78: 1.4860654 | BC78: 170.43101 | BD78: 0.38606601 | BE78: 3.4129699 | BF78: 170.65552 | BG78: 1.1113172 | BH78: 2.7216248 | BI78: 170.39209 | BJ78: 2.6341836 | BK78: 1.5918591 | BM78: =IF(AW78="","",(AW78-AW$10)*1000) -> -8.2370903 | BN78: =IF(AX78="","",(AX78-AX$10)*1000) -> -0.19982148 | BO78: =IF(AY78="","",(AY78-AY$10)*1000) -> -8.2346291 | BP78: =IF(AZ78="","",(AZ78-AZ$10)*1000) | BQ78: =IF(BA78="","",(BA78-BA$10)*1000) | BR78: =IF(BB78="","",(BB78-BB$10)*1000) | BS78: =IF(BC78="","",(BC78-BC$10)*1000) -> -8.1909571 | BT78: =IF(BD78="","",(BD78-BD$10)*1000) -> 1.9660086 | ... CA78: =IF(BK78="","",(BK78-BK$10)*1000) -> -1.1409068
B79: =IF(A79="","",A79-excav) | D79: =IF(C79="","",+C79-#REF!) | U79: =IF(Xhaut="","",SQRT(((Xhautgauche-Xhaut)^2+(Yhautgauche-Yhaut)^2)+(Zhautgauche-Zhaut)^2)) | V79: =IF(Xhaut="","",SQRT(((Xhautdroit-Xhaut)^2+(Yhautdroit-Yhaut)^2)+(Zhautdroit-Zhaut)^2)) | X79: =IF(Xhautdroit="","",SQRT(((Xhautdroit-Xhautgauche)^2+(Yhautdroit-Yhautgauche)^2)+(Zhautdroit-Zhautgauche)^2)) | Z79: =IF(T79="","",(T79-T$10)*1000) | AA79: =IF(U79="","",(U79-U$10)*1000) | AB79: =IF(V79="","",(V79-V$10)*1000) | AC79: =IF(W79="","",(W79-W$10)*1000) | AD79: =IF(X79="","",(X79-X$10)*1000) | AE79: =IF(Y79="","",(Y79-Y$10)*1000) | AG79: =IF(E79="","",(E79-E$10)*1000) | AH79: =IF(F79="","",(F79-F$10)*1000) | AI79: =IF(G79="","",(G79-G$10)*1000) | AJ79: =IF(H79="","",(H79-H$10)*1000) | AK79: =IF(I79="","",(I79-I$10)*1000) | AL79: =IF(J79="","",(J79-J$10)*1000) | AM79: =IF(K79="","",(K79-K$10)*1000) | AN79: =IF(L79="","",(L79-L$10)*1000) | ... AU79: =IF(S79="","",(S79-S$10)*1000) | BM79: =IF(AW79="","",(AW79-AW$10)*1000) | BN79: =IF(AX79="","",(AX79-AX$10)*1000) | BO79: =IF(AY79="","",(AY79-AY$10)*1000) | BP79: =IF(AZ79="","",(AZ79-AZ$10)*1000) | BQ79: =IF(BA79="","",(BA79-BA$10)*1000) | BR79: =IF(BB79="","",(BB79-BB$10)*1000) | BS79: =IF(BC79="","",(BC79-BC$10)*1000) | BT79: =IF(BD79="","",(BD79-BD$10)*1000) | ... CA79: =IF(BK79="","",(BK79-BK$10)*1000)
A80: 44134 | B80: =IF(A80="","",A80-excav) -> 479 | C80: 223.9 | D80: 53.5 | E80: 823220.69 | F80: 1091507.8 | G80: -122.3402 | K80: 823222.26 | L80: 1091505.3 | M80: -120.4101 | N80: 823222.77 | O80: 1091504.7 | P80: -121.0992 | Q80: 823223.18 | R80: 1091503.2 | S80: -122.2315 | T80: =IF(Xhaut="","",SQRT(((Xintergauche-Xhaut)^2+(Yintergauche-Yhaut)^2)+(Zintergauche-Zhaut)^2)) -> 3.5956795 | V80: =IF(Xhaut="","",SQRT(((Xhautdroit-Xhaut)^2+(Yhautdroit-Yhaut)^2)+(Zhautdroit-Zhaut)^2)) -> 1.0253457 | W80: =IF(Xhaut="","",SQRT(((Xinterdroit-Xhaut)^2+(Yinterdroit-Yhaut)^2)+(Zinterdroit-Zhaut)^2)) -> 2.8936932 | Y80: =IF(Xinterdroit="","",SQRT(((Xinterdroit-Xintergauche)^2+(Yinterdroit-Yintergauche)^2)+(Zinterdroit-Zintergauche)^2)) -> 5.2731483 | Z80: =IF(T80="","",(T80-T$10)*1000) -> -3.6582122 | AA80: =IF(U80="","",(U80-U$10)*1000) | AB80: =IF(V80="","",(V80-V$10)*1000) -> -0.098114805 | AC80: =IF(W80="","",(W80-W$10)*1000) -> -14.803471 | AD80: =IF(X80="","",(X80-X$10)*1000) | AE80: =IF(Y80="","",(Y80-Y$10)*1000) -> -1.543685 | AG80: =AG78 -> -7.6000001 | AH80: =AH78 -> -3.3 | AI80: =AI78 -> -8.35 | AJ80: =IF(H80="","",(H80-H$10)*1000) | AK80: =IF(I80="","",(I80-I$10)*1000) | AL80: =IF(J80="","",(J80-J$10)*1000) | AM80: =AM78 -> -6.6 | AN80: =AN78 -> -5.3000001 | AO80: =AO78 -> -18.9 | AP80: =AP78 -> -5.8 | AQ80: =AQ78 -> -8.2 | AR80: =AR78 -> -15.75 | AS80: =AS78 -> -3.5499999 | AT80: =AT78 -> 1.1500001 | AU80: =AU78 -> -1.15 | AW80: 170.05541 | AX80: -2.6152246 | AY80: 1.5021259 | BC80: 170.38613 | BD80: 0.40044359 | BE80: 3.4289187 | BF80: 170.61099 | BG80: 1.1256403 | BH80: 2.7375701 | BI80: 170.34815 | BJ80: 2.6486697 | BK80: 1.6078985 | BM80: =BM78 -> -8.2370903 | BN80: =BN78 -> -0.19982148 | BO80: =BO78 -> -8.2346291 | BP80: =IF(AZ80="","",(AZ80-AZ$10)*1000) | BQ80: =IF(BA80="","",(BA80-BA$10)*1000) | BR80: =IF(BB80="","",(BB80-BB$10)*1000) | BS80: =BS78 -> -8.1909571 | BT80: =BT78 -> 1.9660086 | BU80: =BU78 -> -18.83009 | BV80: =BV78 -> -8.6815024 | BW80: =BW78 -> 5.0171821 | BX80: =BX78 -> -15.675185 | BY80: =BY78 -> -2.7093247 | BZ80: =BZ78 -> -2.5164277 | CA80: =CA78 -> -1.1409068
B81: =IF(A81="","",A81-excav) | D81: =IF(C81="","",+C81-#REF!) | U81: =IF(Xhaut="","",SQRT(((Xhautgauche-Xhaut)^2+(Yhautgauche-Yhaut)^2)+(Zhautgauche-Zhaut)^2)) | V81: =IF(Xhaut="","",SQRT(((Xhautdroit-Xhaut)^2+(Yhautdroit-Yhaut)^2)+(Zhautdroit-Zhaut)^2)) | X81: =IF(Xhautdroit="","",SQRT(((Xhautdroit-Xhautgauche)^2+(Yhautdroit-Yhautgauche)^2)+(Zhautdroit-Zhautgauche)^2)) | Z81: =IF(T81="","",(T81-T$10)*1000) | AA81: =IF(U81="","",(U81-U$10)*1000) | AB81: =IF(V81="","",(V81-V$10)*1000) | AC81: =IF(W81="","",(W81-W$10)*1000) | AD81: =IF(X81="","",(X81-X$10)*1000) | AE81: =IF(Y81="","",(Y81-Y$10)*1000) | AG81: =IF(E81="","",(E81-E$10)*1000) | AH81: =IF(F81="","",(F81-F$10)*1000) | AI81: =IF(G81="","",(G81-G$10)*1000) | AJ81: =IF(H81="","",(H81-H$10)*1000) | AK81: =IF(I81="","",(I81-I$10)*1000) | AL81: =IF(J81="","",(J81-J$10)*1000) | AM81: =IF(K81="","",(K81-K$10)*1000) | AN81: =IF(L81="","",(L81-L$10)*1000) | ... AU81: =IF(S81="","",(S81-S$10)*1000) | BM81: =IF(AW81="","",(AW81-AW$10)*1000) | BN81: =IF(AX81="","",(AX81-AX$10)*1000) | BO81: =IF(AY81="","",(AY81-AY$10)*1000) | BP81: =IF(AZ81="","",(AZ81-AZ$10)*1000) | BQ81: =IF(BA81="","",(BA81-BA$10)*1000) | BR81: =IF(BB81="","",(BB81-BB$10)*1000) | BS81: =IF(BC81="","",(BC81-BC$10)*1000) | BT81: =IF(BD81="","",(BD81-BD$10)*1000) | ... CA81: =IF(BK81="","",(BK81-BK$10)*1000)
A82: 44140 | B82: =IF(A82="","",A82-excav) -> 485 | C82: 223.9 | D82: 53.5 | E82: 823220.69 | F82: 1091507.8 | G82: -122.341 | K82: 823222.26 | L82: 1091505.3 | M82: -120.4108 | N82: 823222.77 | O82: 1091504.7 | P82: -121.0999 | Q82: 823223.18 | R82: 1091503.2 | S82: -122.232 | T82: =IF(Xhaut="","",SQRT(((Xintergauche-Xhaut)^2+(Yintergauche-Yhaut)^2)+(Zintergauche-Zhaut)^2)) -> 3.5954576 | V82: =IF(Xhaut="","",SQRT(((Xhautdroit-Xhaut)^2+(Yhautdroit-Yhaut)^2)+(Zhautdroit-Zhaut)^2)) -> 1.0254553 | W82: =IF(Xhaut="","",SQRT(((Xinterdroit-Xhaut)^2+(Yinterdroit-Yhaut)^2)+(Zinterdroit-Zhaut)^2)) -> 2.8934408 | Y82: =IF(Xinterdroit="","",SQRT(((Xinterdroit-Xintergauche)^2+(Yinterdroit-Yintergauche)^2)+(Zinterdroit-Zintergauche)^2)) -> 5.2726477 | Z82: =IF(T82="","",(T82-T$10)*1000) -> -3.8801161 | AA82: =IF(U82="","",(U82-U$10)*1000) | AB82: =IF(V82="","",(V82-V$10)*1000) -> 0.011559541 | AC82: =IF(W82="","",(W82-W$10)*1000) -> -15.055927 | AD82: =IF(X82="","",(X82-X$10)*1000) | AE82: =IF(Y82="","",(Y82-Y$10)*1000) -> -2.0442694 | AG82: =IF(E82="","",(E82-E$80)*1000)+AG$80 -> -7.1 | AH82: =IF(F82="","",(F82-F$80)*1000)+AH$80 -> -1.2000001 | AI82: =IF(G82="","",(G82-G$80)*1000)+AI$80 -> -9.15 | AM82: =IF(K82="","",(K82-K$80)*1000)+AM$80 -> -6.4000001 | AN82: =IF(L82="","",(L82-L$80)*1000)+AN$80 -> -3 | AO82: =IF(M82="","",(M82-M$80)*1000)+AO$80 -> -19.6 | AP82: =IF(N82="","",(N82-N$80)*1000)+AP$80 -> -5.6 | AQ82: =IF(O82="","",(O82-O$80)*1000)+AQ$80 -> -6.1000001 | AR82: =IF(P82="","",(P82-P$80)*1000)+AR$80 -> -16.45 | AS82: =IF(Q82="","",(Q82-Q$80)*1000)+AS$80 -> -3.7499999 | AT82: =IF(R82="","",(R82-R$80)*1000)+AT$80 -> 3.4500002 | AU82: =IF(S82="","",(S82-S$80)*1000)+AU$80 -> -1.65 | AW82: 170.05676 | AX82: -2.6169165 | AY82: 1.5013124 | BC82: 170.38728 | BD82: 0.39844365 | BE82: 3.4282072 | BF82: 170.61206 | BG82: 1.1238216 | BH82: 2.7368594 | BI82: 170.34894 | BJ82: 2.6465007 | BK82: 1.6073906 | BM82: =IF(AW82="","",(AW82-AW$80)*1000)+BM80 -> -6.896375 | BN82: =IF(AX82="","",(AX82-AX$80)*1000)+BN80 -> -1.8917087 | BO82: =IF(AY82="","",(AY82-AY$80)*1000)+BO80 -> -9.0480363 | BP82: =IF(AZ82="","",(AZ82-AZ$10)*1000) | BQ82: =IF(BA82="","",(BA82-BA$10)*1000) | BR82: =IF(BB82="","",(BB82-BB$10)*1000) | BS82: =IF(BC82="","",(BC82-BC$80)*1000)+BS80 -> -7.0375991 | BT82: =IF(BD82="","",(BD82-BD$80)*1000)+BT80 -> -0.033932844 | BU82: =IF(BE82="","",(BE82-BE$80)*1000)+BU80 -> -19.541624 | BV82: =IF(BF82="","",(BF82-BF$80)*1000)+BV80 -> -7.6126748 | BW82: =IF(BG82="","",(BG82-BG$80)*1000)+BW80 -> 3.1984993 | BX82: =IF(BH82="","",(BH82-BH$80)*1000)+BX80 -> -16.385873 | BY82: =IF(BI82="","",(BI82-BI$80)*1000)+BY80 -> -1.9184835 | BZ82: =IF(BJ82="","",(BJ82-BJ$80)*1000)+BZ80 -> -4.6854298 | CA82: =IF(BK82="","",(BK82-BK$80)*1000)+CA80 -> -1.6488152
A83: 44172 | B83: =IF(A83="","",A83-excav) -> 517 | C83: 223.9 | D83: 53.5 | E83: 823220.69 | F83: 1091507.8 | G83: -122.3408 | K83: 823222.26 | L83: 1091505.3 | M83: -120.4108 | N83: 823222.77 | O83: 1091504.7 | P83: -121.0996 | Q83: 823223.18 | R83: 1091503.2 | S83: -122.2315 | T83: =IF(Xhaut="","",SQRT(((Xintergauche-Xhaut)^2+(Yintergauche-Yhaut)^2)+(Zintergauche-Zhaut)^2)) -> 3.5955435 | V83: =IF(Xhaut="","",SQRT(((Xhautdroit-Xhaut)^2+(Yhautdroit-Yhaut)^2)+(Zhautdroit-Zhaut)^2)) -> 1.0250994 | W83: =IF(Xhaut="","",SQRT(((Xinterdroit-Xhaut)^2+(Yinterdroit-Yhaut)^2)+(Zinterdroit-Zhaut)^2)) -> 2.8929602 | Y83: =IF(Xinterdroit="","",SQRT(((Xinterdroit-Xintergauche)^2+(Yinterdroit-Yintergauche)^2)+(Zinterdroit-Zintergauche)^2)) -> 5.2725911 | Z83: =IF(T83="","",(T83-T$10)*1000) -> -3.7942239 | AA83: =IF(U83="","",(U83-U$10)*1000) | AB83: =IF(V83="","",(V83-V$10)*1000) -> -0.34440271 | AC83: =IF(W83="","",(W83-W$10)*1000) -> -15.536504 | AD83: =IF(X83="","",(X83-X$10)*1000) | AE83: =IF(Y83="","",(Y83-Y$10)*1000) -> -2.1009091 | AG83: =IF(E83="","",AG$82+(E83-E$82)*1000) -> -9.3 | AH83: =IF(F83="","",AH$82+(F83-F$82)*1000) -> -2.3999999 | AI83: =IF(G83="","",AI$82+(G83-G$82)*1000) -> -8.95 | AJ83: =IF(H83="","",(H83-H$10)*1000) | AK83: =IF(I83="","",(I83-I$10)*1000) | AL83: =IF(J83="","",(J83-J$10)*1000) | AM83: =IF(K83="","",AM$82+(K83-K$82)*1000) -> -7.5000001 | AN83: =IF(L83="","",AN$82+(L83-L$82)*1000) -> -3.8000001 | AO83: =IF(M83="","",AO$82+(M83-M$82)*1000) -> -19.6 | AP83: =IF(N83="","",AP$82+(N83-N$82)*1000) -> -6.9 | AQ83: =IF(O83="","",AQ$82+(O83-O$82)*1000) -> -6.8000001 | AR83: =IF(P83="","",AR$82+(P83-P$82)*1000) -> -16.15 | AS83: =IF(Q83="","",AS$82+(Q83-Q$82)*1000) -> -5.1499999 | AT83: =IF(R83="","",AT$82+(R83-R$82)*1000) -> 2.7500002 | AU83: =IF(S83="","",AU$82+(S83-S$82)*1000) -> -1.15 | AW83: 170.05425 | AX83: -2.6167588 | AY83: 1.5015375 | BC83: 170.38594 | BD83: 0.39870377 | BE83: 3.4282206 | BF83: 170.61059 | BG83: 1.1239066 | BH83: 2.7371741 | BI83: 170.34738 | BJ83: 2.6465433 | BK83: 1.6079062 | BM83: =IF(AW83="","",BM$82+(AW83-AW$82)*1000) -> -9.3973998 | BN83: =IF(AX83="","",BN$82+(AX83-AX$82)*1000) -> -1.7339928 | BO83: =IF(AY83="","",BO$82+(AY83-AY$82)*1000) -> -8.823026 | BP83: =IF(AZ83="","",(AZ83-AZ$10)*1000) | BQ83: =IF(BA83="","",(BA83-BA$10)*1000) | BR83: =IF(BB83="","",(BB83-BB$10)*1000) | BS83: =IF(BC83="","",BS$82+(BC83-BC$82)*1000) -> -8.372642 | BT83: =IF(BD83="","",BT$82+(BD83-BD$82)*1000) -> 0.22618362 | BU83: =IF(BE83="","",BU$82+(BE83-BE$82)*1000) -> -19.528274 | BV83: =IF(BF83="","",BV$82+(BF83-BF$82)*1000) -> -9.0867109 | BW83: =IF(BG83="","",BW$82+(BG83-BG$82)*1000) -> 3.2834561 | BX83: =IF(BH83="","",BX$82+(BH83-BH$82)*1000) -> -16.071133 | BY83: =IF(BI83="","",BY$82+(BI83-BI$82)*1000) -> -3.4831487 | BZ83: =IF(BJ83="","",BZ$82+(BJ83-BJ$82)*1000) -> -4.6427382 | CA83: =IF(BK83="","",CA$82+(BK83-BK$82)*1000) -> -1.1331685
A84: 44186 | B84: =IF(A84="","",A84-excav) -> 531 | C84: 223.9 | D84: 53.5 | E84: 823220.69 | F84: 1091507.8 | G84: -122.3413 | K84: 823222.26 | L84: 1091505.3 | M84: -120.4118 | N84: 823222.77 | O84: 1091504.7 | P84: -121.1007 | Q84: 823223.18 | R84: 1091503.2 | S84: -122.2322 | T84: =IF(Xhaut="","",SQRT(((Xintergauche-Xhaut)^2+(Yintergauche-Yhaut)^2)+(Zintergauche-Zhaut)^2)) -> 3.5947239 | V84: =IF(Xhaut="","",SQRT(((Xhautdroit-Xhaut)^2+(Yhautdroit-Yhaut)^2)+(Zhautdroit-Zhaut)^2)) -> 1.0252214 | W84: =IF(Xhaut="","",SQRT(((Xinterdroit-Xhaut)^2+(Yinterdroit-Yhaut)^2)+(Zinterdroit-Zhaut)^2)) -> 2.892803 | Y84: =IF(Xinterdroit="","",SQRT(((Xinterdroit-Xintergauche)^2+(Yinterdroit-Yintergauche)^2)+(Zinterdroit-Zintergauche)^2)) -> 5.2719983 | Z84: =IF(T84="","",(T84-T$10)*1000) -> -4.6138748 | AA84: =IF(U84="","",(U84-U$10)*1000) | AB84: =IF(V84="","",(V84-V$10)*1000) -> -0.22235354 | AC84: =IF(W84="","",(W84-W$10)*1000) -> -15.693666 | AD84: =IF(X84="","",(X84-X$10)*1000) | AE84: =IF(Y84="","",(Y84-Y$10)*1000) -> -2.6936709 | AG84: =IF(E84="","",AG$82+(E84-E$82)*1000) -> -7.3000001 | AH84: =IF(F84="","",AH$82+(F84-F$82)*1000) -> -0.99999993 | AI84: =IF(G84="","",AI$82+(G84-G$82)*1000) -> -9.45 | AJ84: =IF(H84="","",(H84-H$10)*1000) | AK84: =IF(I84="","",(I84-I$10)*1000) | AL84: =IF(J84="","",(J84-J$10)*1000) | AM84: =IF(K84="","",AM$82+(K84-K$82)*1000) -> -6.1 | AN84: =IF(L84="","",AN$82+(L84-L$82)*1000) -> -2.0000001 | AO84: =IF(M84="","",AO$82+(M84-M$82)*1000) -> -20.6 | AP84: =IF(N84="","",AP$82+(N84-N$82)*1000) -> -5.5000001 | AQ84: =IF(O84="","",AQ$82+(O84-O$82)*1000) -> -5.1000002 | AR84: =IF(P84="","",AR$82+(P84-P$82)*1000) -> -17.25 | AS84: =IF(Q84="","",AS$82+(Q84-Q$82)*1000) -> -3.65 | AT84: =IF(R84="","",AT$82+(R84-R$82)*1000) -> 4.5500002 | AU84: =IF(S84="","",AU$82+(S84-S$82)*1000) -> -1.85 | AW84: 170.0567 | AX84: -2.6172 | AY84: 1.501 | BC84: 170.388 | BD84: 0.3977 | BE84: 3.4272 | BF84: 170.6126 | BG84: 1.123 | BH84: 2.7361 | BI84: 170.3495 | BJ84: 2.6455 | BK84: 1.6072 | BM84: =IF(AW84="","",BM$82+(AW84-AW$82)*1000) -> -6.9514487 | BN84: =IF(AX84="","",BN$82+(AX84-AX$82)*1000) -> -2.1751855 | BO84: =IF(AY84="","",BO$82+(AY84-AY$82)*1000) -> -9.3604855 | BP84: =IF(AZ84="","",(AZ84-AZ$10)*1000) | BQ84: =IF(BA84="","",(BA84-BA$10)*1000) | BR84: =IF(BB84="","",(BB84-BB$10)*1000) | BS84: =IF(BC84="","",BS$82+(BC84-BC$82)*1000) -> -6.3174308 | BT84: =IF(BD84="","",BT$82+(BD84-BD$82)*1000) -> -0.77758618 | BU84: =IF(BE84="","",BU$82+(BE84-BE$82)*1000) -> -20.548826 | BV84: =IF(BF84="","",BV$82+(BF84-BF$82)*1000) -> -7.0738488 | BW84: =IF(BG84="","",BW$82+(BG84-BG$82)*1000) -> 2.3768768 | BX84: =IF(BH84="","",BX$82+(BH84-BH$82)*1000) -> -17.145262 | BY84: =IF(BI84="","",BY$82+(BI84-BI$82)*1000) -> -1.3598891 | BZ84: =IF(BJ84="","",BZ$82+(BJ84-BJ$82)*1000) -> -5.6860854 | CA84: =IF(BK84="","",CA$82+(BK84-BK$82)*1000) -> -1.8394011
A85: 44203 | B85: =IF(A85="","",A85-excav) -> 548 | C85: 223.9 | D85: 53.5 | E85: 823220.69 | F85: 1091507.8 | G85: -122.341 | K85: 823222.26 | L85: 1091505.3 | M85: -120.4121 | N85: 823222.77 | O85: 1091504.7 | P85: -121.1007 | Q85: 823223.18 | R85: 1091503.2 | S85: -122.232 | T85: =IF(Xhaut="","",SQRT(((Xintergauche-Xhaut)^2+(Yintergauche-Yhaut)^2)+(Zintergauche-Zhaut)^2)) -> 3.5945771 | V85: =IF(Xhaut="","",SQRT(((Xhautdroit-Xhaut)^2+(Yhautdroit-Yhaut)^2)+(Zhautdroit-Zhaut)^2)) -> 1.0250595 | W85: =IF(Xhaut="","",SQRT(((Xinterdroit-Xhaut)^2+(Yinterdroit-Yhaut)^2)+(Zinterdroit-Zhaut)^2)) -> 2.8925287 | Y85: =IF(Xinterdroit="","",SQRT(((Xinterdroit-Xintergauche)^2+(Yinterdroit-Yintergauche)^2)+(Zinterdroit-Zintergauche)^2)) -> 5.2722987 | Z85: =IF(T85="","",(T85-T$10)*1000) -> -4.7606596 | AA85: =IF(U85="","",(U85-U$10)*1000) | AB85: =IF(V85="","",(V85-V$10)*1000) -> -0.38429223 | AC85: =IF(W85="","",(W85-W$10)*1000) -> -15.968015 | AD85: =IF(X85="","",(X85-X$10)*1000) | AE85: =IF(Y85="","",(Y85-Y$10)*1000) -> -2.3932696 | AG85: =IF(E85="","",AG$82+(E85-E$82)*1000) -> -8.8000001 | AH85: =IF(F85="","",AH$82+(F85-F$82)*1000) -> -1.2999999 | AI85: =IF(G85="","",AI$82+(G85-G$82)*1000) -> -9.15 | AJ85: =IF(H85="","",(H85-H$10)*1000) | AK85: =IF(I85="","",(I85-I$10)*1000) | AL85: =IF(J85="","",(J85-J$10)*1000) | AM85: =IF(K85="","",AM$82+(K85-K$82)*1000) -> -7.2 | AN85: =IF(L85="","",AN$82+(L85-L$82)*1000) -> -2.3000001 | AO85: =IF(M85="","",AO$82+(M85-M$82)*1000) -> -20.9 | AP85: =IF(N85="","",AP$82+(N85-N$82)*1000) -> -6.3 | AQ85: =IF(O85="","",AQ$82+(O85-O$82)*1000) -> -5.2000002 | AR85: =IF(P85="","",AR$82+(P85-P$82)*1000) -> -17.25 | AS85: =IF(Q85="","",AS$82+(Q85-Q$82)*1000) -> -3.9499999 | AT85: =IF(R85="","",AT$82+(R85-R$82)*1000) -> 4.5500002 | AU85: =IF(S85="","",AU$82+(S85-S$82)*1000) -> -1.65 | AW85: 170.05517 | AX85: -2.6175444 | AY85: 1.5013283 | BC85: 170.38685 | BD85: 0.39747113 | BE85: 3.4269115 | BF85: 170.61181 | BG85: 1.1227101 | BH85: 2.7360619 | BI85: 170.34923 | BJ85: 2.6454192 | BK85: 1.6073877 | BM85: =IF(AW85="","",BM$82+(AW85-AW$82)*1000) -> -8.4793366 | BN85: =IF(AX85="","",BN$82+(AX85-AX$82)*1000) -> -2.519588 | BO85: =IF(AY85="","",BO$82+(AY85-AY$82)*1000) -> -9.0322066 | BP85: =IF(AZ85="","",(AZ85-AZ$10)*1000) | BQ85: =IF(BA85="","",(BA85-BA$10)*1000) | BR85: =IF(BB85="","",(BB85-BB$10)*1000) | BS85: =IF(BC85="","",BS$82+(BC85-BC$82)*1000) -> -7.4667763 | BT85: =IF(BD85="","",BT$82+(BD85-BD$82)*1000) -> -1.0064588 | BU85: =IF(BE85="","",BU$82+(BE85-BE$82)*1000) -> -20.837332 | BV85: =IF(BF85="","",BV$82+(BF85-BF$82)*1000) -> -7.8666925 | BW85: =IF(BG85="","",BW$82+(BG85-BG$82)*1000) -> 2.0869801 | BX85: =IF(BH85="","",BX$82+(BH85-BH$82)*1000) -> -17.183333 | BY85: =IF(BI85="","",BY$82+(BI85-BI$82)*1000) -> -1.6348247 | BZ85: =IF(BJ85="","",BZ$82+(BJ85-BJ$82)*1000) -> -5.7668815 | CA85: =IF(BK85="","",CA$82+(BK85-BK$82)*1000) -> -1.6516518
A86: 44229 | B86: =IF(A86="","",A86-excav) -> 574 | C86: 223.9 | D86: 53.5 | E86: 823220.69 | F86: 1091507.8 | G86: -122.341 | K86: 823222.26 | L86: 1091505.3 | M86: -120.413 | N86: 823222.77 | O86: 1091504.7 | P86: -121.102 | Q86: 823223.18 | R86: 1091503.2 | S86: -122.233 | T86: =IF(Xhaut="","",SQRT(((Xintergauche-Xhaut)^2+(Yintergauche-Yhaut)^2)+(Zintergauche-Zhaut)^2)) -> 3.594254 | V86: =IF(Xhaut="","",SQRT(((Xhautdroit-Xhaut)^2+(Yhautdroit-Yhaut)^2)+(Zhautdroit-Zhaut)^2)) -> 1.0250195 | W86: =IF(Xhaut="","",SQRT(((Xinterdroit-Xhaut)^2+(Yinterdroit-Yhaut)^2)+(Zinterdroit-Zhaut)^2)) -> 2.8921331 | Y86: =IF(Xinterdroit="","",SQRT(((Xinterdroit-Xintergauche)^2+(Yinterdroit-Yintergauche)^2)+(Zinterdroit-Zintergauche)^2)) -> 5.2718121 | Z86: =IF(T86="","",(T86-T$10)*1000) -> -5.0837636 | AA86: =IF(U86="","",(U86-U$10)*1000) | AB86: =IF(V86="","",(V86-V$10)*1000) -> -0.42427126 | AC86: =IF(W86="","",(W86-W$10)*1000) -> -16.363587 | AD86: =IF(X86="","",(X86-X$10)*1000) | AE86: =IF(Y86="","",(Y86-Y$10)*1000) -> -2.8798816 | AG86: =IF(E86="","",AG$82+(E86-E$82)*1000) -> -8.8000001 | AH86: =IF(F86="","",AH$82+(F86-F$82)*1000) -> -1.2999999 | AI86: =IF(G86="","",AI$82+(G86-G$82)*1000) -> -9.15 | AJ86: =IF(H86="","",(H86-H$10)*1000) | AK86: =IF(I86="","",(I86-I$10)*1000) | AL86: =IF(J86="","",(J86-J$10)*1000) | AM86: =IF(K86="","",AM$82+(K86-K$82)*1000) -> -7 | AN86: =IF(L86="","",AN$82+(L86-L$82)*1000) -> -2.4000001 | AO86: =IF(M86="","",AO$82+(M86-M$82)*1000) -> -21.8 | AP86: =IF(N86="","",AP$82+(N86-N$82)*1000) -> -6.5 | AQ86: =IF(O86="","",AQ$82+(O86-O$82)*1000) -> -5.1000002 | AR86: =IF(P86="","",AR$82+(P86-P$82)*1000) -> -18.55 | AS86: =IF(Q86="","",AS$82+(Q86-Q$82)*1000) -> -4.75 | AT86: =IF(R86="","",AT$82+(R86-R$82)*1000) -> 4.6500002 | AU86: =IF(S86="","",AU$82+(S86-S$82)*1000) -> -2.65 | AW86: 170.055 | AX86: -2.617 | AY86: 1.5 | BC86: 170.387 | BD86: 0.398 | BE86: 3.427 | BF86: 170.612 | BG86: 1.123 | BH86: 2.735 | BI86: 170.349 | BJ86: 2.645 | BK86: 1.607 | BM86: =IF(AW86="","",BM$82+(AW86-AW$82)*1000) -> -8.6514487 | BN86: =IF(AX86="","",BN$82+(AX86-AX$82)*1000) -> -1.9751855 | BO86: =IF(AY86="","",BO$82+(AY86-AY$82)*1000) -> -10.360486 | BP86: =IF(AZ86="","",(AZ86-AZ$10)*1000) | BQ86: =IF(BA86="","",(BA86-BA$10)*1000) | BR86: =IF(BB86="","",(BB86-BB$10)*1000) | BS86: =IF(BC86="","",BS$82+(BC86-BC$82)*1000) -> -7.3174308 | BT86: =IF(BD86="","",BT$82+(BD86-BD$82)*1000) -> -0.47758618 | BU86: =IF(BE86="","",BU$82+(BE86-BE$82)*1000) -> -20.748826 | BV86: =IF(BF86="","",BV$82+(BF86-BF$82)*1000) -> -7.6738488 | BW86: =IF(BG86="","",BW$82+(BG86-BG$82)*1000) -> 2.3768768 | BX86: =IF(BH86="","",BX$82+(BH86-BH$82)*1000) -> -18.245262 | BY86: =IF(BI86="","",BY$82+(BI86-BI$82)*1000) -> -1.8598891 | BZ86: =IF(BJ86="","",BZ$82+(BJ86-BJ$82)*1000) -> -6.1860854 | CA86: =IF(BK86="","",CA$82+(BK86-BK$82)*1000) -> -2.0394011
A87: 44245 | B87: =IF(A87="","",A87-excav) -> 590 | C87: 223.9 | D87: 53.5 | E87: 823220.69 | F87: 1091507.8 | G87: -122.341 | K87: 823222.26 | L87: 1091505.3 | M87: -120.412 | N87: 823222.77 | O87: 1091504.7 | P87: -121.1009 | Q87: 823223.18 | R87: 1091503.2 | S87: -122.2315 | T87: =IF(Xhaut="","",SQRT(((Xintergauche-Xhaut)^2+(Yintergauche-Yhaut)^2)+(Zintergauche-Zhaut)^2)) -> 3.5948033 | V87: =IF(Xhaut="","",SQRT(((Xhautdroit-Xhaut)^2+(Yhautdroit-Yhaut)^2)+(Zhautdroit-Zhaut)^2)) -> 1.0252062 | W87: =IF(Xhaut="","",SQRT(((Xinterdroit-Xhaut)^2+(Yinterdroit-Yhaut)^2)+(Zinterdroit-Zhaut)^2)) -> 2.8919058 | Y87: =IF(Xinterdroit="","",SQRT(((Xinterdroit-Xintergauche)^2+(Yinterdroit-Yintergauche)^2)+(Zinterdroit-Zintergauche)^2)) -> 5.2720257 | Z87: =IF(T87="","",(T87-T$10)*1000) -> -4.5344525 | AA87: =IF(U87="","",(U87-U$10)*1000) | AB87: =IF(V87="","",(V87-V$10)*1000) -> -0.23756988 | AC87: =IF(W87="","",(W87-W$10)*1000) -> -16.590952 | AD87: =IF(X87="","",(X87-X$10)*1000) | AE87: =IF(Y87="","",(Y87-Y$10)*1000) -> -2.6663523 | AG87: =IF(E87="","",AG$82+(E87-E$82)*1000) -> -8.3000001 | AH87: =IF(F87="","",AH$82+(F87-F$82)*1000) -> -1.2000001 | AI87: =IF(G87="","",AI$82+(G87-G$82)*1000) -> -9.15 | AJ87: =IF(H87="","",(H87-H$10)*1000) | AK87: =IF(I87="","",(I87-I$10)*1000) | AL87: =IF(J87="","",(J87-J$10)*1000) | AM87: =IF(K87="","",AM$82+(K87-K$82)*1000) -> -6.8 | AN87: =IF(L87="","",AN$82+(L87-L$82)*1000) -> -2.4999999 | AO87: =IF(M87="","",AO$82+(M87-M$82)*1000) -> -20.8 | AP87: =IF(N87="","",AP$82+(N87-N$82)*1000) -> -5.9000001 | AQ87: =IF(O87="","",AQ$82+(O87-O$82)*1000) -> -5.3000001 | AR87: =IF(P87="","",AR$82+(P87-P$82)*1000) -> -17.45 | AS87: =IF(Q87="","",AS$82+(Q87-Q$82)*1000) -> -4.0499999 | AT87: =IF(R87="","",AT$82+(R87-R$82)*1000) -> 4.6500002 | AU87: =IF(S87="","",AU$82+(S87-S$82)*1000) -> -1.15 | AW87: 170.05567 | AX87: -2.6174237 | AY87: 1.5013233 | BC87: 170.38713 | BD87: 0.39782145 | BE87: 3.4270087 | BF87: 170.61213 | BG87: 1.1229698 | BH87: 2.7358587 | BI87: 170.34918 | BJ87: 2.6452863 | BK87: 1.6078882 | BM87: =IF(AW87="","",BM$82+(AW87-AW$82)*1000) -> -7.9839255 | BN87: =IF(AX87="","",BN$82+(AX87-AX$82)*1000) -> -2.3988911 | BO87: =IF(AY87="","",BO$82+(AY87-AY$82)*1000) -> -9.0371607 | BP87: =IF(AZ87="","",(AZ87-AZ$10)*1000) | BQ87: =IF(BA87="","",(BA87-BA$10)*1000) | BR87: =IF(BB87="","",(BB87-BB$10)*1000) | BS87: =IF(BC87="","",BS$82+(BC87-BC$82)*1000) -> -7.1887898 | BT87: =IF(BD87="","",BT$82+(BD87-BD$82)*1000) -> -0.65613971 | BU87: =IF(BE87="","",BU$82+(BE87-BE$82)*1000) -> -20.740112 | BV87: =IF(BF87="","",BV$82+(BF87-BF$82)*1000) -> -7.5464409 | BW87: =IF(BG87="","",BW$82+(BG87-BG$82)*1000) -> 2.34667 | BX87: =IF(BH87="","",BX$82+(BH87-BH$82)*1000) -> -17.386536 | BY87: =IF(BI87="","",BY$82+(BI87-BI$82)*1000) -> -1.6831886 | BZ87: =IF(BJ87="","",BZ$82+(BJ87-BJ$82)*1000) -> -5.8997759 | CA87: =IF(BK87="","",CA$82+(BK87-BK$82)*1000) -> -1.1511681
A88: 44273 | B88: =IF(A88="","",A88-excav) -> 618 | C88: 223.9 | D88: 53.5 | E88: 823220.69 | F88: 1091507.8 | G88: -122.3417 | K88: 823222.26 | L88: 1091505.3 | M88: -120.4129 | N88: 823222.77 | O88: 1091504.7 | P88: -121.1018 | Q88: 823223.18 | R88: 1091503.2 | S88: -122.2324 | T88: =IF(Xhaut="","",SQRT(((Xintergauche-Xhaut)^2+(Yintergauche-Yhaut)^2)+(Zintergauche-Zhaut)^2)) -> 3.5939078 | V88: =IF(Xhaut="","",SQRT(((Xhautdroit-Xhaut)^2+(Yhautdroit-Yhaut)^2)+(Zhautdroit-Zhaut)^2)) -> 1.0252814 | W88: =IF(Xhaut="","",SQRT(((Xinterdroit-Xhaut)^2+(Yinterdroit-Yhaut)^2)+(Zinterdroit-Zhaut)^2)) -> 2.8917475 | Y88: =IF(Xinterdroit="","",SQRT(((Xinterdroit-Xintergauche)^2+(Yinterdroit-Yintergauche)^2)+(Zinterdroit-Zintergauche)^2)) -> 5.2709355 | Z88: =IF(T88="","",(T88-T$10)*1000) -> -5.4299676 | AA88: =IF(U88="","",(U88-U$10)*1000) | AB88: =IF(V88="","",(V88-V$10)*1000) -> -0.16237317 | AC88: =IF(W88="","",(W88-W$10)*1000) -> -16.7492 | AD88: =IF(X88="","",(X88-X$10)*1000) | AE88: =IF(Y88="","",(Y88-Y$10)*1000) -> -3.7565439 | AG88: =IF(E88="","",AG$82+(E88-E$82)*1000) -> -6.6000001 | AH88: =IF(F88="","",AH$82+(F88-F$82)*1000) -> -2.4999999 | AI88: =IF(G88="","",AI$82+(G88-G$82)*1000) -> -9.85 | AJ88: =IF(H88="","",(H88-H$10)*1000) | AK88: =IF(I88="","",(I88-I$10)*1000) | AL88: =IF(J88="","",(J88-J$10)*1000) | AM88: =IF(K88="","",AM$82+(K88-K$82)*1000) -> -6.9 | AN88: =IF(L88="","",AN$82+(L88-L$82)*1000) -> -3.8000001 | AO88: =IF(M88="","",AO$82+(M88-M$82)*1000) -> -21.7 | AP88: =IF(N88="","",AP$82+(N88-N$82)*1000) -> -6.4000001 | AQ88: =IF(O88="","",AQ$82+(O88-O$82)*1000) -> -7.1 | AR88: =IF(P88="","",AR$82+(P88-P$82)*1000) -> -18.35 | AS88: =IF(Q88="","",AS$82+(Q88-Q$82)*1000) -> -4.6499999 | AT88: =IF(R88="","",AT$82+(R88-R$82)*1000) -> 3.3500001 | AU88: =IF(S88="","",AU$82+(S88-S$82)*1000) -> -2.05 | AW88: 170.05666 | AX88: -2.615527 | AY88: 1.5006134 | BC88: 170.38649 | BD88: 0.39895736 | BE88: 3.4261151 | BF88: 170.61091 | BG88: 1.1243898 | BH88: 2.7349709 | BI88: 170.34808 | BJ88: 2.6462109 | BK88: 1.6069992 | BM88: =IF(AW88="","",BM$82+(AW88-AW$82)*1000) -> -6.9926765 | BN88: =IF(AX88="","",BN$82+(AX88-AX$82)*1000) -> -0.50220312 | BO88: =IF(AY88="","",BO$82+(AY88-AY$82)*1000) -> -9.7470732 | BP88: =IF(AZ88="","",(AZ88-AZ$10)*1000) | BQ88: =IF(BA88="","",(BA88-BA$10)*1000) | BR88: =IF(BB88="","",(BB88-BB$10)*1000) | BS88: =IF(BC88="","",BS$82+(BC88-BC$82)*1000) -> -7.8288667 | BT88: =IF(BD88="","",BT$82+(BD88-BD$82)*1000) -> 0.47977484 | BU88: =IF(BE88="","",BU$82+(BE88-BE$82)*1000) -> -21.633711 | BV88: =IF(BF88="","",BV$82+(BF88-BF$82)*1000) -> -8.7603605 | BW88: =IF(BG88="","",BW$82+(BG88-BG$82)*1000) -> 3.7666696 | BX88: =IF(BH88="","",BX$82+(BH88-BH$82)*1000) -> -18.274396 | BY88: =IF(BI88="","",BY$82+(BI88-BI$82)*1000) -> -2.7764115 | BZ88: =IF(BJ88="","",BZ$82+(BJ88-BJ$82)*1000) -> -4.9751874 | CA88: =IF(BK88="","",CA$82+(BK88-BK$82)*1000) -> -2.0402359
A89: 44287 | B89: =IF(A89="","",A89-excav) -> 632 | C89: 223.9 | D89: 53.5 | E89: 823220.69 | F89: 1091507.8 | G89: -122.3408 | K89: 823222.26 | L89: 1091505.3 | M89: -120.4126 | N89: 823222.77 | O89: 1091504.7 | P89: -121.1013 | Q89: 823223.18 | R89: 1091503.2 | S89: -122.2317 | T89: =IF(Xhaut="","",SQRT(((Xintergauche-Xhaut)^2+(Yintergauche-Yhaut)^2)+(Zintergauche-Zhaut)^2)) -> 3.5923184 | V89: =IF(Xhaut="","",SQRT(((Xhautdroit-Xhaut)^2+(Yhautdroit-Yhaut)^2)+(Zhautdroit-Zhaut)^2)) -> 1.0252661 | W89: =IF(Xhaut="","",SQRT(((Xinterdroit-Xhaut)^2+(Yinterdroit-Yhaut)^2)+(Zinterdroit-Zhaut)^2)) -> 2.891616 | Y89: =IF(Xinterdroit="","",SQRT(((Xinterdroit-Xintergauche)^2+(Yinterdroit-Yintergauche)^2)+(Zinterdroit-Zintergauche)^2)) -> 5.2696256 | Z89: =IF(T89="","",(T89-T$10)*1000) -> -7.0194028 | AA89: =IF(U89="","",(U89-U$10)*1000) | AB89: =IF(V89="","",(V89-V$10)*1000) -> -0.17772012 | AC89: =IF(W89="","",(W89-W$10)*1000) -> -16.880756 | AD89: =IF(X89="","",(X89-X$10)*1000) | AE89: =IF(Y89="","",(Y89-Y$10)*1000) -> -5.0664286 | AG89: =IF(E89="","",AG$82+(E89-E$82)*1000) -> -8 | AH89: =IF(F89="","",AH$82+(F89-F$82)*1000) -> -3.4999999 | AI89: =IF(G89="","",AI$82+(G89-G$82)*1000) -> -8.95 | AJ89: =IF(H89="","",(H89-H$10)*1000) | AK89: =IF(I89="","",(I89-I$10)*1000) | AL89: =IF(J89="","",(J89-J$10)*1000) | AM89: =IF(K89="","",AM$82+(K89-K$82)*1000) -> -7.9 | AN89: =IF(L89="","",AN$82+(L89-L$82)*1000) -> -2.7999999 | AO89: =IF(M89="","",AO$82+(M89-M$82)*1000) -> -21.4 | AP89: =IF(N89="","",AP$82+(N89-N$82)*1000) -> -6.5 | AQ89: =IF(O89="","",AQ$82+(O89-O$82)*1000) -> -5.5000002 | AR89: =IF(P89="","",AR$82+(P89-P$82)*1000) -> -17.85 | AS89: =IF(Q89="","",AS$82+(Q89-Q$82)*1000) -> -4.1499999 | AT89: =IF(R89="","",AT$82+(R89-R$82)*1000) -> 4.8500001 | AU89: =IF(S89="","",AU$82+(S89-S$82)*1000) -> -1.35 | AW89: 170.05497 | AX89: -2.6152124 | AY89: 1.5015303 | BC89: 170.386 | BD89: 0.39762842 | BE89: 3.42642 | BF89: 170.6115 | BG89: 1.1228975 | BH89: 2.735465 | BI89: 170.34917 | BJ89: 2.6450628 | BK89: 1.6076883 | BL89: - | BM89: =IF(AW89="","",BM$82+(AW89-AW$82)*1000) -> -8.6841374 | BN89: =IF(AX89="","",BN$82+(AX89-AX$82)*1000) -> -0.18762393 | BO89: =IF(AY89="","",BO$82+(AY89-AY$82)*1000) -> -8.8301586 | BP89: - | BQ89: - | BR89: =IF(BB89="","",(BB89-BB$10)*1000) | BS89: =IF(BC89="","",BS$82+(BC89-BC$82)*1000) -> -8.3125066 | BT89: =IF(BD89="","",BT$82+(BD89-BD$82)*1000) -> -0.84916934 | BU89: =IF(BE89="","",BU$82+(BE89-BE$82)*1000) -> -21.328875 | BV89: =IF(BF89="","",BV$82+(BF89-BF$82)*1000) -> -8.1747465 | BW89: =IF(BG89="","",BW$82+(BG89-BG$82)*1000) -> 2.2743373 | BX89: =IF(BH89="","",BX$82+(BH89-BH$82)*1000) -> -17.780253 | BY89: =IF(BI89="","",BY$82+(BI89-BI$82)*1000) -> -1.6892875 | BZ89: =IF(BJ89="","",BZ$82+(BJ89-BJ$82)*1000) -> -6.1232995 | CA89: =IF(BK89="","",CA$82+(BK89-BK$82)*1000) -> -1.3511071
A90: 44308 | B90: =IF(A90="","",A90-excav) -> 653 | C90: 223.9 | D90: 53.5 | E90: 823220.69 | F90: 1091507.8 | G90: -122.3411 | K90: 823222.26 | L90: 1091505.3 | M90: -120.4131 | N90: 823222.77 | O90: 1091504.7 | P90: -121.1017 | Q90: 823223.18 | R90: 1091503.2 | S90: -122.2319 | T90: =IF(Xhaut="","",SQRT(((Xintergauche-Xhaut)^2+(Yintergauche-Yhaut)^2)+(Zintergauche-Zhaut)^2)) -> 3.5939756 | V90: =IF(Xhaut="","",SQRT(((Xhautdroit-Xhaut)^2+(Yhautdroit-Yhaut)^2)+(Zhautdroit-Zhaut)^2)) -> 1.0252688 | W90: =IF(Xhaut="","",SQRT(((Xinterdroit-Xhaut)^2+(Yinterdroit-Yhaut)^2)+(Zinterdroit-Zhaut)^2)) -> 2.8916784 | Y90: =IF(Xinterdroit="","",SQRT(((Xinterdroit-Xintergauche)^2+(Yinterdroit-Yintergauche)^2)+(Zinterdroit-Zintergauche)^2)) -> 5.2719595 | Z90: =IF(T90="","",(T90-T$10)*1000) -> -5.3621396 | AA90: =IF(U90="","",(U90-U$10)*1000) | AB90: =IF(V90="","",(V90-V$10)*1000) -> -0.17499884 | AC90: =IF(W90="","",(W90-W$10)*1000) -> -16.818316 | AD90: =IF(X90="","",(X90-X$10)*1000) | AE90: =IF(Y90="","",(Y90-Y$10)*1000) -> -2.7324958 | AG90: =IF(E90="","",AG$82+(E90-E$82)*1000) -> -7.5000001 | AH90: =IF(F90="","",AH$82+(F90-F$82)*1000) -> -1.9999999 | AI90: =IF(G90="","",AI$82+(G90-G$82)*1000) -> -9.25 | AM90: =IF(K90="","",AM$82+(K90-K$82)*1000) -> -6.5 | AN90: =IF(L90="","",AN$82+(L90-L$82)*1000) -> -3.1999999 | AO90: =IF(M90="","",AO$82+(M90-M$82)*1000) -> -21.9 | AP90: =IF(N90="","",AP$82+(N90-N$82)*1000) -> -5.4 | AQ90: =IF(O90="","",AQ$82+(O90-O$82)*1000) -> -6.3000002 | AR90: =IF(P90="","",AR$82+(P90-P$82)*1000) -> -18.25 | AS90: =IF(Q90="","",AS$82+(Q90-Q$82)*1000) -> -3.7499999 | AT90: =IF(R90="","",AT$82+(R90-R$82)*1000) -> 3.6500001 | AU90: =IF(S90="","",AU$82+(S90-S$82)*1000) -> -1.55 | AW90: 170.05605 | AX90: -2.6163606 | AY90: 1.5012195 | BC90: 170.3871 | BD90: 0.39858265 | BE90: 3.425909 | BF90: 170.61216 | BG90: 1.1240874 | BH90: 2.7350584 | BI90: 170.34903 | BJ90: 2.6463194 | BK90: 1.6074897 | BM90: =IF(AW90="","",BM$82+(AW90-AW$82)*1000) -> -7.5970133 | BN90: =IF(AX90="","",BN$82+(AX90-AX$82)*1000) -> -1.335736 | BO90: =IF(AY90="","",BO$82+(AY90-AY$82)*1000) -> -9.1410299 | BP90: =IF(AZ90="","",(AZ90-AZ$10)*1000) | BQ90: =IF(BA90="","",(BA90-BA$10)*1000) | BR90: =IF(BB90="","",(BB90-BB$10)*1000) | BS90: =IF(BC90="","",BS$82+(BC90-BC$82)*1000) -> -7.2127586 | BT90: =IF(BD90="","",BT$82+(BD90-BD$82)*1000) -> 0.10506029 | BU90: =IF(BE90="","",BU$82+(BE90-BE$82)*1000) -> -21.839872 | BV90: =IF(BF90="","",BV$82+(BF90-BF$82)*1000) -> -7.5159469 | BW90: =IF(BG90="","",BW$82+(BG90-BG$82)*1000) -> 3.4642882 | BX90: =IF(BH90="","",BX$82+(BH90-BH$82)*1000) -> -18.186841 | BY90: =IF(BI90="","",BY$82+(BI90-BI$82)*1000) -> -1.8339531 | BZ90: =IF(BJ90="","",BZ$82+(BJ90-BJ$82)*1000) -> -4.8666881 | CA90: =IF(BK90="","",CA$82+(BK90-BK$82)*1000) -> -1.5496605
A91: 44322 | B91: =IF(A91="","",A91-excav) -> 667 | C91: 223.9 | D91: 53.5 | E91: 823220.69 | F91: 1091507.8 | G91: -122.3416 | K91: 823222.26 | L91: 1091505.3 | M91: -120.4135 | N91: 823222.77 | O91: 1091504.7 | P91: -121.1024 | Q91: 823223.18 | R91: 1091503.2 | S91: -122.2322 | T91: =IF(Xhaut="","",SQRT(((Xintergauche-Xhaut)^2+(Yintergauche-Yhaut)^2)+(Zintergauche-Zhaut)^2)) -> 3.5941735 | V91: =IF(Xhaut="","",SQRT(((Xhautdroit-Xhaut)^2+(Yhautdroit-Yhaut)^2)+(Zhautdroit-Zhaut)^2)) -> 1.0254307 | W91: =IF(Xhaut="","",SQRT(((Xinterdroit-Xhaut)^2+(Yinterdroit-Yhaut)^2)+(Zinterdroit-Zhaut)^2)) -> 2.8918055 | Y91: =IF(Xinterdroit="","",SQRT(((Xinterdroit-Xintergauche)^2+(Yinterdroit-Yintergauche)^2)+(Zinterdroit-Zintergauche)^2)) -> 5.2724233 | Z91: =IF(T91="","",(T91-T$10)*1000) -> -5.1642237 | AA91: =IF(U91="","",(U91-U$10)*1000) | AB91: =IF(V91="","",(V91-V$10)*1000) -> -0.013112711 | AC91: =IF(W91="","",(W91-W$10)*1000) -> -16.691194 | AD91: =IF(X91="","",(X91-X$10)*1000) | AE91: =IF(Y91="","",(Y91-Y$10)*1000) -> -2.2687267 | AG91: =IF(E91="","",AG$82+(E91-E$82)*1000) -> -7.5000001 | AH91: =IF(F91="","",AH$82+(F91-F$82)*1000) -> -1.4 | AI91: =IF(G91="","",AI$82+(G91-G$82)*1000) -> -9.75 | AJ91: =IF(H91="","",(H91-H$10)*1000) | AK91: =IF(I91="","",(I91-I$10)*1000) | AL91: =IF(J91="","",(J91-J$10)*1000) | AM91: =IF(K91="","",AM$82+(K91-K$82)*1000) -> -6.5 | AN91: =IF(L91="","",AN$82+(L91-L$82)*1000) -> -2.7999999 | AO91: =IF(M91="","",AO$82+(M91-M$82)*1000) -> -22.3 | AP91: =IF(N91="","",AP$82+(N91-N$82)*1000) -> -5.7000001 | AQ91: =IF(O91="","",AQ$82+(O91-O$82)*1000) -> -6.1000001 | AR91: =IF(P91="","",AR$82+(P91-P$82)*1000) -> -18.95 | AS91: =IF(Q91="","",AS$82+(Q91-Q$82)*1000) -> -3.1499999 | AT91: =IF(R91="","",AT$82+(R91-R$82)*1000) -> 4.0500001 | AU91: =IF(S91="","",AU$82+(S91-S$82)*1000) -> -1.85 | AW91: 170.05631 | AX91: -2.6169043 | AY91: 1.5007169 | BC91: 170.38727 | BD91: 0.39822013 | BE91: 3.4255073 | BF91: 170.61197 | BG91: 1.1237794 | BH91: 2.7343603 | BI91: 170.34974 | BJ91: 2.6462105 | BK91: 1.6071826 | BM91: =IF(AW91="","",BM$82+(AW91-AW$82)*1000) -> -7.3434222 | BN91: =IF(AX91="","",BN$82+(AX91-AX$82)*1000) -> -1.8795112 | BO91: =IF(AY91="","",BO$82+(AY91-AY$82)*1000) -> -9.6435658 | BP91: =IF(AZ91="","",(AZ91-AZ$10)*1000) | BQ91: =IF(BA91="","",(BA91-BA$10)*1000) | BR91: =IF(BB91="","",(BB91-BB$10)*1000) | BS91: =IF(BC91="","",BS$82+(BC91-BC$82)*1000) -> -7.0436978 | BT91: =IF(BD91="","",BT$82+(BD91-BD$82)*1000) -> -0.25745655 | BU91: =IF(BE91="","",BU$82+(BE91-BE$82)*1000) -> -22.241563 | BV91: =IF(BF91="","",BV$82+(BF91-BF$82)*1000) -> -7.7033041 | BW91: =IF(BG91="","",BW$82+(BG91-BG$82)*1000) -> 3.156234 | BX91: =IF(BH91="","",BX$82+(BH91-BH$82)*1000) -> -18.884967 | BY91: =IF(BI91="","",BY$82+(BI91-BI$82)*1000) -> -1.1211171 | BZ91: =IF(BJ91="","",BZ$82+(BJ91-BJ$82)*1000) -> -4.9756138 | CA91: =IF(BK91="","",CA$82+(BK91-BK$82)*1000) -> -1.8567888
A92: 44337 | B92: =IF(A92="","",A92-excav) -> 682 | C92: 223.9 | D92: 53.5 | E92: 823220.69 | F92: 1091507.8 | G92: -122.3418 | K92: 823222.26 | L92: 1091505.3 | M92: -120.4142 | N92: 823222.77 | O92: 1091504.7 | P92: -121.1029 | Q92: 823223.18 | R92: 1091503.2 | S92: -122.2326 | T92: =IF(Xhaut="","",SQRT(((Xintergauche-Xhaut)^2+(Yintergauche-Yhaut)^2)+(Zintergauche-Zhaut)^2)) -> 3.5937018 | V92: =IF(Xhaut="","",SQRT(((Xhautdroit-Xhaut)^2+(Yhautdroit-Yhaut)^2)+(Zhautdroit-Zhaut)^2)) -> 1.0252963 | W92: =IF(Xhaut="","",SQRT(((Xinterdroit-Xhaut)^2+(Yinterdroit-Yhaut)^2)+(Zinterdroit-Zhaut)^2)) -> 2.8914902 | Y92: =IF(Xinterdroit="","",SQRT(((Xinterdroit-Xintergauche)^2+(Yinterdroit-Yintergauche)^2)+(Zinterdroit-Zintergauche)^2)) -> 5.2720004 | Z92: =IF(T92="","",(T92-T$10)*1000) -> -5.6359723 | AA92: =IF(U92="","",(U92-U$10)*1000) | AB92: =IF(V92="","",(V92-V$10)*1000) -> -0.14746507 | AC92: =IF(W92="","",(W92-W$10)*1000) -> -17.006559 | AD92: =IF(X92="","",(X92-X$10)*1000) | AE92: =IF(Y92="","",(Y92-Y$10)*1000) -> -2.6916007 | AG92: =IF(E92="","",AG$82+(E92-E$82)*1000) -> -7.6000001 | AH92: =IF(F92="","",AH$82+(F92-F$82)*1000) -> -2.7000001 | AI92: =IF(G92="","",AI$82+(G92-G$82)*1000) -> -9.95 | AJ92: =IF(H92="","",(H92-H$10)*1000) | AK92: =IF(I92="","",(I92-I$10)*1000) | AL92: =IF(J92="","",(J92-J$10)*1000) | AM92: =IF(K92="","",AM$82+(K92-K$82)*1000) -> -6.9 | AN92: =IF(L92="","",AN$82+(L92-L$82)*1000) -> -4 | AO92: =IF(M92="","",AO$82+(M92-M$82)*1000) -> -23 | AP92: =IF(N92="","",AP$82+(N92-N$82)*1000) -> -6.1000001 | AQ92: =IF(O92="","",AQ$82+(O92-O$82)*1000) -> -7.3000002 | AR92: =IF(P92="","",AR$82+(P92-P$82)*1000) -> -19.45 | AS92: =IF(Q92="","",AS$82+(Q92-Q$82)*1000) -> -3.9499999 | AT92: =IF(R92="","",AT$82+(R92-R$82)*1000) -> 2.8500003 | AU92: =IF(S92="","",AU$82+(S92-S$82)*1000) -> -2.25 | AW92: 170.05567 | AX92: -2.6157684 | AY92: 1.5005233 | BC92: 170.3864 | BD92: 0.39913862 | BE92: 3.424816 | BF92: 170.6111 | BG92: 1.1246978 | BH92: 2.733869 | BI92: 170.34851 | BJ92: 2.6469599 | BK92: 1.6067949 | BM92: =IF(AW92="","",BM$82+(AW92-AW$82)*1000) -> -7.9834991 | BN92: =IF(AX92="","",BN$82+(AX92-AX$82)*1000) -> -0.74359663 | BO92: =IF(AY92="","",BO$82+(AY92-AY$82)*1000) -> -9.837165 | BP92: =IF(AZ92="","",(AZ92-AZ$10)*1000) | BQ92: =IF(BA92="","",(BA92-BA$10)*1000) | BR92: =IF(BB92="","",(BB92-BB$10)*1000) | BS92: =IF(BC92="","",BS$82+(BC92-BC$82)*1000) -> -7.9133971 | BT92: =IF(BD92="","",BT$82+(BD92-BD$82)*1000) -> 0.66103315 | BU92: =IF(BE92="","",BU$82+(BE92-BE$82)*1000) -> -22.932866 | BV92: =IF(BF92="","",BV$82+(BF92-BF$82)*1000) -> -8.5730034 | BW92: =IF(BG92="","",BW$82+(BG92-BG$82)*1000) -> 4.0747237 | BX92: =IF(BH92="","",BX$82+(BH92-BH$82)*1000) -> -19.37627 | BY92: =IF(BI92="","",BY$82+(BI92-BI$82)*1000) -> -2.3533331 | BZ92: =IF(BJ92="","",BZ$82+(BJ92-BJ$82)*1000) -> -4.2261851 | CA92: =IF(BK92="","",CA$82+(BK92-BK$82)*1000) -> -2.2444667
A93: 44351 | B93: =IF(A93="","",A93-excav) -> 696 | C93: 223.9 | D93: 53.5 | E93: 823220.69 | F93: 1091507.8 | G93: -122.3408 | K93: 823222.26 | L93: 1091505.3 | M93: -120.413 | N93: 823222.77 | O93: 1091504.7 | P93: -121.1018 | Q93: 823223.18 | R93: 1091503.2 | S93: -122.2316 | T93: =IF(Xhaut="","",SQRT(((Xintergauche-Xhaut)^2+(Yintergauche-Yhaut)^2)+(Zintergauche-Zhaut)^2)) -> 3.5936957 | V93: =IF(Xhaut="","",SQRT(((Xhautdroit-Xhaut)^2+(Yhautdroit-Yhaut)^2)+(Zhautdroit-Zhaut)^2)) -> 1.0253291 | W93: =IF(Xhaut="","",SQRT(((Xinterdroit-Xhaut)^2+(Yinterdroit-Yhaut)^2)+(Zinterdroit-Zhaut)^2)) -> 2.8916784 | Y93: =IF(Xinterdroit="","",SQRT(((Xinterdroit-Xintergauche)^2+(Yinterdroit-Yintergauche)^2)+(Zinterdroit-Zintergauche)^2)) -> 5.2718587 | Z93: =IF(T93="","",(T93-T$10)*1000) -> -5.6420216 | AA93: =IF(U93="","",(U93-U$10)*1000) | AB93: =IF(V93="","",(V93-V$10)*1000) -> -0.11463622 | AC93: =IF(W93="","",(W93-W$10)*1000) -> -16.818318 | AD93: =IF(X93="","",(X93-X$10)*1000) | AE93: =IF(Y93="","",(Y93-Y$10)*1000) -> -2.8332688 | AG93: =IF(E93="","",AG$82+(E93-E$82)*1000) -> -7.7000001 | AH93: =IF(F93="","",AH$82+(F93-F$82)*1000) -> -2.6 | AI93: =IF(G93="","",AI$82+(G93-G$82)*1000) -> -8.95 | AM93: =IF(K93="","",AM$82+(K93-K$82)*1000) -> -6.6 | AN93: =IF(L93="","",AN$82+(L93-L$82)*1000) -> -3.5000001 | AO93: =IF(M93="","",AO$82+(M93-M$82)*1000) -> -21.8 | AP93: =IF(N93="","",AP$82+(N93-N$82)*1000) -> -6.2000001 | AQ93: =IF(O93="","",AQ$82+(O93-O$82)*1000) -> -7.1 | AR93: =IF(P93="","",AR$82+(P93-P$82)*1000) -> -18.35 | AS93: =IF(Q93="","",AS$82+(Q93-Q$82)*1000) -> -4.3499999 | AT93: =IF(R93="","",AT$82+(R93-R$82)*1000) -> 2.9500001 | AU93: =IF(S93="","",AU$82+(S93-S$82)*1000) -> -1.25 | AW93: 170.05562 | AX93: -2.6159013 | AY93: 1.5015238 | BC93: 170.38689 | BD93: 0.39881227 | BE93: 3.4260111 | BF93: 170.61109 | BG93: 1.1244743 | BH93: 2.7349691 | BI93: 170.34819 | BJ93: 2.6467002 | BK93: 1.6077981 | BM93: =IF(AW93="","",BM$82+(AW93-AW$82)*1000) -> -8.031863 | BN93: =IF(AX93="","",BN$82+(AX93-AX$82)*1000) -> -0.87649107 | BO93: =IF(AY93="","",BO$82+(AY93-AY$82)*1000) -> -8.8366814 | BP93: =IF(AZ93="","",(AZ93-AZ$10)*1000) | BQ93: =IF(BA93="","",(BA93-BA$10)*1000) | BR93: =IF(BB93="","",(BB93-BB$10)*1000) | BS93: =IF(BC93="","",BS$82+(BC93-BC$82)*1000) -> -7.4301835 | BT93: =IF(BD93="","",BT$82+(BD93-BD$82)*1000) -> 0.3346829 | BU93: =IF(BE93="","",BU$82+(BE93-BE$82)*1000) -> -21.737698 | BV93: =IF(BF93="","",BV$82+(BF93-BF$82)*1000) -> -8.5791021 | BW93: =IF(BG93="","",BW$82+(BG93-BG$82)*1000) -> 3.8512 | BX93: =IF(BH93="","",BX$82+(BH93-BH$82)*1000) -> -18.276209 | BY93: =IF(BI93="","",BY$82+(BI93-BI$82)*1000) -> -2.6735848 | BZ93: =IF(BJ93="","",BZ$82+(BJ93-BJ$82)*1000) -> -4.4858749 | CA93: =IF(BK93="","",CA$82+(BK93-BK$82)*1000) -> -1.2412642
A94: 44357 | B94: =IF(A94="","",A94-excav) -> 702 | C94: 223.9 | D94: 53.5 | E94: 823220.69 | F94: 1091507.8 | G94: -122.341 | K94: 823222.26 | L94: 1091505.3 | M94: -120.4134 | N94: 823222.77 | O94: 1091504.7 | P94: -121.1022 | Q94: 823223.18 | R94: 1091503.2 | S94: -122.2317 | T94: =IF(Xhaut="","",SQRT(((Xintergauche-Xhaut)^2+(Yintergauche-Yhaut)^2)+(Zintergauche-Zhaut)^2)) -> 3.5939182 | V94: =IF(Xhaut="","",SQRT(((Xhautdroit-Xhaut)^2+(Yhautdroit-Yhaut)^2)+(Zhautdroit-Zhaut)^2)) -> 1.0254681 | W94: =IF(Xhaut="","",SQRT(((Xinterdroit-Xhaut)^2+(Yinterdroit-Yhaut)^2)+(Zinterdroit-Zhaut)^2)) -> 2.8913879 | Y94: =IF(Xinterdroit="","",SQRT(((Xinterdroit-Xintergauche)^2+(Yinterdroit-Yintergauche)^2)+(Zinterdroit-Zintergauche)^2)) -> 5.272226 | Z94: =IF(T94="","",(T94-T$10)*1000) -> -5.4195376 | AA94: =IF(U94="","",(U94-U$10)*1000) | AB94: =IF(V94="","",(V94-V$10)*1000) -> 0.024348979 | AC94: =IF(W94="","",(W94-W$10)*1000) -> -17.108783 | AD94: =IF(X94="","",(X94-X$10)*1000) | AE94: =IF(Y94="","",(Y94-Y$10)*1000) -> -2.4660592 | AG94: =IF(E94="","",AG$82+(E94-E$82)*1000) -> -7.4000001 | AH94: =IF(F94="","",AH$82+(F94-F$82)*1000) -> -3.1000001 | AI94: =IF(G94="","",AI$82+(G94-G$82)*1000) -> -9.15 | AM94: =IF(K94="","",AM$82+(K94-K$82)*1000) -> -6.7 | AN94: =IF(L94="","",AN$82+(L94-L$82)*1000) -> -4.6999999 | AO94: =IF(M94="","",AO$82+(M94-M$82)*1000) -> -22.2 | AP94: =IF(N94="","",AP$82+(N94-N$82)*1000) -> -5.8 | AQ94: =IF(O94="","",AQ$82+(O94-O$82)*1000) -> -8.1000002 | AR94: =IF(P94="","",AR$82+(P94-P$82)*1000) -> -18.75 | AS94: =IF(Q94="","",AS$82+(Q94-Q$82)*1000) -> -3.65 | AT94: =IF(R94="","",AT$82+(R94-R$82)*1000) -> 2.2500001 | AU94: =IF(S94="","",AU$82+(S94-S$82)*1000) -> -1.35 | AW94: 170.05568 | AX94: -2.6153214 | AY94: 1.5013232 | AZ94: - | BA94: - | BB94: - | BC94: 170.38629 | BD94: 0.39985755 | BE94: 3.4256171 | BF94: 170.61103 | BG94: 1.1255497 | BH94: 2.7345697 | BI94: 170.34852 | BJ94: 2.6476305 | BK94: 1.6076948 | BL94: - | BM94: =IF(AW94="","",BM$82+(AW94-AW$82)*1000) -> -7.9713015 | BN94: =IF(AX94="","",BN$82+(AX94-AX$82)*1000) -> -0.29654938 | BO94: =IF(AY94="","",BO$82+(AY94-AY$82)*1000) -> -9.037287 | BS94: =IF(BC94="","",BS$82+(BC94-BC$82)*1000) -> -8.0279951 | BT94: =IF(BD94="","",BT$82+(BD94-BD$82)*1000) -> 1.379968 | BU94: =IF(BE94="","",BU$82+(BE94-BE$82)*1000) -> -22.13172 | BV94: =IF(BF94="","",BV$82+(BF94-BF$82)*1000) -> -8.6392373 | BW94: =IF(BG94="","",BW$82+(BG94-BG$82)*1000) -> 4.926553 | BX94: =IF(BH94="","",BX$82+(BH94-BH$82)*1000) -> -18.675608 | BY94: =IF(BI94="","",BY$82+(BI94-BI$82)*1000) -> -2.3350368 | BZ94: =IF(BJ94="","",BZ$82+(BJ94-BJ$82)*1000) -> -3.5556141 | CA94: =IF(BK94="","",CA$82+(BK94-BK$82)*1000) -> -1.3446496
A95: 44362 | B95: =IF(A95="","",A95-excav) -> 707 | C95: 223.9 | D95: 53.5 | E95: 823220.69 | F95: 1091507.8 | G95: -122.3414 | K95: 823222.26 | L95: 1091505.3 | M95: -120.414 | N95: 823222.77 | O95: 1091504.7 | P95: -121.1027 | Q95: 823223.18 | R95: 1091503.2 | S95: -122.2323 | T95: =IF(Xhaut="","",SQRT(((Xintergauche-Xhaut)^2+(Yintergauche-Yhaut)^2)+(Zintergauche-Zhaut)^2)) -> 3.5937388 | V95: =IF(Xhaut="","",SQRT(((Xhautdroit-Xhaut)^2+(Yhautdroit-Yhaut)^2)+(Zhautdroit-Zhaut)^2)) -> 1.0254507 | W95: =IF(Xhaut="","",SQRT(((Xinterdroit-Xhaut)^2+(Yinterdroit-Yhaut)^2)+(Zinterdroit-Zhaut)^2)) -> 2.8913956 | Y95: =IF(Xinterdroit="","",SQRT(((Xinterdroit-Xintergauche)^2+(Yinterdroit-Yintergauche)^2)+(Zinterdroit-Zintergauche)^2)) -> 5.2721274 | Z95: =IF(T95="","",(T95-T$10)*1000) -> -5.598952 | AA95: =IF(U95="","",(U95-U$10)*1000) | AB95: =IF(V95="","",(V95-V$10)*1000) -> 0.0069614959 | AC95: =IF(W95="","",(W95-W$10)*1000) -> -17.101114 | AD95: =IF(X95="","",(X95-X$10)*1000) | AE95: =IF(Y95="","",(Y95-Y$10)*1000) -> -2.5646485 | AG95: =IF(E95="","",AG$82+(E95-E$82)*1000) -> -7.2000001 | AH95: =IF(F95="","",AH$82+(F95-F$82)*1000) -> -3.1000001 | AI95: =IF(G95="","",AI$82+(G95-G$82)*1000) -> -9.55 | AM95: =IF(K95="","",AM$82+(K95-K$82)*1000) -> -6.5 | AN95: =IF(L95="","",AN$82+(L95-L$82)*1000) -> -4.6000001 | AO95: =IF(M95="","",AO$82+(M95-M$82)*1000) -> -22.8 | AP95: =IF(N95="","",AP$82+(N95-N$82)*1000) -> -5.5000001 | AQ95: =IF(O95="","",AQ$82+(O95-O$82)*1000) -> -8.0000001 | AR95: =IF(P95="","",AR$82+(P95-P$82)*1000) -> -19.25 | AS95: =IF(Q95="","",AS$82+(Q95-Q$82)*1000) -> -3.65 | AT95: =IF(R95="","",AT$82+(R95-R$82)*1000) -> 2.2500001 | AU95: =IF(S95="","",AU$82+(S95-S$82)*1000) -> -1.95 | AW95: 170.05586 | AX95: -2.6152368 | AY95: 1.5009214 | AZ95: - | BA95: - | BB95: - | BC95: 170.38651 | BD95: 0.39985146 | BE95: 3.4250149 | BF95: 170.61135 | BG95: 1.1255858 | BH95: 2.7340665 | BI95: 170.34852 | BJ95: 2.6476305 | BK95: 1.6070948 | BL95: - | BM95: =IF(AW95="","",BM$82+(AW95-AW$82)*1000) -> -7.7900431 | BN95: =IF(AX95="","",BN$82+(AX95-AX$82)*1000) -> -0.21201898 | BO95: =IF(AY95="","",BO$82+(AY95-AY$82)*1000) -> -9.4390996 | BS95: =IF(BC95="","",BS$82+(BC95-BC$82)*1000) -> -7.8044715 | BT95: =IF(BD95="","",BT$82+(BD95-BD$82)*1000) -> 1.3738693 | BU95: =IF(BE95="","",BU$82+(BE95-BE$82)*1000) -> -22.733955 | BV95: =IF(BF95="","",BV$82+(BF95-BF$82)*1000) -> -8.3250845 | BW95: =IF(BG95="","",BW$82+(BG95-BG$82)*1000) -> 4.9627194 | BX95: =IF(BH95="","",BX$82+(BH95-BH$82)*1000) -> -19.178749 | BY95: =IF(BI95="","",BY$82+(BI95-BI$82)*1000) -> -2.3350368 | BZ95: =IF(BJ95="","",BZ$82+(BJ95-BJ$82)*1000) -> -3.5556141 | CA95: =IF(BK95="","",CA$82+(BK95-BK$82)*1000) -> -1.9446496
A96: 44364 | B96: =IF(A96="","",A96-excav) -> 709 | C96: 223.9 | D96: 53.5 | E96: 823220.69 | F96: 1091507.8 | G96: -122.3425 | K96: 823222.26 | L96: 1091505.3 | M96: -120.4149 | N96: 823222.77 | O96: 1091504.7 | P96: -121.1034 | Q96: 823223.18 | R96: 1091503.2 | S96: -122.233 | T96: =IF(Xhaut="","",SQRT(((Xintergauche-Xhaut)^2+(Yintergauche-Yhaut)^2)+(Zintergauche-Zhaut)^2)) -> 3.5937456 | V96: =IF(Xhaut="","",SQRT(((Xhautdroit-Xhaut)^2+(Yhautdroit-Yhaut)^2)+(Zhautdroit-Zhaut)^2)) -> 1.0253063 | W96: =IF(Xhaut="","",SQRT(((Xinterdroit-Xhaut)^2+(Yinterdroit-Yhaut)^2)+(Zinterdroit-Zhaut)^2)) -> 2.8908514 | Y96: =IF(Xinterdroit="","",SQRT(((Xinterdroit-Xintergauche)^2+(Yinterdroit-Yintergauche)^2)+(Zinterdroit-Zintergauche)^2)) -> 5.2714716 | Z96: =IF(T96="","",(T96-T$10)*1000) -> -5.5921721 | AA96: =IF(U96="","",(U96-U$10)*1000) | AB96: =IF(V96="","",(V96-V$10)*1000) -> -0.13749241 | AC96: =IF(W96="","",(W96-W$10)*1000) -> -17.645267 | AD96: =IF(X96="","",(X96-X$10)*1000) | AE96: =IF(Y96="","",(Y96-Y$10)*1000) -> -3.2204376 | AG96: =IF(E96="","",AG$82+(E96-E$82)*1000) -> -8 | AH96: =IF(F96="","",AH$82+(F96-F$82)*1000) -> -3.4999999 | AI96: =IF(G96="","",AI$82+(G96-G$82)*1000) -> -10.65 | AM96: =IF(K96="","",AM$82+(K96-K$82)*1000) -> -7.2 | AN96: =IF(L96="","",AN$82+(L96-L$82)*1000) -> -4.8 | AO96: =IF(M96="","",AO$82+(M96-M$82)*1000) -> -23.7 | AP96: =IF(N96="","",AP$82+(N96-N$82)*1000) -> -6.0000001 | AQ96: =IF(O96="","",AQ$82+(O96-O$82)*1000) -> -8.0000001 | AR96: =IF(P96="","",AR$82+(P96-P$82)*1000) -> -19.95 | AS96: =IF(Q96="","",AS$82+(Q96-Q$82)*1000) -> -4.55 | AT96: =IF(R96="","",AT$82+(R96-R$82)*1000) -> 2.5500001 | AU96: =IF(S96="","",AU$82+(S96-S$82)*1000) -> -2.65 | AW96: 170.05497 | AX96: -2.6152124 | AY96: 1.4998303 | BC96: 170.38579 | BD96: 0.39973686 | BE96: 3.4241221 | BF96: 170.6109 | BG96: 1.1253745 | BH96: 2.733371 | BI96: 170.34784 | BJ96: 2.6469782 | BK96: 1.6064016 | BL96: - | BM96: =IF(AW96="","",BM$82+(AW96-AW$82)*1000) -> -8.6841374 | BN96: =IF(AX96="","",BN$82+(AX96-AX$82)*1000) -> -0.18762393 | BO96: =IF(AY96="","",BO$82+(AY96-AY$82)*1000) -> -10.530159 | BS96: =IF(BC96="","",BS$82+(BC96-BC$82)*1000) -> -8.5234063 | BT96: =IF(BD96="","",BT$82+(BD96-BD$82)*1000) -> 1.2592712 | BU96: =IF(BE96="","",BU$82+(BE96-BE$82)*1000) -> -23.626766 | BV96: =IF(BF96="","",BV$82+(BF96-BF$82)*1000) -> -8.7782305 | BW96: =IF(BG96="","",BW$82+(BG96-BG$82)*1000) -> 4.7513934 | BX96: =IF(BH96="","",BX$82+(BH96-BH$82)*1000) -> -19.874218 | BY96: =IF(BI96="","",BY$82+(BI96-BI$82)*1000) -> -3.023904 | BZ96: =IF(BJ96="","",BZ$82+(BJ96-BJ$82)*1000) -> -4.2078885 | CA96: =IF(BK96="","",CA$82+(BK96-BK$82)*1000) -> -2.637761
A97: 44369 | B97: =IF(A97="","",A97-excav) -> 714 | C97: 223.9 | D97: 53.5 | E97: 823220.69 | F97: 1091507.8 | G97: -122.3412 | K97: 823222.26 | L97: 1091505.3 | M97: -120.4138 | N97: 823222.77 | O97: 1091504.7 | P97: -121.1024 | Q97: 823223.18 | R97: 1091503.2 | S97: -122.2319 | T97: =IF(Xhaut="","",SQRT(((Xintergauche-Xhaut)^2+(Yintergauche-Yhaut)^2)+(Zintergauche-Zhaut)^2)) -> 3.5933214 | V97: =IF(Xhaut="","",SQRT(((Xhautdroit-Xhaut)^2+(Yhautdroit-Yhaut)^2)+(Zhautdroit-Zhaut)^2)) -> 1.0252891 | W97: =IF(Xhaut="","",SQRT(((Xinterdroit-Xhaut)^2+(Yinterdroit-Yhaut)^2)+(Zinterdroit-Zhaut)^2)) -> 2.8909935 | Y97: =IF(Xinterdroit="","",SQRT(((Xinterdroit-Xintergauche)^2+(Yinterdroit-Yintergauche)^2)+(Zinterdroit-Zintergauche)^2)) -> 5.2712503 | Z97: =IF(T97="","",(T97-T$10)*1000) -> -6.0163396 | AA97: =IF(U97="","",(U97-U$10)*1000) | AB97: =IF(V97="","",(V97-V$10)*1000) -> -0.15463384 | AC97: =IF(W97="","",(W97-W$10)*1000) -> -17.50325 | AD97: =IF(X97="","",(X97-X$10)*1000) | AE97: =IF(Y97="","",(Y97-Y$10)*1000) -> -3.4417222 | AG97: =IF(E97="","",AG$82+(E97-E$82)*1000) -> -7.7000001 | AH97: =IF(F97="","",AH$82+(F97-F$82)*1000) -> -3.4 | AI97: =IF(G97="","",AI$82+(G97-G$82)*1000) -> -9.35 | AM97: =IF(K97="","",AM$82+(K97-K$82)*1000) -> -6.8 | AN97: =IF(L97="","",AN$82+(L97-L$82)*1000) -> -4.2000001 | AO97: =IF(M97="","",AO$82+(M97-M$82)*1000) -> -22.6 | AP97: =IF(N97="","",AP$82+(N97-N$82)*1000) -> -6.1000001 | AQ97: =IF(O97="","",AQ$82+(O97-O$82)*1000) -> -7.7000002 | AR97: =IF(P97="","",AR$82+(P97-P$82)*1000) -> -18.95 | AS97: =IF(Q97="","",AS$82+(Q97-Q$82)*1000) -> -4.1499999 | AT97: =IF(R97="","",AT$82+(R97-R$82)*1000) -> 2.9500001 | AU97: =IF(S97="","",AU$82+(S97-S$82)*1000) -> -1.55 | AW97: 170.05528 | AX97: -2.6151763 | AY97: 1.5011272 | BC97: 170.38641 | BD97: 0.39936214 | BE97: 3.4252159 | BF97: 170.61093 | BG97: 1.1250604 | BH97: 2.7343707 | BI97: 170.34837 | BJ97: 2.6467847 | BK97: 1.6074963 | BM97: =IF(AW97="","",BM$82+(AW97-AW$82)*1000) -> -8.3699846 | BN97: =IF(AX97="","",BN$82+(AX97-AX$82)*1000) -> -0.15145739 | BO97: =IF(AY97="","",BO$82+(AY97-AY$82)*1000) -> -9.2333002 | BS97: =IF(BC97="","",BS$82+(BC97-BC$82)*1000) -> -7.9072983 | BT97: =IF(BD97="","",BT$82+(BD97-BD$82)*1000) -> 0.8845569 | BU97: =IF(BE97="","",BU$82+(BE97-BE$82)*1000) -> -22.532927 | BV97: =IF(BF97="","",BV$82+(BF97-BF$82)*1000) -> -8.7420642 | BW97: =IF(BG97="","",BW$82+(BG97-BG$82)*1000) -> 4.4372406 | BX97: =IF(BH97="","",BX$82+(BH97-BH$82)*1000) -> -18.874579 | BY97: =IF(BI97="","",BY$82+(BI97-BI$82)*1000) -> -2.4923264 | BZ97: =IF(BJ97="","",BZ$82+(BJ97-BJ$82)*1000) -> -4.4013445 | CA97: =IF(BK97="","",CA$82+(BK97-BK$82)*1000) -> -1.5430767
A98: 44376 | B98: =IF(A98="","",A98-excav) -> 721 | C98: 223.9 | D98: 53.5 | E98: 823220.69 | F98: 1091507.8 | G98: -122.3415 | K98: 823222.26 | L98: 1091505.3 | M98: -120.4142 | N98: 823222.77 | O98: 1091504.7 | P98: -121.1028 | Q98: 823223.18 | R98: 1091503.2 | S98: -122.2322 | T98: =IF(Xhaut="","",SQRT(((Xintergauche-Xhaut)^2+(Yintergauche-Yhaut)^2)+(Zintergauche-Zhaut)^2)) -> 3.5932833 | V98: =IF(Xhaut="","",SQRT(((Xhautdroit-Xhaut)^2+(Yhautdroit-Yhaut)^2)+(Zhautdroit-Zhaut)^2)) -> 1.0252241 | W98: =IF(Xhaut="","",SQRT(((Xinterdroit-Xhaut)^2+(Yinterdroit-Yhaut)^2)+(Zinterdroit-Zhaut)^2)) -> 2.8909546 | Y98: =IF(Xinterdroit="","",SQRT(((Xinterdroit-Xintergauche)^2+(Yinterdroit-Yintergauche)^2)+(Zinterdroit-Zintergauche)^2)) -> 5.2713102 | Z98: =IF(T98="","",(T98-T$10)*1000) -> -6.0544884 | AA98: =IF(U98="","",(U98-U$10)*1000) | AB98: =IF(V98="","",(V98-V$10)*1000) -> -0.21972483 | AC98: =IF(W98="","",(W98-W$10)*1000) -> -17.542138 | AE98: =IF(Y98="","",(Y98-Y$10)*1000) -> -3.381785 | AG98: =IF(E98="","",AG$82+(E98-E$82)*1000) -> -7.9000001 | AH98: =IF(F98="","",AH$82+(F98-F$82)*1000) -> -3.5999999 | AI98: =IF(G98="","",AI$82+(G98-G$82)*1000) -> -9.65 | AM98: =IF(K98="","",AM$82+(K98-K$82)*1000) -> -6.8 | AN98: =IF(L98="","",AN$82+(L98-L$82)*1000) -> -4.2999999 | AO98: =IF(M98="","",AO$82+(M98-M$82)*1000) -> -23 | AP98: =IF(N98="","",AP$82+(N98-N$82)*1000) -> -5.9000001 | AQ98: =IF(O98="","",AQ$82+(O98-O$82)*1000) -> -7.5000001 | AR98: =IF(P98="","",AR$82+(P98-P$82)*1000) -> -19.35 | AS98: =IF(Q98="","",AS$82+(Q98-Q$82)*1000) -> -3.8499999 | AT98: =IF(R98="","",AT$82+(R98-R$82)*1000) -> 2.9500001 | AU98: =IF(S98="","",AU$82+(S98-S$82)*1000) -> -1.85 | AW98: 170.05502 | AX98: -2.6150795 | AY98: 1.5008298 | BC98: 170.38637 | BD98: 0.39945277 | BE98: 3.4248163 | BF98: 170.6112 | BG98: 1.1249636 | BH98: 2.733968 | BI98: 170.34864 | BJ98: 2.6469115 | BK98: 1.6071936 | BM98: =IF(AW98="","",BM$82+(AW98-AW$82)*1000) -> -8.6357734 | BN98: =IF(AX98="","",BN$82+(AX98-AX$82)*1000) -> -0.054729485 | BO98: =IF(AY98="","",BO$82+(AY98-AY$82)*1000) -> -9.5306423 | BS98: =IF(BC98="","",BS$82+(BC98-BC$82)*1000) -> -7.9495634 | BT98: =IF(BD98="","",BT$82+(BD98-BD$82)*1000) -> 0.97518595 | BU98: =IF(BE98="","",BU$82+(BE98-BE$82)*1000) -> -22.932504 | BV98: =IF(BF98="","",BV$82+(BF98-BF$82)*1000) -> -8.4762753 | BW98: =IF(BG98="","",BW$82+(BG98-BG$82)*1000) -> 4.3405125 | BX98: =IF(BH98="","",BX$82+(BH98-BH$82)*1000) -> -19.277237 | BY98: =IF(BI98="","",BY$82+(BI98-BI$82)*1000) -> -2.2204387 | BZ98: =IF(BJ98="","",BZ$82+(BJ98-BJ$82)*1000) -> -4.2745489 | CA98: =IF(BK98="","",CA$82+(BK98-BK$82)*1000) -> -1.8457956
A99: 44378 | B99: =IF(A99="","",A99-excav) -> 723 | C99: 223.9 | D99: 53.5 | E99: 823220.69 | F99: 1091507.8 | G99: -122.3415 | K99: 823222.26 | L99: 1091505.3 | M99: -120.414 | N99: 823222.77 | O99: 1091504.7 | P99: -121.1027 | Q99: 823223.18 | R99: 1091503.2 | S99: -122.2323 | T99: =IF(Xhaut="","",SQRT(((Xintergauche-Xhaut)^2+(Yintergauche-Yhaut)^2)+(Zintergauche-Zhaut)^2)) -> 3.5937358 | V99: =IF(Xhaut="","",SQRT(((Xhautdroit-Xhaut)^2+(Yhautdroit-Yhaut)^2)+(Zhautdroit-Zhaut)^2)) -> 1.0254904 | W99: =IF(Xhaut="","",SQRT(((Xinterdroit-Xhaut)^2+(Yinterdroit-Yhaut)^2)+(Zinterdroit-Zhaut)^2)) -> 2.8909456 | Y99: =IF(Xinterdroit="","",SQRT(((Xinterdroit-Xintergauche)^2+(Yinterdroit-Yintergauche)^2)+(Zinterdroit-Zintergauche)^2)) -> 5.2714654 | Z99: =IF(T99="","",(T99-T$10)*1000) -> -5.6020059 | AA99: =IF(U99="","",(U99-U$10)*1000) | AB99: =IF(V99="","",(V99-V$10)*1000) -> 0.046626307 | AC99: =IF(W99="","",(W99-W$10)*1000) -> -17.551142 | AE99: =IF(Y99="","",(Y99-Y$10)*1000) -> -3.2266607 | AG99: =IF(E99="","",AG$82+(E99-E$82)*1000) -> -7.6000001 | AH99: =IF(F99="","",AH$82+(F99-F$82)*1000) -> -3.4999999 | AI99: =IF(G99="","",AI$82+(G99-G$82)*1000) -> -9.65 | AM99: =IF(K99="","",AM$82+(K99-K$82)*1000) -> -6.7 | AN99: =IF(L99="","",AN$82+(L99-L$82)*1000) -> -4.8 | AO99: =IF(M99="","",AO$82+(M99-M$82)*1000) -> -22.8 | AP99: =IF(N99="","",AP$82+(N99-N$82)*1000) -> -5.4 | AQ99: =IF(O99="","",AQ$82+(O99-O$82)*1000) -> -8.0000001 | AR99: =IF(P99="","",AR$82+(P99-P$82)*1000) -> -19.25 | AS99: =IF(Q99="","",AS$82+(Q99-Q$82)*1000) -> -4.1499999 | AT99: =IF(R99="","",AT$82+(R99-R$82)*1000) -> 2.5500001 | AU99: =IF(S99="","",AU$82+(S99-S$82)*1000) -> -1.95 | AW99: 170.05533 | AX99: -2.6150434 | AY99: 1.5008267 | BC99: 170.38625 | BD99: 0.39994818 | BE99: 3.4250175 | BF99: 170.61144 | BG99: 1.1256281 | BH99: 2.7340656 | BI99: 170.3482 | BJ99: 2.6471473 | BK99: 1.607098 | BM99: =IF(AW99="","",BM$82+(AW99-AW$82)*1000) -> -8.3216206 | BN99: =IF(AX99="","",BN$82+(AX99-AX$82)*1000) -> -0.018563163 | BO99: =IF(AY99="","",BO$82+(AY99-AY$82)*1000) -> -9.5337838 | BS99: =IF(BC99="","",BS$82+(BC99-BC$82)*1000) -> -8.0702603 | BT99: =IF(BD99="","",BT$82+(BD99-BD$82)*1000) -> 1.4705972 | BU99: =IF(BE99="","",BU$82+(BE99-BE$82)*1000) -> -22.731297 | BV99: =IF(BF99="","",BV$82+(BF99-BF$82)*1000) -> -8.2344552 | BW99: =IF(BG99="","",BW$82+(BG99-BG$82)*1000) -> 5.0049846 | BX99: =IF(BH99="","",BX$82+(BH99-BH$82)*1000) -> -19.179655 | BY99: =IF(BI99="","",BY$82+(BI99-BI$82)*1000) -> -2.6613872 | BZ99: =IF(BJ99="","",BZ$82+(BJ99-BJ$82)*1000) -> -4.0388277 | CA99: =IF(BK99="","",CA$82+(BK99-BK$82)*1000) -> -1.9413861
A100: 44392 | B100: =IF(A100="","",A100-excav) -> 737 | C100: 223.9 | D100: 53.5 | E100: 823220.69 | F100: 1091507.8 | G100: -122.3416 | K100: 823222.26 | L100: 1091505.3 | M100: -120.4147 | N100: 823222.77 | O100: 1091504.7 | P100: -121.103 | Q100: 823223.18 | R100: 1091503.2 | S100: -122.2322 | T100: =IF(Xhaut="","",SQRT(((Xintergauche-Xhaut)^2+(Yintergauche-Yhaut)^2)+(Zintergauche-Zhaut)^2)) -> 3.592909 | V100: =IF(Xhaut="","",SQRT(((Xhautdroit-Xhaut)^2+(Yhautdroit-Yhaut)^2)+(Zhautdroit-Zhaut)^2)) -> 1.0252118 | W100: =IF(Xhaut="","",SQRT(((Xinterdroit-Xhaut)^2+(Yinterdroit-Yhaut)^2)+(Zinterdroit-Zhaut)^2)) -> 2.8905539 | Y100: =IF(Xinterdroit="","",SQRT(((Xinterdroit-Xintergauche)^2+(Yinterdroit-Yintergauche)^2)+(Zinterdroit-Zintergauche)^2)) -> 5.2710543 | Z100: =IF(T100="","",(T100-T$10)*1000) -> -6.4287881 | AA100: =IF(U100="","",(U100-U$10)*1000) | AB100: =IF(V100="","",(V100-V$10)*1000) -> -0.23201002 | AC100: =IF(W100="","",(W100-W$10)*1000) -> -17.942833 | AE100: =IF(Y100="","",(Y100-Y$10)*1000) -> -3.6376792 | AG100: =IF(E100="","",AG$82+(E100-E$82)*1000) -> -7.8000001 | AH100: =IF(F100="","",AH$82+(F100-F$82)*1000) -> -3.5999999 | AI100: =IF(G100="","",AI$82+(G100-G$82)*1000) -> -9.75 | AM100: =IF(K100="","",AM$82+(K100-K$82)*1000) -> -6.9 | AN100: =IF(L100="","",AN$82+(L100-L$82)*1000) -> -4.2000001 | AO100: =IF(M100="","",AO$82+(M100-M$82)*1000) -> -23.5 | AP100: =IF(N100="","",AP$82+(N100-N$82)*1000) -> -5.4 | AQ100: =IF(O100="","",AQ$82+(O100-O$82)*1000) -> -7.2000001 | AR100: =IF(P100="","",AR$82+(P100-P$82)*1000) -> -19.55 | AS100: =IF(Q100="","",AS$82+(Q100-Q$82)*1000) -> -3.5499999 | AT100: =IF(R100="","",AT$82+(R100-R$82)*1000) -> 3.3500001 | AU100: =IF(S100="","",AU$82+(S100-S$82)*1000) -> -1.85 | AW100: 170.05511 | AX100: -2.6150373 | AY100: 1.5007289 | BC100: 170.38632 | BD100: 0.39931988 | BE100: 3.4243168 | BF100: 170.61178 | BG100: 1.1249031 | BH100: 2.7337622 | BI100: 170.34908 | BJ100: 2.6466758 | BK100: 1.6071892 | BM100: =IF(AW100="","",BM$82+(AW100-AW$82)*1000) -> -8.5451443 | BN100: =IF(AX100="","",BN$82+(AX100-AX$82)*1000) -> -0.012464307 | BO100: =IF(AY100="","",BO$82+(AY100-AY$82)*1000) -> -9.6315486 | BS100: =IF(BC100="","",BS$82+(BC100-BC$82)*1000) -> -7.9979275 | BT100: =IF(BD100="","",BT$82+(BD100-BD$82)*1000) -> 0.84229168 | BU100: =IF(BE100="","",BU$82+(BE100-BE$82)*1000) -> -23.432021 | BV100: =IF(BF100="","",BV$82+(BF100-BF$82)*1000) -> -7.8963336 | BW100: =IF(BG100="","",BW$82+(BG100-BG$82)*1000) -> 4.2799509 | BX100: =IF(BH100="","",BX$82+(BH100-BH$82)*1000) -> -19.483037 | BY100: =IF(BI100="","",BY$82+(BI100-BI$82)*1000) -> -1.7794903 | BZ100: =IF(BJ100="","",BZ$82+(BJ100-BJ$82)*1000) -> -4.5102702 | CA100: =IF(BK100="","",CA$82+(BK100-BK$82)*1000) -> -1.8502051
