Workbook
Name cintre: 'Résultats observations'!$W$4
Name date: 'Résultats observations'!$A:$A
Name DH_BD: 'Résultats observations'!$DD:$DD
Name DH_BG: 'Résultats observations'!$CL:$CL
Name DH_HD: 'Résultats observations'!$CX:$CX
Name DH_HG: 'Résultats observations'!$CR:$CR
Name DH_ID: 'Résultats observations'!$DA:$DA
Name DH_IG: 'Résultats observations'!$CO:$CO
Name DHhaut: 'Résultats observations'!$CU:$CU
Name dist: 'Résultats observations'!$D:$D
Name DPM_BD: 'Résultats observations'!$DC:$DC
Name DPM_BG: 'Résultats observations'!$CK:$CK
Name DPM_HD: 'Résultats observations'!$CW:$CW
Name DPM_HG: 'Résultats observations'!$CQ:$CQ
Name DPM_ID: 'Résultats observations'!$CZ:$CZ
Name DPM_IG: 'Résultats observations'!$CN:$CN
Name DPMhaut: 'Résultats observations'!$CT:$CT
Name DZ_BD: 'Résultats observations'!$BM:$BM
Name DZ_BG: 'Résultats observations'!$AU:$AU
Name DZ_HD: 'Résultats observations'!$BG:$BG
Name DZ_HG: 'Résultats observations'!$BA:$BA
Name DZ_ID: 'Résultats observations'!$BJ:$BJ
Name DZ_IG: 'Résultats observations'!$AX:$AX
Name DZhaut: 'Résultats observations'!$BD:$BD
Name Ecart_BD: 'Résultats observations'!$AN:$AN
Name Ecart_BG: 'Résultats observations'!$AI:$AI
Name Ecart_HD: 'Résultats observations'!$AL:$AL
Name Ecart_HG: 'Résultats observations'!$AK:$AK
Name Ecart_ID: 'Résultats observations'!$AM:$AM
Name Ecart_IG: 'Résultats observations'!$AJ:$AJ
Name Ecart_LB: 'Résultats observations'!$AQ:$AQ
Name Ecart_LH: 'Résultats observations'!$AO:$AO
Name Ecart_LI: 'Résultats observations'!$AP:$AP
Name excav: 'Résultats observations'!$A$7
Name front: 'Résultats observations'!$C:$C
Name galerie: 'Résultats observations'!$G$4
Name jours: 'Résultats observations'!$B:$B
Name PM: 'Résultats observations'!$W$6
Name Xbasdroit: 'Résultats observations'!$W:$W
Name Xbasgauche: 'Résultats observations'!$E:$E
Name Xhaut: 'Résultats observations'!$N:$N
Name Xhautdroit: 'Résultats observations'!$Q:$Q
Name Xhautgauche: 'Résultats observations'!$K:$K
Name Xinterdroit: 'Résultats observations'!$T:$T
Name Xintergauche: 'Résultats observations'!$H:$H
Name Ybasdroit: 'Résultats observations'!$X:$X
Name Ybasgauche: 'Résultats observations'!$F:$F
Name Yhaut: 'Résultats observations'!$O:$O
Name Yhautdroit: 'Résultats observations'!$R:$R
Name Yhautgauche: 'Résultats observations'!$L:$L
Name Yinterdroit: 'Résultats observations'!$U:$U
Name Yintergauche: 'Résultats observations'!$I:$I
Name Zbasdroit: 'Résultats observations'!$Y:$Y
Name Zbasgauche: 'Résultats observations'!$G:$G
Name Zhaut: 'Résultats observations'!$P:$P
Name Zhautdroit: 'Résultats observations'!$S:$S
Name Zhautgauche: 'Résultats observations'!$M:$M
Name Zinterdroit: 'Résultats observations'!$V:$V
Name Zintergauche: 'Résultats observations'!$J:$J

Sheet Résultats observations
F1: ="CONVERGENCE GVA3 - PM" & PM -> CONVERGENCE GVA3 - PM183.9
A6: Date point 0 | V6: PM = | W6: 183.9
A7: =MIN(A10:A42) -> 43658
A8: Date | B8: Jours | C8: Front | D8: Dist | E8: Point bas gauche | H8: Point intermédiaire gauche | K8: Point haut gauche | N8: Point centre haut | Q8: Point haut droit | T8: Point intermédiaire droit | W8: Point bas droit | AI8: Différences | AS8: Point bas gauche | AV8: Point intermédiaire gauche | AY8: Point haut gauche | BB8: Point centre haut | BE8: Point haut droit | BH8: Point intermédiaire droit | BK8: Point bas droit | BO8: Point bas gauche | BR8: Point intermédiaire gauche | BU8: Point haut gauche | BX8: Point centre haut | CA8: Point haut droit | CD8: Point intermédiaire droit | CG8: Point bas droit | CK8: Point bas gauche | CN8: Point intermédiaire gauche | CQ8: Point haut gauche | CT8: Point centre haut | CW8: Point haut droit | CZ8: Point intermédiaire droit | DC8: Point bas droit
E9: X | F9: Y | G9: Z | K9: X | L9: Y | M9: Z | N9: X | O9: Y | P9: Z | Q9: X | R9: Y | S9: Z | W9: X | X9: Y | Y9: Z | Z9: BG | AA9: IG | AB9: HG | AC9: HD | AD9: ID | AE9: BD | AF9: LH | AG9: LI | AH9: LB | AI9: BG | AJ9: IG | AK9: HG | AL9: HD | AM9: ID | AN9: BD | AO9: LH | AP9: LI | AQ9: LB | AS9: DX | AT9: DY | AU9: DZ | AV9: DX | AW9: DY | AX9: DZ | AY9: DX | AZ9: DY | BA9: DZ | BB9: DX | BC9: DY | BD9: DZ | BE9: DX | BF9: DY | BG9: DZ | BH9: DX | BI9: DY | BJ9: DZ | BK9: DX | BL9: DY | BM9: DZ | BO9: PM | BP9: H | BQ9: V | BR9: PM | BS9: H | BT9: V | BU9: PM | BV9: H | BW9: V | BX9: PM | BY9: H | BZ9: V | CA9: PM | CB9: H | CC9: V | CD9: PM | CE9: H | CF9: V | CG9: PM | CH9: H | CI9: V | CK9: DPM | CL9: DH | CM9: DZ | CN9: DPM | CO9: DH | CP9: DZ | CQ9: DPM | CR9: DH | CS9: DZ | CT9: DPM | CU9: DH | CV9: DZ | CW9: DPM | CX9: DH | CY9: DZ | CZ9: DPM | DA9: DH | DB9: DZ | DC9: DPM | DD9: DH | DE9: DZ
A10: 43658 | B10: 0 | C10: 186.15 | D10: =C10-PM -> 2.25 | E10: 823233.32 | F10: 1091513.7 | G10: -124.6653 | H10: 823233.29 | I10: 1091513.7 | J10: -123.49155 | K10: 823233.48 | L10: 1091513.2 | M10: -121.8443 | N10: 823234.27 | O10: 1091511.5 | P10: -121.01705 | Q10: 823234.93 | R10: 1091510.1 | S10: -121.38905 | T10: 823235.53 | U10: 1091508.9 | V10: -123.5458 | W10: 823235.48 | X10: 1091509 | Y10: -124.6596 | Z10: =IF(Xhaut="","",SQRT(((Xbasgauche-Xhaut)^2+(Ybasgauche-Yhaut)^2)+(Zbasgauche-Zhaut)^2)) -> 4.3483666 | AA10: =IF(Xhaut="","",SQRT(((Xintergauche-Xhaut)^2+(Yintergauche-Yhaut)^2)+(Zintergauche-Zhaut)^2)) -> 3.4710529 | AB10: =IF(Xhaut="","",SQRT(((Xhautgauche-Xhaut)^2+(Yhautgauche-Yhaut)^2)+(Zhautgauche-Zhaut)^2)) -> 2.0101673 | AC10: =IF(Xhaut="","",SQRT(((Xhautdroit-Xhaut)^2+(Yhautdroit-Yhaut)^2)+(Zhautdroit-Zhaut)^2)) -> 1.5937504 | AD10: =IF(Xhaut="","",SQRT(((Xinterdroit-Xhaut)^2+(Yinterdroit-Yhaut)^2)+(Zinterdroit-Zhaut)^2)) -> 3.8358234 | AE10: =IF(Xhaut="","",SQRT(((Xbasdroit-Xhaut)^2+(Ybasdroit-Yhaut)^2)+(Zbasdroit-Zhaut)^2)) -> 4.5790216 | AF10: =IF(Xhautdroit="","",SQRT(((Xhautdroit-Xhautgauche)^2+(Yhautdroit-Yhautgauche)^2)+(Zhautdroit-Zhautgauche)^2)) -> 3.412247 | AG10: =IF(Xinterdroit="","",SQRT(((Xinterdroit-Xintergauche)^2+(Yinterdroit-Yintergauche)^2)+(Zinterdroit-Zintergauche)^2)) -> 5.3177807 | AH10: =IF(Xbasdroit="","",SQRT(((Xbasdroit-Xbasgauche)^2+(Ybasdroit-Ybasgauche)^2)+(Zbasdroit-Zbasgauche)^2)) -> 5.1399321 | AI10: 0 | AJ10: 0 | AK10: 0 | AL10: 0 | AM10: 0 | AN10: 0 | AO10: 0 | AP10: 0 | AQ10: 0 | AS10: 0 | AT10: 0 | AU10: 0 | AV10: 0 | AW10: 0 | AX10: 0 | AY10: 0 | AZ10: 0 | BA10: 0 | BB10: 0 | BC10: 0 | BD10: 0 | BE10: 0 | BF10: 0 | BG10: 0 | BH10: 0 | BI10: 0 | BJ10: 0 | BK10: 0 | BL10: 0 | BM10: 0 | BO10: 183.97075 | BP10: -2.5602276 | BQ10: -0.96212747 | BR10: 183.96634 | BS10: -2.6283775 | BT10: 0.21161662 | BU10: 183.89824 | BV10: -2.0266725 | BW10: 1.8595976 | BX10: 183.91548 | BY10: -0.19471889 | BZ10: 2.6866252 | CA10: 183.91459 | CB10: 1.3550298 | CC10: 2.3146341 | CD10: 183.96187 | CE10: 2.6891246 | CF10: 0.15746134 | CG10: 183.95807 | CH10: 2.5796647 | CI10: -0.95630074 | CK10: 0 | CL10: 0 | CM10: 0 | CN10: 0 | CO10: 0 | CP10: 0 | CQ10: 0 | CR10: 0 | CS10: 0 | CT10: 0 | CU10: 0 | CV10: 0 | CW10: 0 | CX10: 0 | CY10: 0 | CZ10: 0 | DA10: 0 | DB10: 0 | DC10: 0 | DD10: 0 | DE10: 0
A11: 43661 | B11: =A11-A$10 -> 3 | C11: 186.15 | D11: =C11-PM -> 2.25 | E11: 823233.33 | F11: 1091513.7 | G11: -124.66473 | H11: 823233.29 | I11: 1091513.7 | J11: -123.4911 | K11: 823233.49 | L11: 1091513.2 | M11: -121.8443 | N11: 823234.27 | O11: 1091511.5 | P11: -121.0207 | Q11: 823234.93 | R11: 1091510.1 | S11: -121.3897 | T11: 823235.54 | U11: 1091508.9 | V11: -123.5458 | W11: 823235.49 | X11: 1091509 | Y11: -124.6593 | Z11: =IF(Xhaut="","",SQRT(((Xbasgauche-Xhaut)^2+(Ybasgauche-Yhaut)^2)+(Zbasgauche-Zhaut)^2)) -> 4.3449805 | AA11: =IF(Xhaut="","",SQRT(((Xintergauche-Xhaut)^2+(Yintergauche-Yhaut)^2)+(Zintergauche-Zhaut)^2)) -> 3.4677648 | AB11: =IF(Xhaut="","",SQRT(((Xhautgauche-Xhaut)^2+(Yhautgauche-Yhaut)^2)+(Zhautgauche-Zhaut)^2)) -> 2.007926 | AC11: =IF(Xhaut="","",SQRT(((Xhautdroit-Xhaut)^2+(Yhautdroit-Yhaut)^2)+(Zhautdroit-Zhaut)^2)) -> 1.5929671 | AD11: =IF(Xhaut="","",SQRT(((Xinterdroit-Xhaut)^2+(Yinterdroit-Yhaut)^2)+(Zinterdroit-Zhaut)^2)) -> 3.8327772 | AE11: =IF(Xhaut="","",SQRT(((Xbasdroit-Xhaut)^2+(Ybasdroit-Yhaut)^2)+(Zbasdroit-Zhaut)^2)) -> 4.5755456 | AF11: =IF(Xhautdroit="","",SQRT(((Xhautdroit-Xhautgauche)^2+(Yhautdroit-Yhautgauche)^2)+(Zhautdroit-Zhautgauche)^2)) -> 3.4112741 | AG11: =IF(Xinterdroit="","",SQRT(((Xinterdroit-Xintergauche)^2+(Yinterdroit-Yintergauche)^2)+(Zinterdroit-Zintergauche)^2)) -> 5.3164021 | AH11: =IF(Xbasdroit="","",SQRT(((Xbasdroit-Xbasgauche)^2+(Ybasdroit-Ybasgauche)^2)+(Zbasdroit-Zbasgauche)^2)) -> 5.1396032 | AI11: =IF(Z11="","",(Z11-Z$10)*1000) -> -3.3861599 | AJ11: =IF(AA11="","",(AA11-AA$10)*1000) -> -3.2880462 | AK11: =IF(AB11="","",(AB11-AB$10)*1000) -> -2.2412708 | AL11: =IF(AC11="","",(AC11-AC$10)*1000) -> -0.78323331 | AM11: =IF(AD11="","",(AD11-AD$10)*1000) -> -3.0461928 | AN11: =IF(AE11="","",(AE11-AE$10)*1000) -> -3.4759716 | AO11: =IF(AF11="","",(AF11-AF$10)*1000) -> -0.97288839 | AP11: =IF(AG11="","",(AG11-AG$10)*1000) -> -1.3786151 | AQ11: =IF(AH11="","",(AH11-AH$10)*1000) -> -0.32889741 | AS11: =IF(E11="","",(E11-E$10)*1000) -> 2.35 | AT11: =IF(F11="","",(F11-F$10)*1000) -> 1.0499998 | AU11: =IF(G11="","",(G11-G$10)*1000) -> 0.56666667 | AV11: =IF(H11="","",(H11-H$10)*1000) -> 1.6000001 | AW11: =IF(I11="","",(I11-I$10)*1000) -> -0.15000021 | AX11: =IF(J11="","",(J11-J$10)*1000) -> 0.45 | AY11: =IF(K11="","",(K11-K$10)*1000) -> 2.1500001 | AZ11: =IF(L11="","",(L11-L$10)*1000) -> -0.20000013 | ... BM11: =IF(Y11="","",(Y11-Y$10)*1000) -> 0.3 | BO11: 183.97325 | BP11: -2.5601618 | BQ11: -0.96158588 | BR11: 183.9677 | BS11: -2.62752 | BT11: 0.21210297 | BU11: 183.90006 | BV11: -2.0256036 | BW11: 1.8595794 | BX11: 183.91656 | BY11: -0.19443523 | BZ11: 2.6830144 | CA11: 183.91639 | CB11: 1.3552045 | CC11: 2.3140161 | CD11: 183.9631 | CE11: 2.6885987 | CF11: 0.15744896 | CG11: 183.96039 | CH11: 2.5794224 | CI11: -0.95602393 | CK11: =IF(BO11="","",(BO11-BO$10)*1000) -> 2.5071236 | CL11: =IF(BP11="","",(BP11-BP$10)*1000) -> 0.065807869 | CM11: =IF(BQ11="","",(BQ11-BQ$10)*1000) -> 0.54159543 | CN11: =IF(BR11="","",(BR11-BR$10)*1000) -> 1.3655368 | CO11: =IF(BS11="","",(BS11-BS$10)*1000) -> 0.85750172 | CP11: =IF(BT11="","",(BT11-BT$10)*1000) -> 0.48634463 | CQ11: =IF(BU11="","",(BU11-BU$10)*1000) -> 1.818683 | CR11: =IF(BV11="","",(BV11-BV$10)*1000) -> 1.0688276 | ... DE11: =IF(CI11="","",(CI11-CI$10)*1000) -> 0.27680233
A12: 43662 | B12: =A12-A$10 -> 4 | C12: 187.2 | D12: =C12-PM -> 3.3 | E12: 823233.33 | F12: 1091513.7 | G12: -124.6642 | H12: 823233.29 | I12: 1091513.7 | J12: -123.4904 | K12: 823233.49 | L12: 1091513.2 | M12: -121.8442 | N12: 823234.27 | O12: 1091511.5 | P12: -121.0236 | Q12: 823234.93 | R12: 1091510.1 | S12: -121.3913 | T12: 823235.54 | U12: 1091508.9 | V12: -123.545 | W12: 823235.49 | X12: 1091509 | Y12: -124.6587 | Z12: =IF(Xhaut="","",SQRT(((Xbasgauche-Xhaut)^2+(Ybasgauche-Yhaut)^2)+(Zbasgauche-Zhaut)^2)) -> 4.3420796 | AA12: =IF(Xhaut="","",SQRT(((Xintergauche-Xhaut)^2+(Yintergauche-Yhaut)^2)+(Zintergauche-Zhaut)^2)) -> 3.4656532 | AB12: =IF(Xhaut="","",SQRT(((Xhautgauche-Xhaut)^2+(Yhautgauche-Yhaut)^2)+(Zhautgauche-Zhaut)^2)) -> 2.0070343 | AC12: =IF(Xhaut="","",SQRT(((Xhautdroit-Xhaut)^2+(Yhautdroit-Yhaut)^2)+(Zhautdroit-Zhaut)^2)) -> 1.5920141 | AD12: =IF(Xhaut="","",SQRT(((Xinterdroit-Xhaut)^2+(Yinterdroit-Yhaut)^2)+(Zinterdroit-Zhaut)^2)) -> 3.8290527 | AE12: =IF(Xhaut="","",SQRT(((Xbasdroit-Xhaut)^2+(Ybasdroit-Yhaut)^2)+(Zbasdroit-Zhaut)^2)) -> 4.5717059 | AF12: =IF(Xhautdroit="","",SQRT(((Xhautdroit-Xhautgauche)^2+(Yhautdroit-Yhautgauche)^2)+(Zhautdroit-Zhautgauche)^2)) -> 3.4107518 | AG12: =IF(Xinterdroit="","",SQRT(((Xinterdroit-Xintergauche)^2+(Yinterdroit-Yintergauche)^2)+(Zinterdroit-Zintergauche)^2)) -> 5.3152898 | AH12: =IF(Xbasdroit="","",SQRT(((Xbasdroit-Xbasgauche)^2+(Ybasdroit-Ybasgauche)^2)+(Zbasdroit-Zbasgauche)^2)) -> 5.1378219 | AI12: =IF(Z12="","",(Z12-Z$10)*1000) -> -6.2870566 | AJ12: =IF(AA12="","",(AA12-AA$10)*1000) -> -5.3996684 | AK12: =IF(AB12="","",(AB12-AB$10)*1000) -> -3.1329559 | AL12: =IF(AC12="","",(AC12-AC$10)*1000) -> -1.7363126 | AM12: =IF(AD12="","",(AD12-AD$10)*1000) -> -6.7706987 | AN12: =IF(AE12="","",(AE12-AE$10)*1000) -> -7.3156899 | AO12: =IF(AF12="","",(AF12-AF$10)*1000) -> -1.4952318 | AP12: =IF(AG12="","",(AG12-AG$10)*1000) -> -2.4908775 | AQ12: =IF(AH12="","",(AH12-AH$10)*1000) -> -2.1102207 | AS12: =IF(E12="","",(E12-E$10)*1000) -> 2.05 | AT12: =IF(F12="","",(F12-F$10)*1000) -> 1.1500001 | AU12: =IF(G12="","",(G12-G$10)*1000) -> 1.1 | AV12: =IF(H12="","",(H12-H$10)*1000) -> 2.1 | AW12: =IF(I12="","",(I12-I$10)*1000) -> 1.0499998 | AX12: =IF(J12="","",(J12-J$10)*1000) -> 1.15 | AY12: =IF(K12="","",(K12-K$10)*1000) -> 2.1500001 | AZ12: =IF(L12="","",(L12-L$10)*1000) -> 0.49999985 | ... BM12: =IF(Y12="","",(Y12-Y$10)*1000) -> 0.9 | BO12: 183.97302 | BP12: -2.5603793 | BQ12: -0.96105025 | BR12: 183.96866 | BS12: -2.6283962 | BT12: 0.21279337 | BU12: 183.90036 | BV12: -2.026238 | BW12: 1.8596764 | BX12: 183.91624 | BY12: -0.19469492 | BZ12: 2.6801176 | CA12: 183.91605 | CB12: 1.3542742 | CC12: 2.3124195 | CD12: 183.96381 | CE12: 2.686611 | CF12: 0.1582419 | CG12: 183.95989 | CH12: 2.5774229 | CI12: -0.95541891 | CK12: =IF(BO12="","",(BO12-BO$10)*1000) -> 2.2775014 | CL12: =IF(BP12="","",(BP12-BP$10)*1000) -> -0.15161719 | CM12: =IF(BQ12="","",(BQ12-BQ$10)*1000) -> 1.077225 | CN12: =IF(BR12="","",(BR12-BR$10)*1000) -> 2.3258652 | CO12: =IF(BS12="","",(BS12-BS$10)*1000) -> -0.018722797 | CP12: =IF(BT12="","",(BT12-BT$10)*1000) -> 1.1767413 | CQ12: =IF(BU12="","",(BU12-BU$10)*1000) -> 2.1145394 | CR12: =IF(BV12="","",(BV12-BV$10)*1000) -> 0.43442314 | ... DE12: =IF(CI12="","",(CI12-CI$10)*1000) -> 0.8818217
A13: 43663 | B13: =A13-A$10 -> 5 | C13: 188.17 | D13: =C13-PM -> 4.27 | E13: 823233.33 | F13: 1091513.7 | G13: -124.6637 | H13: 823233.3 | I13: 1091513.7 | J13: -123.4902 | K13: 823233.49 | L13: 1091513.2 | M13: -121.8442 | N13: 823234.27 | O13: 1091511.5 | P13: -121.0273 | Q13: 823234.93 | R13: 1091510.1 | S13: -121.3932 | T13: 823235.54 | U13: 1091508.9 | V13: -123.5448 | W13: 823235.49 | X13: 1091509 | Y13: -124.6585 | Z13: =IF(Xhaut="","",SQRT(((Xbasgauche-Xhaut)^2+(Ybasgauche-Yhaut)^2)+(Zbasgauche-Zhaut)^2)) -> 4.3384436 | AA13: =IF(Xhaut="","",SQRT(((Xintergauche-Xhaut)^2+(Yintergauche-Yhaut)^2)+(Zintergauche-Zhaut)^2)) -> 3.4625541 | AB13: =IF(Xhaut="","",SQRT(((Xhautgauche-Xhaut)^2+(Yhautgauche-Yhaut)^2)+(Zhautgauche-Zhaut)^2)) -> 2.0051 | AC13: =IF(Xhaut="","",SQRT(((Xhautdroit-Xhaut)^2+(Yhautdroit-Yhaut)^2)+(Zhautdroit-Zhaut)^2)) -> 1.5909289 | AD13: =IF(Xhaut="","",SQRT(((Xinterdroit-Xhaut)^2+(Yinterdroit-Yhaut)^2)+(Zinterdroit-Zhaut)^2)) -> 3.8257338 | AE13: =IF(Xhaut="","",SQRT(((Xbasdroit-Xhaut)^2+(Ybasdroit-Yhaut)^2)+(Zbasdroit-Zhaut)^2)) -> 4.5679194 | AF13: =IF(Xhautdroit="","",SQRT(((Xhautdroit-Xhautgauche)^2+(Yhautdroit-Yhautgauche)^2)+(Zhautdroit-Zhautgauche)^2)) -> 3.4093649 | AG13: =IF(Xinterdroit="","",SQRT(((Xinterdroit-Xintergauche)^2+(Yinterdroit-Yintergauche)^2)+(Zinterdroit-Zintergauche)^2)) -> 5.3137738 | AH13: =IF(Xbasdroit="","",SQRT(((Xbasdroit-Xbasgauche)^2+(Ybasdroit-Ybasgauche)^2)+(Zbasdroit-Zbasgauche)^2)) -> 5.1364166 | AI13: =IF(Z13="","",(Z13-Z$10)*1000) -> -9.9229838 | AJ13: =IF(AA13="","",(AA13-AA$10)*1000) -> -8.4988296 | AK13: =IF(AB13="","",(AB13-AB$10)*1000) -> -5.0672581 | AL13: =IF(AC13="","",(AC13-AC$10)*1000) -> -2.8214405 | AM13: =IF(AD13="","",(AD13-AD$10)*1000) -> -10.089534 | AN13: =IF(AE13="","",(AE13-AE$10)*1000) -> -11.102122 | AO13: =IF(AF13="","",(AF13-AF$10)*1000) -> -2.8821026 | AP13: =IF(AG13="","",(AG13-AG$10)*1000) -> -4.0069347 | AQ13: =IF(AH13="","",(AH13-AH$10)*1000) -> -3.5155551 | AS13: =IF(E13="","",(E13-E$10)*1000) -> 4.45 | AT13: =IF(F13="","",(F13-F$10)*1000) -> -1.1499999 | AU13: =IF(G13="","",(G13-G$10)*1000) -> 1.6 | AV13: =IF(H13="","",(H13-H$10)*1000) -> 4.2000001 | AW13: =IF(I13="","",(I13-I$10)*1000) -> -1.6500002 | AX13: =IF(J13="","",(J13-J$10)*1000) -> 1.35 | AY13: =IF(K13="","",(K13-K$10)*1000) -> 4.1500001 | AZ13: =IF(L13="","",(L13-L$10)*1000) -> -2.2000002 | ... BM13: =IF(Y13="","",(Y13-Y$10)*1000) -> 1.1 | BO13: 183.97423 | BP13: -2.5572804 | BQ13: -0.96056228 | BR13: 183.96943 | BS13: -2.6250617 | BT13: 0.21298575 | BU13: 183.90103 | BV13: -2.0229458 | BW13: 1.8596697 | BX13: 183.91547 | BY13: -0.19185535 | BZ13: 2.6764253 | CA13: 183.91593 | CB13: 1.3564249 | CC13: 2.3105207 | CD13: 183.9644 | CE13: 2.6884292 | CF13: 0.15843603 | CG13: 183.96021 | CH13: 2.5791144 | CI13: -0.95522206 | CK13: =IF(BO13="","",(BO13-BO$10)*1000) -> 3.4805027 | CL13: =IF(BP13="","",(BP13-BP$10)*1000) -> 2.9472194 | CM13: =IF(BQ13="","",(BQ13-BQ$10)*1000) -> 1.565195 | CN13: =IF(BR13="","",(BR13-BR$10)*1000) -> 3.0879181 | CO13: =IF(BS13="","",(BS13-BS$10)*1000) -> 3.315835 | CP13: =IF(BT13="","",(BT13-BT$10)*1000) -> 1.3691208 | CQ13: =IF(BU13="","",(BU13-BU$10)*1000) -> 2.785963 | CR13: =IF(BV13="","",(BV13-BV$10)*1000) -> 3.7267157 | ... DE13: =IF(CI13="","",(CI13-CI$10)*1000) -> 1.0786759
A14: 43669 | B14: =A14-A$10 -> 11 | C14: 189.23 | D14: =C14-PM -> 5.33 | E14: 823233.33 | F14: 1091513.7 | G14: -124.6607 | H14: 823233.29 | I14: 1091513.7 | J14: -123.4875 | K14: 823233.49 | L14: 1091513.2 | M14: -121.8411 | N14: 823234.27 | O14: 1091511.5 | P14: -121.0354 | Q14: 823234.93 | R14: 1091510.1 | S14: -121.3966 | T14: 823235.53 | U14: 1091508.9 | V14: -123.5422 | W14: 823235.5 | X14: 1091509 | Y14: -124.6898 | Z14: =IF(Xhaut="","",SQRT(((Xbasgauche-Xhaut)^2+(Ybasgauche-Yhaut)^2)+(Zbasgauche-Zhaut)^2)) -> 4.3285723 | AA14: =IF(Xhaut="","",SQRT(((Xintergauche-Xhaut)^2+(Yintergauche-Yhaut)^2)+(Zintergauche-Zhaut)^2)) -> 3.4541849 | AB14: =IF(Xhaut="","",SQRT(((Xhautgauche-Xhaut)^2+(Yhautgauche-Yhaut)^2)+(Zhautgauche-Zhaut)^2)) -> 2.0010568 | AC14: =IF(Xhaut="","",SQRT(((Xhautdroit-Xhaut)^2+(Yhautdroit-Yhaut)^2)+(Zhautdroit-Zhaut)^2)) -> 1.5884143 | AD14: =IF(Xhaut="","",SQRT(((Xinterdroit-Xhaut)^2+(Yinterdroit-Yhaut)^2)+(Zinterdroit-Zhaut)^2)) -> 3.8159156 | AE14: =IF(Xhaut="","",SQRT(((Xbasdroit-Xhaut)^2+(Ybasdroit-Yhaut)^2)+(Zbasdroit-Zhaut)^2)) -> 4.5859806 | AF14: =IF(Xhautdroit="","",SQRT(((Xhautdroit-Xhautgauche)^2+(Yhautdroit-Yhautgauche)^2)+(Zhautdroit-Zhautgauche)^2)) -> 3.4075925 | AG14: =IF(Xinterdroit="","",SQRT(((Xinterdroit-Xintergauche)^2+(Yinterdroit-Yintergauche)^2)+(Zinterdroit-Zintergauche)^2)) -> 5.3090075 | AH14: =IF(Xbasdroit="","",SQRT(((Xbasdroit-Xbasgauche)^2+(Ybasdroit-Ybasgauche)^2)+(Zbasdroit-Zbasgauche)^2)) -> 5.1344317 | AI14: =IF(Z14="","",(Z14-Z$10)*1000) -> -19.794294 | AJ14: =IF(AA14="","",(AA14-AA$10)*1000) -> -16.86797 | AK14: =IF(AB14="","",(AB14-AB$10)*1000) -> -9.1104497 | AL14: =IF(AC14="","",(AC14-AC$10)*1000) -> -5.3360982 | AM14: =IF(AD14="","",(AD14-AD$10)*1000) -> -19.907795 | AO14: =IF(AF14="","",(AF14-AF$10)*1000) -> -4.6545208 | AP14: =IF(AG14="","",(AG14-AG$10)*1000) -> -8.7731819 | AQ14: =IF(AH14="","",(AH14-AH$10)*1000) -> -5.5004711 | AS14: =IF(E14="","",(E14-E$10)*1000) -> 3.15 | AT14: =IF(F14="","",(F14-F$10)*1000) -> -3.15 | AU14: =IF(G14="","",(G14-G$10)*1000) -> 4.6 | AV14: =IF(H14="","",(H14-H$10)*1000) -> 3.2000002 | AW14: =IF(I14="","",(I14-I$10)*1000) -> -3.4500002 | AX14: =IF(J14="","",(J14-J$10)*1000) -> 4.05 | AY14: =IF(K14="","",(K14-K$10)*1000) -> 3.0500001 | AZ14: =IF(L14="","",(L14-L$10)*1000) -> -2.3000003 | ... BM14: =IF(Y14="","",(Y14-Y$10)*1000) -> -30.2 | BO14: 183.9722 | BP14: -2.5560173 | BQ14: -0.95754204 | BR14: 183.96776 | BS14: -2.623853 | BT14: 0.21570242 | BU14: 183.89999 | BV14: -2.02332 | BW14: 1.8627801 | BX14: 183.91207 | BY14: -0.19167324 | BZ14: 2.6683593 | CA14: 183.91433 | CB14: 1.3551265 | CC14: 2.3071367 | CD14: 183.96363 | CE14: 2.6848711 | CF14: 0.16104372 | CG14: 183.97249 | CH14: 2.5783319 | CI14: -0.98664488 | CK14: =IF(BO14="","",(BO14-BO$10)*1000) -> 1.4570189 | CL14: =IF(BP14="","",(BP14-BP$10)*1000) -> 4.210356 | CM14: =IF(BQ14="","",(BQ14-BQ$10)*1000) -> 4.5854298 | CN14: =IF(BR14="","",(BR14-BR$10)*1000) -> 1.4208525 | CO14: =IF(BS14="","",(BS14-BS$10)*1000) -> 4.5245087 | CP14: =IF(BT14="","",(BT14-BT$10)*1000) -> 4.0857915 | CQ14: =IF(BU14="","",(BU14-BU$10)*1000) -> 1.7467765 | CR14: =IF(BV14="","",(BV14-BV$10)*1000) -> 3.3524278 | ... DE14: =IF(CI14="","",(CI14-CI$10)*1000) -> -30.34414
A15: 43675 | B15: =A15-A$10 -> 17 | C15: 191.5 | D15: =C15-PM -> 7.6 | E15: 823233.33 | F15: 1091513.7 | G15: -124.6634 | H15: 823233.29 | I15: 1091513.7 | J15: -123.4904 | N15: 823234.27 | O15: 1091511.5 | P15: -121.0494 | Q15: 823234.92 | R15: 1091510.1 | S15: -121.4039 | T15: 823235.53 | U15: 1091508.9 | V15: -123.545 | W15: 823235.49 | X15: 1091509 | Y15: -124.6923 | Z15: =IF(Xhaut="","",SQRT(((Xbasgauche-Xhaut)^2+(Ybasgauche-Yhaut)^2)+(Zbasgauche-Zhaut)^2)) -> 4.3186669 | AA15: =IF(Xhaut="","",SQRT(((Xintergauche-Xhaut)^2+(Yintergauche-Yhaut)^2)+(Zintergauche-Zhaut)^2)) -> 3.4458724 | AC15: =IF(Xhaut="","",SQRT(((Xhautdroit-Xhaut)^2+(Yhautdroit-Yhaut)^2)+(Zhautdroit-Zhaut)^2)) -> 1.5849514 | AD15: =IF(Xhaut="","",SQRT(((Xinterdroit-Xhaut)^2+(Yinterdroit-Yhaut)^2)+(Zinterdroit-Zhaut)^2)) -> 3.8062833 | AE15: =IF(Xhaut="","",SQRT(((Xbasdroit-Xhaut)^2+(Ybasdroit-Yhaut)^2)+(Zbasdroit-Zhaut)^2)) -> 4.5748646 | AG15: =IF(Xinterdroit="","",SQRT(((Xinterdroit-Xintergauche)^2+(Yinterdroit-Yintergauche)^2)+(Zinterdroit-Zintergauche)^2)) -> 5.3052366 | AH15: =IF(Xbasdroit="","",SQRT(((Xbasdroit-Xbasgauche)^2+(Ybasdroit-Ybasgauche)^2)+(Zbasdroit-Zbasgauche)^2)) -> 5.130256 | AI15: =IF(Z15="","",(Z15-Z$10)*1000) -> -29.699712 | AJ15: =IF(AA15="","",(AA15-AA$10)*1000) -> -25.180447 | AK15: =IF(AB15="","",(AB15-AB$10)*1000) | AL15: =IF(AC15="","",(AC15-AC$10)*1000) -> -8.7989674 | AM15: =IF(AD15="","",(AD15-AD$10)*1000) -> -29.540049 | AN15: =IF(AE15="","",(AE15-AE$10)*1000) -> -4.1570055 | AO15: =IF(AF15="","",(AF15-AF$10)*1000) | AP15: =IF(AG15="","",(AG15-AG$10)*1000) -> -12.544164 | AQ15: =IF(AH15="","",(AH15-AH$10)*1000) -> -9.6760964 | AS15: =IF(E15="","",(E15-E$10)*1000) -> 1.65 | AT15: =IF(F15="","",(F15-F$10)*1000) -> -4.0499999 | AU15: =IF(G15="","",(G15-G$10)*1000) -> 1.9 | AV15: =IF(H15="","",(H15-H$10)*1000) -> 1.9000001 | AW15: =IF(I15="","",(I15-I$10)*1000) -> -4.0500001 | AX15: =IF(J15="","",(J15-J$10)*1000) -> 1.15 | AY15: =IF(K15="","",(K15-K$10)*1000) | AZ15: =IF(L15="","",(L15-L$10)*1000) | ... BM15: =IF(Y15="","",(Y15-Y$10)*1000) -> -32.7 | BO15: 183.97046 | BP15: -2.5558356 | BQ15: -0.96022464 | BR15: 183.96633 | BS15: -2.6238587 | BT15: 0.21281673 | BU15: - | BV15: - | BW15: - | BX15: 183.90798 | BY15: -0.19236692 | BZ15: 2.6544002 | CA15: 183.91161 | CB15: 1.3524268 | CC15: 2.2998639 | CD15: 183.96263 | CE15: 2.6810956 | CF15: 0.15825369 | CG15: 183.97126 | CH15: 2.574339 | CI15: -0.9891326 | CK15: =IF(BO15="","",(BO15-BO$10)*1000) -> -0.2828059 | CL15: =IF(BP15="","",(BP15-BP$10)*1000) -> 4.3920407 | CM15: =IF(BQ15="","",(BQ15-BQ$10)*1000) -> 1.9028281 | CN15: =IF(BR15="","",(BR15-BR$10)*1000) -> -0.010918327 | CO15: =IF(BS15="","",(BS15-BS$10)*1000) -> 4.5188363 | CP15: =IF(BT15="","",(BT15-BT$10)*1000) -> 1.2001092 | CT15: =IF(BX15="","",(BX15-BX$10)*1000) -> -7.4965495 | CU15: =IF(BY15="","",(BY15-BY$10)*1000) -> 2.3519663 | CV15: =IF(BZ15="","",(BZ15-BZ$10)*1000) -> -32.225035 | CW15: =IF(CA15="","",(CA15-CA$10)*1000) -> -2.9789926 | CX15: =IF(CB15="","",(CB15-CB$10)*1000) -> -2.6029989 | CY15: =IF(CC15="","",(CC15-CC$10)*1000) -> -14.77021 | CZ15: =IF(CD15="","",(CD15-CD$10)*1000) -> 0.76516664 | DA15: =IF(CE15="","",(CE15-CE$10)*1000) -> -8.0289799 | ... DE15: =IF(CI15="","",(CI15-CI$10)*1000) -> -32.831866
A16: 43679 | B16: =A16-A$10 -> 21 | C16: 193.04 | D16: =C16-PM -> 9.14 | E16: 823233.32 | F16: 1091513.7 | G16: -124.6651 | H16: 823233.29 | I16: 1091513.7 | J16: -123.492 | K16: 823233.48 | L16: 1091513.2 | M16: -121.8505 | N16: 823234.26 | O16: 1091511.5 | P16: -121.0574 | Q16: 823234.92 | R16: 1091510.1 | S16: -121.4074 | T16: 823235.53 | U16: 1091508.9 | V16: -123.5465 | W16: 823235.49 | X16: 1091509 | Y16: -124.6939 | Z16: =IF(Xhaut="","",SQRT(((Xbasgauche-Xhaut)^2+(Ybasgauche-Yhaut)^2)+(Zbasgauche-Zhaut)^2)) -> 4.3145947 | AA16: =IF(Xhaut="","",SQRT(((Xintergauche-Xhaut)^2+(Yintergauche-Yhaut)^2)+(Zintergauche-Zhaut)^2)) -> 3.4428642 | AB16: =IF(Xhaut="","",SQRT(((Xhautgauche-Xhaut)^2+(Yhautgauche-Yhaut)^2)+(Zhautgauche-Zhaut)^2)) -> 1.994524 | AC16: =IF(Xhaut="","",SQRT(((Xhautdroit-Xhaut)^2+(Yhautdroit-Yhaut)^2)+(Zhautdroit-Zhaut)^2)) -> 1.5808616 | AD16: =IF(Xhaut="","",SQRT(((Xinterdroit-Xhaut)^2+(Yinterdroit-Yhaut)^2)+(Zinterdroit-Zhaut)^2)) -> 3.7993756 | AE16: =IF(Xhaut="","",SQRT(((Xbasdroit-Xhaut)^2+(Ybasdroit-Yhaut)^2)+(Zbasdroit-Zhaut)^2)) -> 4.5679237 | AF16: =IF(Xhautdroit="","",SQRT(((Xhautdroit-Xhautgauche)^2+(Yhautdroit-Yhautgauche)^2)+(Zhautdroit-Zhautgauche)^2)) -> 3.400678 | AG16: =IF(Xinterdroit="","",SQRT(((Xinterdroit-Xintergauche)^2+(Yinterdroit-Yintergauche)^2)+(Zinterdroit-Zintergauche)^2)) -> 5.3037976 | AH16: =IF(Xbasdroit="","",SQRT(((Xbasdroit-Xbasgauche)^2+(Ybasdroit-Ybasgauche)^2)+(Zbasdroit-Zbasgauche)^2)) -> 5.129301 | AI16: =IF(Z16="","",(Z16-Z$10)*1000) -> -33.771906 | AJ16: =IF(AA16="","",(AA16-AA$10)*1000) -> -28.188658 | AK16: =IF(AB16="","",(AB16-AB$10)*1000) -> -15.643332 | AL16: =IF(AC16="","",(AC16-AC$10)*1000) -> -12.888754 | AM16: =IF(AD16="","",(AD16-AD$10)*1000) -> -36.447722 | AN16: =IF(AE16="","",(AE16-AE$10)*1000) -> -11.097913 | AO16: =IF(AF16="","",(AF16-AF$10)*1000) -> -11.569012 | AP16: =IF(AG16="","",(AG16-AG$10)*1000) -> -13.983141 | AQ16: =IF(AH16="","",(AH16-AH$10)*1000) -> -10.631183 | AS16: =IF(E16="","",(E16-E$10)*1000) -> -1.35 | AT16: =IF(F16="","",(F16-F$10)*1000) -> 2.1500001 | AU16: =IF(G16="","",(G16-G$10)*1000) -> 0.2 | AV16: =IF(H16="","",(H16-H$10)*1000) -> -0.79999992 | AW16: =IF(I16="","",(I16-I$10)*1000) -> 2.2499999 | AX16: =IF(J16="","",(J16-J$10)*1000) -> -0.45 | AY16: =IF(K16="","",(K16-K$10)*1000) -> -2.55 | AZ16: =IF(L16="","",(L16-L$10)*1000) -> -0.70000021 | ... BM16: =IF(Y16="","",(Y16-Y$10)*1000) -> -34.3 | BO16: 183.97028 | BP16: -2.5625413 | BQ16: -0.96192281 | BR16: 183.96637 | BS16: -2.630347 | BT16: 0.21121627 | BU16: 183.89547 | BV16: -2.0268651 | BW16: 1.8534253 | BX16: 183.90646 | BY16: -0.19738075 | BZ16: 2.6464154 | CA16: 183.91153 | CB16: 1.3443315 | CC16: 2.2963647 | CD16: 183.96286 | CE16: 2.6732601 | CF16: 0.15675136 | CG16: 183.97172 | CH16: 2.5664974 | CI16: -0.99073717 | CK16: =IF(BO16="","",(BO16-BO$10)*1000) -> -0.46577964 | CL16: =IF(BP16="","",(BP16-BP$10)*1000) -> -2.313668 | CM16: =IF(BQ16="","",(BQ16-BQ$10)*1000) -> 0.2046578 | CN16: =IF(BR16="","",(BR16-BR$10)*1000) -> 0.035744102 | CO16: =IF(BS16="","",(BS16-BS$10)*1000) -> -1.9694474 | CP16: =IF(BT16="","",(BT16-BT$10)*1000) -> -0.40035744 | CQ16: =IF(BU16="","",(BU16-BU$10)*1000) -> -2.7789855 | CR16: =IF(BV16="","",(BV16-BV$10)*1000) -> -0.19260301 | ... DE16: =IF(CI16="","",(CI16-CI$10)*1000) -> -34.436437
A17: 43682 | B17: =A17-A$10 -> 24 | C17: 193.04 | D17: =C17-PM -> 9.14 | E17: 823233.32 | F17: 1091513.7 | G17: -124.6643 | H17: 823233.29 | I17: 1091513.7 | J17: -123.4912 | K17: 823233.48 | L17: 1091513.2 | M17: -121.8502 | N17: 823234.26 | O17: 1091511.5 | P17: -121.0605 | Q17: 823234.92 | R17: 1091510.1 | S17: -121.4077 | T17: 823235.53 | U17: 1091508.9 | V17: -123.5456 | W17: 823235.49 | X17: 1091509 | Y17: -124.6929 | Z17: =IF(Xhaut="","",SQRT(((Xbasgauche-Xhaut)^2+(Ybasgauche-Yhaut)^2)+(Zbasgauche-Zhaut)^2)) -> 4.3110722 | AA17: =IF(Xhaut="","",SQRT(((Xintergauche-Xhaut)^2+(Yintergauche-Yhaut)^2)+(Zintergauche-Zhaut)^2)) -> 3.4396582 | AB17: =IF(Xhaut="","",SQRT(((Xhautgauche-Xhaut)^2+(Yhautgauche-Yhaut)^2)+(Zhautgauche-Zhaut)^2)) -> 1.9927817 | AC17: =IF(Xhaut="","",SQRT(((Xhautdroit-Xhaut)^2+(Yhautdroit-Yhaut)^2)+(Zhautdroit-Zhaut)^2)) -> 1.5785052 | AD17: =IF(Xhaut="","",SQRT(((Xinterdroit-Xhaut)^2+(Yinterdroit-Yhaut)^2)+(Zinterdroit-Zhaut)^2)) -> 3.7961406 | AE17: =IF(Xhaut="","",SQRT(((Xbasdroit-Xhaut)^2+(Ybasdroit-Yhaut)^2)+(Zbasdroit-Zhaut)^2)) -> 4.5639264 | AF17: =IF(Xhautdroit="","",SQRT(((Xhautdroit-Xhautgauche)^2+(Yhautdroit-Yhautgauche)^2)+(Zhautdroit-Zhautgauche)^2)) -> 3.3984108 | AG17: =IF(Xinterdroit="","",SQRT(((Xinterdroit-Xintergauche)^2+(Yinterdroit-Yintergauche)^2)+(Zinterdroit-Zintergauche)^2)) -> 5.302304 | AH17: =IF(Xbasdroit="","",SQRT(((Xbasdroit-Xbasgauche)^2+(Ybasdroit-Ybasgauche)^2)+(Zbasdroit-Zbasgauche)^2)) -> 5.1275479 | AI17: =IF(Z17="","",(Z17-Z$10)*1000) -> -37.294385 | AJ17: =IF(AA17="","",(AA17-AA$10)*1000) -> -31.394687 | AK17: =IF(AB17="","",(AB17-AB$10)*1000) -> -17.385591 | AL17: =IF(AC17="","",(AC17-AC$10)*1000) -> -15.245144 | AM17: =IF(AD17="","",(AD17-AD$10)*1000) -> -39.682739 | AN17: =IF(AE17="","",(AE17-AE$10)*1000) -> -15.095207 | AO17: =IF(AF17="","",(AF17-AF$10)*1000) -> -13.836231 | AP17: =IF(AG17="","",(AG17-AG$10)*1000) -> -15.476772 | AQ17: =IF(AH17="","",(AH17-AH$10)*1000) -> -12.384221 | AS17: =IF(E17="","",(E17-E$10)*1000) -> -1.55 | AT17: =IF(F17="","",(F17-F$10)*1000) -> 1.1500001 | AU17: =IF(G17="","",(G17-G$10)*1000) -> 1 | AV17: =IF(H17="","",(H17-H$10)*1000) -> -1.2999999 | AW17: =IF(I17="","",(I17-I$10)*1000) -> 0.94999978 | AX17: =IF(J17="","",(J17-J$10)*1000) -> 0.35 | AY17: =IF(K17="","",(K17-K$10)*1000) -> -2.95 | AZ17: =IF(L17="","",(L17-L$10)*1000) -> -1.7000001 | ... BM17: =IF(Y17="","",(Y17-Y$10)*1000) -> -33.3 | BO17: 183.96976 | BP17: -2.5619008 | BQ17: -0.96111762 | BR17: 183.96554 | BS17: -2.6297426 | BT17: 0.2120246 | BU17: 183.89481 | BV17: -2.0263997 | BW17: 1.8537319 | BX17: 183.90464 | BY17: -0.19679428 | BZ17: 2.6433336 | CA17: 183.91136 | CB17: 1.3430388 | CC17: 2.2960664 | CD17: 183.96266 | CE17: 2.6722815 | CF17: 0.15765341 | CG17: 183.97138 | CH17: 2.5655671 | CI17: -0.98973379 | CK17: =IF(BO17="","",(BO17-BO$10)*1000) -> -0.98515003 | CL17: =IF(BP17="","",(BP17-BP$10)*1000) -> -1.6731644 | CM17: =IF(BQ17="","",(BQ17-BQ$10)*1000) -> 1.0098515 | CN17: =IF(BR17="","",(BR17-BR$10)*1000) -> -0.79779291 | CO17: =IF(BS17="","",(BS17-BS$10)*1000) -> -1.3651103 | CP17: =IF(BT17="","",(BT17-BT$10)*1000) -> 0.40797793 | CQ17: =IF(BU17="","",(BU17-BU$10)*1000) -> -3.4373845 | CR17: =IF(BV17="","",(BV17-BV$10)*1000) -> 0.27274036 | ... DE17: =IF(CI17="","",(CI17-CI$10)*1000) -> -33.433052
A18: 43684 | B18: =A18-A$10 -> 26 | C18: 193.66 | D18: =C18-PM -> 9.76 | E18: 823233.32 | F18: 1091513.7 | G18: -124.6642 | H18: 823233.29 | I18: 1091513.7 | J18: -123.491 | K18: 823233.48 | L18: 1091513.2 | M18: -121.8501 | N18: 823234.26 | O18: 1091511.5 | P18: -121.0623 | Q18: 823234.92 | R18: 1091510.1 | S18: -121.4068 | T18: 823235.53 | U18: 1091508.9 | V18: -123.5456 | W18: 823235.49 | X18: 1091509 | Y18: -124.6927 | Z18: =IF(Xhaut="","",SQRT(((Xbasgauche-Xhaut)^2+(Ybasgauche-Yhaut)^2)+(Zbasgauche-Zhaut)^2)) -> 4.3093313 | AA18: =IF(Xhaut="","",SQRT(((Xintergauche-Xhaut)^2+(Yintergauche-Yhaut)^2)+(Zintergauche-Zhaut)^2)) -> 3.4381852 | AB18: =IF(Xhaut="","",SQRT(((Xhautgauche-Xhaut)^2+(Yhautgauche-Yhaut)^2)+(Zhautgauche-Zhaut)^2)) -> 1.9904929 | AC18: =IF(Xhaut="","",SQRT(((Xhautdroit-Xhaut)^2+(Yhautdroit-Yhaut)^2)+(Zhautdroit-Zhaut)^2)) -> 1.5759552 | AD18: =IF(Xhaut="","",SQRT(((Xinterdroit-Xhaut)^2+(Yinterdroit-Yhaut)^2)+(Zinterdroit-Zhaut)^2)) -> 3.7950995 | AE18: =IF(Xhaut="","",SQRT(((Xbasdroit-Xhaut)^2+(Ybasdroit-Yhaut)^2)+(Zbasdroit-Zhaut)^2)) -> 4.5620105 | AF18: =IF(Xhautdroit="","",SQRT(((Xhautdroit-Xhautgauche)^2+(Yhautdroit-Yhautgauche)^2)+(Zhautdroit-Zhautgauche)^2)) -> 3.3948669 | AG18: =IF(Xinterdroit="","",SQRT(((Xinterdroit-Xintergauche)^2+(Yinterdroit-Yintergauche)^2)+(Zinterdroit-Zintergauche)^2)) -> 5.3023857 | AH18: =IF(Xbasdroit="","",SQRT(((Xbasdroit-Xbasgauche)^2+(Ybasdroit-Ybasgauche)^2)+(Zbasdroit-Zbasgauche)^2)) -> 5.1267258 | AI18: =IF(Z18="","",(Z18-Z$10)*1000) -> -39.035276 | AJ18: =IF(AA18="","",(AA18-AA$10)*1000) -> -32.867687 | AK18: =IF(AB18="","",(AB18-AB$10)*1000) -> -19.674394 | AL18: =IF(AC18="","",(AC18-AC$10)*1000) -> -17.795136 | AM18: =IF(AD18="","",(AD18-AD$10)*1000) -> -40.723893 | AN18: =IF(AE18="","",(AE18-AE$10)*1000) -> -17.011058 | AO18: =IF(AF18="","",(AF18-AF$10)*1000) -> -17.38012 | AP18: =IF(AG18="","",(AG18-AG$10)*1000) -> -15.395035 | AQ18: =IF(AH18="","",(AH18-AH$10)*1000) -> -13.206324 | AS18: =IF(E18="","",(E18-E$10)*1000) -> -0.75000001 | AT18: =IF(F18="","",(F18-F$10)*1000) -> 0.14999998 | AU18: =IF(G18="","",(G18-G$10)*1000) -> 1.1 | AV18: =IF(H18="","",(H18-H$10)*1000) -> -0.29999996 | AW18: =IF(I18="","",(I18-I$10)*1000) -> 0.24999981 | AX18: =IF(J18="","",(J18-J$10)*1000) -> 0.55 | AY18: =IF(K18="","",(K18-K$10)*1000) -> -1.05 | AZ18: =IF(L18="","",(L18-L$10)*1000) -> -3.7000002 | ... BM18: =IF(Y18="","",(Y18-Y$10)*1000) -> -33.1 | BO18: 183.9699 | BP18: -2.5604 | BQ18: -0.961 | BR18: 183.966 | BS18: -2.6284 | BT18: 0.2122 | BU18: 183.8959 | BV18: -2.0241 | BW18: 1.8538 | BX18: 183.9043 | BY18: -0.1958 | BZ18: 2.6415 | CA18: 183.9105 | CB18: 1.3424 | CC18: 2.297 | CD18: 183.9622 | CE18: 2.6731 | CF18: 0.1577 | CG18: 183.9705 | CH18: 2.5663 | CI18: -0.9895 | CK18: =IF(BO18="","",(BO18-BO$10)*1000) -> -0.84707964 | CL18: =IF(BP18="","",(BP18-BP$10)*1000) -> -0.17236603 | CM18: =IF(BQ18="","",(BQ18-BQ$10)*1000) -> 1.1274708 | CN18: =IF(BR18="","",(BR18-BR$10)*1000) -> -0.3375559 | CO18: =IF(BS18="","",(BS18-BS$10)*1000) -> -0.022486393 | CP18: =IF(BT18="","",(BT18-BT$10)*1000) -> 0.58337556 | CQ18: =IF(BU18="","",(BU18-BU$10)*1000) -> -2.3448855 | CR18: =IF(BV18="","",(BV18-BV$10)*1000) -> 2.572471 | ... DE18: =IF(CI18="","",(CI18-CI$10)*1000) -> -33.199263
A19: CHANGEMENT DE SYSTÈME DE CIBLES | E19: CHANGEMENT DE SYSTÈME DE CIBLES
A20: 43684 | B20: =A20-A$10 -> 26 | C20: 193.66 | D20: =C20-PM -> 9.76 | E20: 823233.38 | F20: 1091513.6 | G20: -124.5821 | H20: 823233.25 | I20: 1091513.8 | J20: -123.4123 | K20: 823233.45 | L20: 1091513.3 | M20: -121.9659 | N20: 823234.11 | O20: 1091511.6 | P20: -121.0358 | Q20: 823234.86 | R20: 1091510.1 | S20: -121.3609 | T20: 823235.48 | U20: 1091508.9 | V20: -123.4488 | W20: 823235.41 | X20: 1091509 | Y20: -124.6252 | Z20: =IF(Xhaut="","",SQRT(((Xbasgauche-Xhaut)^2+(Ybasgauche-Yhaut)^2)+(Zbasgauche-Zhaut)^2)) -> 4.1413096 | AA20: =IF(Xhaut="","",SQRT(((Xintergauche-Xhaut)^2+(Yintergauche-Yhaut)^2)+(Zintergauche-Zhaut)^2)) -> 3.3586749 | AB20: =IF(Xhaut="","",SQRT(((Xhautgauche-Xhaut)^2+(Yhautgauche-Yhaut)^2)+(Zhautgauche-Zhaut)^2)) -> 2.0790032 | AC20: =IF(Xhaut="","",SQRT(((Xhautdroit-Xhaut)^2+(Yhautdroit-Yhaut)^2)+(Zhautdroit-Zhaut)^2)) -> 1.632602 | AD20: =IF(Xhaut="","",SQRT(((Xinterdroit-Xhaut)^2+(Yinterdroit-Yhaut)^2)+(Zinterdroit-Zhaut)^2)) -> 3.8459325 | AE20: =IF(Xhaut="","",SQRT(((Xbasdroit-Xhaut)^2+(Ybasdroit-Yhaut)^2)+(Zbasdroit-Zhaut)^2)) -> 4.5740696 | AF20: =IF(Xhautdroit="","",SQRT(((Xhautdroit-Xhautgauche)^2+(Yhautdroit-Yhautgauche)^2)+(Zhautdroit-Zhautgauche)^2)) -> 3.5050098 | AG20: =IF(Xinterdroit="","",SQRT(((Xinterdroit-Xintergauche)^2+(Yinterdroit-Yintergauche)^2)+(Zinterdroit-Zintergauche)^2)) -> 5.3611372 | AH20: =IF(Xbasdroit="","",SQRT(((Xbasdroit-Xbasgauche)^2+(Ybasdroit-Ybasgauche)^2)+(Zbasdroit-Zbasgauche)^2)) -> 4.9646653 | BO20: 183.97 | BP20: -2.435 | BQ20: -0.8789 | BR20: 183.9409 | BS20: -2.672 | BT20: 0.2912 | BU20: 183.9242 | BV20: -2.158 | BW20: 1.7377 | BX20: 183.7884 | BY20: -0.3037 | BZ20: 2.6692 | CA20: 183.8737 | CB20: 1.2934 | CC20: 2.3432 | CD20: 183.907 | CE20: 2.6883 | CF20: 0.255 | CG20: 183.9008 | CH20: 2.5293 | CI20: -0.9213
A21: 43685 | B21: =A21-A$10 -> 27 | C21: 193.66 | D21: =C21-PM -> 9.76 | E21: 823233.38 | F21: 1091513.6 | G21: -124.5819 | H21: 823233.25 | I21: 1091513.8 | J21: -123.4123 | K21: 823233.45 | L21: 1091513.3 | M21: -121.9658 | N21: 823234.11 | O21: 1091511.6 | P21: -121.036 | Q21: 823234.86 | R21: 1091510.1 | S21: -121.3609 | T21: 823235.48 | U21: 1091508.9 | V21: -123.4488 | W21: 823235.41 | X21: 1091509 | Y21: -124.6251 | Z21: =IF(Xhaut="","",SQRT(((Xbasgauche-Xhaut)^2+(Ybasgauche-Yhaut)^2)+(Zbasgauche-Zhaut)^2)) -> 4.1415232 | AA21: =IF(Xhaut="","",SQRT(((Xintergauche-Xhaut)^2+(Yintergauche-Yhaut)^2)+(Zintergauche-Zhaut)^2)) -> 3.3586105 | AB21: =IF(Xhaut="","",SQRT(((Xhautgauche-Xhaut)^2+(Yhautgauche-Yhaut)^2)+(Zhautgauche-Zhaut)^2)) -> 2.0789326 | AC21: =IF(Xhaut="","",SQRT(((Xhautdroit-Xhaut)^2+(Yhautdroit-Yhaut)^2)+(Zhautdroit-Zhaut)^2)) -> 1.6314669 | AD21: =IF(Xhaut="","",SQRT(((Xinterdroit-Xhaut)^2+(Yinterdroit-Yhaut)^2)+(Zinterdroit-Zhaut)^2)) -> 3.8450079 | AE21: =IF(Xhaut="","",SQRT(((Xbasdroit-Xhaut)^2+(Ybasdroit-Yhaut)^2)+(Zbasdroit-Zhaut)^2)) -> 4.5736922 | AF21: =IF(Xhautdroit="","",SQRT(((Xhautdroit-Xhautgauche)^2+(Yhautdroit-Yhautgauche)^2)+(Zhautdroit-Zhautgauche)^2)) -> 3.5039729 | AG21: =IF(Xinterdroit="","",SQRT(((Xinterdroit-Xintergauche)^2+(Yinterdroit-Yintergauche)^2)+(Zinterdroit-Zintergauche)^2)) -> 5.3602283 | AH21: =IF(Xbasdroit="","",SQRT(((Xbasdroit-Xbasgauche)^2+(Ybasdroit-Ybasgauche)^2)+(Zbasdroit-Zbasgauche)^2)) -> 4.9655373 | AI21: =IF(Z21="","",(Z21-Z$20)*1000)+AI$18 -> -38.821663 | AJ21: =IF(AA21="","",(AA21-AA$20)*1000)+AJ$18 -> -32.932116 | AK21: =IF(AB21="","",(AB21-AB$20)*1000)+AK$18 -> -19.745018 | AL21: =IF(AC21="","",(AC21-AC$20)*1000)+AL$18 -> -18.930238 | AM21: =IF(AD21="","",(AD21-AD$20)*1000)+AM$18 -> -41.648523 | AN21: =IF(AE21="","",(AE21-AE$20)*1000)+AN$18 -> -17.388472 | AO21: =IF(AF21="","",(AF21-AF$20)*1000)+AO$18 -> -18.417032 | AP21: =IF(AG21="","",(AG21-AG$20)*1000)+AP$18 -> -16.303968 | AQ21: =IF(AH21="","",(AH21-AH$20)*1000)+AQ$18 -> -12.334384 | AS21: =IF(E21="","",(E21-E$20)*1000)+AS$18 -> -0.25000004 | AT21: =IF(F21="","",(F21-F$20)*1000)+AT$18 -> 0.14999998 | AU21: =IF(G21="","",(G21-G$20)*1000)+AU$18 -> 1.3 | AV21: =IF(H21="","",(H21-H$20)*1000)+AV$18 -> 0.30000007 | AW21: =IF(I21="","",(I21-I$20)*1000)+AW$18 -> -0.75000036 | AX21: =IF(J21="","",(J21-J$20)*1000)+AX$18 -> 0.55 | AY21: =IF(K21="","",(K21-K$20)*1000)+AY$18 -> -0.34999987 | AZ21: =IF(L21="","",(L21-L$20)*1000)+AZ$18 -> -4.7000004 | ... BM21: =IF(Y21="","",(Y21-Y$20)*1000)+BM$18 -> -33 | BO21: 183.9702 | BP21: -2.4343 | BQ21: -0.8787 | BR21: 183.9411 | BS21: -2.6711 | BT21: 0.2912 | BU21: 183.9246 | BV21: -2.1573 | BW21: 1.7378 | BX21: 183.7891 | BY21: -0.3029 | BZ21: 2.669 | CA21: 183.8738 | CB21: 1.2941 | CC21: 2.3432 | CD21: 183.9073 | CE21: 2.689 | CF21: 0.255 | CG21: 183.9008 | CH21: 2.5303 | CI21: -0.9212 | CK21: =IF(BO21="","",(BO21-BO$20)*1000)+CK$18 -> -0.64707964 | CL21: =IF(BP21="","",(BP21-BP$20)*1000)+CL$18 -> 0.52763397 | CM21: =IF(BQ21="","",(BQ21-BQ$20)*1000)+CM$18 -> 1.3274708 | CN21: =IF(BR21="","",(BR21-BR$20)*1000)+CN$18 -> -0.1375559 | CO21: =IF(BS21="","",(BS21-BS$20)*1000)+CO$18 -> 0.87751361 | CP21: =IF(BT21="","",(BT21-BT$20)*1000)+CP$18 -> 0.58337556 | CQ21: =IF(BU21="","",(BU21-BU$20)*1000)+CQ$18 -> -1.9448855 | CR21: =IF(BV21="","",(BV21-BV$20)*1000)+CR$18 -> 3.272471 | ... DE21: =IF(CI21="","",(CI21-CI$20)*1000)+DE$18 -> -33.099263
A22: 43689 | B22: =A22-A$10 -> 31 | C22: 194.8 | D22: =C22-PM -> 10.9 | E22: 823233.37 | F22: 1091513.6 | G22: -124.5819 | H22: 823233.25 | I22: 1091513.8 | J22: -123.4123 | K22: 823233.45 | L22: 1091513.3 | M22: -121.9662 | N22: 823234.11 | O22: 1091511.6 | P22: -121.0396 | Q22: 823234.86 | R22: 1091510.1 | S22: -121.3618 | T22: 823235.48 | U22: 1091508.9 | V22: -123.4487 | W22: 823235.41 | X22: 1091509 | Y22: -124.6249 | Z22: =IF(Xhaut="","",SQRT(((Xbasgauche-Xhaut)^2+(Ybasgauche-Yhaut)^2)+(Zbasgauche-Zhaut)^2)) -> 4.1377959 | AA22: =IF(Xhaut="","",SQRT(((Xintergauche-Xhaut)^2+(Yintergauche-Yhaut)^2)+(Zintergauche-Zhaut)^2)) -> 3.3553718 | AB22: =IF(Xhaut="","",SQRT(((Xhautgauche-Xhaut)^2+(Yhautgauche-Yhaut)^2)+(Zhautgauche-Zhaut)^2)) -> 2.0767153 | AC22: =IF(Xhaut="","",SQRT(((Xhautdroit-Xhaut)^2+(Yhautdroit-Yhaut)^2)+(Zhautdroit-Zhaut)^2)) -> 1.6310005 | AD22: =IF(Xhaut="","",SQRT(((Xinterdroit-Xhaut)^2+(Yinterdroit-Yhaut)^2)+(Zinterdroit-Zhaut)^2)) -> 3.8430129 | AE22: =IF(Xhaut="","",SQRT(((Xbasdroit-Xhaut)^2+(Ybasdroit-Yhaut)^2)+(Zbasdroit-Zhaut)^2)) -> 4.5707799 | AF22: =IF(Xhautdroit="","",SQRT(((Xhautdroit-Xhautgauche)^2+(Yhautdroit-Yhautgauche)^2)+(Zhautdroit-Zhautgauche)^2)) -> 3.502988 | AG22: =IF(Xinterdroit="","",SQRT(((Xinterdroit-Xintergauche)^2+(Yinterdroit-Yintergauche)^2)+(Zinterdroit-Zintergauche)^2)) -> 5.3595764 | AH22: =IF(Xbasdroit="","",SQRT(((Xbasdroit-Xbasgauche)^2+(Ybasdroit-Ybasgauche)^2)+(Zbasdroit-Zbasgauche)^2)) -> 4.9642721 | AI22: =IF(Z22="","",(Z22-Z$20)*1000)+AI$18 -> -42.548995 | AJ22: =IF(AA22="","",(AA22-AA$20)*1000)+AJ$18 -> -36.170743 | AK22: =IF(AB22="","",(AB22-AB$20)*1000)+AK$18 -> -21.962369 | AL22: =IF(AC22="","",(AC22-AC$20)*1000)+AL$18 -> -19.396682 | AM22: =IF(AD22="","",(AD22-AD$20)*1000)+AM$18 -> -43.643481 | AN22: =IF(AE22="","",(AE22-AE$20)*1000)+AN$18 -> -20.300814 | AO22: =IF(AF22="","",(AF22-AF$20)*1000)+AO$18 -> -19.402003 | AP22: =IF(AG22="","",(AG22-AG$20)*1000)+AP$18 -> -16.955853 | AQ22: =IF(AH22="","",(AH22-AH$20)*1000)+AQ$18 -> -13.599555 | AS22: =IF(E22="","",(E22-E$20)*1000)+AS$18 -> -1.85 | AT22: =IF(F22="","",(F22-F$20)*1000)+AT$18 -> 0.34999987 | AU22: =IF(G22="","",(G22-G$20)*1000)+AU$18 -> 1.3 | AV22: =IF(H22="","",(H22-H$20)*1000)+AV$18 -> -1.2999999 | AW22: =IF(I22="","",(I22-I$20)*1000)+AW$18 -> -0.25000027 | AX22: =IF(J22="","",(J22-J$20)*1000)+AX$18 -> 0.55 | AY22: =IF(K22="","",(K22-K$20)*1000)+AY$18 -> -1.9499999 | AZ22: =IF(L22="","",(L22-L$20)*1000)+AZ$18 -> -4.1000003 | ... BM22: =IF(Y22="","",(Y22-Y$20)*1000)+BM$18 -> -32.8 | BO22: 183.969 | BP22: -2.4355847 | BQ22: -0.87871003 | BR22: 183.93995 | BS22: -2.6723508 | BT22: 0.2911805 | BU22: 183.92333 | BV22: -2.1583051 | BW22: 1.7374467 | BX22: 183.78717 | BY22: -0.30476293 | BZ22: 2.6654083 | CA22: 183.87314 | CB22: 1.2917828 | CC22: 2.3423486 | CD22: 183.90691 | CE22: 2.6870002 | CF22: 0.25511086 | CG22: 183.90083 | CH22: 2.528033 | CI22: -0.92102832 | CK22: =IF(BO22="","",(BO22-BO$20)*1000)+CK$18 -> -1.8440098 | CL22: =IF(BP22="","",(BP22-BP$20)*1000)+CL$18 -> -0.75707618 | CM22: =IF(BQ22="","",(BQ22-BQ$20)*1000)+CM$18 -> 1.3174401 | CN22: =IF(BR22="","",(BR22-BR$20)*1000)+CN$18 -> -1.2872994 | CO22: =IF(BS22="","",(BS22-BS$20)*1000)+CO$18 -> -0.37329215 | CP22: =IF(BT22="","",(BT22-BT$20)*1000)+CP$18 -> 0.56387299 | CQ22: =IF(BU22="","",(BU22-BU$20)*1000)+CQ$18 -> -3.2145123 | CR22: =IF(BV22="","",(BV22-BV$20)*1000)+CR$18 -> 2.2674116 | ... DE22: =IF(CI22="","",(CI22-CI$20)*1000)+DE$18 -> -32.927582
A23: 43690 | B23: =A23-A$10 -> 32 | C23: 194.8 | D23: =C23-PM -> 10.9 | E23: 823233.38 | F23: 1091513.6 | G23: -124.5812 | H23: 823233.25 | I23: 1091513.8 | J23: -123.4117 | K23: 823233.45 | L23: 1091513.3 | M23: -121.9656 | N23: 823234.11 | O23: 1091511.6 | P23: -121.0393 | Q23: 823234.86 | R23: 1091510.1 | S23: -121.3614 | T23: 823235.48 | U23: 1091508.9 | V23: -123.4482 | W23: 823235.41 | X23: 1091509 | Y23: -124.6241 | Z23: =IF(Xhaut="","",SQRT(((Xbasgauche-Xhaut)^2+(Ybasgauche-Yhaut)^2)+(Zbasgauche-Zhaut)^2)) -> 4.1375068 | AA23: =IF(Xhaut="","",SQRT(((Xintergauche-Xhaut)^2+(Yintergauche-Yhaut)^2)+(Zintergauche-Zhaut)^2)) -> 3.3550906 | AB23: =IF(Xhaut="","",SQRT(((Xhautgauche-Xhaut)^2+(Yhautgauche-Yhaut)^2)+(Zhautgauche-Zhaut)^2)) -> 2.0763104 | AC23: =IF(Xhaut="","",SQRT(((Xhautdroit-Xhaut)^2+(Yhautdroit-Yhaut)^2)+(Zhautdroit-Zhaut)^2)) -> 1.6311421 | AD23: =IF(Xhaut="","",SQRT(((Xinterdroit-Xhaut)^2+(Yinterdroit-Yhaut)^2)+(Zinterdroit-Zhaut)^2)) -> 3.8429189 | AE23: =IF(Xhaut="","",SQRT(((Xbasdroit-Xhaut)^2+(Ybasdroit-Yhaut)^2)+(Zbasdroit-Zhaut)^2)) -> 4.5700232 | AF23: =IF(Xhautdroit="","",SQRT(((Xhautdroit-Xhautgauche)^2+(Yhautdroit-Yhautgauche)^2)+(Zhautdroit-Zhautgauche)^2)) -> 3.5028728 | AG23: =IF(Xinterdroit="","",SQRT(((Xinterdroit-Xintergauche)^2+(Yinterdroit-Yintergauche)^2)+(Zinterdroit-Zintergauche)^2)) -> 5.3595696 | AH23: =IF(Xbasdroit="","",SQRT(((Xbasdroit-Xbasgauche)^2+(Ybasdroit-Ybasgauche)^2)+(Zbasdroit-Zbasgauche)^2)) -> 4.9638336 | AI23: =IF(Z23="","",(Z23-Z$20)*1000)+AI$18 -> -42.838061 | AJ23: =IF(AA23="","",(AA23-AA$20)*1000)+AJ$18 -> -36.45197 | AK23: =IF(AB23="","",(AB23-AB$20)*1000)+AK$18 -> -22.367277 | AL23: =IF(AC23="","",(AC23-AC$20)*1000)+AL$18 -> -19.254993 | AM23: =IF(AD23="","",(AD23-AD$20)*1000)+AM$18 -> -43.737542 | AN23: =IF(AE23="","",(AE23-AE$20)*1000)+AN$18 -> -21.057473 | AO23: =IF(AF23="","",(AF23-AF$20)*1000)+AO$18 -> -19.517158 | AP23: =IF(AG23="","",(AG23-AG$20)*1000)+AP$18 -> -16.962645 | AQ23: =IF(AH23="","",(AH23-AH$20)*1000)+AQ$18 -> -14.038067 | AS23: =IF(E23="","",(E23-E$20)*1000)+AS$18 -> -1.55 | AT23: =IF(F23="","",(F23-F$20)*1000)+AT$18 -> 1.1499999 | AU23: =IF(G23="","",(G23-G$20)*1000)+AU$18 -> 2 | AV23: =IF(H23="","",(H23-H$20)*1000)+AV$18 -> -1.1999999 | AW23: =IF(I23="","",(I23-I$20)*1000)+AW$18 -> 0.24999981 | AX23: =IF(J23="","",(J23-J$20)*1000)+AX$18 -> 1.15 | AY23: =IF(K23="","",(K23-K$20)*1000)+AY$18 -> -1.5499999 | AZ23: =IF(L23="","",(L23-L$20)*1000)+AZ$18 -> -3.7000002 | ... BM23: =IF(Y23="","",(Y23-Y$20)*1000)+BM$18 -> -32 | BO23: 183.96944 | BP23: -2.4358204 | BQ23: -0.87801444 | BR23: 183.94021 | BS23: -2.6726711 | BT23: 0.2917779 | BU23: 183.9239 | BV23: -2.1585891 | BW23: 1.738041 | BX23: 183.78792 | BY23: -0.30496248 | BZ23: 2.6657008 | CA23: 183.87353 | CB23: 1.2914142 | CC23: 2.3427447 | CD23: 183.90748 | CE23: 2.6864926 | CF23: 0.25560518 | CG23: 183.90104 | CH23: 2.5273564 | CI23: -0.92023037 | CK23: =IF(BO23="","",(BO23-BO$20)*1000)+CK$18 -> -1.4030796 | CL23: =IF(BP23="","",(BP23-BP$20)*1000)+CL$18 -> -0.99279703 | CM23: =IF(BQ23="","",(BQ23-BQ$20)*1000)+CM$18 -> 2.0130308 | CN23: =IF(BR23="","",(BR23-BR$20)*1000)+CN$18 -> -1.0276559 | CO23: =IF(BS23="","",(BS23-BS$20)*1000)+CO$18 -> -0.69354339 | CP23: =IF(BT23="","",(BT23-BT$20)*1000)+CP$18 -> 1.1612766 | CQ23: =IF(BU23="","",(BU23-BU$20)*1000)+CQ$18 -> -2.6406855 | CR23: =IF(BV23="","",(BV23-BV$20)*1000)+CR$18 -> 1.983327 | ... DE23: =IF(CI23="","",(CI23-CI$20)*1000)+DE$18 -> -32.129634
A24: 43696 | B24: =A24-A$10 -> 38 | C24: 195.4 | D24: =C24-PM -> 11.5 | E24: 823233.38 | F24: 1091513.6 | G24: -124.5809 | H24: 823233.25 | I24: 1091513.8 | J24: -123.4116 | K24: 823233.45 | L24: 1091513.3 | M24: -121.966 | N24: 823234.11 | O24: 1091511.6 | P24: -121.0421 | Q24: 823234.86 | R24: 1091510.1 | S24: -121.3621 | T24: 823235.48 | U24: 1091508.9 | V24: -123.4479 | W24: 823235.41 | X24: 1091509 | Y24: -124.624 | Z24: =IF(Xhaut="","",SQRT(((Xbasgauche-Xhaut)^2+(Ybasgauche-Yhaut)^2)+(Zbasgauche-Zhaut)^2)) -> 4.1345819 | AA24: =IF(Xhaut="","",SQRT(((Xintergauche-Xhaut)^2+(Yintergauche-Yhaut)^2)+(Zintergauche-Zhaut)^2)) -> 3.3527757 | AB24: =IF(Xhaut="","",SQRT(((Xhautgauche-Xhaut)^2+(Yhautgauche-Yhaut)^2)+(Zhautgauche-Zhaut)^2)) -> 2.0746168 | AC24: =IF(Xhaut="","",SQRT(((Xhautdroit-Xhaut)^2+(Yhautdroit-Yhaut)^2)+(Zhautdroit-Zhaut)^2)) -> 1.6303313 | AD24: =IF(Xhaut="","",SQRT(((Xinterdroit-Xhaut)^2+(Yinterdroit-Yhaut)^2)+(Zinterdroit-Zhaut)^2)) -> 3.8406055 | AE24: =IF(Xhaut="","",SQRT(((Xbasdroit-Xhaut)^2+(Ybasdroit-Yhaut)^2)+(Zbasdroit-Zhaut)^2)) -> 4.5678128 | AF24: =IF(Xhautdroit="","",SQRT(((Xhautdroit-Xhautgauche)^2+(Yhautdroit-Yhautgauche)^2)+(Zhautdroit-Zhautgauche)^2)) -> 3.501541 | AG24: =IF(Xinterdroit="","",SQRT(((Xinterdroit-Xintergauche)^2+(Yinterdroit-Yintergauche)^2)+(Zinterdroit-Zintergauche)^2)) -> 5.3585567 | AH24: =IF(Xbasdroit="","",SQRT(((Xbasdroit-Xbasgauche)^2+(Ybasdroit-Ybasgauche)^2)+(Zbasdroit-Zbasgauche)^2)) -> 4.9632337 | AI24: =IF(Z24="","",(Z24-Z$20)*1000)+AI$18 -> -45.762991 | AJ24: =IF(AA24="","",(AA24-AA$20)*1000)+AJ$18 -> -38.76685 | AK24: =IF(AB24="","",(AB24-AB$20)*1000)+AK$18 -> -24.060792 | AL24: =IF(AC24="","",(AC24-AC$20)*1000)+AL$18 -> -20.065805 | AM24: =IF(AD24="","",(AD24-AD$20)*1000)+AM$18 -> -46.050921 | AN24: =IF(AE24="","",(AE24-AE$20)*1000)+AN$18 -> -23.267873 | AO24: =IF(AF24="","",(AF24-AF$20)*1000)+AO$18 -> -20.848952 | AP24: =IF(AG24="","",(AG24-AG$20)*1000)+AP$18 -> -17.975544 | AQ24: =IF(AH24="","",(AH24-AH$20)*1000)+AQ$18 -> -14.637982 | AS24: =IF(E24="","",(E24-E$20)*1000)+AS$18 -> -0.44999993 | AT24: =IF(F24="","",(F24-F$20)*1000)+AT$18 -> 0.34999987 | AU24: =IF(G24="","",(G24-G$20)*1000)+AU$18 -> 2.3 | AV24: =IF(H24="","",(H24-H$20)*1000)+AV$18 -> -0.099999947 | AW24: =IF(I24="","",(I24-I$20)*1000)+AW$18 -> -0.35000034 | AX24: =IF(J24="","",(J24-J$20)*1000)+AX$18 -> 1.25 | AY24: =IF(K24="","",(K24-K$20)*1000)+AY$18 -> -0.54999988 | AZ24: =IF(L24="","",(L24-L$20)*1000)+AZ$18 -> -4.7000004 | ... BM24: =IF(Y24="","",(Y24-Y$20)*1000)+BM$18 -> -31.9 | BO24: 183.9703 | BP24: -2.435 | BQ24: -0.8777 | BR24: 183.941 | BS24: -2.6718 | BT24: 0.2919 | BU24: 183.9243 | BV24: -2.1572 | BW24: 1.7376 | BX24: 183.787 | BY24: -0.3047 | BZ24: 2.6629 | CA24: 183.874 | CB24: 1.2915 | CC24: 2.342 | CD24: 183.9077 | CE24: 2.6866 | CF24: 0.2559 | CG24: 183.9013 | CH24: 2.5276 | CI24: -0.9201 | CK24: =IF(BO24="","",(BO24-BO$20)*1000)+CK$18 -> -0.54707964 | CL24: =IF(BP24="","",(BP24-BP$20)*1000)+CL$18 -> -0.17236603 | CM24: =IF(BQ24="","",(BQ24-BQ$20)*1000)+CM$18 -> 2.3274708 | CN24: =IF(BR24="","",(BR24-BR$20)*1000)+CN$18 -> -0.2375559 | CO24: =IF(BS24="","",(BS24-BS$20)*1000)+CO$18 -> 0.17751361 | CP24: =IF(BT24="","",(BT24-BT$20)*1000)+CP$18 -> 1.2833756 | CQ24: =IF(BU24="","",(BU24-BU$20)*1000)+CQ$18 -> -2.2448855 | CR24: =IF(BV24="","",(BV24-BV$20)*1000)+CR$18 -> 3.372471 | ... DE24: =IF(CI24="","",(CI24-CI$20)*1000)+DE$18 -> -31.999263
A25: 43699 | B25: =A25-A$10 -> 41 | C25: 196.35 | D25: =C25-PM -> 12.45 | E25: 823233.38 | F25: 1091513.6 | G25: -124.5815 | H25: 823233.25 | I25: 1091513.8 | J25: -123.4122 | K25: 823233.45 | L25: 1091513.3 | M25: -121.9668 | N25: 823234.11 | O25: 1091511.6 | P25: -121.0444 | Q25: 823234.86 | R25: 1091510.1 | S25: -121.3634 | T25: 823235.48 | U25: 1091508.9 | V25: -123.4486 | W25: 823235.41 | X25: 1091509 | Y25: -124.6244 | Z25: =IF(Xhaut="","",SQRT(((Xbasgauche-Xhaut)^2+(Ybasgauche-Yhaut)^2)+(Zbasgauche-Zhaut)^2)) -> 4.1325916 | AA25: =IF(Xhaut="","",SQRT(((Xintergauche-Xhaut)^2+(Yintergauche-Yhaut)^2)+(Zintergauche-Zhaut)^2)) -> 3.3508964 | AB25: =IF(Xhaut="","",SQRT(((Xhautgauche-Xhaut)^2+(Yhautgauche-Yhaut)^2)+(Zhautgauche-Zhaut)^2)) -> 2.0735596 | AC25: =IF(Xhaut="","",SQRT(((Xhautdroit-Xhaut)^2+(Yhautdroit-Yhaut)^2)+(Zhautdroit-Zhaut)^2)) -> 1.6297492 | AD25: =IF(Xhaut="","",SQRT(((Xinterdroit-Xhaut)^2+(Yinterdroit-Yhaut)^2)+(Zinterdroit-Zhaut)^2)) -> 3.839541 | AE25: =IF(Xhaut="","",SQRT(((Xbasdroit-Xhaut)^2+(Ybasdroit-Yhaut)^2)+(Zbasdroit-Zhaut)^2)) -> 4.5661879 | AF25: =IF(Xhautdroit="","",SQRT(((Xhautdroit-Xhautgauche)^2+(Yhautdroit-Yhautgauche)^2)+(Zhautdroit-Zhautgauche)^2)) -> 3.5005838 | AG25: =IF(Xinterdroit="","",SQRT(((Xinterdroit-Xintergauche)^2+(Yinterdroit-Yintergauche)^2)+(Zinterdroit-Zintergauche)^2)) -> 5.35744 | AH25: =IF(Xbasdroit="","",SQRT(((Xbasdroit-Xbasgauche)^2+(Ybasdroit-Ybasgauche)^2)+(Zbasdroit-Zbasgauche)^2)) -> 4.9619007 | AI25: =IF(Z25="","",(Z25-Z$20)*1000)+AI$18 -> -47.753288 | AJ25: =IF(AA25="","",(AA25-AA$20)*1000)+AJ$18 -> -40.646145 | AK25: =IF(AB25="","",(AB25-AB$20)*1000)+AK$18 -> -25.118023 | AL25: =IF(AC25="","",(AC25-AC$20)*1000)+AL$18 -> -20.647981 | AM25: =IF(AD25="","",(AD25-AD$20)*1000)+AM$18 -> -47.115374 | AN25: =IF(AE25="","",(AE25-AE$20)*1000)+AN$18 -> -24.892778 | AO25: =IF(AF25="","",(AF25-AF$20)*1000)+AO$18 -> -21.806193 | AP25: =IF(AG25="","",(AG25-AG$20)*1000)+AP$18 -> -19.092246 | AQ25: =IF(AH25="","",(AH25-AH$20)*1000)+AQ$18 -> -15.970954 | AS25: =IF(E25="","",(E25-E$20)*1000)+AS$18 -> -0.44999993 | AT25: =IF(F25="","",(F25-F$20)*1000)+AT$18 -> -0.050000148 | AU25: =IF(G25="","",(G25-G$20)*1000)+AU$18 -> 1.7 | AV25: =IF(H25="","",(H25-H$20)*1000)+AV$18 -> -0.099999947 | AW25: =IF(I25="","",(I25-I$20)*1000)+AW$18 -> -0.65000029 | AX25: =IF(J25="","",(J25-J$20)*1000)+AX$18 -> 0.65 | AY25: =IF(K25="","",(K25-K$20)*1000)+AY$18 -> -0.9499999 | AZ25: =IF(L25="","",(L25-L$20)*1000)+AZ$18 -> -4.6000003 | ... BM25: =IF(Y25="","",(Y25-Y$20)*1000)+BM$18 -> -32.3 | BO25: 183.9701 | BP25: -2.4346 | BQ25: -0.8783 | BR25: 183.9409 | BS25: -2.6715 | BT25: 0.2913 | BU25: 183.924 | BV25: -2.1574 | BW25: 1.7368 | BX25: 183.7862 | BY25: -0.3055 | BZ25: 2.6606 | CA25: 183.8735 | CB25: 1.2904 | CC25: 2.3407 | CD25: 183.9075 | CE25: 2.6857 | CF25: 0.2552 | CG25: 183.9008 | CH25: 2.5266 | CI25: -0.9205 | CK25: =IF(BO25="","",(BO25-BO$20)*1000)+CK$18 -> -0.74707964 | CL25: =IF(BP25="","",(BP25-BP$20)*1000)+CL$18 -> 0.22763397 | CM25: =IF(BQ25="","",(BQ25-BQ$20)*1000)+CM$18 -> 1.7274708 | CN25: =IF(BR25="","",(BR25-BR$20)*1000)+CN$18 -> -0.3375559 | CO25: =IF(BS25="","",(BS25-BS$20)*1000)+CO$18 -> 0.47751361 | CP25: =IF(BT25="","",(BT25-BT$20)*1000)+CP$18 -> 0.68337556 | CQ25: =IF(BU25="","",(BU25-BU$20)*1000)+CQ$18 -> -2.5448855 | CR25: =IF(BV25="","",(BV25-BV$20)*1000)+CR$18 -> 3.172471 | ... DE25: =IF(CI25="","",(CI25-CI$20)*1000)+DE$18 -> -32.399263
A26: 43704 | B26: =A26-A$10 -> 46 | C26: 197.2 | D26: =C26-PM -> 13.3 | E26: 823233.38 | F26: 1091513.6 | G26: -124.5816 | H26: 823233.25 | I26: 1091513.8 | J26: -123.4122 | K26: 823233.45 | L26: 1091513.3 | M26: -121.967 | N26: 823234.11 | O26: 1091511.6 | P26: -121.0462 | Q26: 823234.88 | R26: 1091510.1 | S26: -121.3719 | T26: 823235.48 | U26: 1091508.9 | V26: -123.4485 | W26: 823235.41 | X26: 1091509 | Y26: -124.6244 | Z26: =IF(Xhaut="","",SQRT(((Xbasgauche-Xhaut)^2+(Ybasgauche-Yhaut)^2)+(Zbasgauche-Zhaut)^2)) -> 4.13149 | AA26: =IF(Xhaut="","",SQRT(((Xintergauche-Xhaut)^2+(Yintergauche-Yhaut)^2)+(Zintergauche-Zhaut)^2)) -> 3.3501123 | AB26: =IF(Xhaut="","",SQRT(((Xhautgauche-Xhaut)^2+(Yhautgauche-Yhaut)^2)+(Zhautgauche-Zhaut)^2)) -> 2.072889 | AC26: =IF(Xhaut="","",SQRT(((Xhautdroit-Xhaut)^2+(Yhautdroit-Yhaut)^2)+(Zhautdroit-Zhaut)^2)) -> 1.6369789 | AD26: =IF(Xhaut="","",SQRT(((Xinterdroit-Xhaut)^2+(Yinterdroit-Yhaut)^2)+(Zinterdroit-Zhaut)^2)) -> 3.8378597 | AE26: =IF(Xhaut="","",SQRT(((Xbasdroit-Xhaut)^2+(Ybasdroit-Yhaut)^2)+(Zbasdroit-Zhaut)^2)) -> 4.5644992 | AF26: =IF(Xhautdroit="","",SQRT(((Xhautdroit-Xhautgauche)^2+(Yhautdroit-Yhautgauche)^2)+(Zhautdroit-Zhautgauche)^2)) -> 3.5041388 | AG26: =IF(Xinterdroit="","",SQRT(((Xinterdroit-Xintergauche)^2+(Yinterdroit-Yintergauche)^2)+(Zinterdroit-Zintergauche)^2)) -> 5.3575035 | AH26: =IF(Xbasdroit="","",SQRT(((Xbasdroit-Xbasgauche)^2+(Ybasdroit-Ybasgauche)^2)+(Zbasdroit-Zbasgauche)^2)) -> 4.9621007 | AI26: =IF(Z26="","",(Z26-Z$20)*1000)+AI$18 -> -48.854924 | AJ26: =IF(AA26="","",(AA26-AA$20)*1000)+AJ$18 -> -41.430325 | AK26: =IF(AB26="","",(AB26-AB$20)*1000)+AK$18 -> -25.788592 | AL26: =IF(AC26="","",(AC26-AC$20)*1000)+AL$18 -> -13.418221 | AM26: =IF(AD26="","",(AD26-AD$20)*1000)+AM$18 -> -48.796744 | AN26: =IF(AE26="","",(AE26-AE$20)*1000)+AN$18 -> -26.581531 | AO26: =IF(AF26="","",(AF26-AF$20)*1000)+AO$18 -> -18.251149 | AP26: =IF(AG26="","",(AG26-AG$20)*1000)+AP$18 -> -19.028723 | AQ26: =IF(AH26="","",(AH26-AH$20)*1000)+AQ$18 -> -15.770939 | AS26: =IF(E26="","",(E26-E$20)*1000)+AS$18 -> 0.45000005 | AT26: =IF(F26="","",(F26-F$20)*1000)+AT$18 -> -1.1500001 | AU26: =IF(G26="","",(G26-G$20)*1000)+AU$18 -> 1.6 | AV26: =IF(H26="","",(H26-H$20)*1000)+AV$18 -> 0.50000008 | AW26: =IF(I26="","",(I26-I$20)*1000)+AW$18 -> -1.8500003 | AX26: =IF(J26="","",(J26-J$20)*1000)+AX$18 -> 0.65 | AY26: =IF(K26="","",(K26-K$20)*1000)+AY$18 -> 0.15000009 | AZ26: =IF(L26="","",(L26-L$20)*1000)+AZ$18 -> -6.3000002 | ... BM26: =IF(Y26="","",(Y26-Y$20)*1000)+BM$18 -> -32.3 | BO26: 183.97045 | BP26: -2.4332532 | BQ26: -0.87842454 | BR26: 183.94091 | BS26: -2.67014 | BT26: 0.29127095 | BU26: 183.9243 | BV26: -2.1554236 | BW26: 1.736637 | BX26: 183.786 | BY26: -0.30343356 | BZ26: 2.65882 | CA26: 183.8873 | CB26: 1.297615 | CC26: 2.332107 | CD26: 183.90696 | CE26: 2.6871331 | CF26: 0.25531038 | CG26: 183.90066 | CH26: 2.528172 | CI26: -0.92052657 | CK26: =IF(BO26="","",(BO26-BO$20)*1000)+CK$18 -> -0.3935161 | CL26: =IF(BP26="","",(BP26-BP$20)*1000)+CL$18 -> 1.5744615 | CM26: =IF(BQ26="","",(BQ26-BQ$20)*1000)+CM$18 -> 1.6029352 | CN26: =IF(BR26="","",(BR26-BR$20)*1000)+CN$18 -> -0.33221701 | CO26: =IF(BS26="","",(BS26-BS$20)*1000)+CO$18 -> 1.8375488 | CP26: =IF(BT26="","",(BT26-BT$20)*1000)+CP$18 -> 0.65432217 | CQ26: =IF(BU26="","",(BU26-BU$20)*1000)+CQ$18 -> -2.2411333 | CR26: =IF(BV26="","",(BV26-BV$20)*1000)+CR$18 -> 5.1488234 | ... DE26: =IF(CI26="","",(CI26-CI$20)*1000)+DE$18 -> -32.425831
A27: 43706 | B27: =A27-A$10 -> 48 | C27: 198.3 | D27: =C27-PM -> 14.4 | E27: 823233.38 | F27: 1091513.6 | G27: -124.5808 | H27: 823233.25 | I27: 1091513.8 | J27: -123.4114 | K27: 823233.45 | L27: 1091513.3 | M27: -121.9662 | N27: 823234.11 | O27: 1091511.6 | P27: -121.0457 | Q27: 823234.88 | R27: 1091510.1 | S27: -121.3709 | T27: 823235.48 | U27: 1091508.9 | V27: -123.4478 | W27: 823235.41 | X27: 1091509 | Y27: -124.6238 | Z27: =IF(Xhaut="","",SQRT(((Xbasgauche-Xhaut)^2+(Ybasgauche-Yhaut)^2)+(Zbasgauche-Zhaut)^2)) -> 4.1313529 | AA27: =IF(Xhaut="","",SQRT(((Xintergauche-Xhaut)^2+(Yintergauche-Yhaut)^2)+(Zintergauche-Zhaut)^2)) -> 3.3501754 | AB27: =IF(Xhaut="","",SQRT(((Xhautgauche-Xhaut)^2+(Yhautgauche-Yhaut)^2)+(Zhautgauche-Zhaut)^2)) -> 2.073082 | AC27: =IF(Xhaut="","",SQRT(((Xhautdroit-Xhaut)^2+(Yhautdroit-Yhaut)^2)+(Zhautdroit-Zhaut)^2)) -> 1.6368483 | AD27: =IF(Xhaut="","",SQRT(((Xinterdroit-Xhaut)^2+(Yinterdroit-Yhaut)^2)+(Zinterdroit-Zhaut)^2)) -> 3.8375289 | AE27: =IF(Xhaut="","",SQRT(((Xbasdroit-Xhaut)^2+(Ybasdroit-Yhaut)^2)+(Zbasdroit-Zhaut)^2)) -> 4.5641183 | AF27: =IF(Xhautdroit="","",SQRT(((Xhautdroit-Xhautgauche)^2+(Yhautdroit-Yhautgauche)^2)+(Zhautdroit-Zhautgauche)^2)) -> 3.5044984 | AG27: =IF(Xinterdroit="","",SQRT(((Xinterdroit-Xintergauche)^2+(Yinterdroit-Yintergauche)^2)+(Zinterdroit-Zintergauche)^2)) -> 5.3576218 | AH27: =IF(Xbasdroit="","",SQRT(((Xbasdroit-Xbasgauche)^2+(Ybasdroit-Ybasgauche)^2)+(Zbasdroit-Zbasgauche)^2)) -> 4.9618514 | AI27: =IF(Z27="","",(Z27-Z$20)*1000)+AI$18 -> -48.992037 | AJ27: =IF(AA27="","",(AA27-AA$20)*1000)+AJ$18 -> -41.367216 | AK27: =IF(AB27="","",(AB27-AB$20)*1000)+AK$18 -> -25.595619 | AL27: =IF(AC27="","",(AC27-AC$20)*1000)+AL$18 -> -13.548802 | AM27: =IF(AD27="","",(AD27-AD$20)*1000)+AM$18 -> -49.12749 | AN27: =IF(AE27="","",(AE27-AE$20)*1000)+AN$18 -> -26.962364 | AO27: =IF(AF27="","",(AF27-AF$20)*1000)+AO$18 -> -17.89157 | AP27: =IF(AG27="","",(AG27-AG$20)*1000)+AP$18 -> -18.910468 | AQ27: =IF(AH27="","",(AH27-AH$20)*1000)+AQ$18 -> -16.020299 | AS27: =IF(E27="","",(E27-E$20)*1000)+AS$18 -> 1.05 | AT27: =IF(F27="","",(F27-F$20)*1000)+AT$18 -> 0.34999987 | AU27: =IF(G27="","",(G27-G$20)*1000)+AU$18 -> 2.4 | AV27: =IF(H27="","",(H27-H$20)*1000)+AV$18 -> 1.2000001 | AW27: =IF(I27="","",(I27-I$20)*1000)+AW$18 -> -0.15000021 | AX27: =IF(J27="","",(J27-J$20)*1000)+AX$18 -> 1.45 | AY27: =IF(K27="","",(K27-K$20)*1000)+AY$18 -> 0.65000006 | AZ27: =IF(L27="","",(L27-L$20)*1000)+AZ$18 -> -4.7000004 | ... BM27: =IF(Y27="","",(Y27-Y$20)*1000)+BM$18 -> -31.7 | BO27: 183.972 | BP27: -2.434 | BQ27: -0.878 | BR27: 183.942 | BS27: -2.671 | BT27: 0.292 | BU27: 183.925 | BV27: -2.157 | BW27: 1.737 | BX27: 183.787 | BY27: -0.304 | BZ27: 2.659 | CA27: 183.889 | CB27: 1.297 | CC27: 2.333 | CD27: 183.909 | CE27: 2.686 | CF27: 0.256 | CG27: 183.902 | CH27: 2.527 | CI27: -0.92 | CK27: =IF(BO27="","",(BO27-BO$20)*1000)+CK$18 -> 1.1529204 | CL27: =IF(BP27="","",(BP27-BP$20)*1000)+CL$18 -> 0.82763397 | CM27: =IF(BQ27="","",(BQ27-BQ$20)*1000)+CM$18 -> 2.0274708 | CN27: =IF(BR27="","",(BR27-BR$20)*1000)+CN$18 -> 0.7624441 | CO27: =IF(BS27="","",(BS27-BS$20)*1000)+CO$18 -> 0.97751361 | CP27: =IF(BT27="","",(BT27-BT$20)*1000)+CP$18 -> 1.3833756 | CQ27: =IF(BU27="","",(BU27-BU$20)*1000)+CQ$18 -> -1.5448855 | CR27: =IF(BV27="","",(BV27-BV$20)*1000)+CR$18 -> 3.572471 | ... DE27: =IF(CI27="","",(CI27-CI$20)*1000)+DE$18 -> -31.899263
A28: 43710 | B28: =A28-A$10 -> 52 | C28: 199.4 | D28: =C28-PM -> 15.5 | E28: 823233.38 | F28: 1091513.6 | G28: -124.5812 | H28: 823233.25 | I28: 1091513.8 | J28: -123.4117 | K28: 823233.45 | L28: 1091513.3 | M28: -121.9669 | N28: 823234.11 | O28: 1091511.6 | P28: -121.0468 | Q28: 823234.88 | R28: 1091510.1 | S28: -121.3715 | T28: 823235.48 | U28: 1091508.9 | V28: -123.4482 | W28: 823235.41 | X28: 1091509 | Y28: -124.624 | Z28: =IF(Xhaut="","",SQRT(((Xbasgauche-Xhaut)^2+(Ybasgauche-Yhaut)^2)+(Zbasgauche-Zhaut)^2)) -> 4.1306567 | AA28: =IF(Xhaut="","",SQRT(((Xintergauche-Xhaut)^2+(Yintergauche-Yhaut)^2)+(Zintergauche-Zhaut)^2)) -> 3.3494528 | AB28: =IF(Xhaut="","",SQRT(((Xhautgauche-Xhaut)^2+(Yhautgauche-Yhaut)^2)+(Zhautgauche-Zhaut)^2)) -> 2.0727254 | AC28: =IF(Xhaut="","",SQRT(((Xhautdroit-Xhaut)^2+(Yhautdroit-Yhaut)^2)+(Zhautdroit-Zhaut)^2)) -> 1.6366082 | AD28: =IF(Xhaut="","",SQRT(((Xinterdroit-Xhaut)^2+(Yinterdroit-Yhaut)^2)+(Zinterdroit-Zhaut)^2)) -> 3.8369141 | AE28: =IF(Xhaut="","",SQRT(((Xbasdroit-Xhaut)^2+(Ybasdroit-Yhaut)^2)+(Zbasdroit-Zhaut)^2)) -> 4.5633843 | AF28: =IF(Xhautdroit="","",SQRT(((Xhautdroit-Xhautgauche)^2+(Yhautdroit-Yhautgauche)^2)+(Zhautdroit-Zhautgauche)^2)) -> 3.5041814 | AG28: =IF(Xinterdroit="","",SQRT(((Xinterdroit-Xintergauche)^2+(Yinterdroit-Yintergauche)^2)+(Zinterdroit-Zintergauche)^2)) -> 5.357183 | AH28: =IF(Xbasdroit="","",SQRT(((Xbasdroit-Xbasgauche)^2+(Ybasdroit-Ybasgauche)^2)+(Zbasdroit-Zbasgauche)^2)) -> 4.9616262 | AI28: =IF(Z28="","",(Z28-Z$20)*1000)+AI$18 -> -49.688227 | AJ28: =IF(AA28="","",(AA28-AA$20)*1000)+AJ$18 -> -42.089756 | AK28: =IF(AB28="","",(AB28-AB$20)*1000)+AK$18 -> -25.952196 | AL28: =IF(AC28="","",(AC28-AC$20)*1000)+AL$18 -> -13.788958 | AM28: =IF(AD28="","",(AD28-AD$20)*1000)+AM$18 -> -49.742308 | AN28: =IF(AE28="","",(AE28-AE$20)*1000)+AN$18 -> -27.696401 | AO28: =IF(AF28="","",(AF28-AF$20)*1000)+AO$18 -> -18.208551 | AP28: =IF(AG28="","",(AG28-AG$20)*1000)+AP$18 -> -19.349241 | AQ28: =IF(AH28="","",(AH28-AH$20)*1000)+AQ$18 -> -16.245437 | AS28: =IF(E28="","",(E28-E$20)*1000)+AS$18 -> 0.65000006 | AT28: =IF(F28="","",(F28-F$20)*1000)+AT$18 -> -0.65000006 | AU28: =IF(G28="","",(G28-G$20)*1000)+AU$18 -> 2 | AV28: =IF(H28="","",(H28-H$20)*1000)+AV$18 -> 0.9000001 | AW28: =IF(I28="","",(I28-I$20)*1000)+AW$18 -> -1.1500001 | AX28: =IF(J28="","",(J28-J$20)*1000)+AX$18 -> 1.15 | AY28: =IF(K28="","",(K28-K$20)*1000)+AY$18 -> 0.55000011 | AZ28: =IF(L28="","",(L28-L$20)*1000)+AZ$18 -> -5.6000003 | ... BM28: =IF(Y28="","",(Y28-Y$20)*1000)+BM$18 -> -31.9 | BO28: 183.9708 | BP28: -2.4336 | BQ28: -0.878 | BR28: 183.9416 | BS28: -2.6706 | BT28: 0.2918 | BU28: 183.925 | BV28: -2.1559 | BW28: 1.7367 | BX28: 183.7868 | BY28: -0.3037 | BZ28: 2.6582 | CA28: 183.8882 | CB28: 1.2971 | CC28: 2.3325 | CD28: 183.9079 | CE28: 2.6863 | CF28: 0.2556 | CG28: 183.9017 | CH28: 2.5273 | CI28: -0.9201 | CK28: =IF(BO28="","",(BO28-BO$20)*1000)+CK$18 -> -0.047079643 | CL28: =IF(BP28="","",(BP28-BP$20)*1000)+CL$18 -> 1.227634 | CM28: =IF(BQ28="","",(BQ28-BQ$20)*1000)+CM$18 -> 2.0274708 | CN28: =IF(BR28="","",(BR28-BR$20)*1000)+CN$18 -> 0.3624441 | CO28: =IF(BS28="","",(BS28-BS$20)*1000)+CO$18 -> 1.3775136 | CP28: =IF(BT28="","",(BT28-BT$20)*1000)+CP$18 -> 1.1833756 | CQ28: =IF(BU28="","",(BU28-BU$20)*1000)+CQ$18 -> -1.5448855 | CR28: =IF(BV28="","",(BV28-BV$20)*1000)+CR$18 -> 4.672471 | ... DE28: =IF(CI28="","",(CI28-CI$20)*1000)+DE$18 -> -31.999263
A29: 43713 | B29: =A29-A$10 -> 55 | C29: 200.6 | D29: =C29-PM -> 16.7 | E29: 823233.38 | F29: 1091513.6 | G29: -124.5802 | H29: 823233.25 | I29: 1091513.8 | J29: -123.4108 | K29: 823233.45 | L29: 1091513.3 | M29: -121.9664 | N29: 823234.11 | O29: 1091511.6 | P29: -121.0467 | Q29: 823234.88 | R29: 1091510.1 | S29: -121.371 | T29: 823235.49 | U29: 1091508.9 | V29: -123.4474 | W29: 823235.41 | X29: 1091509 | Y29: -124.6232 | Z29: =IF(Xhaut="","",SQRT(((Xbasgauche-Xhaut)^2+(Ybasgauche-Yhaut)^2)+(Zbasgauche-Zhaut)^2)) -> 4.1300233 | AA29: =IF(Xhaut="","",SQRT(((Xintergauche-Xhaut)^2+(Yintergauche-Yhaut)^2)+(Zintergauche-Zhaut)^2)) -> 3.3488257 | AB29: =IF(Xhaut="","",SQRT(((Xhautgauche-Xhaut)^2+(Yhautgauche-Yhaut)^2)+(Zhautgauche-Zhaut)^2)) -> 2.0724007 | AC29: =IF(Xhaut="","",SQRT(((Xhautdroit-Xhaut)^2+(Yhautdroit-Yhaut)^2)+(Zhautdroit-Zhaut)^2)) -> 1.636568 | AD29: =IF(Xhaut="","",SQRT(((Xinterdroit-Xhaut)^2+(Yinterdroit-Yhaut)^2)+(Zinterdroit-Zhaut)^2)) -> 3.8364425 | AE29: =IF(Xhaut="","",SQRT(((Xbasdroit-Xhaut)^2+(Ybasdroit-Yhaut)^2)+(Zbasdroit-Zhaut)^2)) -> 4.5628356 | AF29: =IF(Xhautdroit="","",SQRT(((Xhautdroit-Xhautgauche)^2+(Yhautdroit-Yhautgauche)^2)+(Zhautdroit-Zhautgauche)^2)) -> 3.5040593 | AG29: =IF(Xinterdroit="","",SQRT(((Xinterdroit-Xintergauche)^2+(Yinterdroit-Yintergauche)^2)+(Zinterdroit-Zintergauche)^2)) -> 5.3570169 | AH29: =IF(Xbasdroit="","",SQRT(((Xbasdroit-Xbasgauche)^2+(Ybasdroit-Ybasgauche)^2)+(Zbasdroit-Zbasgauche)^2)) -> 4.9618381 | AI29: =IF(Z29="","",(Z29-Z$20)*1000)+AI$18 -> -50.321647 | AJ29: =IF(AA29="","",(AA29-AA$20)*1000)+AJ$18 -> -42.716923 | AK29: =IF(AB29="","",(AB29-AB$20)*1000)+AK$18 -> -26.27699 | AL29: =IF(AC29="","",(AC29-AC$20)*1000)+AL$18 -> -13.829188 | AM29: =IF(AD29="","",(AD29-AD$20)*1000)+AM$18 -> -50.213874 | AN29: =IF(AE29="","",(AE29-AE$20)*1000)+AN$18 -> -28.245104 | AO29: =IF(AF29="","",(AF29-AF$20)*1000)+AO$18 -> -18.330631 | AP29: =IF(AG29="","",(AG29-AG$20)*1000)+AP$18 -> -19.51532 | AQ29: =IF(AH29="","",(AH29-AH$20)*1000)+AQ$18 -> -16.033601 | AS29: =IF(E29="","",(E29-E$20)*1000)+AS$18 -> 2.55 | AT29: =IF(F29="","",(F29-F$20)*1000)+AT$18 -> -1.5500002 | AU29: =IF(G29="","",(G29-G$20)*1000)+AU$18 -> 3 | AV29: =IF(H29="","",(H29-H$20)*1000)+AV$18 -> 2.7000001 | AW29: =IF(I29="","",(I29-I$20)*1000)+AW$18 -> -2.4500003 | AX29: =IF(J29="","",(J29-J$20)*1000)+AX$18 -> 2.05 | AY29: =IF(K29="","",(K29-K$20)*1000)+AY$18 -> 2.0500001 | AZ29: =IF(L29="","",(L29-L$20)*1000)+AZ$18 -> -7.1000003 | ... BM29: =IF(Y29="","",(Y29-Y$20)*1000)+BM$18 -> -31.1 | BO29: 183.9722 | BP29: -2.432 | BQ29: -0.877 | BR29: 183.9426 | BS29: -2.6687 | BT29: 0.2927 | BU29: 183.9257 | BV29: -2.1539 | BW29: 1.7372 | BX29: 183.7874 | BY29: -0.3019 | BZ29: 2.6583 | CA29: 183.8886 | CB29: 1.299 | CC29: 2.333 | CD29: 183.9086 | CE29: 2.6881 | CF29: 0.2564 | CG29: 183.9023 | CH29: 2.5292 | CI29: -0.9193 | CK29: =IF(BO29="","",(BO29-BO$20)*1000)+CK$18 -> 1.3529204 | CL29: =IF(BP29="","",(BP29-BP$20)*1000)+CL$18 -> 2.827634 | CM29: =IF(BQ29="","",(BQ29-BQ$20)*1000)+CM$18 -> 3.0274708 | CN29: =IF(BR29="","",(BR29-BR$20)*1000)+CN$18 -> 1.3624441 | CO29: =IF(BS29="","",(BS29-BS$20)*1000)+CO$18 -> 3.2775136 | CP29: =IF(BT29="","",(BT29-BT$20)*1000)+CP$18 -> 2.0833756 | CQ29: =IF(BU29="","",(BU29-BU$20)*1000)+CQ$18 -> -0.84488549 | CR29: =IF(BV29="","",(BV29-BV$20)*1000)+CR$18 -> 6.672471 | ... DE29: =IF(CI29="","",(CI29-CI$20)*1000)+DE$18 -> -31.199263
A30: 43718 | B30: =A30-A$10 -> 60 | C30: 202.58 | D30: =C30-PM -> 18.68 | E30: 823233.38 | F30: 1091513.6 | G30: -124.5806 | H30: 823233.25 | I30: 1091513.8 | J30: -123.4114 | K30: 823233.45 | L30: 1091513.3 | M30: -121.967 | N30: 823234.11 | O30: 1091511.6 | P30: -121.048 | Q30: 823234.88 | R30: 1091510.1 | S30: -121.3719 | T30: 823235.48 | U30: 1091508.9 | V30: -123.448 | W30: 823235.41 | X30: 1091509 | Y30: -124.624 | Z30: =IF(Xhaut="","",SQRT(((Xbasgauche-Xhaut)^2+(Ybasgauche-Yhaut)^2)+(Zbasgauche-Zhaut)^2)) -> 4.1290726 | AA30: =IF(Xhaut="","",SQRT(((Xintergauche-Xhaut)^2+(Yintergauche-Yhaut)^2)+(Zintergauche-Zhaut)^2)) -> 3.3483536 | AB30: =IF(Xhaut="","",SQRT(((Xhautgauche-Xhaut)^2+(Yhautgauche-Yhaut)^2)+(Zhautgauche-Zhaut)^2)) -> 2.0721332 | AC30: =IF(Xhaut="","",SQRT(((Xhautdroit-Xhaut)^2+(Yhautdroit-Yhaut)^2)+(Zhautdroit-Zhaut)^2)) -> 1.6360585 | AD30: =IF(Xhaut="","",SQRT(((Xinterdroit-Xhaut)^2+(Yinterdroit-Yhaut)^2)+(Zinterdroit-Zhaut)^2)) -> 3.8354883 | AE30: =IF(Xhaut="","",SQRT(((Xbasdroit-Xhaut)^2+(Ybasdroit-Yhaut)^2)+(Zbasdroit-Zhaut)^2)) -> 4.562029 | AF30: =IF(Xhautdroit="","",SQRT(((Xhautdroit-Xhautgauche)^2+(Yhautdroit-Yhautgauche)^2)+(Zhautdroit-Zhautgauche)^2)) -> 3.5036327 | AG30: =IF(Xinterdroit="","",SQRT(((Xinterdroit-Xintergauche)^2+(Yinterdroit-Yintergauche)^2)+(Zinterdroit-Zintergauche)^2)) -> 5.3563924 | AH30: =IF(Xbasdroit="","",SQRT(((Xbasdroit-Xbasgauche)^2+(Ybasdroit-Ybasgauche)^2)+(Zbasdroit-Zbasgauche)^2)) -> 4.9608926 | AI30: =IF(Z30="","",(Z30-Z$20)*1000)+AI$18 -> -51.272258 | AJ30: =IF(AA30="","",(AA30-AA$20)*1000)+AJ$18 -> -43.188998 | AK30: =IF(AB30="","",(AB30-AB$20)*1000)+AK$18 -> -26.544421 | AL30: =IF(AC30="","",(AC30-AC$20)*1000)+AL$18 -> -14.338604 | AM30: =IF(AD30="","",(AD30-AD$20)*1000)+AM$18 -> -51.16812 | AN30: =IF(AE30="","",(AE30-AE$20)*1000)+AN$18 -> -29.051689 | AO30: =IF(AF30="","",(AF30-AF$20)*1000)+AO$18 -> -18.757304 | AP30: =IF(AG30="","",(AG30-AG$20)*1000)+AP$18 -> -20.139814 | AQ30: =IF(AH30="","",(AH30-AH$20)*1000)+AQ$18 -> -16.979054 | AS30: =IF(E30="","",(E30-E$20)*1000)+AS$18 -> 0.050000031 | AT30: =IF(F30="","",(F30-F$20)*1000)+AT$18 -> 0.55 | AU30: =IF(G30="","",(G30-G$20)*1000)+AU$18 -> 2.6 | AV30: =IF(H30="","",(H30-H$20)*1000)+AV$18 -> 0.50000008 | AW30: =IF(I30="","",(I30-I$20)*1000)+AW$18 -> 0.14999975 | AX30: =IF(J30="","",(J30-J$20)*1000)+AX$18 -> 1.45 | AY30: =IF(K30="","",(K30-K$20)*1000)+AY$18 -> 0.050000031 | AZ30: =IF(L30="","",(L30-L$20)*1000)+AZ$18 -> -4.4000002 | ... BM30: =IF(Y30="","",(Y30-Y$20)*1000)+BM$18 -> -31.9 | BO30: 183.9708 | BP30: -2.435 | BQ30: -0.8774 | BR30: 183.9418 | BS30: -2.672 | BT30: 0.2921 | BU30: 183.925 | BV30: -2.1572 | BW30: 1.7366 | BX30: 183.7871 | BY30: -0.3051 | BZ30: 2.657 | CA30: 183.8886 | CB30: 1.2953 | CC30: 2.3321 | CD30: 183.909 | CE30: 2.6842 | CF30: 0.2558 | CG30: 183.9022 | CH30: 2.5253 | CI30: -0.9201 | CK30: =IF(BO30="","",(BO30-BO$20)*1000)+CK$18 -> -0.047079643 | CL30: =IF(BP30="","",(BP30-BP$20)*1000)+CL$18 -> -0.17236603 | CM30: =IF(BQ30="","",(BQ30-BQ$20)*1000)+CM$18 -> 2.6274708 | CN30: =IF(BR30="","",(BR30-BR$20)*1000)+CN$18 -> 0.5624441 | CO30: =IF(BS30="","",(BS30-BS$20)*1000)+CO$18 -> -0.022486393 | CP30: =IF(BT30="","",(BT30-BT$20)*1000)+CP$18 -> 1.4833756 | CQ30: =IF(BU30="","",(BU30-BU$20)*1000)+CQ$18 -> -1.5448855 | CR30: =IF(BV30="","",(BV30-BV$20)*1000)+CR$18 -> 3.372471 | ... DE30: =IF(CI30="","",(CI30-CI$20)*1000)+DE$18 -> -31.999263
A31: 43720 | B31: =A31-A$10 -> 62 | C31: 203.6 | D31: =C31-PM -> 19.7 | E31: 823233.38 | F31: 1091513.6 | G31: -124.5811 | H31: 823233.25 | I31: 1091513.8 | J31: -123.4121 | K31: 823233.45 | L31: 1091513.3 | M31: -121.9676 | N31: 823234.11 | O31: 1091511.6 | P31: -121.049 | Q31: 823234.88 | R31: 1091510.1 | S31: -121.3725 | T31: 823235.48 | U31: 1091508.9 | V31: -123.4486 | W31: 823235.41 | X31: 1091509 | Y31: -124.6246 | Z31: =IF(Xhaut="","",SQRT(((Xbasgauche-Xhaut)^2+(Ybasgauche-Yhaut)^2)+(Zbasgauche-Zhaut)^2)) -> 4.128702 | AA31: =IF(Xhaut="","",SQRT(((Xintergauche-Xhaut)^2+(Yintergauche-Yhaut)^2)+(Zintergauche-Zhaut)^2)) -> 3.3481051 | AB31: =IF(Xhaut="","",SQRT(((Xhautgauche-Xhaut)^2+(Yhautgauche-Yhaut)^2)+(Zhautgauche-Zhaut)^2)) -> 2.0719127 | AC31: =IF(Xhaut="","",SQRT(((Xhautdroit-Xhaut)^2+(Yhautdroit-Yhaut)^2)+(Zhautdroit-Zhaut)^2)) -> 1.6360576 | AD31: =IF(Xhaut="","",SQRT(((Xinterdroit-Xhaut)^2+(Yinterdroit-Yhaut)^2)+(Zinterdroit-Zhaut)^2)) -> 3.8352692 | AE31: =IF(Xhaut="","",SQRT(((Xbasdroit-Xhaut)^2+(Ybasdroit-Yhaut)^2)+(Zbasdroit-Zhaut)^2)) -> 4.5615996 | AF31: =IF(Xhautdroit="","",SQRT(((Xhautdroit-Xhautgauche)^2+(Yhautdroit-Yhautgauche)^2)+(Zhautdroit-Zhautgauche)^2)) -> 3.5036577 | AG31: =IF(Xinterdroit="","",SQRT(((Xinterdroit-Xintergauche)^2+(Yinterdroit-Yintergauche)^2)+(Zinterdroit-Zintergauche)^2)) -> 5.3563725 | AH31: =IF(Xbasdroit="","",SQRT(((Xbasdroit-Xbasgauche)^2+(Ybasdroit-Ybasgauche)^2)+(Zbasdroit-Zbasgauche)^2)) -> 4.9608073 | AI31: =IF(Z31="","",(Z31-Z$20)*1000)+AI$18 -> -51.642935 | AJ31: =IF(AA31="","",(AA31-AA$20)*1000)+AJ$18 -> -43.437467 | AK31: =IF(AB31="","",(AB31-AB$20)*1000)+AK$18 -> -26.764919 | AL31: =IF(AC31="","",(AC31-AC$20)*1000)+AL$18 -> -14.339582 | AM31: =IF(AD31="","",(AD31-AD$20)*1000)+AM$18 -> -51.38726 | AN31: =IF(AE31="","",(AE31-AE$20)*1000)+AN$18 -> -29.481089 | AO31: =IF(AF31="","",(AF31-AF$20)*1000)+AO$18 -> -18.732237 | AP31: =IF(AG31="","",(AG31-AG$20)*1000)+AP$18 -> -20.159754 | AQ31: =IF(AH31="","",(AH31-AH$20)*1000)+AQ$18 -> -17.06431 | AS31: =IF(E31="","",(E31-E$20)*1000)+AS$18 -> 1.15 | AT31: =IF(F31="","",(F31-F$20)*1000)+AT$18 -> -0.65000006 | AU31: =IF(G31="","",(G31-G$20)*1000)+AU$18 -> 2.1 | AV31: =IF(H31="","",(H31-H$20)*1000)+AV$18 -> 1.5000001 | AW31: =IF(I31="","",(I31-I$20)*1000)+AW$18 -> -1.2500002 | AX31: =IF(J31="","",(J31-J$20)*1000)+AX$18 -> 0.75 | AY31: =IF(K31="","",(K31-K$20)*1000)+AY$18 -> 1.0500001 | AZ31: =IF(L31="","",(L31-L$20)*1000)+AZ$18 -> -5.8000004 | ... BM31: =IF(Y31="","",(Y31-Y$20)*1000)+BM$18 -> -32.5 | BO31: 183.971 | BP31: -2.433 | BQ31: -0.878 | BR31: 183.942 | BS31: -2.67 | BT31: 0.291 | BU31: 183.925 | BV31: -2.155 | BW31: 1.736 | BX31: 183.787 | BY31: -0.304 | BZ31: 2.656 | CA31: 183.888 | CB31: 1.297 | CC31: 2.331 | CD31: 183.909 | CE31: 2.686 | CF31: 0.255 | CG31: 183.902 | CH31: 2.527 | CI31: -0.921 | CK31: =IF(BO31="","",(BO31-BO$20)*1000)+CK$18 -> 0.15292036 | CL31: =IF(BP31="","",(BP31-BP$20)*1000)+CL$18 -> 1.827634 | CM31: =IF(BQ31="","",(BQ31-BQ$20)*1000)+CM$18 -> 2.0274708 | CN31: =IF(BR31="","",(BR31-BR$20)*1000)+CN$18 -> 0.7624441 | CO31: =IF(BS31="","",(BS31-BS$20)*1000)+CO$18 -> 1.9775136 | CP31: =IF(BT31="","",(BT31-BT$20)*1000)+CP$18 -> 0.38337556 | CQ31: =IF(BU31="","",(BU31-BU$20)*1000)+CQ$18 -> -1.5448855 | CR31: =IF(BV31="","",(BV31-BV$20)*1000)+CR$18 -> 5.572471 | ... DE31: =IF(CI31="","",(CI31-CI$20)*1000)+DE$18 -> -32.899263
A32: 43724 | B32: =A32-A$10 -> 66 | C32: 203.6 | D32: =C32-PM -> 19.7 | E32: 823233.38 | F32: 1091513.6 | G32: -124.5813 | H32: 823233.25 | I32: 1091513.8 | J32: -123.4121 | K32: 823233.45 | L32: 1091513.3 | M32: -121.968 | N32: 823234.11 | O32: 1091511.6 | P32: -121.0502 | Q32: 823234.88 | R32: 1091510.1 | S32: -121.3729 | T32: 823235.48 | U32: 1091508.9 | V32: -123.4488 | Z32: =IF(Xhaut="","",SQRT(((Xbasgauche-Xhaut)^2+(Ybasgauche-Yhaut)^2)+(Zbasgauche-Zhaut)^2)) -> 4.1277091 | AA32: =IF(Xhaut="","",SQRT(((Xintergauche-Xhaut)^2+(Yintergauche-Yhaut)^2)+(Zintergauche-Zhaut)^2)) -> 3.3471555 | AB32: =IF(Xhaut="","",SQRT(((Xhautgauche-Xhaut)^2+(Yhautgauche-Yhaut)^2)+(Zhautgauche-Zhaut)^2)) -> 2.0714109 | AC32: =IF(Xhaut="","",SQRT(((Xhautdroit-Xhaut)^2+(Yhautdroit-Yhaut)^2)+(Zhautdroit-Zhaut)^2)) -> 1.6353363 | AD32: =IF(Xhaut="","",SQRT(((Xinterdroit-Xhaut)^2+(Yinterdroit-Yhaut)^2)+(Zinterdroit-Zhaut)^2)) -> 3.8340868 | AF32: =IF(Xhautdroit="","",SQRT(((Xhautdroit-Xhautgauche)^2+(Yhautdroit-Yhautgauche)^2)+(Zhautdroit-Zhautgauche)^2)) -> 3.5029074 | AG32: =IF(Xinterdroit="","",SQRT(((Xinterdroit-Xintergauche)^2+(Yinterdroit-Yintergauche)^2)+(Zinterdroit-Zintergauche)^2)) -> 5.3554875 | AH32: =IF(Xbasdroit="","",SQRT(((Xbasdroit-Xbasgauche)^2+(Ybasdroit-Ybasgauche)^2)+(Zbasdroit-Zbasgauche)^2)) | AI32: =IF(Z32="","",(Z32-Z$20)*1000)+AI$18 -> -52.635834 | AJ32: =IF(AA32="","",(AA32-AA$20)*1000)+AJ$18 -> -44.387046 | AK32: =IF(AB32="","",(AB32-AB$20)*1000)+AK$18 -> -27.266788 | AL32: =IF(AC32="","",(AC32-AC$20)*1000)+AL$18 -> -15.060862 | AM32: =IF(AD32="","",(AD32-AD$20)*1000)+AM$18 -> -52.56965 | AO32: =IF(AF32="","",(AF32-AF$20)*1000)+AO$18 -> -19.482585 | AP32: =IF(AG32="","",(AG32-AG$20)*1000)+AP$18 -> -21.044787 | AS32: =IF(E32="","",(E32-E$20)*1000)+AS$18 -> 1.05 | AT32: =IF(F32="","",(F32-F$20)*1000)+AT$18 -> -1.4500001 | AU32: =IF(G32="","",(G32-G$20)*1000)+AU$18 -> 1.9 | AV32: =IF(H32="","",(H32-H$20)*1000)+AV$18 -> 1.3000001 | AW32: =IF(I32="","",(I32-I$20)*1000)+AW$18 -> -1.9500002 | AX32: =IF(J32="","",(J32-J$20)*1000)+AX$18 -> 0.75 | AY32: =IF(K32="","",(K32-K$20)*1000)+AY$18 -> 0.65000006 | AZ32: =IF(L32="","",(L32-L$20)*1000)+AZ$18 -> -6.6000002 | ... BJ32: =IF(V32="","",(V32-V$20)*1000)+BJ$18 -> 0.2 | BO32: 183.9709 | BP32: -2.4327 | BQ32: -0.8781 | BR32: 183.9416 | BS32: -2.6697 | BT32: 0.2914 | BU32: 183.9246 | BV32: -2.1549 | BW32: 1.7356 | BX32: 183.7862 | BY32: -0.3031 | BZ32: 2.6548 | CA32: 183.8876 | CB32: 1.2968 | CC32: 2.3311 | CD32: 183.9078 | CE32: 2.6855 | CF32: 0.255 | CK32: =IF(BO32="","",(BO32-BO$20)*1000)+CK$18 -> 0.052920357 | CL32: =IF(BP32="","",(BP32-BP$20)*1000)+CL$18 -> 2.127634 | CM32: =IF(BQ32="","",(BQ32-BQ$20)*1000)+CM$18 -> 1.9274708 | CN32: =IF(BR32="","",(BR32-BR$20)*1000)+CN$18 -> 0.3624441 | CO32: =IF(BS32="","",(BS32-BS$20)*1000)+CO$18 -> 2.2775136 | CP32: =IF(BT32="","",(BT32-BT$20)*1000)+CP$18 -> 0.78337556 | CQ32: =IF(BU32="","",(BU32-BU$20)*1000)+CQ$18 -> -1.9448855 | CR32: =IF(BV32="","",(BV32-BV$20)*1000)+CR$18 -> 5.672471 | ... DB32: =IF(CF32="","",(CF32-CF$20)*1000)+DB$18 -> 0.23865533
A33: 43727 | B33: =A33-A$10 -> 69 | C33: 206.32 | D33: =C33-PM -> 22.42 | E33: 823233.38 | F33: 1091513.6 | G33: -124.5806 | H33: 823233.25 | I33: 1091513.8 | J33: -123.4114 | K33: 823233.45 | L33: 1091513.3 | M33: -121.9674 | N33: 823234.11 | O33: 1091511.6 | P33: -121.0501 | Q33: 823234.88 | R33: 1091510.1 | S33: -121.3726 | T33: 823235.48 | U33: 1091508.9 | V33: -123.4482 | W33: 823235.41 | X33: 1091509 | Y33: -124.624 | Z33: =IF(Xhaut="","",SQRT(((Xbasgauche-Xhaut)^2+(Ybasgauche-Yhaut)^2)+(Zbasgauche-Zhaut)^2)) -> 4.1268908 | AA33: =IF(Xhaut="","",SQRT(((Xintergauche-Xhaut)^2+(Yintergauche-Yhaut)^2)+(Zintergauche-Zhaut)^2)) -> 3.3464276 | AB33: =IF(Xhaut="","",SQRT(((Xhautgauche-Xhaut)^2+(Yhautgauche-Yhaut)^2)+(Zhautgauche-Zhaut)^2)) -> 2.0707066 | AC33: =IF(Xhaut="","",SQRT(((Xhautdroit-Xhaut)^2+(Yhautdroit-Yhaut)^2)+(Zhautdroit-Zhaut)^2)) -> 1.6353438 | AD33: =IF(Xhaut="","",SQRT(((Xinterdroit-Xhaut)^2+(Yinterdroit-Yhaut)^2)+(Zinterdroit-Zhaut)^2)) -> 3.833848 | AE33: =IF(Xhaut="","",SQRT(((Xbasdroit-Xhaut)^2+(Ybasdroit-Yhaut)^2)+(Zbasdroit-Zhaut)^2)) -> 4.5599665 | AF33: =IF(Xhautdroit="","",SQRT(((Xhautdroit-Xhautgauche)^2+(Yhautdroit-Yhautgauche)^2)+(Zhautdroit-Zhautgauche)^2)) -> 3.502367 | AG33: =IF(Xinterdroit="","",SQRT(((Xinterdroit-Xintergauche)^2+(Yinterdroit-Yintergauche)^2)+(Zinterdroit-Zintergauche)^2)) -> 5.3551513 | AH33: =IF(Xbasdroit="","",SQRT(((Xbasdroit-Xbasgauche)^2+(Ybasdroit-Ybasgauche)^2)+(Zbasdroit-Zbasgauche)^2)) -> 4.9594383 | AI33: =IF(Z33="","",(Z33-Z$20)*1000)+AI$18 -> -53.454128 | AJ33: =IF(AA33="","",(AA33-AA$20)*1000)+AJ$18 -> -45.114949 | AK33: =IF(AB33="","",(AB33-AB$20)*1000)+AK$18 -> -27.971003 | AL33: =IF(AC33="","",(AC33-AC$20)*1000)+AL$18 -> -15.053344 | AM33: =IF(AD33="","",(AD33-AD$20)*1000)+AM$18 -> -52.808423 | AN33: =IF(AE33="","",(AE33-AE$20)*1000)+AN$18 -> -31.114231 | AO33: =IF(AF33="","",(AF33-AF$20)*1000)+AO$18 -> -20.023002 | AP33: =IF(AG33="","",(AG33-AG$20)*1000)+AP$18 -> -21.380946 | AQ33: =IF(AH33="","",(AH33-AH$20)*1000)+AQ$18 -> -18.433312 | AS33: =IF(E33="","",(E33-E$20)*1000)+AS$18 -> 0.14999998 | AT33: =IF(F33="","",(F33-F$20)*1000)+AT$18 -> -1.1500001 | AU33: =IF(G33="","",(G33-G$20)*1000)+AU$18 -> 2.6 | AV33: =IF(H33="","",(H33-H$20)*1000)+AV$18 -> 0.50000008 | AW33: =IF(I33="","",(I33-I$20)*1000)+AW$18 -> -1.4500003 | AX33: =IF(J33="","",(J33-J$20)*1000)+AX$18 -> 1.45 | AY33: =IF(K33="","",(K33-K$20)*1000)+AY$18 -> 0.15000009 | AZ33: =IF(L33="","",(L33-L$20)*1000)+AZ$18 -> -6.1000003 | ... BM33: =IF(Y33="","",(Y33-Y$20)*1000)+BM$18 -> -31.9 | BO33: 183.9702 | BP33: -2.4334 | BQ33: -0.8774 | BR33: 183.9411 | BS33: -2.6705 | BT33: 0.2921 | BU33: 183.9244 | BV33: -2.1556 | BW33: 1.7362 | BX33: 183.786 | BY33: -0.3043 | BZ33: 2.6549 | CA33: 183.8874 | CB33: 1.2957 | CC33: 2.3314 | CD33: 183.908 | CE33: 2.6844 | CF33: 0.2556 | CG33: 183.9011 | CH33: 2.5254 | CI33: -0.9201 | CK33: =IF(BO33="","",(BO33-BO$20)*1000)+CK$18 -> -0.64707964 | CL33: =IF(BP33="","",(BP33-BP$20)*1000)+CL$18 -> 1.427634 | CM33: =IF(BQ33="","",(BQ33-BQ$20)*1000)+CM$18 -> 2.6274708 | CN33: =IF(BR33="","",(BR33-BR$20)*1000)+CN$18 -> -0.1375559 | CO33: =IF(BS33="","",(BS33-BS$20)*1000)+CO$18 -> 1.4775136 | CP33: =IF(BT33="","",(BT33-BT$20)*1000)+CP$18 -> 1.4833756 | CQ33: =IF(BU33="","",(BU33-BU$20)*1000)+CQ$18 -> -2.1448855 | CR33: =IF(BV33="","",(BV33-BV$20)*1000)+CR$18 -> 4.972471 | ... DE33: =IF(CI33="","",(CI33-CI$20)*1000)+DE$18 -> -31.999263
A34: 43731 | B34: =A34-A$10 -> 73 | C34: 206.32 | D34: =C34-PM -> 22.42 | E34: 823233.38 | F34: 1091513.6 | G34: -124.58 | H34: 823233.25 | I34: 1091513.8 | J34: -123.4113 | K34: 823233.45 | L34: 1091513.3 | M34: -121.9677 | N34: 823234.11 | O34: 1091511.6 | P34: -121.0509 | Q34: 823234.88 | R34: 1091510.1 | S34: -121.3729 | T34: 823235.48 | U34: 1091508.9 | V34: -123.4482 | W34: 823235.41 | X34: 1091509 | Y34: -124.624 | Z34: =IF(Xhaut="","",SQRT(((Xbasgauche-Xhaut)^2+(Ybasgauche-Yhaut)^2)+(Zbasgauche-Zhaut)^2)) -> 4.1254453 | AA34: =IF(Xhaut="","",SQRT(((Xintergauche-Xhaut)^2+(Yintergauche-Yhaut)^2)+(Zintergauche-Zhaut)^2)) -> 3.3456642 | AB34: =IF(Xhaut="","",SQRT(((Xhautgauche-Xhaut)^2+(Yhautgauche-Yhaut)^2)+(Zhautgauche-Zhaut)^2)) -> 2.0702336 | AC34: =IF(Xhaut="","",SQRT(((Xhautdroit-Xhaut)^2+(Yhautdroit-Yhaut)^2)+(Zhautdroit-Zhaut)^2)) -> 1.6353081 | AD34: =IF(Xhaut="","",SQRT(((Xinterdroit-Xhaut)^2+(Yinterdroit-Yhaut)^2)+(Zinterdroit-Zhaut)^2)) -> 3.83335 | AE34: =IF(Xhaut="","",SQRT(((Xbasdroit-Xhaut)^2+(Ybasdroit-Yhaut)^2)+(Zbasdroit-Zhaut)^2)) -> 4.558957 | AF34: =IF(Xhautdroit="","",SQRT(((Xhautdroit-Xhautgauche)^2+(Yhautdroit-Yhautgauche)^2)+(Zhautdroit-Zhautgauche)^2)) -> 3.5021217 | AG34: =IF(Xinterdroit="","",SQRT(((Xinterdroit-Xintergauche)^2+(Yinterdroit-Yintergauche)^2)+(Zinterdroit-Zintergauche)^2)) -> 5.354936 | AH34: =IF(Xbasdroit="","",SQRT(((Xbasdroit-Xbasgauche)^2+(Ybasdroit-Ybasgauche)^2)+(Zbasdroit-Zbasgauche)^2)) -> 4.958299 | AI34: =IF(Z34="","",(Z34-Z$20)*1000)+AI$18 -> -54.89964 | AJ34: =IF(AA34="","",(AA34-AA$20)*1000)+AJ$18 -> -45.878355 | AK34: =IF(AB34="","",(AB34-AB$20)*1000)+AK$18 -> -28.444021 | AL34: =IF(AC34="","",(AC34-AC$20)*1000)+AL$18 -> -15.089006 | AM34: =IF(AD34="","",(AD34-AD$20)*1000)+AM$18 -> -53.306411 | AN34: =IF(AE34="","",(AE34-AE$20)*1000)+AN$18 -> -32.123671 | AO34: =IF(AF34="","",(AF34-AF$20)*1000)+AO$18 -> -20.268245 | AP34: =IF(AG34="","",(AG34-AG$20)*1000)+AP$18 -> -21.596251 | AQ34: =IF(AH34="","",(AH34-AH$20)*1000)+AQ$18 -> -19.572665 | AS34: =IF(E34="","",(E34-E$20)*1000)+AS$18 -> -0.64999994 | AT34: =IF(F34="","",(F34-F$20)*1000)+AT$18 -> -0.85000019 | AU34: =IF(G34="","",(G34-G$20)*1000)+AU$18 -> 3.2 | AV34: =IF(H34="","",(H34-H$20)*1000)+AV$18 -> -0.099999947 | AW34: =IF(I34="","",(I34-I$20)*1000)+AW$18 -> -0.75000036 | AX34: =IF(J34="","",(J34-J$20)*1000)+AX$18 -> 1.55 | AY34: =IF(K34="","",(K34-K$20)*1000)+AY$18 -> -0.9499999 | AZ34: =IF(L34="","",(L34-L$20)*1000)+AZ$18 -> -5.7000003 | ... BM34: =IF(Y34="","",(Y34-Y$20)*1000)+BM$18 -> -31.9 | BO34: 183.9697 | BP34: -2.4343 | BQ34: -0.8772 | BR34: 183.9407 | BS34: -2.6712 | BT34: 0.2922 | BU34: 183.9235 | BV34: -2.1563 | BW34: 1.7359 | BX34: 183.7852 | BY34: -0.3053 | BZ34: 2.6541 | CA34: 183.8872 | CB34: 1.2948 | CC34: 2.3311 | CD34: 183.9077 | CE34: 2.683 | CF34: 0.2556 | CG34: 183.9009 | CH34: 2.5241 | CI34: -0.9201 | CK34: =IF(BO34="","",(BO34-BO$20)*1000)+CK$18 -> -1.1470796 | CL34: =IF(BP34="","",(BP34-BP$20)*1000)+CL$18 -> 0.52763397 | CM34: =IF(BQ34="","",(BQ34-BQ$20)*1000)+CM$18 -> 2.8274708 | CN34: =IF(BR34="","",(BR34-BR$20)*1000)+CN$18 -> -0.5375559 | CO34: =IF(BS34="","",(BS34-BS$20)*1000)+CO$18 -> 0.77751361 | CP34: =IF(BT34="","",(BT34-BT$20)*1000)+CP$18 -> 1.5833756 | CQ34: =IF(BU34="","",(BU34-BU$20)*1000)+CQ$18 -> -3.0448855 | CR34: =IF(BV34="","",(BV34-BV$20)*1000)+CR$18 -> 4.272471 | ... DE34: =IF(CI34="","",(CI34-CI$20)*1000)+DE$18 -> -31.999263
A35: 43734 | B35: =A35-A$10 -> 76 | C35: 206.32 | D35: =C35-PM -> 22.42 | E35: 823233.38 | F35: 1091513.6 | G35: -124.581 | H35: 823233.25 | I35: 1091513.8 | J35: -123.412 | K35: 823233.45 | L35: 1091513.3 | M35: -121.9685 | N35: 823234.11 | O35: 1091511.6 | P35: -121.052 | Q35: 823234.88 | R35: 1091510.1 | S35: -121.3735 | T35: 823235.48 | U35: 1091508.9 | V35: -123.4487 | W35: 823235.41 | X35: 1091509 | Y35: -124.6244 | Z35: =IF(Xhaut="","",SQRT(((Xbasgauche-Xhaut)^2+(Ybasgauche-Yhaut)^2)+(Zbasgauche-Zhaut)^2)) -> 4.1255142 | AA35: =IF(Xhaut="","",SQRT(((Xintergauche-Xhaut)^2+(Yintergauche-Yhaut)^2)+(Zintergauche-Zhaut)^2)) -> 3.345239 | AB35: =IF(Xhaut="","",SQRT(((Xhautgauche-Xhaut)^2+(Yhautgauche-Yhaut)^2)+(Zhautgauche-Zhaut)^2)) -> 2.069754 | AC35: =IF(Xhaut="","",SQRT(((Xhautdroit-Xhaut)^2+(Yhautdroit-Yhaut)^2)+(Zhautdroit-Zhaut)^2)) -> 1.6351157 | AD35: =IF(Xhaut="","",SQRT(((Xinterdroit-Xhaut)^2+(Yinterdroit-Yhaut)^2)+(Zinterdroit-Zhaut)^2)) -> 3.8326593 | AE35: =IF(Xhaut="","",SQRT(((Xbasdroit-Xhaut)^2+(Ybasdroit-Yhaut)^2)+(Zbasdroit-Zhaut)^2)) -> 4.5585131 | AF35: =IF(Xhautdroit="","",SQRT(((Xhautdroit-Xhautgauche)^2+(Yhautdroit-Yhautgauche)^2)+(Zhautdroit-Zhautgauche)^2)) -> 3.5016829 | AG35: =IF(Xinterdroit="","",SQRT(((Xinterdroit-Xintergauche)^2+(Yinterdroit-Yintergauche)^2)+(Zinterdroit-Zintergauche)^2)) -> 5.3543209 | AH35: =IF(Xbasdroit="","",SQRT(((Xbasdroit-Xbasgauche)^2+(Ybasdroit-Ybasgauche)^2)+(Zbasdroit-Zbasgauche)^2)) -> 4.9587548 | AI35: =IF(Z35="","",(Z35-Z$20)*1000)+AI$18 -> -54.830667 | AJ35: =IF(AA35="","",(AA35-AA$20)*1000)+AJ$18 -> -46.303628 | AK35: =IF(AB35="","",(AB35-AB$20)*1000)+AK$18 -> -28.923639 | AL35: =IF(AC35="","",(AC35-AC$20)*1000)+AL$18 -> -15.281394 | AM35: =IF(AD35="","",(AD35-AD$20)*1000)+AM$18 -> -53.997099 | AN35: =IF(AE35="","",(AE35-AE$20)*1000)+AN$18 -> -32.567553 | AO35: =IF(AF35="","",(AF35-AF$20)*1000)+AO$18 -> -20.707035 | AP35: =IF(AG35="","",(AG35-AG$20)*1000)+AP$18 -> -22.211364 | AQ35: =IF(AH35="","",(AH35-AH$20)*1000)+AQ$18 -> -19.116833 | AS35: =IF(E35="","",(E35-E$20)*1000)+AS$18 -> 0.050000031 | AT35: =IF(F35="","",(F35-F$20)*1000)+AT$18 -> -1.35 | AU35: =IF(G35="","",(G35-G$20)*1000)+AU$18 -> 2.2 | AV35: =IF(H35="","",(H35-H$20)*1000)+AV$18 -> 0.40000002 | AW35: =IF(I35="","",(I35-I$20)*1000)+AW$18 -> -1.8500003 | AX35: =IF(J35="","",(J35-J$20)*1000)+AX$18 -> 0.85 | AY35: =IF(K35="","",(K35-K$20)*1000)+AY$18 -> -0.44999993 | AZ35: =IF(L35="","",(L35-L$20)*1000)+AZ$18 -> -7.0000002 | ... BM35: =IF(Y35="","",(Y35-Y$20)*1000)+BM$18 -> -32.3 | BO35: 183.97 | BP35: -2.4332 | BQ35: -0.8778 | BR35: 183.9408 | BS35: -2.6702 | BT35: 0.2915 | BU35: 183.9235 | BV35: -2.155 | BW35: 1.7351 | BX35: 183.785 | BY35: -0.3044 | BZ35: 2.653 | CA35: 183.8868 | CB35: 1.2955 | CC35: 2.3305 | CD35: 183.9071 | CE35: 2.6839 | CF35: 0.2551 | CG35: 183.9001 | CH35: 2.5248 | CI35: -0.9205 | CK35: =IF(BO35="","",(BO35-BO$20)*1000)+CK$18 -> -0.84707964 | CL35: =IF(BP35="","",(BP35-BP$20)*1000)+CL$18 -> 1.627634 | CM35: =IF(BQ35="","",(BQ35-BQ$20)*1000)+CM$18 -> 2.2274708 | CN35: =IF(BR35="","",(BR35-BR$20)*1000)+CN$18 -> -0.4375559 | CO35: =IF(BS35="","",(BS35-BS$20)*1000)+CO$18 -> 1.7775136 | CP35: =IF(BT35="","",(BT35-BT$20)*1000)+CP$18 -> 0.88337556 | CQ35: =IF(BU35="","",(BU35-BU$20)*1000)+CQ$18 -> -3.0448855 | CR35: =IF(BV35="","",(BV35-BV$20)*1000)+CR$18 -> 5.572471 | ... DE35: =IF(CI35="","",(CI35-CI$20)*1000)+DE$18 -> -32.399263
A36: 43738 | B36: =A36-A$10 -> 80 | C36: 206.32 | D36: =C36-PM -> 22.42 | E36: 823233.38 | F36: 1091513.6 | G36: -124.5807 | H36: 823233.25 | I36: 1091513.8 | J36: -123.4118 | K36: 823233.45 | L36: 1091513.3 | M36: -121.9684 | N36: 823234.11 | O36: 1091511.6 | P36: -121.0521 | Q36: 823234.88 | R36: 1091510.1 | S36: -121.3735 | T36: 823235.48 | U36: 1091508.9 | V36: -123.4485 | Z36: =IF(Xhaut="","",SQRT(((Xbasgauche-Xhaut)^2+(Ybasgauche-Yhaut)^2)+(Zbasgauche-Zhaut)^2)) -> 4.1252076 | AA36: =IF(Xhaut="","",SQRT(((Xintergauche-Xhaut)^2+(Yintergauche-Yhaut)^2)+(Zintergauche-Zhaut)^2)) -> 3.3449869 | AB36: =IF(Xhaut="","",SQRT(((Xhautgauche-Xhaut)^2+(Yhautgauche-Yhaut)^2)+(Zhautgauche-Zhaut)^2)) -> 2.0698853 | AC36: =IF(Xhaut="","",SQRT(((Xhautdroit-Xhaut)^2+(Yhautdroit-Yhaut)^2)+(Zhautdroit-Zhaut)^2)) -> 1.634783 | AD36: =IF(Xhaut="","",SQRT(((Xinterdroit-Xhaut)^2+(Yinterdroit-Yhaut)^2)+(Zinterdroit-Zhaut)^2)) -> 3.8321586 | AF36: =IF(Xhautdroit="","",SQRT(((Xhautdroit-Xhautgauche)^2+(Yhautdroit-Yhautgauche)^2)+(Zhautdroit-Zhautgauche)^2)) -> 3.5015929 | AG36: =IF(Xinterdroit="","",SQRT(((Xinterdroit-Xintergauche)^2+(Yinterdroit-Yintergauche)^2)+(Zinterdroit-Zintergauche)^2)) -> 5.3538664 | AH36: =IF(Xbasdroit="","",SQRT(((Xbasdroit-Xbasgauche)^2+(Ybasdroit-Ybasgauche)^2)+(Zbasdroit-Zbasgauche)^2)) | AI36: =IF(Z36="","",(Z36-Z$20)*1000)+AI$18 -> -55.137327 | AJ36: =IF(AA36="","",(AA36-AA$20)*1000)+AJ$18 -> -46.555657 | AK36: =IF(AB36="","",(AB36-AB$20)*1000)+AK$18 -> -28.792318 | AL36: =IF(AC36="","",(AC36-AC$20)*1000)+AL$18 -> -15.614144 | AM36: =IF(AD36="","",(AD36-AD$20)*1000)+AM$18 -> -54.49781 | AO36: =IF(AF36="","",(AF36-AF$20)*1000)+AO$18 -> -20.797055 | AP36: =IF(AG36="","",(AG36-AG$20)*1000)+AP$18 -> -22.665815 | AS36: =IF(E36="","",(E36-E$20)*1000)+AS$18 -> -0.34999999 | AT36: =IF(F36="","",(F36-F$20)*1000)+AT$18 -> -1.65 | AU36: =IF(G36="","",(G36-G$20)*1000)+AU$18 -> 2.5 | AV36: =IF(H36="","",(H36-H$20)*1000)+AV$18 -> 0.10000006 | AW36: =IF(I36="","",(I36-I$20)*1000)+AW$18 -> -2.2500004 | AX36: =IF(J36="","",(J36-J$20)*1000)+AX$18 -> 1.05 | AY36: =IF(K36="","",(K36-K$20)*1000)+AY$18 -> -0.54999988 | AZ36: =IF(L36="","",(L36-L$20)*1000)+AZ$18 -> -7.0000002 | ... BJ36: =IF(V36="","",(V36-V$20)*1000)+BJ$18 -> 0.5 | BO36: 183.9695 | BP36: -2.4331 | BQ36: -0.8775 | BR36: 183.9404 | BS36: -2.6699 | BT36: 0.2917 | BU36: 183.9234 | BV36: -2.1551 | BW36: 1.7352 | BX36: 183.7847 | BY36: -0.3042 | BZ36: 2.6529 | CA36: 183.8863 | CB36: 1.2954 | CC36: 2.3305 | CD36: 183.9069 | CE36: 2.6837 | CF36: 0.2553 | CK36: =IF(BO36="","",(BO36-BO$20)*1000)+CK$18 -> -1.3470796 | CL36: =IF(BP36="","",(BP36-BP$20)*1000)+CL$18 -> 1.727634 | CM36: =IF(BQ36="","",(BQ36-BQ$20)*1000)+CM$18 -> 2.5274708 | CN36: =IF(BR36="","",(BR36-BR$20)*1000)+CN$18 -> -0.8375559 | CO36: =IF(BS36="","",(BS36-BS$20)*1000)+CO$18 -> 2.0775136 | CP36: =IF(BT36="","",(BT36-BT$20)*1000)+CP$18 -> 1.0833756 | CQ36: =IF(BU36="","",(BU36-BU$20)*1000)+CQ$18 -> -3.1448855 | CR36: =IF(BV36="","",(BV36-BV$20)*1000)+CR$18 -> 5.472471 | ... DB36: =IF(CF36="","",(CF36-CF$20)*1000)+DB$18 -> 0.53865533
A37: 43741 | B37: =A37-A$10 -> 83 | C37: 207.2 | D37: =C37-PM -> 23.3 | E37: 823233.38 | F37: 1091513.6 | G37: -124.5805 | H37: 823233.25 | I37: 1091513.8 | J37: -123.4115 | K37: 823233.45 | L37: 1091513.3 | M37: -121.9681 | N37: 823234.11 | O37: 1091511.6 | P37: -121.0521 | Q37: 823234.88 | R37: 1091510.1 | S37: -121.3732 | T37: 823235.48 | U37: 1091508.9 | V37: -123.4483 | W37: 823235.41 | X37: 1091509 | Y37: -124.6239 | Z37: =IF(Xhaut="","",SQRT(((Xbasgauche-Xhaut)^2+(Ybasgauche-Yhaut)^2)+(Zbasgauche-Zhaut)^2)) -> 4.1250628 | AA37: =IF(Xhaut="","",SQRT(((Xintergauche-Xhaut)^2+(Yintergauche-Yhaut)^2)+(Zintergauche-Zhaut)^2)) -> 3.3448561 | AB37: =IF(Xhaut="","",SQRT(((Xhautgauche-Xhaut)^2+(Yhautgauche-Yhaut)^2)+(Zhautgauche-Zhaut)^2)) -> 2.0697208 | AC37: =IF(Xhaut="","",SQRT(((Xhautdroit-Xhaut)^2+(Yhautdroit-Yhaut)^2)+(Zhautdroit-Zhaut)^2)) -> 1.6351232 | AD37: =IF(Xhaut="","",SQRT(((Xinterdroit-Xhaut)^2+(Yinterdroit-Yhaut)^2)+(Zinterdroit-Zhaut)^2)) -> 3.8323132 | AE37: =IF(Xhaut="","",SQRT(((Xbasdroit-Xhaut)^2+(Ybasdroit-Yhaut)^2)+(Zbasdroit-Zhaut)^2)) -> 4.5579611 | AF37: =IF(Xhautdroit="","",SQRT(((Xhautdroit-Xhautgauche)^2+(Yhautdroit-Yhautgauche)^2)+(Zhautdroit-Zhautgauche)^2)) -> 3.5019435 | AG37: =IF(Xinterdroit="","",SQRT(((Xinterdroit-Xintergauche)^2+(Yinterdroit-Yintergauche)^2)+(Zinterdroit-Zintergauche)^2)) -> 5.3543216 | AH37: =IF(Xbasdroit="","",SQRT(((Xbasdroit-Xbasgauche)^2+(Ybasdroit-Ybasgauche)^2)+(Zbasdroit-Zbasgauche)^2)) -> 4.9587138 | AI37: =IF(Z37="","",(Z37-Z$20)*1000)+AI$18 -> -55.282054 | AJ37: =IF(AA37="","",(AA37-AA$20)*1000)+AJ$18 -> -46.686489 | AK37: =IF(AB37="","",(AB37-AB$20)*1000)+AK$18 -> -28.956827 | AL37: =IF(AC37="","",(AC37-AC$20)*1000)+AL$18 -> -15.273942 | AM37: =IF(AD37="","",(AD37-AD$20)*1000)+AM$18 -> -54.343223 | AN37: =IF(AE37="","",(AE37-AE$20)*1000)+AN$18 -> -33.119592 | AO37: =IF(AF37="","",(AF37-AF$20)*1000)+AO$18 -> -20.446414 | AP37: =IF(AG37="","",(AG37-AG$20)*1000)+AP$18 -> -22.210677 | AQ37: =IF(AH37="","",(AH37-AH$20)*1000)+AQ$18 -> -19.157814 | AS37: =IF(E37="","",(E37-E$20)*1000)+AS$18 -> 1.05 | AT37: =IF(F37="","",(F37-F$20)*1000)+AT$18 -> -1.1500001 | AU37: =IF(G37="","",(G37-G$20)*1000)+AU$18 -> 2.7 | AV37: =IF(H37="","",(H37-H$20)*1000)+AV$18 -> 1.3000001 | AW37: =IF(I37="","",(I37-I$20)*1000)+AW$18 -> -1.7500003 | AX37: =IF(J37="","",(J37-J$20)*1000)+AX$18 -> 1.35 | AY37: =IF(K37="","",(K37-K$20)*1000)+AY$18 -> 0.55000011 | AZ37: =IF(L37="","",(L37-L$20)*1000)+AZ$18 -> -6.7000003 | ... BM37: =IF(Y37="","",(Y37-Y$20)*1000)+BM$18 -> -31.8 | BO37: 183.971 | BP37: -2.433 | BQ37: -0.8773 | BR37: 183.9417 | BS37: -2.6699 | BT37: 0.292 | BU37: 183.9245 | BV37: -2.1549 | BW37: 1.7355 | BX37: 183.7858 | BY37: -0.3041 | BZ37: 2.6529 | CA37: 183.8875 | CB37: 1.296 | CC37: 2.3308 | CD37: 183.908 | CE37: 2.6842 | CF37: 0.2555 | CG37: 183.901 | CH37: 2.525 | CI37: -0.92 | CK37: =IF(BO37="","",(BO37-BO$20)*1000)+CK$18 -> 0.15292036 | CL37: =IF(BP37="","",(BP37-BP$20)*1000)+CL$18 -> 1.827634 | CM37: =IF(BQ37="","",(BQ37-BQ$20)*1000)+CM$18 -> 2.7274708 | CN37: =IF(BR37="","",(BR37-BR$20)*1000)+CN$18 -> 0.4624441 | CO37: =IF(BS37="","",(BS37-BS$20)*1000)+CO$18 -> 2.0775136 | CP37: =IF(BT37="","",(BT37-BT$20)*1000)+CP$18 -> 1.3833756 | CQ37: =IF(BU37="","",(BU37-BU$20)*1000)+CQ$18 -> -2.0448855 | CR37: =IF(BV37="","",(BV37-BV$20)*1000)+CR$18 -> 5.672471 | ... DE37: =IF(CI37="","",(CI37-CI$20)*1000)+DE$18 -> -31.899263
A38: 43746 | B38: =A38-A$10 -> 88 | C38: 208.3 | D38: =C38-PM -> 24.4 | E38: 823233.37 | F38: 1091513.6 | G38: -124.58023 | H38: 823233.25 | I38: 1091513.8 | J38: -123.41112 | K38: 823233.45 | L38: 1091513.3 | M38: -121.9676 | N38: 823234.11 | O38: 1091511.6 | P38: -121.05228 | Q38: 823234.88 | R38: 1091510.1 | S38: -121.373 | T38: 823235.48 | U38: 1091508.9 | V38: -123.4481 | W38: 823235.41 | X38: 1091509 | Y38: -124.62383 | Z38: =IF(Xhaut="","",SQRT(((Xbasgauche-Xhaut)^2+(Ybasgauche-Yhaut)^2)+(Zbasgauche-Zhaut)^2)) -> 4.1248191 | AA38: =IF(Xhaut="","",SQRT(((Xintergauche-Xhaut)^2+(Yintergauche-Yhaut)^2)+(Zintergauche-Zhaut)^2)) -> 3.344635 | AB38: =IF(Xhaut="","",SQRT(((Xhautgauche-Xhaut)^2+(Yhautgauche-Yhaut)^2)+(Zhautgauche-Zhaut)^2)) -> 2.0693988 | AC38: =IF(Xhaut="","",SQRT(((Xhautdroit-Xhaut)^2+(Yhautdroit-Yhaut)^2)+(Zhautdroit-Zhaut)^2)) -> 1.6350005 | AD38: =IF(Xhaut="","",SQRT(((Xinterdroit-Xhaut)^2+(Yinterdroit-Yhaut)^2)+(Zinterdroit-Zhaut)^2)) -> 3.8318677 | AE38: =IF(Xhaut="","",SQRT(((Xbasdroit-Xhaut)^2+(Ybasdroit-Yhaut)^2)+(Zbasdroit-Zhaut)^2)) -> 4.55798 | AF38: =IF(Xhautdroit="","",SQRT(((Xhautdroit-Xhautgauche)^2+(Yhautdroit-Yhautgauche)^2)+(Zhautdroit-Zhautgauche)^2)) -> 3.5017882 | AG38: =IF(Xinterdroit="","",SQRT(((Xinterdroit-Xintergauche)^2+(Yinterdroit-Yintergauche)^2)+(Zinterdroit-Zintergauche)^2)) -> 5.3542937 | AH38: =IF(Xbasdroit="","",SQRT(((Xbasdroit-Xbasgauche)^2+(Ybasdroit-Ybasgauche)^2)+(Zbasdroit-Zbasgauche)^2)) -> 4.9592687 | AI38: =IF(Z38="","",(Z38-Z$20)*1000)+AI$18 -> -55.525806 | AJ38: =IF(AA38="","",(AA38-AA$20)*1000)+AJ$18 -> -46.907632 | AK38: =IF(AB38="","",(AB38-AB$20)*1000)+AK$18 -> -29.278829 | AL38: =IF(AC38="","",(AC38-AC$20)*1000)+AL$18 -> -15.396689 | AM38: =IF(AD38="","",(AD38-AD$20)*1000)+AM$18 -> -54.788705 | AN38: =IF(AE38="","",(AE38-AE$20)*1000)+AN$18 -> -33.100722 | AO38: =IF(AF38="","",(AF38-AF$20)*1000)+AO$18 -> -20.601744 | AP38: =IF(AG38="","",(AG38-AG$20)*1000)+AP$18 -> -22.238553 | AQ38: =IF(AH38="","",(AH38-AH$20)*1000)+AQ$18 -> -18.602933 | AS38: =IF(E38="","",(E38-E$20)*1000)+AS$18 -> -1.85 | AT38: =IF(F38="","",(F38-F$20)*1000)+AT$18 -> 1.0500001 | AU38: =IF(G38="","",(G38-G$20)*1000)+AU$18 -> 2.9666667 | AV38: =IF(H38="","",(H38-H$20)*1000)+AV$18 -> -1.8999999 | AW38: =IF(I38="","",(I38-I$20)*1000)+AW$18 -> 0.29999972 | AX38: =IF(J38="","",(J38-J$20)*1000)+AX$18 -> 1.7333333 | AY38: =IF(K38="","",(K38-K$20)*1000)+AY$18 -> -2.2499999 | AZ38: =IF(L38="","",(L38-L$20)*1000)+AZ$18 -> -4.7833335 | ... BM38: =IF(Y38="","",(Y38-Y$20)*1000)+BM$18 -> -31.733333 | BO38: 183.9693 | BP38: -2.4362191 | BQ38: -0.87704632 | BR38: 183.93964 | BS38: -2.6731029 | BT38: 0.29236694 | BU38: 183.92277 | BV38: -2.1578126 | BW38: 1.7360523 | BX38: 183.78453 | BY38: -0.30700253 | BZ38: 2.6527513 | CA38: 183.88722 | CB38: 1.2929421 | CC38: 2.3310078 | CD38: 183.90818 | CE38: 2.6809707 | CF38: 0.25569819 | CG38: 183.90164 | CH38: 2.5223964 | CI38: -0.91996973 | CK38: =IF(BO38="","",(BO38-BO$20)*1000)+CK$18 -> -1.5481533 | CL38: =IF(BP38="","",(BP38-BP$20)*1000)+CL$18 -> -1.3914808 | CM38: =IF(BQ38="","",(BQ38-BQ$20)*1000)+CM$18 -> 2.9811482 | CN38: =IF(BR38="","",(BR38-BR$20)*1000)+CN$18 -> -1.5986161 | CO38: =IF(BS38="","",(BS38-BS$20)*1000)+CO$18 -> -1.125344 | CP38: =IF(BT38="","",(BT38-BT$20)*1000)+CP$18 -> 1.7503195 | CQ38: =IF(BU38="","",(BU38-BU$20)*1000)+CQ$18 -> -3.775212 | CR38: =IF(BV38="","",(BV38-BV$20)*1000)+CR$18 -> 2.7599155 | ... DE38: =IF(CI38="","",(CI38-CI$20)*1000)+DE$18 -> -31.868996
A39: 43753 | B39: =A39-A$10 -> 95 | C39: 211.45 | D39: =C39-PM -> 27.55 | E39: 823233.38 | F39: 1091513.6 | G39: -124.58052 | H39: 823233.25 | I39: 1091513.8 | J39: -123.41155 | K39: 823233.45 | L39: 1091513.3 | M39: -121.96845 | N39: 823234.11 | O39: 1091511.6 | P39: -121.05358 | Q39: 823234.88 | R39: 1091510.1 | S39: -121.37368 | T39: 823235.48 | U39: 1091508.9 | V39: -123.44857 | W39: 823235.41 | X39: 1091509 | Y39: -124.62408 | Z39: =IF(Xhaut="","",SQRT(((Xbasgauche-Xhaut)^2+(Ybasgauche-Yhaut)^2)+(Zbasgauche-Zhaut)^2)) -> 4.1236132 | AA39: =IF(Xhaut="","",SQRT(((Xintergauche-Xhaut)^2+(Yintergauche-Yhaut)^2)+(Zintergauche-Zhaut)^2)) -> 3.3436628 | AB39: =IF(Xhaut="","",SQRT(((Xhautgauche-Xhaut)^2+(Yhautgauche-Yhaut)^2)+(Zhautgauche-Zhaut)^2)) -> 2.0689995 | AC39: =IF(Xhaut="","",SQRT(((Xhautdroit-Xhaut)^2+(Yhautdroit-Yhaut)^2)+(Zhautdroit-Zhaut)^2)) -> 1.6345308 | AD39: =IF(Xhaut="","",SQRT(((Xinterdroit-Xhaut)^2+(Yinterdroit-Yhaut)^2)+(Zinterdroit-Zhaut)^2)) -> 3.8312498 | AE39: =IF(Xhaut="","",SQRT(((Xbasdroit-Xhaut)^2+(Ybasdroit-Yhaut)^2)+(Zbasdroit-Zhaut)^2)) -> 4.5568222 | AF39: =IF(Xhautdroit="","",SQRT(((Xhautdroit-Xhautgauche)^2+(Yhautdroit-Yhautgauche)^2)+(Zhautdroit-Zhautgauche)^2)) -> 3.5012679 | AG39: =IF(Xinterdroit="","",SQRT(((Xinterdroit-Xintergauche)^2+(Yinterdroit-Yintergauche)^2)+(Zinterdroit-Zintergauche)^2)) -> 5.3536751 | AH39: =IF(Xbasdroit="","",SQRT(((Xbasdroit-Xbasgauche)^2+(Ybasdroit-Ybasgauche)^2)+(Zbasdroit-Zbasgauche)^2)) -> 4.9581638 | AI39: =IF(Z39="","",(Z39-Z$20)*1000)+AI$18 -> -56.731699 | AJ39: =IF(AA39="","",(AA39-AA$20)*1000)+AJ$18 -> -47.879782 | AK39: =IF(AB39="","",(AB39-AB$20)*1000)+AK$18 -> -29.678108 | AL39: =IF(AC39="","",(AC39-AC$20)*1000)+AL$18 -> -15.86632 | AM39: =IF(AD39="","",(AD39-AD$20)*1000)+AM$18 -> -55.406662 | AN39: =IF(AE39="","",(AE39-AE$20)*1000)+AN$18 -> -34.258517 | AO39: =IF(AF39="","",(AF39-AF$20)*1000)+AO$18 -> -21.122014 | AP39: =IF(AG39="","",(AG39-AG$20)*1000)+AP$18 -> -22.857163 | AQ39: =IF(AH39="","",(AH39-AH$20)*1000)+AQ$18 -> -19.707874 | AS39: =IF(E39="","",(E39-E$20)*1000)+AS$18 -> -0.28333336 | AT39: =IF(F39="","",(F39-F$20)*1000)+AT$18 -> -1.8666666 | AU39: =IF(G39="","",(G39-G$20)*1000)+AU$18 -> 2.6833333 | AV39: =IF(H39="","",(H39-H$20)*1000)+AV$18 -> 0.23333356 | AW39: =IF(I39="","",(I39-I$20)*1000)+AW$18 -> -2.2500006 | AX39: =IF(J39="","",(J39-J$20)*1000)+AX$18 -> 1.3 | AY39: =IF(K39="","",(K39-K$20)*1000)+AY$18 -> -0.38333319 | AZ39: =IF(L39="","",(L39-L$20)*1000)+AZ$18 -> -7.1333337 | ... BM39: =IF(Y39="","",(Y39-Y$20)*1000)+BM$18 -> -31.983333 | BO39: 183.96949 | BP39: -2.4329136 | BQ39: -0.87733153 | BR39: 183.94049 | BS39: -2.6698902 | BT39: 0.29192505 | BU39: 183.92347 | BV39: -2.1548938 | BW39: 1.7351953 | BX39: 183.78494 | BY39: -0.3043294 | BZ39: 2.6514472 | CA39: 183.88706 | CB39: 1.2952952 | CC39: 2.3303261 | CD39: 183.90769 | CE39: 2.6835565 | CF39: 0.25523641 | CG39: 183.90077 | CH39: 2.5245825 | CI39: -0.92021101 | CK39: =IF(BO39="","",(BO39-BO$20)*1000)+CK$18 -> -1.3610309 | CL39: =IF(BP39="","",(BP39-BP$20)*1000)+CL$18 -> 1.9140258 | CM39: =IF(BQ39="","",(BQ39-BQ$20)*1000)+CM$18 -> 2.6959436 | CN39: =IF(BR39="","",(BR39-BR$20)*1000)+CN$18 -> -0.74295567 | CO39: =IF(BS39="","",(BS39-BS$20)*1000)+CO$18 -> 2.0873587 | CP39: =IF(BT39="","",(BT39-BT$20)*1000)+CP$18 -> 1.3084296 | CQ39: =IF(BU39="","",(BU39-BU$20)*1000)+CQ$18 -> -3.0766991 | CR39: =IF(BV39="","",(BV39-BV$20)*1000)+CR$18 -> 5.6786525 | ... DE39: =IF(CI39="","",(CI39-CI$20)*1000)+DE$18 -> -32.110272
A40: 43756 | B40: =A40-A$10 -> 98 | C40: 213.5 | D40: =C40-PM -> 29.6 | E40: 823233.38 | F40: 1091513.6 | G40: -124.5805 | H40: 823233.25 | I40: 1091513.8 | J40: -123.4118 | K40: 823233.45 | L40: 1091513.3 | M40: -121.9689 | N40: 823234.11 | O40: 1091511.6 | P40: -121.054 | Q40: 823234.88 | R40: 1091510.1 | S40: -121.3741 | T40: 823235.48 | U40: 1091508.9 | V40: -123.4487 | W40: 823235.41 | X40: 1091509 | Y40: -124.6241 | Z40: =IF(Xhaut="","",SQRT(((Xbasgauche-Xhaut)^2+(Ybasgauche-Yhaut)^2)+(Zbasgauche-Zhaut)^2)) -> 4.1232608 | AA40: =IF(Xhaut="","",SQRT(((Xintergauche-Xhaut)^2+(Yintergauche-Yhaut)^2)+(Zintergauche-Zhaut)^2)) -> 3.3434486 | AB40: =IF(Xhaut="","",SQRT(((Xhautgauche-Xhaut)^2+(Yhautgauche-Yhaut)^2)+(Zhautgauche-Zhaut)^2)) -> 2.0687943 | AC40: =IF(Xhaut="","",SQRT(((Xhautdroit-Xhaut)^2+(Yhautdroit-Yhaut)^2)+(Zhautdroit-Zhaut)^2)) -> 1.6346689 | AD40: =IF(Xhaut="","",SQRT(((Xinterdroit-Xhaut)^2+(Yinterdroit-Yhaut)^2)+(Zinterdroit-Zhaut)^2)) -> 3.8309571 | AE40: =IF(Xhaut="","",SQRT(((Xbasdroit-Xhaut)^2+(Ybasdroit-Yhaut)^2)+(Zbasdroit-Zhaut)^2)) -> 4.5562674 | AF40: =IF(Xhautdroit="","",SQRT(((Xhautdroit-Xhautgauche)^2+(Yhautdroit-Yhautgauche)^2)+(Zhautdroit-Zhautgauche)^2)) -> 3.5012002 | AG40: =IF(Xinterdroit="","",SQRT(((Xinterdroit-Xintergauche)^2+(Yinterdroit-Yintergauche)^2)+(Zinterdroit-Zintergauche)^2)) -> 5.3534134 | AH40: =IF(Xbasdroit="","",SQRT(((Xbasdroit-Xbasgauche)^2+(Ybasdroit-Ybasgauche)^2)+(Zbasdroit-Zbasgauche)^2)) -> 4.9578127 | AI40: =IF(Z40="","",(Z40-Z$20)*1000)+AI$18 -> -57.084108 | AJ40: =IF(AA40="","",(AA40-AA$20)*1000)+AJ$18 -> -48.093989 | AK40: =IF(AB40="","",(AB40-AB$20)*1000)+AK$18 -> -29.883292 | AL40: =IF(AC40="","",(AC40-AC$20)*1000)+AL$18 -> -15.728212 | AM40: =IF(AD40="","",(AD40-AD$20)*1000)+AM$18 -> -55.699325 | AN40: =IF(AE40="","",(AE40-AE$20)*1000)+AN$18 -> -34.813242 | AO40: =IF(AF40="","",(AF40-AF$20)*1000)+AO$18 -> -21.189751 | AP40: =IF(AG40="","",(AG40-AG$20)*1000)+AP$18 -> -23.118883 | AQ40: =IF(AH40="","",(AH40-AH$20)*1000)+AQ$18 -> -20.058935 | AS40: =IF(E40="","",(E40-E$20)*1000)+AS$18 -> 0.75000001 | AT40: =IF(F40="","",(F40-F$20)*1000)+AT$18 -> -1.9500002 | AU40: =IF(G40="","",(G40-G$20)*1000)+AU$18 -> 2.7 | AV40: =IF(H40="","",(H40-H$20)*1000)+AV$18 -> 0.9000001 | AW40: =IF(I40="","",(I40-I$20)*1000)+AW$18 -> -2.6500002 | AX40: =IF(J40="","",(J40-J$20)*1000)+AX$18 -> 1.05 | AY40: =IF(K40="","",(K40-K$20)*1000)+AY$18 -> 0.15000009 | AZ40: =IF(L40="","",(L40-L$20)*1000)+AZ$18 -> -7.7000002 | ... BM40: =IF(Y40="","",(Y40-Y$20)*1000)+BM$18 -> -32 | BO40: 183.97039 | BP40: -2.4324013 | BQ40: -0.87732387 | BR40: 183.94093 | BS40: -2.6692459 | BT40: 0.2916707 | BU40: 183.92371 | BV40: -2.1541548 | BW40: 1.7347429 | BX40: 183.7854 | BY40: -0.30382004 | BZ40: 2.651026 | CA40: 183.8873 | CB40: 1.2959597 | CC40: 2.329907 | CD40: 183.90768 | CE40: 2.6839371 | CF40: 0.2551032 | CG40: 183.90061 | CH40: 2.5247286 | CI40: -0.92022607 | CK40: =IF(BO40="","",(BO40-BO$20)*1000)+CK$18 -> -0.45975015 | CL40: =IF(BP40="","",(BP40-BP$20)*1000)+CL$18 -> 2.4262908 | CM40: =IF(BQ40="","",(BQ40-BQ$20)*1000)+CM$18 -> 2.7035975 | CN40: =IF(BR40="","",(BR40-BR$20)*1000)+CN$18 -> -0.3078217 | CO40: =IF(BS40="","",(BS40-BS$20)*1000)+CO$18 -> 2.7316431 | CP40: =IF(BT40="","",(BT40-BT$20)*1000)+CP$18 -> 1.0540782 | CQ40: =IF(BU40="","",(BU40-BU$20)*1000)+CQ$18 -> -2.8328461 | CR40: =IF(BV40="","",(BV40-BV$20)*1000)+CR$18 -> 6.4176322 | ... DE40: =IF(CI40="","",(CI40-CI$20)*1000)+DE$18 -> -32.125338
A41: 43760 | B41: =A41-A$10 -> 102 | C41: 213.98 | D41: =C41-PM -> 30.08 | E41: 823233.38 | F41: 1091513.6 | G41: -124.5805 | H41: 823233.25 | I41: 1091513.8 | J41: -123.4119 | K41: 823233.45 | L41: 1091513.3 | M41: -121.9691 | N41: 823234.11 | O41: 1091511.6 | P41: -121.0547 | Q41: 823234.88 | R41: 1091510.1 | S41: -121.3746 | T41: 823235.48 | U41: 1091508.9 | V41: -123.4488 | W41: 823235.41 | X41: 1091509 | Y41: -124.6242 | Z41: =IF(Xhaut="","",SQRT(((Xbasgauche-Xhaut)^2+(Ybasgauche-Yhaut)^2)+(Zbasgauche-Zhaut)^2)) -> 4.1226398 | AA41: =IF(Xhaut="","",SQRT(((Xintergauche-Xhaut)^2+(Yintergauche-Yhaut)^2)+(Zintergauche-Zhaut)^2)) -> 3.3431467 | AB41: =IF(Xhaut="","",SQRT(((Xhautgauche-Xhaut)^2+(Yhautgauche-Yhaut)^2)+(Zhautgauche-Zhaut)^2)) -> 2.0686141 | AC41: =IF(Xhaut="","",SQRT(((Xhautdroit-Xhaut)^2+(Yhautdroit-Yhaut)^2)+(Zhautdroit-Zhaut)^2)) -> 1.6341835 | AD41: =IF(Xhaut="","",SQRT(((Xinterdroit-Xhaut)^2+(Yinterdroit-Yhaut)^2)+(Zinterdroit-Zhaut)^2)) -> 3.8303382 | AE41: =IF(Xhaut="","",SQRT(((Xbasdroit-Xhaut)^2+(Ybasdroit-Yhaut)^2)+(Zbasdroit-Zhaut)^2)) -> 4.5555784 | AF41: =IF(Xhautdroit="","",SQRT(((Xhautdroit-Xhautgauche)^2+(Yhautdroit-Yhautgauche)^2)+(Zhautdroit-Zhautgauche)^2)) -> 3.5007339 | AG41: =IF(Xinterdroit="","",SQRT(((Xinterdroit-Xintergauche)^2+(Yinterdroit-Yintergauche)^2)+(Zinterdroit-Zintergauche)^2)) -> 5.3532466 | AH41: =IF(Xbasdroit="","",SQRT(((Xbasdroit-Xbasgauche)^2+(Ybasdroit-Ybasgauche)^2)+(Zbasdroit-Zbasgauche)^2)) -> 4.9573668 | AI41: =IF(Z41="","",(Z41-Z$20)*1000)+AI$18 -> -57.705092 | AJ41: =IF(AA41="","",(AA41-AA$20)*1000)+AJ$18 -> -48.395847 | AK41: =IF(AB41="","",(AB41-AB$20)*1000)+AK$18 -> -30.063513 | AL41: =IF(AC41="","",(AC41-AC$20)*1000)+AL$18 -> -16.213591 | AM41: =IF(AD41="","",(AD41-AD$20)*1000)+AM$18 -> -56.318223 | AN41: =IF(AE41="","",(AE41-AE$20)*1000)+AN$18 -> -35.502269 | AO41: =IF(AF41="","",(AF41-AF$20)*1000)+AO$18 -> -21.656037 | AP41: =IF(AG41="","",(AG41-AG$20)*1000)+AP$18 -> -23.285673 | AQ41: =IF(AH41="","",(AH41-AH$20)*1000)+AQ$18 -> -20.504868 | AS41: =IF(E41="","",(E41-E$20)*1000)+AS$18 -> 0.75000001 | AT41: =IF(F41="","",(F41-F$20)*1000)+AT$18 -> -1.5500002 | AU41: =IF(G41="","",(G41-G$20)*1000)+AU$18 -> 2.7 | AV41: =IF(H41="","",(H41-H$20)*1000)+AV$18 -> 0.80000004 | AW41: =IF(I41="","",(I41-I$20)*1000)+AW$18 -> -2.0500002 | AX41: =IF(J41="","",(J41-J$20)*1000)+AX$18 -> 0.95 | AY41: =IF(K41="","",(K41-K$20)*1000)+AY$18 -> 0.15000009 | AZ41: =IF(L41="","",(L41-L$20)*1000)+AZ$18 -> -7.2000003 | ... BM41: =IF(Y41="","",(Y41-Y$20)*1000)+BM$18 -> -32.1 | BO41: 183.97056 | BP41: -2.4327639 | BQ41: -0.87732556 | BR41: 183.94109 | BS41: -2.6698319 | BT41: 0.29156907 | BU41: 183.92392 | BV41: -2.154608 | BW41: 1.7345408 | BX41: 183.78517 | BY41: -0.30426099 | BZ41: 2.6503283 | CA41: 183.88683 | CB41: 1.2950778 | CC41: 2.3294117 | CD41: 183.90748 | CE41: 2.683182 | CF41: 0.25500519 | CG41: 183.90076 | CH41: 2.523919 | CI41: -0.92032764 | CK41: =IF(BO41="","",(BO41-BO$20)*1000)+CK$18 -> -0.29068934 | CL41: =IF(BP41="","",(BP41-BP$20)*1000)+CL$18 -> 2.063774 | CM41: =IF(BQ41="","",(BQ41-BQ$20)*1000)+CM$18 -> 2.7019069 | CN41: =IF(BR41="","",(BR41-BR$20)*1000)+CN$18 -> -0.14485979 | CO41: =IF(BS41="","",(BS41-BS$20)*1000)+CO$18 -> 2.1456027 | CP41: =IF(BT41="","",(BT41-BT$20)*1000)+CP$18 -> 0.9524486 | CQ41: =IF(BU41="","",(BU41-BU$20)*1000)+CQ$18 -> -2.6215202 | CR41: =IF(BV41="","",(BV41-BV$20)*1000)+CR$18 -> 5.9644863 | ... DE41: =IF(CI41="","",(CI41-CI$20)*1000)+DE$18 -> -32.226907
A42: 43762 | B42: =A42-A$10 -> 104 | C42: 215 | D42: =C42-PM -> 31.1 | E42: 823233.38 | F42: 1091513.6 | G42: -124.5807 | H42: 823233.25 | I42: 1091513.8 | J42: -123.4114 | K42: 823233.46 | L42: 1091513.3 | M42: -121.9688 | N42: 823234.11 | O42: 1091511.6 | P42: -121.0546 | Q42: 823234.88 | R42: 1091510.1 | S42: -121.374 | T42: 823235.49 | U42: 1091508.9 | V42: -123.4486 | W42: 823235.41 | X42: 1091509 | Y42: -124.6244 | Z42: =IF(Xhaut="","",SQRT(((Xbasgauche-Xhaut)^2+(Ybasgauche-Yhaut)^2)+(Zbasgauche-Zhaut)^2)) -> 4.1230689 | AA42: =IF(Xhaut="","",SQRT(((Xintergauche-Xhaut)^2+(Yintergauche-Yhaut)^2)+(Zintergauche-Zhaut)^2)) -> 3.3431587 | AB42: =IF(Xhaut="","",SQRT(((Xhautgauche-Xhaut)^2+(Yhautgauche-Yhaut)^2)+(Zhautgauche-Zhaut)^2)) -> 2.0684306 | AC42: =IF(Xhaut="","",SQRT(((Xhautdroit-Xhaut)^2+(Yhautdroit-Yhaut)^2)+(Zhautdroit-Zhaut)^2)) -> 1.6345161 | AD42: =IF(Xhaut="","",SQRT(((Xinterdroit-Xhaut)^2+(Yinterdroit-Yhaut)^2)+(Zinterdroit-Zhaut)^2)) -> 3.8308639 | AE42: =IF(Xhaut="","",SQRT(((Xbasdroit-Xhaut)^2+(Ybasdroit-Yhaut)^2)+(Zbasdroit-Zhaut)^2)) -> 4.5563102 | AF42: =IF(Xhautdroit="","",SQRT(((Xhautdroit-Xhautgauche)^2+(Yhautdroit-Yhautgauche)^2)+(Zhautdroit-Zhautgauche)^2)) -> 3.5011116 | AG42: =IF(Xinterdroit="","",SQRT(((Xinterdroit-Xintergauche)^2+(Yinterdroit-Yintergauche)^2)+(Zinterdroit-Zintergauche)^2)) -> 5.3544037 | AH42: =IF(Xbasdroit="","",SQRT(((Xbasdroit-Xbasgauche)^2+(Ybasdroit-Ybasgauche)^2)+(Zbasdroit-Zbasgauche)^2)) -> 4.9584799 | AI42: =IF(Z42="","",(Z42-Z$20)*1000)+AI$18 -> -57.276009 | AJ42: =IF(AA42="","",(AA42-AA$20)*1000)+AJ$18 -> -48.3839 | AK42: =IF(AB42="","",(AB42-AB$20)*1000)+AK$18 -> -30.247077 | AL42: =IF(AC42="","",(AC42-AC$20)*1000)+AL$18 -> -15.881012 | AM42: =IF(AD42="","",(AD42-AD$20)*1000)+AM$18 -> -55.79249 | AN42: =IF(AE42="","",(AE42-AE$20)*1000)+AN$18 -> -34.77044 | AO42: =IF(AF42="","",(AF42-AF$20)*1000)+AO$18 -> -21.278338 | AP42: =IF(AG42="","",(AG42-AG$20)*1000)+AP$18 -> -22.1286 | AQ42: =IF(AH42="","",(AH42-AH$20)*1000)+AQ$18 -> -19.391749 | AS42: =IF(E42="","",(E42-E$20)*1000)+AS$18 -> 4.05 | AT42: =IF(F42="","",(F42-F$20)*1000)+AT$18 -> -4.0500001 | AU42: =IF(G42="","",(G42-G$20)*1000)+AU$18 -> 2.5 | AV42: =IF(H42="","",(H42-H$20)*1000)+AV$18 -> 4.1 | AW42: =IF(I42="","",(I42-I$20)*1000)+AW$18 -> -4.4500004 | AX42: =IF(J42="","",(J42-J$20)*1000)+AX$18 -> 1.45 | AY42: =IF(K42="","",(K42-K$20)*1000)+AY$18 -> 3.35 | AZ42: =IF(L42="","",(L42-L$20)*1000)+AZ$18 -> -10.2 | ... BM42: =IF(Y42="","",(Y42-Y$20)*1000)+BM$18 -> -32.3 | BO42: 183.97249 | BP42: -2.4291034 | BQ42: -0.87754491 | BR42: 183.94307 | BS42: -2.6662621 | BT42: 0.29204931 | BU42: 183.92556 | BV42: -2.1505366 | BW42: 1.7348244 | BX42: 183.78653 | BY42: -0.30031642 | BZ42: 2.6504147 | CA42: 183.88798 | CB42: 1.2994755 | CC42: 2.3300002 | CD42: 183.90837 | CE42: 2.6878999 | CF42: 0.2551963 | CG42: 183.90174 | CH42: 2.5286792 | CI42: -0.92053744 | CK42: =IF(BO42="","",(BO42-BO$20)*1000)+CK$18 -> 1.6434444 | CL42: =IF(BP42="","",(BP42-BP$20)*1000)+CL$18 -> 5.7242557 | CM42: =IF(BQ42="","",(BQ42-BQ$20)*1000)+CM$18 -> 2.4825656 | CN42: =IF(BR42="","",(BR42-BR$20)*1000)+CN$18 -> 1.8315391 | CO42: =IF(BS42="","",(BS42-BS$20)*1000)+CO$18 -> 5.7154553 | CP42: =IF(BT42="","",(BT42-BT$20)*1000)+CP$18 -> 1.4326846 | CQ42: =IF(BU42="","",(BU42-BU$20)*1000)+CQ$18 -> -0.98934176 | CR42: =IF(BV42="","",(BV42-BV$20)*1000)+CR$18 -> 10.035849 | ... DE42: =IF(CI42="","",(CI42-CI$20)*1000)+DE$18 -> -32.436706
A43: 43766 | B43: =A43-A$10 -> 108 | C43: 215.56 | D43: =C43-PM -> 31.66 | E43: 823233.38 | F43: 1091513.6 | G43: -124.5809 | H43: 823233.25 | I43: 1091513.8 | J43: -123.4117 | K43: 823233.45 | L43: 1091513.3 | M43: -121.9688 | N43: 823234.11 | O43: 1091511.6 | P43: -121.0553 | Q43: 823234.88 | R43: 1091510.1 | S43: -121.3745 | T43: 823235.48 | U43: 1091508.9 | V43: -123.4492 | W43: 823235.41 | X43: 1091509 | Y43: -124.6249 | Z43: =IF(Xhaut="","",SQRT(((Xbasgauche-Xhaut)^2+(Ybasgauche-Yhaut)^2)+(Zbasgauche-Zhaut)^2)) -> 4.1226058 | AA43: =IF(Xhaut="","",SQRT(((Xintergauche-Xhaut)^2+(Yintergauche-Yhaut)^2)+(Zintergauche-Zhaut)^2)) -> 3.3428254 | AB43: =IF(Xhaut="","",SQRT(((Xhautgauche-Xhaut)^2+(Yhautgauche-Yhaut)^2)+(Zhautgauche-Zhaut)^2)) -> 2.0681735 | AC43: =IF(Xhaut="","",SQRT(((Xhautdroit-Xhaut)^2+(Yhautdroit-Yhaut)^2)+(Zhautdroit-Zhaut)^2)) -> 1.6348773 | AD43: =IF(Xhaut="","",SQRT(((Xinterdroit-Xhaut)^2+(Yinterdroit-Yhaut)^2)+(Zinterdroit-Zhaut)^2)) -> 3.8302611 | AE43: =IF(Xhaut="","",SQRT(((Xbasdroit-Xhaut)^2+(Ybasdroit-Yhaut)^2)+(Zbasdroit-Zhaut)^2)) -> 4.5560279 | AF43: =IF(Xhautdroit="","",SQRT(((Xhautdroit-Xhautgauche)^2+(Yhautdroit-Yhautgauche)^2)+(Zhautdroit-Zhautgauche)^2)) -> 3.5013762 | AG43: =IF(Xinterdroit="","",SQRT(((Xinterdroit-Xintergauche)^2+(Yinterdroit-Yintergauche)^2)+(Zinterdroit-Zintergauche)^2)) -> 5.3535501 | AH43: =IF(Xbasdroit="","",SQRT(((Xbasdroit-Xbasgauche)^2+(Ybasdroit-Ybasgauche)^2)+(Zbasdroit-Zbasgauche)^2)) -> 4.9581124 | AI43: =IF(Z43="","",(Z43-Z$20)*1000)+AI$18 -> -57.739074 | AJ43: =IF(AA43="","",(AA43-AA$20)*1000)+AJ$18 -> -48.717206 | AK43: =IF(AB43="","",(AB43-AB$20)*1000)+AK$18 -> -30.504159 | AL43: =IF(AC43="","",(AC43-AC$20)*1000)+AL$18 -> -15.519841 | AM43: =IF(AD43="","",(AD43-AD$20)*1000)+AM$18 -> -56.395272 | AN43: =IF(AE43="","",(AE43-AE$20)*1000)+AN$18 -> -35.052748 | AO43: =IF(AF43="","",(AF43-AF$20)*1000)+AO$18 -> -21.013746 | AP43: =IF(AG43="","",(AG43-AG$20)*1000)+AP$18 -> -22.982125 | AQ43: =IF(AH43="","",(AH43-AH$20)*1000)+AQ$18 -> -19.759253 | AS43: =IF(E43="","",(E43-E$20)*1000)+AS$18 -> 0.34999999 | AT43: =IF(F43="","",(F43-F$20)*1000)+AT$18 -> 0.74999989 | AU43: =IF(G43="","",(G43-G$20)*1000)+AU$18 -> 2.3 | AV43: =IF(H43="","",(H43-H$20)*1000)+AV$18 -> 0.40000002 | AW43: =IF(I43="","",(I43-I$20)*1000)+AW$18 -> 0.34999964 | AX43: =IF(J43="","",(J43-J$20)*1000)+AX$18 -> 1.15 | AY43: =IF(K43="","",(K43-K$20)*1000)+AY$18 -> -0.44999993 | AZ43: =IF(L43="","",(L43-L$20)*1000)+AZ$18 -> -5.3000003 | ... BM43: =IF(Y43="","",(Y43-Y$20)*1000)+BM$18 -> -32.8 | BO43: 183.97117 | BP43: -2.4350174 | BQ43: -0.87773166 | BR43: 183.94174 | BS43: -2.6721761 | BT43: 0.29176255 | BU43: 183.92418 | BV43: -2.1565835 | BW43: 1.7348382 | BX43: 183.78502 | BY43: -0.30631497 | BZ43: 2.6497298 | CA43: 183.88787 | CB43: 1.2937968 | CC43: 2.3295013 | CD43: 183.90854 | CE43: 2.6811398 | CF43: 0.25459456 | CG43: 183.9018 | CH43: 2.5224145 | CI43: -0.92103797 | CK43: =IF(BO43="","",(BO43-BO$20)*1000)+CK$18 -> 0.31889347 | CL43: =IF(BP43="","",(BP43-BP$20)*1000)+CL$18 -> -0.1897586 | CM43: =IF(BQ43="","",(BQ43-BQ$20)*1000)+CM$18 -> 2.2958111 | CN43: =IF(BR43="","",(BR43-BR$20)*1000)+CN$18 -> 0.50698815 | CO43: =IF(BS43="","",(BS43-BS$20)*1000)+CO$18 -> -0.19855892 | CP43: =IF(BT43="","",(BT43-BT$20)*1000)+CP$18 -> 1.1459301 | CQ43: =IF(BU43="","",(BU43-BU$20)*1000)+CQ$18 -> -2.3622566 | CR43: =IF(BV43="","",(BV43-BV$20)*1000)+CR$18 -> 3.9889402 | ... DE43: =IF(CI43="","",(CI43-CI$20)*1000)+DE$18 -> -32.937234
A44: 43769 | B44: =A44-A$10 -> 111 | C44: 216.87 | D44: =C44-PM -> 32.97 | E44: 823233.38 | F44: 1091513.6 | G44: -124.5804 | H44: 823233.25 | I44: 1091513.8 | J44: -123.4111 | K44: 823233.45 | L44: 1091513.3 | M44: -121.9683 | N44: 823234.11 | O44: 1091511.6 | P44: -121.0546 | Q44: 823234.88 | R44: 1091510.1 | S44: -121.374 | T44: 823235.48 | U44: 1091508.9 | V44: -123.4484 | W44: 823235.41 | X44: 1091509 | Y44: -124.6239 | Z44: =IF(Xhaut="","",SQRT(((Xbasgauche-Xhaut)^2+(Ybasgauche-Yhaut)^2)+(Zbasgauche-Zhaut)^2)) -> 4.1228078 | AA44: =IF(Xhaut="","",SQRT(((Xintergauche-Xhaut)^2+(Yintergauche-Yhaut)^2)+(Zintergauche-Zhaut)^2)) -> 3.342885 | AB44: =IF(Xhaut="","",SQRT(((Xhautgauche-Xhaut)^2+(Yhautgauche-Yhaut)^2)+(Zhautgauche-Zhaut)^2)) -> 2.0684185 | AC44: =IF(Xhaut="","",SQRT(((Xhautdroit-Xhaut)^2+(Yhautdroit-Yhaut)^2)+(Zhautdroit-Zhaut)^2)) -> 1.634438 | AD44: =IF(Xhaut="","",SQRT(((Xinterdroit-Xhaut)^2+(Yinterdroit-Yhaut)^2)+(Zinterdroit-Zhaut)^2)) -> 3.8304257 | AE44: =IF(Xhaut="","",SQRT(((Xbasdroit-Xhaut)^2+(Ybasdroit-Yhaut)^2)+(Zbasdroit-Zhaut)^2)) -> 4.5558366 | AF44: =IF(Xhautdroit="","",SQRT(((Xhautdroit-Xhautgauche)^2+(Yhautdroit-Yhautgauche)^2)+(Zhautdroit-Zhautgauche)^2)) -> 3.5011249 | AG44: =IF(Xinterdroit="","",SQRT(((Xinterdroit-Xintergauche)^2+(Yinterdroit-Yintergauche)^2)+(Zinterdroit-Zintergauche)^2)) -> 5.3538816 | AH44: =IF(Xbasdroit="","",SQRT(((Xbasdroit-Xbasgauche)^2+(Ybasdroit-Ybasgauche)^2)+(Zbasdroit-Zbasgauche)^2)) -> 4.958305 | AI44: =IF(Z44="","",(Z44-Z$20)*1000)+AI$18 -> -57.537061 | AJ44: =IF(AA44="","",(AA44-AA$20)*1000)+AJ$18 -> -48.657567 | AK44: =IF(AB44="","",(AB44-AB$20)*1000)+AK$18 -> -30.259151 | AL44: =IF(AC44="","",(AC44-AC$20)*1000)+AL$18 -> -15.959165 | AM44: =IF(AD44="","",(AD44-AD$20)*1000)+AM$18 -> -56.230723 | AN44: =IF(AE44="","",(AE44-AE$20)*1000)+AN$18 -> -35.244046 | AO44: =IF(AF44="","",(AF44-AF$20)*1000)+AO$18 -> -21.265066 | AP44: =IF(AG44="","",(AG44-AG$20)*1000)+AP$18 -> -22.650641 | AQ44: =IF(AH44="","",(AH44-AH$20)*1000)+AQ$18 -> -19.566658 | AS44: =IF(E44="","",(E44-E$20)*1000)+AS$18 -> 2.55 | AT44: =IF(F44="","",(F44-F$20)*1000)+AT$18 -> -2.45 | AU44: =IF(G44="","",(G44-G$20)*1000)+AU$18 -> 2.8 | AV44: =IF(H44="","",(H44-H$20)*1000)+AV$18 -> 2.8 | AW44: =IF(I44="","",(I44-I$20)*1000)+AW$18 -> -2.8500003 | AX44: =IF(J44="","",(J44-J$20)*1000)+AX$18 -> 1.75 | AY44: =IF(K44="","",(K44-K$20)*1000)+AY$18 -> 1.9500001 | AZ44: =IF(L44="","",(L44-L$20)*1000)+AZ$18 -> -8.3000003 | ... BM44: =IF(Y44="","",(Y44-Y$20)*1000)+BM$18 -> -31.8 | BO44: 183.97181 | BP44: -2.4311874 | BQ44: -0.87723807 | BR44: 183.94257 | BS44: -2.6682616 | BT44: 0.29235433 | BU44: 183.92509 | BV44: -2.1528503 | BW44: 1.7353291 | BX44: 183.78553 | BY44: -0.30243663 | BZ44: 2.6504247 | CA44: 183.88725 | CB44: 1.2972586 | CC44: 2.3300075 | CD44: 183.90745 | CE44: 2.6853749 | CF44: 0.25540549 | CG44: 183.90092 | CH44: 2.52642 | CI44: -0.92002922 | CK44: =IF(BO44="","",(BO44-BO$20)*1000)+CK$18 -> 0.96024957 | CL44: =IF(BP44="","",(BP44-BP$20)*1000)+CL$18 -> 3.6402103 | CM44: =IF(BQ44="","",(BQ44-BQ$20)*1000)+CM$18 -> 2.7893975 | CN44: =IF(BR44="","",(BR44-BR$20)*1000)+CN$18 -> 1.3296027 | CO44: =IF(BS44="","",(BS44-BS$20)*1000)+CO$18 -> 3.7159404 | CP44: =IF(BT44="","",(BT44-BT$20)*1000)+CP$18 -> 1.737704 | CQ44: =IF(BU44="","",(BU44-BU$20)*1000)+CQ$18 -> -1.4551117 | CR44: =IF(BV44="","",(BV44-BV$20)*1000)+CR$18 -> 7.7221812 | ... DE44: =IF(CI44="","",(CI44-CI$20)*1000)+DE$18 -> -31.928484
A45: 43774 | B45: =A45-A$10 -> 116 | C45: 217.87 | D45: =C45-PM -> 33.97 | E45: 823233.38 | F45: 1091513.6 | G45: -124.5799 | H45: 823233.25 | I45: 1091513.8 | J45: -123.411 | K45: 823233.45 | L45: 1091513.3 | M45: -121.9688 | N45: 823234.11 | O45: 1091511.6 | P45: -121.0553 | Q45: 823234.88 | R45: 1091510.1 | S45: -121.3743 | T45: 823235.48 | U45: 1091508.9 | V45: -123.4481 | W45: 823235.41 | X45: 1091509 | Y45: -124.6235 | Z45: =IF(Xhaut="","",SQRT(((Xbasgauche-Xhaut)^2+(Ybasgauche-Yhaut)^2)+(Zbasgauche-Zhaut)^2)) -> 4.1213391 | AA45: =IF(Xhaut="","",SQRT(((Xintergauche-Xhaut)^2+(Yintergauche-Yhaut)^2)+(Zintergauche-Zhaut)^2)) -> 3.3417882 | AB45: =IF(Xhaut="","",SQRT(((Xhautgauche-Xhaut)^2+(Yhautgauche-Yhaut)^2)+(Zhautgauche-Zhaut)^2)) -> 2.0677651 | AC45: =IF(Xhaut="","",SQRT(((Xhautdroit-Xhaut)^2+(Yhautdroit-Yhaut)^2)+(Zhautdroit-Zhaut)^2)) -> 1.6341096 | AD45: =IF(Xhaut="","",SQRT(((Xinterdroit-Xhaut)^2+(Yinterdroit-Yhaut)^2)+(Zinterdroit-Zhaut)^2)) -> 3.8294995 | AE45: =IF(Xhaut="","",SQRT(((Xbasdroit-Xhaut)^2+(Ybasdroit-Yhaut)^2)+(Zbasdroit-Zhaut)^2)) -> 4.5544818 | AF45: =IF(Xhautdroit="","",SQRT(((Xhautdroit-Xhautgauche)^2+(Yhautdroit-Yhautgauche)^2)+(Zhautdroit-Zhautgauche)^2)) -> 3.5003175 | AG45: =IF(Xinterdroit="","",SQRT(((Xinterdroit-Xintergauche)^2+(Yinterdroit-Yintergauche)^2)+(Zinterdroit-Zintergauche)^2)) -> 5.3527368 | AH45: =IF(Xbasdroit="","",SQRT(((Xbasdroit-Xbasgauche)^2+(Ybasdroit-Ybasgauche)^2)+(Zbasdroit-Zbasgauche)^2)) -> 4.9566998 | AI45: =IF(Z45="","",(Z45-Z$20)*1000)+AI$18 -> -59.005759 | AJ45: =IF(AA45="","",(AA45-AA$20)*1000)+AJ$18 -> -49.754391 | AK45: =IF(AB45="","",(AB45-AB$20)*1000)+AK$18 -> -30.912495 | AL45: =IF(AC45="","",(AC45-AC$20)*1000)+AL$18 -> -16.287532 | AM45: =IF(AD45="","",(AD45-AD$20)*1000)+AM$18 -> -57.156891 | AN45: =IF(AE45="","",(AE45-AE$20)*1000)+AN$18 -> -36.598852 | AO45: =IF(AF45="","",(AF45-AF$20)*1000)+AO$18 -> -22.072465 | AP45: =IF(AG45="","",(AG45-AG$20)*1000)+AP$18 -> -23.795412 | AQ45: =IF(AH45="","",(AH45-AH$20)*1000)+AQ$18 -> -21.171873 | AS45: =IF(E45="","",(E45-E$20)*1000)+AS$18 -> -0.75000001 | AT45: =IF(F45="","",(F45-F$20)*1000)+AT$18 -> -0.15000021 | AU45: =IF(G45="","",(G45-G$20)*1000)+AU$18 -> 3.3 | AV45: =IF(H45="","",(H45-H$20)*1000)+AV$18 -> -0.19999989 | AW45: =IF(I45="","",(I45-I$20)*1000)+AW$18 -> -0.35000034 | AX45: =IF(J45="","",(J45-J$20)*1000)+AX$18 -> 1.85 | AY45: =IF(K45="","",(K45-K$20)*1000)+AY$18 -> -1.1499999 | AZ45: =IF(L45="","",(L45-L$20)*1000)+AZ$18 -> -5.7000003 | ... BM45: =IF(Y45="","",(Y45-Y$20)*1000)+BM$18 -> -31.4 | BO45: 183.96979 | BP45: -2.4346666 | BQ45: -0.87671789 | BR45: 183.9409 | BS45: -2.6717953 | BT45: 0.29247095 | BU45: 183.92338 | BV45: -2.1565169 | BW45: 1.7348462 | BX45: 183.78474 | BY45: -0.30666529 | BZ45: 2.6497326 | CA45: 183.88681 | CB45: 1.2927519 | CC45: 2.3297119 | CD45: 183.90786 | CE45: 2.680711 | CF45: 0.25570139 | CG45: 183.90096 | CH45: 2.5213635 | CI45: -0.91962963 | CK45: =IF(BO45="","",(BO45-BO$20)*1000)+CK$18 -> -1.0584146 | CL45: =IF(BP45="","",(BP45-BP$20)*1000)+CL$18 -> 0.16098712 | CM45: =IF(BQ45="","",(BQ45-BQ$20)*1000)+CM$18 -> 3.3095841 | CN45: =IF(BR45="","",(BR45-BR$20)*1000)+CN$18 -> -0.3326434 | CO45: =IF(BS45="","",(BS45-BS$20)*1000)+CO$18 -> 0.18225432 | CP45: =IF(BT45="","",(BT45-BT$20)*1000)+CP$18 -> 1.8543264 | CQ45: =IF(BU45="","",(BU45-BU$20)*1000)+CQ$18 -> -3.1657218 | CR45: =IF(BV45="","",(BV45-BV$20)*1000)+CR$18 -> 4.0556006 | ... DE45: =IF(CI45="","",(CI45-CI$20)*1000)+DE$18 -> -31.528894
A46: 43776 | B46: =A46-A$10 -> 118 | C46: 218.9 | D46: =C46-PM -> 35 | E46: 823233.38 | F46: 1091513.6 | G46: -124.5807 | H46: 823233.25 | I46: 1091513.8 | J46: -123.4121 | K46: 823233.45 | L46: 1091513.3 | M46: -121.9697 | N46: 823234.11 | O46: 1091511.6 | P46: -121.0567 | Q46: 823234.88 | R46: 1091510.1 | S46: -121.3754 | T46: 823235.48 | U46: 1091508.9 | V46: -123.449 | W46: 823235.41 | X46: 1091509 | Y46: -124.6242 | Z46: =IF(Xhaut="","",SQRT(((Xbasgauche-Xhaut)^2+(Ybasgauche-Yhaut)^2)+(Zbasgauche-Zhaut)^2)) -> 4.1208479 | AA46: =IF(Xhaut="","",SQRT(((Xintergauche-Xhaut)^2+(Yintergauche-Yhaut)^2)+(Zintergauche-Zhaut)^2)) -> 3.3414888 | AB46: =IF(Xhaut="","",SQRT(((Xhautgauche-Xhaut)^2+(Yhautgauche-Yhaut)^2)+(Zhautgauche-Zhaut)^2)) -> 2.0674379 | AC46: =IF(Xhaut="","",SQRT(((Xhautdroit-Xhaut)^2+(Yhautdroit-Yhaut)^2)+(Zhautdroit-Zhaut)^2)) -> 1.634012 | AD46: =IF(Xhaut="","",SQRT(((Xinterdroit-Xhaut)^2+(Yinterdroit-Yhaut)^2)+(Zinterdroit-Zhaut)^2)) -> 3.8287638 | AE46: =IF(Xhaut="","",SQRT(((Xbasdroit-Xhaut)^2+(Ybasdroit-Yhaut)^2)+(Zbasdroit-Zhaut)^2)) -> 4.5538497 | AF46: =IF(Xhautdroit="","",SQRT(((Xhautdroit-Xhautgauche)^2+(Yhautdroit-Yhautgauche)^2)+(Zhautdroit-Zhautgauche)^2)) -> 3.5000801 | AG46: =IF(Xinterdroit="","",SQRT(((Xinterdroit-Xintergauche)^2+(Yinterdroit-Yintergauche)^2)+(Zinterdroit-Zintergauche)^2)) -> 5.3520533 | AH46: =IF(Xbasdroit="","",SQRT(((Xbasdroit-Xbasgauche)^2+(Ybasdroit-Ybasgauche)^2)+(Zbasdroit-Zbasgauche)^2)) -> 4.9565534 | AI46: =IF(Z46="","",(Z46-Z$20)*1000)+AI$18 -> -59.496998 | AJ46: =IF(AA46="","",(AA46-AA$20)*1000)+AJ$18 -> -50.053762 | AK46: =IF(AB46="","",(AB46-AB$20)*1000)+AK$18 -> -31.239758 | AL46: =IF(AC46="","",(AC46-AC$20)*1000)+AL$18 -> -16.385101 | AM46: =IF(AD46="","",(AD46-AD$20)*1000)+AM$18 -> -57.892617 | AN46: =IF(AE46="","",(AE46-AE$20)*1000)+AN$18 -> -37.231006 | AO46: =IF(AF46="","",(AF46-AF$20)*1000)+AO$18 -> -22.30991 | AP46: =IF(AG46="","",(AG46-AG$20)*1000)+AP$18 -> -24.478919 | AQ46: =IF(AH46="","",(AH46-AH$20)*1000)+AQ$18 -> -21.318286 | AS46: =IF(E46="","",(E46-E$20)*1000)+AS$18 -> 1.9500001 | AT46: =IF(F46="","",(F46-F$20)*1000)+AT$18 -> -2.9500001 | AU46: =IF(G46="","",(G46-G$20)*1000)+AU$18 -> 2.5 | AV46: =IF(H46="","",(H46-H$20)*1000)+AV$18 -> 2.4000001 | AW46: =IF(I46="","",(I46-I$20)*1000)+AW$18 -> -3.3500004 | AX46: =IF(J46="","",(J46-J$20)*1000)+AX$18 -> 0.75 | AY46: =IF(K46="","",(K46-K$20)*1000)+AY$18 -> 1.4500001 | AZ46: =IF(L46="","",(L46-L$20)*1000)+AZ$18 -> -8.7000004 | ... BM46: =IF(Y46="","",(Y46-Y$20)*1000)+BM$18 -> -32.1 | BO46: 183.9711 | BP46: -2.431 | BQ46: -0.8775 | BR46: 183.942 | BS46: -2.668 | BT46: 0.2914 | BU46: 183.9245 | BV46: -2.1527 | BW46: 1.7339 | BX46: 183.7852 | BY46: -0.303 | BZ46: 2.6483 | CA46: 183.8874 | CB46: 1.2964 | CC46: 2.3286 | CD46: 183.9079 | CE46: 2.6838 | CF46: 0.2548 | CG46: 183.9014 | CH46: 2.5249 | CI46: -0.9203 | CK46: =IF(BO46="","",(BO46-BO$20)*1000)+CK$18 -> 0.25292036 | CL46: =IF(BP46="","",(BP46-BP$20)*1000)+CL$18 -> 3.827634 | CM46: =IF(BQ46="","",(BQ46-BQ$20)*1000)+CM$18 -> 2.5274708 | CN46: =IF(BR46="","",(BR46-BR$20)*1000)+CN$18 -> 0.7624441 | CO46: =IF(BS46="","",(BS46-BS$20)*1000)+CO$18 -> 3.9775136 | CP46: =IF(BT46="","",(BT46-BT$20)*1000)+CP$18 -> 0.78337556 | CQ46: =IF(BU46="","",(BU46-BU$20)*1000)+CQ$18 -> -2.0448855 | CR46: =IF(BV46="","",(BV46-BV$20)*1000)+CR$18 -> 7.872471 | ... DE46: =IF(CI46="","",(CI46-CI$20)*1000)+DE$18 -> -32.199263
A47: 43781 | B47: =A47-A$10 -> 123 | C47: 218.9 | D47: =C47-PM -> 35 | E47: 823233.38 | F47: 1091513.6 | G47: -124.5803 | H47: 823233.25 | I47: 1091513.8 | J47: -123.4116 | K47: 823233.45 | L47: 1091513.3 | M47: -121.9693 | N47: 823234.11 | O47: 1091511.6 | P47: -121.0565 | Q47: 823234.88 | R47: 1091510.1 | S47: -121.3752 | T47: 823235.48 | U47: 1091508.9 | V47: -123.4488 | W47: 823235.41 | X47: 1091509 | Y47: -124.6238 | Z47: =IF(Xhaut="","",SQRT(((Xbasgauche-Xhaut)^2+(Ybasgauche-Yhaut)^2)+(Zbasgauche-Zhaut)^2)) -> 4.1205444 | AA47: =IF(Xhaut="","",SQRT(((Xintergauche-Xhaut)^2+(Yintergauche-Yhaut)^2)+(Zintergauche-Zhaut)^2)) -> 3.341086 | AB47: =IF(Xhaut="","",SQRT(((Xhautgauche-Xhaut)^2+(Yhautgauche-Yhaut)^2)+(Zhautgauche-Zhaut)^2)) -> 2.0671407 | AC47: =IF(Xhaut="","",SQRT(((Xhautdroit-Xhaut)^2+(Yhautdroit-Yhaut)^2)+(Zhautdroit-Zhaut)^2)) -> 1.6338789 | AD47: =IF(Xhaut="","",SQRT(((Xinterdroit-Xhaut)^2+(Yinterdroit-Yhaut)^2)+(Zinterdroit-Zhaut)^2)) -> 3.8288739 | AE47: =IF(Xhaut="","",SQRT(((Xbasdroit-Xhaut)^2+(Ybasdroit-Yhaut)^2)+(Zbasdroit-Zhaut)^2)) -> 4.5536664 | AF47: =IF(Xhautdroit="","",SQRT(((Xhautdroit-Xhautgauche)^2+(Yhautdroit-Yhautgauche)^2)+(Zhautdroit-Zhautgauche)^2)) -> 3.4997194 | AG47: =IF(Xinterdroit="","",SQRT(((Xinterdroit-Xintergauche)^2+(Yinterdroit-Yintergauche)^2)+(Zinterdroit-Zintergauche)^2)) -> 5.3519613 | AH47: =IF(Xbasdroit="","",SQRT(((Xbasdroit-Xbasgauche)^2+(Ybasdroit-Ybasgauche)^2)+(Zbasdroit-Zbasgauche)^2)) -> 4.9563249 | AI47: =IF(Z47="","",(Z47-Z$20)*1000)+AI$18 -> -59.800479 | AJ47: =IF(AA47="","",(AA47-AA$20)*1000)+AJ$18 -> -50.456552 | AK47: =IF(AB47="","",(AB47-AB$20)*1000)+AK$18 -> -31.536891 | AL47: =IF(AC47="","",(AC47-AC$20)*1000)+AL$18 -> -16.518202 | AM47: =IF(AD47="","",(AD47-AD$20)*1000)+AM$18 -> -57.782551 | AN47: =IF(AE47="","",(AE47-AE$20)*1000)+AN$18 -> -37.414327 | AO47: =IF(AF47="","",(AF47-AF$20)*1000)+AO$18 -> -22.670537 | AP47: =IF(AG47="","",(AG47-AG$20)*1000)+AP$18 -> -24.57097 | AQ47: =IF(AH47="","",(AH47-AH$20)*1000)+AQ$18 -> -21.546754 | AS47: =IF(E47="","",(E47-E$20)*1000)+AS$18 -> -1.35 | AT47: =IF(F47="","",(F47-F$20)*1000)+AT$18 -> -1.5500002 | AU47: =IF(G47="","",(G47-G$20)*1000)+AU$18 -> 2.9 | AV47: =IF(H47="","",(H47-H$20)*1000)+AV$18 -> -0.79999992 | AW47: =IF(I47="","",(I47-I$20)*1000)+AW$18 -> -1.9500002 | AX47: =IF(J47="","",(J47-J$20)*1000)+AX$18 -> 1.25 | AY47: =IF(K47="","",(K47-K$20)*1000)+AY$18 -> -1.3499999 | AZ47: =IF(L47="","",(L47-L$20)*1000)+AZ$18 -> -7.1000003 | ... BM47: =IF(Y47="","",(Y47-Y$20)*1000)+BM$18 -> -31.7 | BO47: 183.9687 | BP47: -2.4337 | BQ47: -0.8771 | BR47: 183.9397 | BS47: -2.6706 | BT47: 0.2919 | BU47: 183.9226 | BV47: -2.1553 | BW47: 1.7344 | BX47: 183.7839 | BY47: -0.3058 | BZ47: 2.6485 | CA47: 183.8861 | CB47: 1.2934 | CC47: 2.3288 | CD47: 183.9071 | CE47: 2.6811 | CF47: 0.255 | CG47: 183.9002 | CH47: 2.522 | CI47: -0.9199 | CK47: =IF(BO47="","",(BO47-BO$20)*1000)+CK$18 -> -2.1470796 | CL47: =IF(BP47="","",(BP47-BP$20)*1000)+CL$18 -> 1.127634 | CM47: =IF(BQ47="","",(BQ47-BQ$20)*1000)+CM$18 -> 2.9274708 | CN47: =IF(BR47="","",(BR47-BR$20)*1000)+CN$18 -> -1.5375559 | CO47: =IF(BS47="","",(BS47-BS$20)*1000)+CO$18 -> 1.3775136 | CP47: =IF(BT47="","",(BT47-BT$20)*1000)+CP$18 -> 1.2833756 | CQ47: =IF(BU47="","",(BU47-BU$20)*1000)+CQ$18 -> -3.9448855 | CR47: =IF(BV47="","",(BV47-BV$20)*1000)+CR$18 -> 5.272471 | ... DE47: =IF(CI47="","",(CI47-CI$20)*1000)+DE$18 -> -31.799263
A48: 43783 | B48: =A48-A$10 -> 125 | C48: 220.5 | D48: =C48-PM -> 36.6 | E48: 823233.38 | F48: 1091513.6 | G48: -124.5798 | H48: 823233.25 | I48: 1091513.8 | J48: -123.411 | K48: 823233.45 | L48: 1091513.3 | M48: -121.9688 | N48: 823234.11 | O48: 1091511.6 | P48: -121.0561 | Q48: 823234.88 | R48: 1091510.1 | S48: -121.3744 | T48: 823235.48 | U48: 1091508.9 | V48: -123.4481 | W48: 823235.41 | X48: 1091509 | Y48: -124.6233 | Z48: =IF(Xhaut="","",SQRT(((Xbasgauche-Xhaut)^2+(Ybasgauche-Yhaut)^2)+(Zbasgauche-Zhaut)^2)) -> 4.120534 | AA48: =IF(Xhaut="","",SQRT(((Xintergauche-Xhaut)^2+(Yintergauche-Yhaut)^2)+(Zintergauche-Zhaut)^2)) -> 3.3410516 | AB48: =IF(Xhaut="","",SQRT(((Xhautgauche-Xhaut)^2+(Yhautgauche-Yhaut)^2)+(Zhautgauche-Zhaut)^2)) -> 2.0672123 | AC48: =IF(Xhaut="","",SQRT(((Xhautdroit-Xhaut)^2+(Yhautdroit-Yhaut)^2)+(Zhautdroit-Zhaut)^2)) -> 1.6340752 | AD48: =IF(Xhaut="","",SQRT(((Xinterdroit-Xhaut)^2+(Yinterdroit-Yhaut)^2)+(Zinterdroit-Zhaut)^2)) -> 3.8288276 | AE48: =IF(Xhaut="","",SQRT(((Xbasdroit-Xhaut)^2+(Ybasdroit-Yhaut)^2)+(Zbasdroit-Zhaut)^2)) -> 4.5536737 | AF48: =IF(Xhautdroit="","",SQRT(((Xhautdroit-Xhautgauche)^2+(Yhautdroit-Yhautgauche)^2)+(Zhautdroit-Zhautgauche)^2)) -> 3.5001534 | AG48: =IF(Xinterdroit="","",SQRT(((Xinterdroit-Xintergauche)^2+(Yinterdroit-Yintergauche)^2)+(Zinterdroit-Zintergauche)^2)) -> 5.352275 | AH48: =IF(Xbasdroit="","",SQRT(((Xbasdroit-Xbasgauche)^2+(Ybasdroit-Ybasgauche)^2)+(Zbasdroit-Zbasgauche)^2)) -> 4.9565575 | AI48: =IF(Z48="","",(Z48-Z$20)*1000)+AI$18 -> -59.810929 | AJ48: =IF(AA48="","",(AA48-AA$20)*1000)+AJ$18 -> -50.490973 | AK48: =IF(AB48="","",(AB48-AB$20)*1000)+AK$18 -> -31.465385 | AL48: =IF(AC48="","",(AC48-AC$20)*1000)+AL$18 -> -16.32193 | AM48: =IF(AD48="","",(AD48-AD$20)*1000)+AM$18 -> -57.828858 | AN48: =IF(AE48="","",(AE48-AE$20)*1000)+AN$18 -> -37.406971 | AO48: =IF(AF48="","",(AF48-AF$20)*1000)+AO$18 -> -22.236566 | AP48: =IF(AG48="","",(AG48-AG$20)*1000)+AP$18 -> -24.257304 | AQ48: =IF(AH48="","",(AH48-AH$20)*1000)+AQ$18 -> -21.314155 | AS48: =IF(E48="","",(E48-E$20)*1000)+AS$18 -> -0.050000031 | AT48: =IF(F48="","",(F48-F$20)*1000)+AT$18 -> -0.85000019 | AU48: =IF(G48="","",(G48-G$20)*1000)+AU$18 -> 3.4 | AV48: =IF(H48="","",(H48-H$20)*1000)+AV$18 -> 0.20000013 | AW48: =IF(I48="","",(I48-I$20)*1000)+AW$18 -> -1.3500003 | AX48: =IF(J48="","",(J48-J$20)*1000)+AX$18 -> 1.85 | AY48: =IF(K48="","",(K48-K$20)*1000)+AY$18 -> -0.54999988 | AZ48: =IF(L48="","",(L48-L$20)*1000)+AZ$18 -> -6.6000002 | ... BM48: =IF(Y48="","",(Y48-Y$20)*1000)+BM$18 -> -31.2 | BO48: 183.9701 | BP48: -2.4337 | BQ48: -0.8766 | BR48: 183.9408 | BS48: -2.6707 | BT48: 0.2925 | BU48: 183.9235 | BV48: -2.1554 | BW48: 1.7348 | BX48: 183.7849 | BY48: -0.3058 | BZ48: 2.6489 | CA48: 183.8874 | CB48: 1.2937 | CC48: 2.3296 | CD48: 183.9082 | CE48: 2.6813 | CF48: 0.2557 | CG48: 183.9015 | CH48: 2.5222 | CI48: -0.9194 | CK48: =IF(BO48="","",(BO48-BO$20)*1000)+CK$18 -> -0.74707964 | CL48: =IF(BP48="","",(BP48-BP$20)*1000)+CL$18 -> 1.127634 | CM48: =IF(BQ48="","",(BQ48-BQ$20)*1000)+CM$18 -> 3.4274708 | CN48: =IF(BR48="","",(BR48-BR$20)*1000)+CN$18 -> -0.4375559 | CO48: =IF(BS48="","",(BS48-BS$20)*1000)+CO$18 -> 1.2775136 | CP48: =IF(BT48="","",(BT48-BT$20)*1000)+CP$18 -> 1.8833756 | CQ48: =IF(BU48="","",(BU48-BU$20)*1000)+CQ$18 -> -3.0448855 | CR48: =IF(BV48="","",(BV48-BV$20)*1000)+CR$18 -> 5.172471 | ... DE48: =IF(CI48="","",(CI48-CI$20)*1000)+DE$18 -> -31.299263
... A50: 43790 | B50: =A50-A$10 -> 132 | C50: 222.9 | D50: =C50-PM -> 39 | E50: 823233.38 | F50: 1091513.6 | G50: -124.5801 | H50: 823233.25 | I50: 1091513.8 | J50: -123.4114 | K50: 823233.45 | L50: 1091513.3 | M50: -121.9691 | N50: 823234.11 | O50: 1091511.6 | P50: -121.0568 | Q50: 823234.88 | R50: 1091510.1 | S50: -121.375 | T50: 823235.48 | U50: 1091508.9 | V50: -123.4484 | W50: 823235.41 | X50: 1091509 | Y50: -124.6235 | Z50: =IF(Xhaut="","",SQRT(((Xbasgauche-Xhaut)^2+(Ybasgauche-Yhaut)^2)+(Zbasgauche-Zhaut)^2)) -> 4.1203158 | AA50: =IF(Xhaut="","",SQRT(((Xintergauche-Xhaut)^2+(Yintergauche-Yhaut)^2)+(Zintergauche-Zhaut)^2)) -> 3.3410424 | AB50: =IF(Xhaut="","",SQRT(((Xhautgauche-Xhaut)^2+(Yhautgauche-Yhaut)^2)+(Zhautgauche-Zhaut)^2)) -> 2.0671923 | AC50: =IF(Xhaut="","",SQRT(((Xhautdroit-Xhaut)^2+(Yhautdroit-Yhaut)^2)+(Zhautdroit-Zhaut)^2)) -> 1.6337425 | AD50: =IF(Xhaut="","",SQRT(((Xinterdroit-Xhaut)^2+(Yinterdroit-Yhaut)^2)+(Zinterdroit-Zhaut)^2)) -> 3.8284365 | AE50: =IF(Xhaut="","",SQRT(((Xbasdroit-Xhaut)^2+(Ybasdroit-Yhaut)^2)+(Zbasdroit-Zhaut)^2)) -> 4.5531963 | AF50: =IF(Xhautdroit="","",SQRT(((Xhautdroit-Xhautgauche)^2+(Yhautdroit-Yhautgauche)^2)+(Zhautdroit-Zhautgauche)^2)) -> 3.499948 | AG50: =IF(Xinterdroit="","",SQRT(((Xinterdroit-Xintergauche)^2+(Yinterdroit-Yintergauche)^2)+(Zinterdroit-Zintergauche)^2)) -> 5.3523459 | AH50: =IF(Xbasdroit="","",SQRT(((Xbasdroit-Xbasgauche)^2+(Ybasdroit-Ybasgauche)^2)+(Zbasdroit-Zbasgauche)^2)) -> 4.9566345 | AI50: =IF(Z50="","",(Z50-Z$20)*1000)+AI$18 -> -60.02914 | AJ50: =IF(AA50="","",(AA50-AA$20)*1000)+AJ$18 -> -50.500155 | AK50: =IF(AB50="","",(AB50-AB$20)*1000)+AK$18 -> -31.48535 | AL50: =IF(AC50="","",(AC50-AC$20)*1000)+AL$18 -> -16.654684 | AM50: =IF(AD50="","",(AD50-AD$20)*1000)+AM$18 -> -58.219876 | AN50: =IF(AE50="","",(AE50-AE$20)*1000)+AN$18 -> -37.884347 | AO50: =IF(AF50="","",(AF50-AF$20)*1000)+AO$18 -> -22.441983 | AP50: =IF(AG50="","",(AG50-AG$20)*1000)+AP$18 -> -24.186383 | AQ50: =IF(AH50="","",(AH50-AH$20)*1000)+AQ$18 -> -21.237187 | AS50: =IF(E50="","",(E50-E$20)*1000)+AS$18 -> 0.65000006 | AT50: =IF(F50="","",(F50-F$20)*1000)+AT$18 -> -0.65000006 | AU50: =IF(G50="","",(G50-G$20)*1000)+AU$18 -> 3.1 | AV50: =IF(H50="","",(H50-H$20)*1000)+AV$18 -> 1 | AW50: =IF(I50="","",(I50-I$20)*1000)+AW$18 -> -1.0500003 | AX50: =IF(J50="","",(J50-J$20)*1000)+AX$18 -> 1.45 | AY50: =IF(K50="","",(K50-K$20)*1000)+AY$18 -> 0.050000031 | AZ50: =IF(L50="","",(L50-L$20)*1000)+AZ$18 -> -6.5000004 | ... BM50: =IF(Y50="","",(Y50-Y$20)*1000)+BM$18 -> -31.4 | BO50: 183.9708 | BP50: -2.4336 | BQ50: -0.8769 | BR50: 183.9417 | BS50: -2.6707 | BT50: 0.2921 | BU50: 183.9241 | BV50: -2.1553 | BW50: 1.7345 | BX50: 183.7851 | BY50: -0.3055 | BZ50: 2.6482 | CA50: 183.8874 | CB50: 1.2937 | CC50: 2.329 | CD50: 183.9083 | CE50: 2.6815 | CF50: 0.2554 | CG50: 183.9014 | CH50: 2.5223 | CI50: -0.9196 | CK50: =IF(BO50="","",(BO50-BO$20)*1000)+CK$18 -> -0.047079643 | CL50: =IF(BP50="","",(BP50-BP$20)*1000)+CL$18 -> 1.227634 | CM50: =IF(BQ50="","",(BQ50-BQ$20)*1000)+CM$18 -> 3.1274708 | CN50: =IF(BR50="","",(BR50-BR$20)*1000)+CN$18 -> 0.4624441 | CO50: =IF(BS50="","",(BS50-BS$20)*1000)+CO$18 -> 1.2775136 | CP50: =IF(BT50="","",(BT50-BT$20)*1000)+CP$18 -> 1.4833756 | CQ50: =IF(BU50="","",(BU50-BU$20)*1000)+CQ$18 -> -2.4448855 | CR50: =IF(BV50="","",(BV50-BV$20)*1000)+CR$18 -> 5.272471 | ... DE50: =IF(CI50="","",(CI50-CI$20)*1000)+DE$18 -> -31.499263
A51: 43795 | B51: =A51-A$10 -> 137 | C51: 222.9 | D51: =C51-PM -> 39 | E51: 823233.38 | F51: 1091513.6 | G51: -124.5801 | H51: 823233.25 | I51: 1091513.8 | J51: -123.4117 | K51: - | L51: - | M51: - | N51: 823234.11 | O51: 1091511.6 | P51: -121.0576 | Q51: 823234.88 | R51: 1091510.1 | S51: -121.3757 | T51: 823235.48 | U51: 1091508.9 | V51: -123.4486 | W51: 823235.41 | X51: 1091509 | Y51: -124.6237 | Z51: =IF(Xhaut="","",SQRT(((Xbasgauche-Xhaut)^2+(Ybasgauche-Yhaut)^2)+(Zbasgauche-Zhaut)^2)) -> 4.1194368 | AA51: =IF(Xhaut="","",SQRT(((Xintergauche-Xhaut)^2+(Yintergauche-Yhaut)^2)+(Zintergauche-Zhaut)^2)) -> 3.3404107 | AC51: =IF(Xhaut="","",SQRT(((Xhautdroit-Xhaut)^2+(Yhautdroit-Yhaut)^2)+(Zhautdroit-Zhaut)^2)) -> 1.633754 | AD51: =IF(Xhaut="","",SQRT(((Xinterdroit-Xhaut)^2+(Yinterdroit-Yhaut)^2)+(Zinterdroit-Zhaut)^2)) -> 3.8278178 | AE51: =IF(Xhaut="","",SQRT(((Xbasdroit-Xhaut)^2+(Ybasdroit-Yhaut)^2)+(Zbasdroit-Zhaut)^2)) -> 4.5526445 | AG51: =IF(Xinterdroit="","",SQRT(((Xinterdroit-Xintergauche)^2+(Yinterdroit-Yintergauche)^2)+(Zinterdroit-Zintergauche)^2)) -> 5.3516598 | AH51: =IF(Xbasdroit="","",SQRT(((Xbasdroit-Xbasgauche)^2+(Ybasdroit-Ybasgauche)^2)+(Zbasdroit-Zbasgauche)^2)) -> 4.95613 | AI51: =IF(Z51="","",(Z51-Z$20)*1000)+AI$18 -> -60.908079 | AJ51: =IF(AA51="","",(AA51-AA$20)*1000)+AJ$18 -> -51.131856 | AL51: =IF(AC51="","",(AC51-AC$20)*1000)+AL$18 -> -16.643122 | AM51: =IF(AD51="","",(AD51-AD$20)*1000)+AM$18 -> -58.838622 | AN51: =IF(AE51="","",(AE51-AE$20)*1000)+AN$18 -> -38.436189 | AP51: =IF(AG51="","",(AG51-AG$20)*1000)+AP$18 -> -24.872472 | AQ51: =IF(AH51="","",(AH51-AH$20)*1000)+AQ$18 -> -21.741685 | AS51: =IF(E51="","",(E51-E$20)*1000)+AS$18 -> -0.44999993 | AT51: =IF(F51="","",(F51-F$20)*1000)+AT$18 -> -2.05 | AU51: =IF(G51="","",(G51-G$20)*1000)+AU$18 -> 3.1 | AV51: =IF(H51="","",(H51-H$20)*1000)+AV$18 -> -0.29999996 | AW51: =IF(I51="","",(I51-I$20)*1000)+AW$18 -> -2.5500003 | AX51: =IF(J51="","",(J51-J$20)*1000)+AX$18 -> 1.15 | BB51: =IF(N51="","",(N51-N$20)*1000)+BB$18 -> -15.5 | BC51: =IF(O51="","",(O51-O$20)*1000)+BC$18 -> -4.6999999 | BD51: =IF(P51="","",(P51-P$20)*1000)+BD$18 -> -67.05 | BE51: =IF(Q51="","",(Q51-Q$20)*1000)+BE$18 -> 2.15 | BF51: =IF(R51="","",(R51-R$20)*1000)+BF$18 -> 14.9 | BG51: =IF(S51="","",(S51-S$20)*1000)+BG$18 -> -32.55 | BH51: =IF(T51="","",(T51-T$20)*1000)+BH$18 -> -9.3999999 | BI51: =IF(U51="","",(U51-U$20)*1000)+BI$18 -> 20.65 | ... BM51: =IF(Y51="","",(Y51-Y$20)*1000)+BM$18 -> -31.6 | BO51: 183.9693 | BP51: -2.4328 | BQ51: -0.8769 | BR51: 183.9399 | BS51: -2.6698 | BT51: 0.2918 | BU51: - | BV51: - | BW51: - | BX51: 183.7837 | BY51: -0.3051 | BZ51: 2.6474 | CA51: 183.8856 | CB51: 1.2942 | CC51: 2.3283 | CD51: 183.9069 | CE51: 2.6816 | CF51: 0.2552 | CG51: 183.9001 | CH51: 2.5226 | CI51: -0.9198 | CK51: =IF(BO51="","",(BO51-BO$20)*1000)+CK$18 -> -1.5470796 | CL51: =IF(BP51="","",(BP51-BP$20)*1000)+CL$18 -> 2.027634 | CM51: =IF(BQ51="","",(BQ51-BQ$20)*1000)+CM$18 -> 3.1274708 | CN51: =IF(BR51="","",(BR51-BR$20)*1000)+CN$18 -> -1.3375559 | CO51: =IF(BS51="","",(BS51-BS$20)*1000)+CO$18 -> 2.1775136 | CP51: =IF(BT51="","",(BT51-BT$20)*1000)+CP$18 -> 1.1833756 | CT51: =IF(BX51="","",(BX51-BX$20)*1000)+CT$18 -> -15.881202 | CU51: =IF(BY51="","",(BY51-BY$20)*1000)+CU$18 -> -2.481109 | CV51: =IF(BZ51="","",(BZ51-BZ$20)*1000)+CV$18 -> -66.925188 | CW51: =IF(CA51="","",(CA51-CA$20)*1000)+CW$18 -> 7.8063479 | CX51: =IF(CB51="","",(CB51-CB$20)*1000)+CX$18 -> -11.829754 | CY51: =IF(CC51="","",(CC51-CC$20)*1000)+CY$18 -> -32.534063 | CZ51: =IF(CD51="","",(CD51-CD$20)*1000)+CZ$18 -> 0.23446687 | DA51: =IF(CE51="","",(CE51-CE$20)*1000)+DA$18 -> -22.724604 | ... DE51: =IF(CI51="","",(CI51-CI$20)*1000)+DE$18 -> -31.699263
A52: 43797 | B52: =A52-A$10 -> 139 | C52: 222.9 | D52: =C52-PM -> 39 | E52: 823233.38 | F52: 1091513.6 | G52: -124.5802 | H52: 823233.25 | I52: 1091513.8 | J52: -123.4117 | K52: 823233.46 | L52: 1091513.3 | M52: -121.9689 | N52: 823234.11 | O52: 1091511.6 | P52: -121.0587 | Q52: 823234.88 | R52: 1091510.1 | S52: -121.3762 | T52: 823235.48 | U52: 1091508.9 | V52: -123.449 | W52: 823235.41 | X52: 1091509 | Y52: -124.6238 | Z52: =IF(Xhaut="","",SQRT(((Xbasgauche-Xhaut)^2+(Ybasgauche-Yhaut)^2)+(Zbasgauche-Zhaut)^2)) -> 4.1185108 | AA52: =IF(Xhaut="","",SQRT(((Xintergauche-Xhaut)^2+(Yintergauche-Yhaut)^2)+(Zintergauche-Zhaut)^2)) -> 3.3394302 | AB52: =IF(Xhaut="","",SQRT(((Xhautgauche-Xhaut)^2+(Yhautgauche-Yhaut)^2)+(Zhautgauche-Zhaut)^2)) -> 2.0644749 | AC52: =IF(Xhaut="","",SQRT(((Xhautdroit-Xhaut)^2+(Yhautdroit-Yhaut)^2)+(Zhautdroit-Zhaut)^2)) -> 1.633301 | AD52: =IF(Xhaut="","",SQRT(((Xinterdroit-Xhaut)^2+(Yinterdroit-Yhaut)^2)+(Zinterdroit-Zhaut)^2)) -> 3.8272443 | AE52: =IF(Xhaut="","",SQRT(((Xbasdroit-Xhaut)^2+(Ybasdroit-Yhaut)^2)+(Zbasdroit-Zhaut)^2)) -> 4.5516157 | AF52: =IF(Xhautdroit="","",SQRT(((Xhautdroit-Xhautgauche)^2+(Yhautdroit-Yhautgauche)^2)+(Zhautdroit-Zhautgauche)^2)) -> 3.4971717 | AG52: =IF(Xinterdroit="","",SQRT(((Xinterdroit-Xintergauche)^2+(Yinterdroit-Yintergauche)^2)+(Zinterdroit-Zintergauche)^2)) -> 5.3511397 | AH52: =IF(Xbasdroit="","",SQRT(((Xbasdroit-Xbasgauche)^2+(Ybasdroit-Ybasgauche)^2)+(Zbasdroit-Zbasgauche)^2)) -> 4.9555417 | AI52: =IF(Z52="","",(Z52-Z$20)*1000)+AI$18 -> -61.834125 | AJ52: =IF(AA52="","",(AA52-AA$20)*1000)+AJ$18 -> -52.112389 | AK52: =IF(AB52="","",(AB52-AB$20)*1000)+AK$18 -> -34.202764 | AL52: =IF(AC52="","",(AC52-AC$20)*1000)+AL$18 -> -17.096144 | AM52: =IF(AD52="","",(AD52-AD$20)*1000)+AM$18 -> -59.412099 | AN52: =IF(AE52="","",(AE52-AE$20)*1000)+AN$18 -> -39.464997 | AO52: =IF(AF52="","",(AF52-AF$20)*1000)+AO$18 -> -25.218286 | AP52: =IF(AG52="","",(AG52-AG$20)*1000)+AP$18 -> -25.392569 | AQ52: =IF(AH52="","",(AH52-AH$20)*1000)+AQ$18 -> -22.329916 | AS52: =IF(E52="","",(E52-E$20)*1000)+AS$18 -> -0.55 | AT52: =IF(F52="","",(F52-F$20)*1000)+AT$18 -> -3.8500002 | AU52: =IF(G52="","",(G52-G$20)*1000)+AU$18 -> 3 | AV52: =IF(H52="","",(H52-H$20)*1000)+AV$18 -> 1.1641532e-07 | AW52: =IF(I52="","",(I52-I$20)*1000)+AW$18 -> -4.3500003 | AX52: =IF(J52="","",(J52-J$20)*1000)+AX$18 -> 1.15 | AY52: =IF(K52="","",(K52-K$20)*1000)+AY$18 -> 3.0500001 | AZ52: =IF(L52="","",(L52-L$20)*1000)+AZ$18 -> -9.7000003 | ... BM52: =IF(Y52="","",(Y52-Y$20)*1000)+BM$18 -> -31.7 | BO52: 183.9684 | BP52: -2.4312 | BQ52: -0.877 | BR52: 183.9394 | BS52: -2.6681 | BT52: 0.2918 | BU52: 183.9255 | BV52: -2.1511 | BW52: 1.7347 | BX52: 183.7825 | BY52: -0.3037 | BZ52: 2.6464 | CA52: 183.8848 | CB52: 1.2952 | CC52: 2.3278 | CD52: 183.906 | CE52: 2.6828 | CF52: 0.2548 | CG52: 183.8995 | CH52: 2.5236 | CI52: -0.9199 | CK52: =IF(BO52="","",(BO52-BO$20)*1000)+CK$18 -> -2.4470796 | CL52: =IF(BP52="","",(BP52-BP$20)*1000)+CL$18 -> 3.627634 | CM52: =IF(BQ52="","",(BQ52-BQ$20)*1000)+CM$18 -> 3.0274708 | CN52: =IF(BR52="","",(BR52-BR$20)*1000)+CN$18 -> -1.8375559 | CO52: =IF(BS52="","",(BS52-BS$20)*1000)+CO$18 -> 3.8775136 | CP52: =IF(BT52="","",(BT52-BT$20)*1000)+CP$18 -> 1.1833756 | CQ52: =IF(BU52="","",(BU52-BU$20)*1000)+CQ$18 -> -1.0448855 | CR52: =IF(BV52="","",(BV52-BV$20)*1000)+CR$18 -> 9.472471 | ... DE52: =IF(CI52="","",(CI52-CI$20)*1000)+DE$18 -> -31.799263
A53: 43798 | B53: =A53-A$10 -> 140 | C53: 222.9 | D53: =C53-PM -> 39 | E53: 823233.38 | F53: 1091513.6 | G53: -124.5799 | H53: 823233.25 | I53: 1091513.8 | J53: -123.4114 | K53: 823233.45 | L53: 1091513.3 | M53: -121.9685 | N53: 823234.11 | O53: 1091511.6 | P53: -121.0592 | Q53: 823234.88 | R53: 1091510.1 | S53: -121.3758 | T53: 823235.48 | U53: 1091508.9 | V53: -123.4485 | W53: 823235.41 | X53: 1091509 | Y53: -124.6234 | Z53: =IF(Xhaut="","",SQRT(((Xbasgauche-Xhaut)^2+(Ybasgauche-Yhaut)^2)+(Zbasgauche-Zhaut)^2)) -> 4.11784 | AA53: =IF(Xhaut="","",SQRT(((Xintergauche-Xhaut)^2+(Yintergauche-Yhaut)^2)+(Zintergauche-Zhaut)^2)) -> 3.3387342 | AB53: =IF(Xhaut="","",SQRT(((Xhautgauche-Xhaut)^2+(Yhautgauche-Yhaut)^2)+(Zhautgauche-Zhaut)^2)) -> 2.0638577 | AC53: =IF(Xhaut="","",SQRT(((Xhautdroit-Xhaut)^2+(Yhautdroit-Yhaut)^2)+(Zhautdroit-Zhaut)^2)) -> 1.6334168 | AD53: =IF(Xhaut="","",SQRT(((Xinterdroit-Xhaut)^2+(Yinterdroit-Yhaut)^2)+(Zinterdroit-Zhaut)^2)) -> 3.8268044 | AE53: =IF(Xhaut="","",SQRT(((Xbasdroit-Xhaut)^2+(Ybasdroit-Yhaut)^2)+(Zbasdroit-Zhaut)^2)) -> 4.5509167 | AF53: =IF(Xhautdroit="","",SQRT(((Xhautdroit-Xhautgauche)^2+(Yhautdroit-Yhautgauche)^2)+(Zhautdroit-Zhautgauche)^2)) -> 3.497178 | AG53: =IF(Xinterdroit="","",SQRT(((Xinterdroit-Xintergauche)^2+(Yinterdroit-Yintergauche)^2)+(Zinterdroit-Zintergauche)^2)) -> 5.3511501 | AH53: =IF(Xbasdroit="","",SQRT(((Xbasdroit-Xbasgauche)^2+(Ybasdroit-Ybasgauche)^2)+(Zbasdroit-Zbasgauche)^2)) -> 4.9555225 | AI53: =IF(Z53="","",(Z53-Z$20)*1000)+AI$18 -> -62.504887 | AJ53: =IF(AA53="","",(AA53-AA$20)*1000)+AJ$18 -> -52.808359 | AK53: =IF(AB53="","",(AB53-AB$20)*1000)+AK$18 -> -34.819984 | AL53: =IF(AC53="","",(AC53-AC$20)*1000)+AL$18 -> -16.980309 | AM53: =IF(AD53="","",(AD53-AD$20)*1000)+AM$18 -> -59.851991 | AN53: =IF(AE53="","",(AE53-AE$20)*1000)+AN$18 -> -40.163973 | AO53: =IF(AF53="","",(AF53-AF$20)*1000)+AO$18 -> -25.212002 | AP53: =IF(AG53="","",(AG53-AG$20)*1000)+AP$18 -> -25.382146 | AQ53: =IF(AH53="","",(AH53-AH$20)*1000)+AQ$18 -> -22.34919 | AS53: =IF(E53="","",(E53-E$20)*1000)+AS$18 -> -1.25 | AT53: =IF(F53="","",(F53-F$20)*1000)+AT$18 -> -1.65 | AU53: =IF(G53="","",(G53-G$20)*1000)+AU$18 -> 3.3 | AV53: =IF(H53="","",(H53-H$20)*1000)+AV$18 -> -0.89999998 | AW53: =IF(I53="","",(I53-I$20)*1000)+AW$18 -> -2.4500003 | AX53: =IF(J53="","",(J53-J$20)*1000)+AX$18 -> 1.45 | AY53: =IF(K53="","",(K53-K$20)*1000)+AY$18 -> 2.0500001 | AZ53: =IF(L53="","",(L53-L$20)*1000)+AZ$18 -> -7.9000003 | ... BM53: =IF(Y53="","",(Y53-Y$20)*1000)+BM$18 -> -31.3 | BO53: 183.9687 | BP53: -2.4335185 | BQ53: -0.87670702 | BR53: 183.93938 | BS53: -2.6701879 | BT53: 0.29208617 | BU53: 183.92535 | BV53: -2.1531705 | BW53: 1.7351265 | BX53: 183.78253 | BY53: -0.30593373 | BZ53: 2.6458547 | CA53: 183.88562 | CB53: 1.2931872 | CC53: 2.3282238 | CD53: 183.90697 | CE53: 2.6807354 | CF53: 0.25531033 | CG53: 183.9002 | CH53: 2.5213395 | CI53: -0.91952202 | CK53: =IF(BO53="","",(BO53-BO$20)*1000)+CK$18 -> -2.1455385 | CL53: =IF(BP53="","",(BP53-BP$20)*1000)+CL$18 -> 1.309099 | CM53: =IF(BQ53="","",(BQ53-BQ$20)*1000)+CM$18 -> 3.3204554 | CN53: =IF(BR53="","",(BR53-BR$20)*1000)+CN$18 -> -1.8546171 | CO53: =IF(BS53="","",(BS53-BS$20)*1000)+CO$18 -> 1.7896111 | CP53: =IF(BT53="","",(BT53-BT$20)*1000)+CP$18 -> 1.4695462 | CQ53: =IF(BU53="","",(BU53-BU$20)*1000)+CQ$18 -> -1.1954217 | CR53: =IF(BV53="","",(BV53-BV$20)*1000)+CR$18 -> 7.4019295 | ... DE53: =IF(CI53="","",(CI53-CI$20)*1000)+DE$18 -> -31.421282
A54: 43801 | B54: =A54-A$10 -> 143 | C54: 222.9 | D54: =C54-PM -> 39 | E54: 823233.38 | F54: 1091513.6 | G54: -124.5803 | H54: 823233.25 | I54: 1091513.8 | J54: -123.4118 | K54: 823233.46 | L54: 1091513.3 | M54: -121.9691 | N54: 823234.11 | O54: 1091511.6 | P54: -121.06 | Q54: 823234.88 | R54: 1091510.1 | S54: -121.3765 | T54: 823235.48 | U54: 1091508.9 | V54: -123.449 | W54: 823235.41 | X54: 1091509 | Y54: -124.6241 | Z54: =IF(Xhaut="","",SQRT(((Xbasgauche-Xhaut)^2+(Ybasgauche-Yhaut)^2)+(Zbasgauche-Zhaut)^2)) -> 4.1173783 | AA54: =IF(Xhaut="","",SQRT(((Xintergauche-Xhaut)^2+(Yintergauche-Yhaut)^2)+(Zintergauche-Zhaut)^2)) -> 3.3386509 | AB54: =IF(Xhaut="","",SQRT(((Xhautgauche-Xhaut)^2+(Yhautgauche-Yhaut)^2)+(Zhautgauche-Zhaut)^2)) -> 2.0636855 | AC54: =IF(Xhaut="","",SQRT(((Xhautdroit-Xhaut)^2+(Yhautdroit-Yhaut)^2)+(Zhautdroit-Zhaut)^2)) -> 1.6332481 | AD54: =IF(Xhaut="","",SQRT(((Xinterdroit-Xhaut)^2+(Yinterdroit-Yhaut)^2)+(Zinterdroit-Zhaut)^2)) -> 3.8264375 | AE54: =IF(Xhaut="","",SQRT(((Xbasdroit-Xhaut)^2+(Ybasdroit-Yhaut)^2)+(Zbasdroit-Zhaut)^2)) -> 4.550587 | AF54: =IF(Xhautdroit="","",SQRT(((Xhautdroit-Xhautgauche)^2+(Yhautdroit-Yhautgauche)^2)+(Zhautdroit-Zhautgauche)^2)) -> 3.4969579 | AG54: =IF(Xinterdroit="","",SQRT(((Xinterdroit-Xintergauche)^2+(Yinterdroit-Yintergauche)^2)+(Zinterdroit-Zintergauche)^2)) -> 5.3512149 | AH54: =IF(Xbasdroit="","",SQRT(((Xbasdroit-Xbasgauche)^2+(Ybasdroit-Ybasgauche)^2)+(Zbasdroit-Zbasgauche)^2)) -> 4.9548733 | AI54: =IF(Z54="","",(Z54-Z$20)*1000)+AI$18 -> -62.966564 | AJ54: =IF(AA54="","",(AA54-AA$20)*1000)+AJ$18 -> -52.891642 | AK54: =IF(AB54="","",(AB54-AB$20)*1000)+AK$18 -> -34.992137 | AL54: =IF(AC54="","",(AC54-AC$20)*1000)+AL$18 -> -17.149047 | AM54: =IF(AD54="","",(AD54-AD$20)*1000)+AM$18 -> -60.218938 | AN54: =IF(AE54="","",(AE54-AE$20)*1000)+AN$18 -> -40.493718 | AO54: =IF(AF54="","",(AF54-AF$20)*1000)+AO$18 -> -25.432026 | AP54: =IF(AG54="","",(AG54-AG$20)*1000)+AP$18 -> -25.317348 | AQ54: =IF(AH54="","",(AH54-AH$20)*1000)+AQ$18 -> -22.998377 | AS54: =IF(E54="","",(E54-E$20)*1000)+AS$18 -> -0.25000004 | AT54: =IF(F54="","",(F54-F$20)*1000)+AT$18 -> -2.3500002 | AU54: =IF(G54="","",(G54-G$20)*1000)+AU$18 -> 2.9 | AV54: =IF(H54="","",(H54-H$20)*1000)+AV$18 -> -0.29999996 | AW54: =IF(I54="","",(I54-I$20)*1000)+AW$18 -> -2.7500002 | AX54: =IF(J54="","",(J54-J$20)*1000)+AX$18 -> 1.05 | AY54: =IF(K54="","",(K54-K$20)*1000)+AY$18 -> 2.65 | AZ54: =IF(L54="","",(L54-L$20)*1000)+AZ$18 -> -8.6000003 | ... BM54: =IF(Y54="","",(Y54-Y$20)*1000)+BM$18 -> -32 | BO54: 183.9693 | BP54: -2.4325 | BQ54: -0.8771 | BR54: 183.9398 | BS54: -2.6697 | BT54: 0.2917 | BU54: 183.9256 | BV54: -2.1523 | BW54: 1.7345 | BX54: 183.7828 | BY54: -0.3051 | BZ54: 2.6451 | CA54: 183.8854 | CB54: 1.2939 | CC54: 2.3275 | CD54: 183.9068 | CE54: 2.6813 | CF54: 0.2548 | CG54: 183.9003 | CH54: 2.5217 | CI54: -0.9202 | CK54: =IF(BO54="","",(BO54-BO$20)*1000)+CK$18 -> -1.5470796 | CL54: =IF(BP54="","",(BP54-BP$20)*1000)+CL$18 -> 2.327634 | CM54: =IF(BQ54="","",(BQ54-BQ$20)*1000)+CM$18 -> 2.9274708 | CN54: =IF(BR54="","",(BR54-BR$20)*1000)+CN$18 -> -1.4375559 | CO54: =IF(BS54="","",(BS54-BS$20)*1000)+CO$18 -> 2.2775136 | CP54: =IF(BT54="","",(BT54-BT$20)*1000)+CP$18 -> 1.0833756 | CQ54: =IF(BU54="","",(BU54-BU$20)*1000)+CQ$18 -> -0.94488549 | CR54: =IF(BV54="","",(BV54-BV$20)*1000)+CR$18 -> 8.272471 | ... DE54: =IF(CI54="","",(CI54-CI$20)*1000)+DE$18 -> -32.099263
A55: 43803 | B55: =A55-A$10 -> 145 | C55: 222.9 | D55: =C55-PM -> 39 | E55: 823233.38 | F55: 1091513.6 | G55: -124.5799 | H55: 823233.25 | I55: 1091513.8 | J55: -123.4115 | K55: 823233.46 | L55: 1091513.3 | M55: -121.9689 | N55: 823234.11 | O55: 1091511.6 | P55: -121.0605 | Q55: 823234.88 | R55: 1091510.1 | S55: -121.3764 | T55: 823235.48 | U55: 1091508.9 | V55: -123.4487 | W55: 823235.41 | X55: 1091509 | Y55: -124.6236 | Z55: =IF(Xhaut="","",SQRT(((Xbasgauche-Xhaut)^2+(Ybasgauche-Yhaut)^2)+(Zbasgauche-Zhaut)^2)) -> 4.1166443 | AA55: =IF(Xhaut="","",SQRT(((Xintergauche-Xhaut)^2+(Yintergauche-Yhaut)^2)+(Zintergauche-Zhaut)^2)) -> 3.3379037 | AB55: =IF(Xhaut="","",SQRT(((Xhautgauche-Xhaut)^2+(Yhautgauche-Yhaut)^2)+(Zhautgauche-Zhaut)^2)) -> 2.0632826 | AC55: =IF(Xhaut="","",SQRT(((Xhautdroit-Xhaut)^2+(Yhautdroit-Yhaut)^2)+(Zhautdroit-Zhaut)^2)) -> 1.6328428 | AD55: =IF(Xhaut="","",SQRT(((Xinterdroit-Xhaut)^2+(Yinterdroit-Yhaut)^2)+(Zinterdroit-Zhaut)^2)) -> 3.8257299 | AE55: =IF(Xhaut="","",SQRT(((Xbasdroit-Xhaut)^2+(Ybasdroit-Yhaut)^2)+(Zbasdroit-Zhaut)^2)) -> 4.5498324 | AF55: =IF(Xhautdroit="","",SQRT(((Xhautdroit-Xhautgauche)^2+(Yhautdroit-Yhautgauche)^2)+(Zhautdroit-Zhautgauche)^2)) -> 3.496492 | AG55: =IF(Xinterdroit="","",SQRT(((Xinterdroit-Xintergauche)^2+(Yinterdroit-Yintergauche)^2)+(Zinterdroit-Zintergauche)^2)) -> 5.3506771 | AH55: =IF(Xbasdroit="","",SQRT(((Xbasdroit-Xbasgauche)^2+(Ybasdroit-Ybasgauche)^2)+(Zbasdroit-Zbasgauche)^2)) -> 4.9549954 | AI55: =IF(Z55="","",(Z55-Z$20)*1000)+AI$18 -> -63.700549 | AJ55: =IF(AA55="","",(AA55-AA$20)*1000)+AJ$18 -> -53.638841 | AK55: =IF(AB55="","",(AB55-AB$20)*1000)+AK$18 -> -35.395082 | AL55: =IF(AC55="","",(AC55-AC$20)*1000)+AL$18 -> -17.554308 | AM55: =IF(AD55="","",(AD55-AD$20)*1000)+AM$18 -> -60.926475 | AN55: =IF(AE55="","",(AE55-AE$20)*1000)+AN$18 -> -41.248291 | AO55: =IF(AF55="","",(AF55-AF$20)*1000)+AO$18 -> -25.897957 | AP55: =IF(AG55="","",(AG55-AG$20)*1000)+AP$18 -> -25.855187 | AQ55: =IF(AH55="","",(AH55-AH$20)*1000)+AQ$18 -> -22.876259 | AS55: =IF(E55="","",(E55-E$20)*1000)+AS$18 -> -0.34999999 | AT55: =IF(F55="","",(F55-F$20)*1000)+AT$18 -> -2.45 | AU55: =IF(G55="","",(G55-G$20)*1000)+AU$18 -> 3.3 | AV55: =IF(H55="","",(H55-H$20)*1000)+AV$18 -> 1.1641532e-07 | AW55: =IF(I55="","",(I55-I$20)*1000)+AW$18 -> -3.0500002 | AX55: =IF(J55="","",(J55-J$20)*1000)+AX$18 -> 1.35 | AY55: =IF(K55="","",(K55-K$20)*1000)+AY$18 -> 3.0500001 | AZ55: =IF(L55="","",(L55-L$20)*1000)+AZ$18 -> -8.7000004 | ... BM55: =IF(Y55="","",(Y55-Y$20)*1000)+BM$18 -> -31.5 | BO55: 183.9692 | BP55: -2.4324 | BQ55: -0.8767 | BR55: 183.9399 | BS55: -2.6693 | BT55: 0.292 | BU55: 183.9259 | BV55: -2.152 | BW55: 1.7347 | BX55: 183.7829 | BY55: -0.305 | BZ55: 2.6446 | CA55: 183.8859 | CB55: 1.2937 | CC55: 2.3276 | CD55: 183.907 | CE55: 2.6812 | CF55: 0.2551 | CG55: 183.9005 | CH55: 2.5219 | CI55: -0.9197 | CK55: =IF(BO55="","",(BO55-BO$20)*1000)+CK$18 -> -1.6470796 | CL55: =IF(BP55="","",(BP55-BP$20)*1000)+CL$18 -> 2.427634 | CM55: =IF(BQ55="","",(BQ55-BQ$20)*1000)+CM$18 -> 3.3274708 | CN55: =IF(BR55="","",(BR55-BR$20)*1000)+CN$18 -> -1.3375559 | CO55: =IF(BS55="","",(BS55-BS$20)*1000)+CO$18 -> 2.6775136 | CP55: =IF(BT55="","",(BT55-BT$20)*1000)+CP$18 -> 1.3833756 | CQ55: =IF(BU55="","",(BU55-BU$20)*1000)+CQ$18 -> -0.64488549 | CR55: =IF(BV55="","",(BV55-BV$20)*1000)+CR$18 -> 8.572471 | ... DE55: =IF(CI55="","",(CI55-CI$20)*1000)+DE$18 -> -31.599263
A56: 43808 | B56: =A56-A$10 -> 150 | C56: 222.9 | D56: =C56-PM -> 39 | E56: 823233.38 | F56: 1091513.6 | G56: -124.5798 | H56: 823233.25 | I56: 1091513.8 | J56: -123.4113 | K56: 823233.46 | L56: 1091513.3 | M56: -121.969 | N56: 823234.11 | O56: 1091511.6 | P56: -121.0611 | Q56: 823234.88 | R56: 1091510.1 | S56: -121.3766 | T56: 823235.48 | U56: 1091508.9 | V56: -123.4488 | W56: 823235.41 | X56: 1091509 | Y56: -124.6234 | Z56: =IF(Xhaut="","",SQRT(((Xbasgauche-Xhaut)^2+(Ybasgauche-Yhaut)^2)+(Zbasgauche-Zhaut)^2)) -> 4.1159528 | AA56: =IF(Xhaut="","",SQRT(((Xintergauche-Xhaut)^2+(Yintergauche-Yhaut)^2)+(Zintergauche-Zhaut)^2)) -> 3.3372931 | AB56: =IF(Xhaut="","",SQRT(((Xhautgauche-Xhaut)^2+(Yhautgauche-Yhaut)^2)+(Zhautgauche-Zhaut)^2)) -> 2.0629048 | AC56: =IF(Xhaut="","",SQRT(((Xhautdroit-Xhaut)^2+(Yhautdroit-Yhaut)^2)+(Zhautdroit-Zhaut)^2)) -> 1.6329847 | AD56: =IF(Xhaut="","",SQRT(((Xinterdroit-Xhaut)^2+(Yinterdroit-Yhaut)^2)+(Zinterdroit-Zhaut)^2)) -> 3.8257003 | AE56: =IF(Xhaut="","",SQRT(((Xbasdroit-Xhaut)^2+(Ybasdroit-Yhaut)^2)+(Zbasdroit-Zhaut)^2)) -> 4.549486 | AF56: =IF(Xhautdroit="","",SQRT(((Xhautdroit-Xhautgauche)^2+(Yhautdroit-Yhautgauche)^2)+(Zhautdroit-Zhautgauche)^2)) -> 3.4964922 | AG56: =IF(Xinterdroit="","",SQRT(((Xinterdroit-Xintergauche)^2+(Yinterdroit-Yintergauche)^2)+(Zinterdroit-Zintergauche)^2)) -> 5.3509176 | AH56: =IF(Xbasdroit="","",SQRT(((Xbasdroit-Xbasgauche)^2+(Ybasdroit-Ybasgauche)^2)+(Zbasdroit-Zbasgauche)^2)) -> 4.9551953 | AI56: =IF(Z56="","",(Z56-Z$20)*1000)+AI$18 -> -64.392085 | AJ56: =IF(AA56="","",(AA56-AA$20)*1000)+AJ$18 -> -54.249527 | AK56: =IF(AB56="","",(AB56-AB$20)*1000)+AK$18 -> -35.772888 | AL56: =IF(AC56="","",(AC56-AC$20)*1000)+AL$18 -> -17.412406 | AM56: =IF(AD56="","",(AD56-AD$20)*1000)+AM$18 -> -60.956079 | AN56: =IF(AE56="","",(AE56-AE$20)*1000)+AN$18 -> -41.594643 | AO56: =IF(AF56="","",(AF56-AF$20)*1000)+AO$18 -> -25.897741 | AP56: =IF(AG56="","",(AG56-AG$20)*1000)+AP$18 -> -25.614647 | AQ56: =IF(AH56="","",(AH56-AH$20)*1000)+AQ$18 -> -22.676312 | AS56: =IF(E56="","",(E56-E$20)*1000)+AS$18 -> -0.14999998 | AT56: =IF(F56="","",(F56-F$20)*1000)+AT$18 -> -2.45 | AU56: =IF(G56="","",(G56-G$20)*1000)+AU$18 -> 3.4 | AV56: =IF(H56="","",(H56-H$20)*1000)+AV$18 -> 0.10000006 | AW56: =IF(I56="","",(I56-I$20)*1000)+AW$18 -> -2.9500003 | AX56: =IF(J56="","",(J56-J$20)*1000)+AX$18 -> 1.55 | AY56: =IF(K56="","",(K56-K$20)*1000)+AY$18 -> 2.9500001 | AZ56: =IF(L56="","",(L56-L$20)*1000)+AZ$18 -> -8.8000002 | ... BM56: =IF(Y56="","",(Y56-Y$20)*1000)+BM$18 -> -31.3 | BO56: 183.9694 | BP56: -2.4323 | BQ56: -0.8766 | BR56: 183.9401 | BS56: -2.6693 | BT56: 0.2922 | BU56: 183.9258 | BV56: -2.152 | BW56: 1.7346 | BX56: 183.7823 | BY56: -0.3052 | BZ56: 2.644 | CA56: 183.8854 | CB56: 1.2937 | CC56: 2.3274 | CD56: 183.9067 | CE56: 2.6814 | CF56: 0.255 | CG56: 183.9001 | CH56: 2.5222 | CI56: -0.9195 | CK56: =IF(BO56="","",(BO56-BO$20)*1000)+CK$18 -> -1.4470796 | CL56: =IF(BP56="","",(BP56-BP$20)*1000)+CL$18 -> 2.527634 | CM56: =IF(BQ56="","",(BQ56-BQ$20)*1000)+CM$18 -> 3.4274708 | CN56: =IF(BR56="","",(BR56-BR$20)*1000)+CN$18 -> -1.1375559 | CO56: =IF(BS56="","",(BS56-BS$20)*1000)+CO$18 -> 2.6775136 | CP56: =IF(BT56="","",(BT56-BT$20)*1000)+CP$18 -> 1.5833756 | CQ56: =IF(BU56="","",(BU56-BU$20)*1000)+CQ$18 -> -0.74488549 | CR56: =IF(BV56="","",(BV56-BV$20)*1000)+CR$18 -> 8.572471 | ... DE56: =IF(CI56="","",(CI56-CI$20)*1000)+DE$18 -> -31.399263
A57: 43811 | B57: =A57-A$10 -> 153 | C57: 222.9 | D57: =C57-PM -> 39 | E57: 823233.38 | F57: 1091513.6 | G57: -124.5796 | H57: 823233.25 | I57: 1091513.8 | J57: -123.4114 | K57: 823233.46 | L57: 1091513.3 | M57: -121.9688 | N57: 823234.11 | O57: 1091511.6 | P57: -121.0608 | Q57: 823234.88 | R57: 1091510.1 | S57: -121.3765 | T57: 823235.48 | U57: 1091508.9 | V57: -123.4484 | W57: 823235.41 | X57: 1091509 | Y57: -124.6233 | Z57: =IF(Xhaut="","",SQRT(((Xbasgauche-Xhaut)^2+(Ybasgauche-Yhaut)^2)+(Zbasgauche-Zhaut)^2)) -> 4.1161269 | AA57: =IF(Xhaut="","",SQRT(((Xintergauche-Xhaut)^2+(Yintergauche-Yhaut)^2)+(Zintergauche-Zhaut)^2)) -> 3.3375964 | AB57: =IF(Xhaut="","",SQRT(((Xhautgauche-Xhaut)^2+(Yhautgauche-Yhaut)^2)+(Zhautgauche-Zhaut)^2)) -> 2.0630224 | AC57: =IF(Xhaut="","",SQRT(((Xhautdroit-Xhaut)^2+(Yhautdroit-Yhaut)^2)+(Zhautdroit-Zhaut)^2)) -> 1.6332037 | AD57: =IF(Xhaut="","",SQRT(((Xinterdroit-Xhaut)^2+(Yinterdroit-Yhaut)^2)+(Zinterdroit-Zhaut)^2)) -> 3.8256045 | AE57: =IF(Xhaut="","",SQRT(((Xbasdroit-Xhaut)^2+(Ybasdroit-Yhaut)^2)+(Zbasdroit-Zhaut)^2)) -> 4.5496407 | AF57: =IF(Xhautdroit="","",SQRT(((Xhautdroit-Xhautgauche)^2+(Yhautdroit-Yhautgauche)^2)+(Zhautdroit-Zhautgauche)^2)) -> 3.4967596 | AG57: =IF(Xinterdroit="","",SQRT(((Xinterdroit-Xintergauche)^2+(Yinterdroit-Yintergauche)^2)+(Zinterdroit-Zintergauche)^2)) -> 5.3509334 | AH57: =IF(Xbasdroit="","",SQRT(((Xbasdroit-Xbasgauche)^2+(Ybasdroit-Ybasgauche)^2)+(Zbasdroit-Zbasgauche)^2)) -> 4.9554104 | AI57: =IF(Z57="","",(Z57-Z$20)*1000)+AI$18 -> -64.217949 | AJ57: =IF(AA57="","",(AA57-AA$20)*1000)+AJ$18 -> -53.946236 | AK57: =IF(AB57="","",(AB57-AB$20)*1000)+AK$18 -> -35.655225 | AL57: =IF(AC57="","",(AC57-AC$20)*1000)+AL$18 -> -17.193474 | AM57: =IF(AD57="","",(AD57-AD$20)*1000)+AM$18 -> -61.051922 | AN57: =IF(AE57="","",(AE57-AE$20)*1000)+AN$18 -> -41.440034 | AO57: =IF(AF57="","",(AF57-AF$20)*1000)+AO$18 -> -25.630397 | AP57: =IF(AG57="","",(AG57-AG$20)*1000)+AP$18 -> -25.598858 | AQ57: =IF(AH57="","",(AH57-AH$20)*1000)+AQ$18 -> -22.461238 | AS57: =IF(E57="","",(E57-E$20)*1000)+AS$18 -> -0.25000004 | AT57: =IF(F57="","",(F57-F$20)*1000)+AT$18 -> -1.0500001 | AU57: =IF(G57="","",(G57-G$20)*1000)+AU$18 -> 3.6 | AV57: =IF(H57="","",(H57-H$20)*1000)+AV$18 -> -0.099999947 | AW57: =IF(I57="","",(I57-I$20)*1000)+AW$18 -> -1.7500003 | AX57: =IF(J57="","",(J57-J$20)*1000)+AX$18 -> 1.45 | AY57: =IF(K57="","",(K57-K$20)*1000)+AY$18 -> 2.85 | AZ57: =IF(L57="","",(L57-L$20)*1000)+AZ$18 -> -7.5000003 | ... BM57: =IF(Y57="","",(Y57-Y$20)*1000)+BM$18 -> -31.2 | BO57: 183.9699 | BP57: -2.4336 | BQ57: -0.8764 | BR57: 183.9404 | BS57: -2.6705 | BT57: 0.2921 | BU57: 183.9262 | BV57: -2.1532 | BW57: 1.7348 | BX57: 183.7832 | BY57: -0.3063 | BZ57: 2.6442 | CA57: 183.8865 | CB57: 1.2928 | CC57: 2.3275 | CD57: 183.9078 | CE57: 2.6802 | CF57: 0.2554 | CG57: 183.9009 | CH57: 2.5211 | CI57: -0.9194 | CK57: =IF(BO57="","",(BO57-BO$20)*1000)+CK$18 -> -0.94707964 | CL57: =IF(BP57="","",(BP57-BP$20)*1000)+CL$18 -> 1.227634 | CM57: =IF(BQ57="","",(BQ57-BQ$20)*1000)+CM$18 -> 3.6274708 | CN57: =IF(BR57="","",(BR57-BR$20)*1000)+CN$18 -> -0.8375559 | CO57: =IF(BS57="","",(BS57-BS$20)*1000)+CO$18 -> 1.4775136 | CP57: =IF(BT57="","",(BT57-BT$20)*1000)+CP$18 -> 1.4833756 | CQ57: =IF(BU57="","",(BU57-BU$20)*1000)+CQ$18 -> -0.34488549 | CR57: =IF(BV57="","",(BV57-BV$20)*1000)+CR$18 -> 7.372471 | ... DE57: =IF(CI57="","",(CI57-CI$20)*1000)+DE$18 -> -31.299263
A58: 43815 | B58: =IF(A58="","",A58-excav) -> 157 | C58: 222.9 | D58: =C58-PM -> 39 | E58: 823233.38 | F58: 1091513.6 | G58: -124.5798 | H58: 823233.25 | I58: 1091513.8 | J58: -123.4112 | K58: 823233.46 | L58: 1091513.3 | M58: -121.9687 | N58: 823234.11 | O58: 1091511.6 | P58: -121.0609 | Q58: 823234.88 | R58: 1091510.1 | S58: -121.376 | T58: 823235.48 | U58: 1091508.9 | V58: -123.4484 | W58: 823235.41 | X58: 1091509 | Y58: -124.6234 | Z58: =IF(Xhaut="","",SQRT(((Xbasgauche-Xhaut)^2+(Ybasgauche-Yhaut)^2)+(Zbasgauche-Zhaut)^2)) -> 4.116372 | AA58: =IF(Xhaut="","",SQRT(((Xintergauche-Xhaut)^2+(Yintergauche-Yhaut)^2)+(Zintergauche-Zhaut)^2)) -> 3.3377971 | AB58: =IF(Xhaut="","",SQRT(((Xhautgauche-Xhaut)^2+(Yhautgauche-Yhaut)^2)+(Zhautgauche-Zhaut)^2)) -> 2.0630394 | AC58: =IF(Xhaut="","",SQRT(((Xhautdroit-Xhaut)^2+(Yhautdroit-Yhaut)^2)+(Zhautdroit-Zhaut)^2)) -> 1.6334484 | AD58: =IF(Xhaut="","",SQRT(((Xinterdroit-Xhaut)^2+(Yinterdroit-Yhaut)^2)+(Zinterdroit-Zhaut)^2)) -> 3.8255396 | AE58: =IF(Xhaut="","",SQRT(((Xbasdroit-Xhaut)^2+(Ybasdroit-Yhaut)^2)+(Zbasdroit-Zhaut)^2)) -> 4.5497817 | AF58: =IF(Xhautdroit="","",SQRT(((Xhautdroit-Xhautgauche)^2+(Yhautdroit-Yhautgauche)^2)+(Zhautdroit-Zhautgauche)^2)) -> 3.4972678 | AG58: =IF(Xinterdroit="","",SQRT(((Xinterdroit-Xintergauche)^2+(Yinterdroit-Yintergauche)^2)+(Zinterdroit-Zintergauche)^2)) -> 5.3514951 | AH58: =IF(Xbasdroit="","",SQRT(((Xbasdroit-Xbasgauche)^2+(Ybasdroit-Ybasgauche)^2)+(Zbasdroit-Zbasgauche)^2)) -> 4.9559066 | AI58: =IF(Z58="","",(Z58-Z$20)*1000)+AI$18 -> -63.972885 | AJ58: =IF(AA58="","",(AA58-AA$20)*1000)+AJ$18 -> -53.745456 | AK58: =IF(AB58="","",(AB58-AB$20)*1000)+AK$18 -> -35.638201 | AL58: =IF(AC58="","",(AC58-AC$20)*1000)+AL$18 -> -16.948735 | AM58: =IF(AD58="","",(AD58-AD$20)*1000)+AM$18 -> -61.116841 | AN58: =IF(AE58="","",(AE58-AE$20)*1000)+AN$18 -> -41.29897 | AO58: =IF(AF58="","",(AF58-AF$20)*1000)+AO$18 -> -25.122209 | AP58: =IF(AG58="","",(AG58-AG$20)*1000)+AP$18 -> -25.037202 | AQ58: =IF(AH58="","",(AH58-AH$20)*1000)+AQ$18 -> -21.965094 | AS58: =IF(E58="","",(E58-E$20)*1000)+AS$18 -> 0.95000002 | AT58: =IF(F58="","",(F58-F$20)*1000)+AT$18 -> -0.85000019 | AU58: =IF(G58="","",(G58-G$20)*1000)+AU$18 -> 3.4 | AV58: =IF(H58="","",(H58-H$20)*1000)+AV$18 -> 1.1000001 | AW58: =IF(I58="","",(I58-I$20)*1000)+AW$18 -> -1.2500002 | AX58: =IF(J58="","",(J58-J$20)*1000)+AX$18 -> 1.65 | AY58: =IF(K58="","",(K58-K$20)*1000)+AY$18 -> 4.0500001 | AZ58: =IF(L58="","",(L58-L$20)*1000)+AZ$18 -> -7.5000003 | ... BM58: =IF(Y58="","",(Y58-Y$20)*1000)+BM$18 -> -31.3 | BO58: 183.971 | BP58: -2.4333 | BQ58: -0.8766 | BR58: 183.9417 | BS58: -2.6704 | BT58: 0.2923 | BU58: 183.9273 | BV58: -2.1527 | BW58: 1.7349 | BX58: 183.7841 | BY58: -0.3057 | BZ58: 2.6441 | CA58: 183.8876 | CB58: 1.2938 | CC58: 2.328 | CD58: 183.9084 | CE58: 2.6808 | CF58: 0.2554 | CG58: 183.9019 | CH58: 2.5219 | CI58: -0.9195 | CK58: =IF(BO58="","",(BO58-BO$20)*1000)+CK$18 -> 0.15292036 | CL58: =IF(BP58="","",(BP58-BP$20)*1000)+CL$18 -> 1.527634 | CM58: =IF(BQ58="","",(BQ58-BQ$20)*1000)+CM$18 -> 3.4274708 | CN58: =IF(BR58="","",(BR58-BR$20)*1000)+CN$18 -> 0.4624441 | CO58: =IF(BS58="","",(BS58-BS$20)*1000)+CO$18 -> 1.5775136 | CP58: =IF(BT58="","",(BT58-BT$20)*1000)+CP$18 -> 1.6833756 | CQ58: =IF(BU58="","",(BU58-BU$20)*1000)+CQ$18 -> 0.75511451 | CR58: =IF(BV58="","",(BV58-BV$20)*1000)+CR$18 -> 7.872471 | ... DE58: =IF(CI58="","",(CI58-CI$20)*1000)+DE$18 -> -31.399263
A59: 43818 | B59: =IF(A59="","",A59-excav) -> 160 | C59: 222.9 | D59: =C59-PM -> 39 | E59: 823233.38 | F59: 1091513.6 | G59: -124.5797 | H59: 823233.25 | I59: 1091513.8 | J59: -123.4114 | K59: 823233.46 | L59: 1091513.3 | M59: -121.9688 | N59: 823234.11 | O59: 1091511.6 | P59: -121.0615 | Q59: 823234.88 | R59: 1091510.1 | S59: -121.3765 | T59: 823235.48 | U59: 1091508.9 | V59: -123.4484 | W59: 823235.41 | X59: 1091509 | Y59: -124.6233 | Z59: =IF(Xhaut="","",SQRT(((Xbasgauche-Xhaut)^2+(Ybasgauche-Yhaut)^2)+(Zbasgauche-Zhaut)^2)) -> 4.1154855 | AA59: =IF(Xhaut="","",SQRT(((Xintergauche-Xhaut)^2+(Yintergauche-Yhaut)^2)+(Zintergauche-Zhaut)^2)) -> 3.3367293 | AB59: =IF(Xhaut="","",SQRT(((Xhautgauche-Xhaut)^2+(Yhautgauche-Yhaut)^2)+(Zhautgauche-Zhaut)^2)) -> 2.0621152 | AC59: =IF(Xhaut="","",SQRT(((Xhautdroit-Xhaut)^2+(Yhautdroit-Yhaut)^2)+(Zhautdroit-Zhaut)^2)) -> 1.6332715 | AD59: =IF(Xhaut="","",SQRT(((Xinterdroit-Xhaut)^2+(Yinterdroit-Yhaut)^2)+(Zinterdroit-Zhaut)^2)) -> 3.8255382 | AE59: =IF(Xhaut="","",SQRT(((Xbasdroit-Xhaut)^2+(Ybasdroit-Yhaut)^2)+(Zbasdroit-Zhaut)^2)) -> 4.549058 | AF59: =IF(Xhautdroit="","",SQRT(((Xhautdroit-Xhautgauche)^2+(Yhautdroit-Yhautgauche)^2)+(Zhautdroit-Zhautgauche)^2)) -> 3.4962809 | AG59: =IF(Xinterdroit="","",SQRT(((Xinterdroit-Xintergauche)^2+(Yinterdroit-Yintergauche)^2)+(Zinterdroit-Zintergauche)^2)) -> 5.3508759 | AH59: =IF(Xbasdroit="","",SQRT(((Xbasdroit-Xbasgauche)^2+(Ybasdroit-Ybasgauche)^2)+(Zbasdroit-Zbasgauche)^2)) -> 4.9550777 | AI59: =IF(Z59="","",(Z59-Z$20)*1000)+AI$18 -> -64.859356 | AJ59: =IF(AA59="","",(AA59-AA$20)*1000)+AJ$18 -> -54.813295 | AK59: =IF(AB59="","",(AB59-AB$20)*1000)+AK$18 -> -36.562392 | AL59: =IF(AC59="","",(AC59-AC$20)*1000)+AL$18 -> -17.125634 | AM59: =IF(AD59="","",(AD59-AD$20)*1000)+AM$18 -> -61.118255 | AN59: =IF(AE59="","",(AE59-AE$20)*1000)+AN$18 -> -42.02265 | AO59: =IF(AF59="","",(AF59-AF$20)*1000)+AO$18 -> -26.10904 | AP59: =IF(AG59="","",(AG59-AG$20)*1000)+AP$18 -> -25.656342 | AQ59: =IF(AH59="","",(AH59-AH$20)*1000)+AQ$18 -> -22.793961 | AS59: =IF(E59="","",(E59-E$20)*1000)+AS$18 -> 2.55 | AT59: =IF(F59="","",(F59-F$20)*1000)+AT$18 -> -3.8500002 | AU59: =IF(G59="","",(G59-G$20)*1000)+AU$18 -> 3.5 | AV59: =IF(H59="","",(H59-H$20)*1000)+AV$18 -> 2.9000001 | AW59: =IF(I59="","",(I59-I$20)*1000)+AW$18 -> -4.7500003 | AX59: =IF(J59="","",(J59-J$20)*1000)+AX$18 -> 1.45 | AY59: =IF(K59="","",(K59-K$20)*1000)+AY$18 -> 5.7500001 | AZ59: =IF(L59="","",(L59-L$20)*1000)+AZ$18 -> -10.7 | ... BM59: =IF(Y59="","",(Y59-Y$20)*1000)+BM$18 -> -31.2 | BO59: 183.9712 | BP59: -2.4298 | BQ59: -0.8765 | BR59: 183.942 | BS59: -2.6668 | BT59: 0.2921 | BU59: 183.9276 | BV59: -2.1493 | BW59: 1.7348 | BX59: 183.7836 | BY59: -0.3027 | BZ59: 2.6435 | CA59: 183.8864 | CB59: 1.2965 | CC59: 2.3275 | CD59: 183.9071 | CE59: 2.6839 | CF59: 0.2554 | CG59: 183.9004 | CH59: 2.5246 | CI59: -0.9194 | CK59: =IF(BO59="","",(BO59-BO$20)*1000)+CK$18 -> 0.35292036 | CL59: =IF(BP59="","",(BP59-BP$20)*1000)+CL$18 -> 5.027634 | CM59: =IF(BQ59="","",(BQ59-BQ$20)*1000)+CM$18 -> 3.5274708 | CN59: =IF(BR59="","",(BR59-BR$20)*1000)+CN$18 -> 0.7624441 | CO59: =IF(BS59="","",(BS59-BS$20)*1000)+CO$18 -> 5.1775136 | CP59: =IF(BT59="","",(BT59-BT$20)*1000)+CP$18 -> 1.4833756 | CQ59: =IF(BU59="","",(BU59-BU$20)*1000)+CQ$18 -> 1.0551145 | CR59: =IF(BV59="","",(BV59-BV$20)*1000)+CR$18 -> 11.272471 | ... DE59: =IF(CI59="","",(CI59-CI$20)*1000)+DE$18 -> -31.299263
A60: 43837 | B60: =IF(A60="","",A60-excav) -> 179 | C60: 222.9 | D60: =C60-PM -> 39 | E60: 823233.38 | F60: 1091513.6 | G60: -124.5793 | H60: 823233.25 | I60: 1091513.8 | J60: -123.4111 | K60: 823233.46 | L60: 1091513.3 | M60: -121.969 | N60: 823234.11 | O60: 1091511.6 | P60: -121.0622 | Q60: 823234.88 | R60: 1091510.1 | S60: -121.3768 | T60: 823235.48 | U60: 1091508.9 | V60: -123.4482 | W60: 823235.41 | X60: 1091509 | Y60: -124.6231 | Z60: =IF(Xhaut="","",SQRT(((Xbasgauche-Xhaut)^2+(Ybasgauche-Yhaut)^2)+(Zbasgauche-Zhaut)^2)) -> 4.1145673 | AA60: =IF(Xhaut="","",SQRT(((Xintergauche-Xhaut)^2+(Yintergauche-Yhaut)^2)+(Zintergauche-Zhaut)^2)) -> 3.3362453 | AB60: =IF(Xhaut="","",SQRT(((Xhautgauche-Xhaut)^2+(Yhautgauche-Yhaut)^2)+(Zhautgauche-Zhaut)^2)) -> 2.062053 | AC60: =IF(Xhaut="","",SQRT(((Xhautdroit-Xhaut)^2+(Yhautdroit-Yhaut)^2)+(Zhautdroit-Zhaut)^2)) -> 1.6328192 | AD60: =IF(Xhaut="","",SQRT(((Xinterdroit-Xhaut)^2+(Yinterdroit-Yhaut)^2)+(Zinterdroit-Zhaut)^2)) -> 3.8242592 | AE60: =IF(Xhaut="","",SQRT(((Xbasdroit-Xhaut)^2+(Ybasdroit-Yhaut)^2)+(Zbasdroit-Zhaut)^2)) -> 4.5481423 | AF60: =IF(Xhautdroit="","",SQRT(((Xhautdroit-Xhautgauche)^2+(Yhautdroit-Yhautgauche)^2)+(Zhautdroit-Zhautgauche)^2)) -> 3.4960499 | AG60: =IF(Xinterdroit="","",SQRT(((Xinterdroit-Xintergauche)^2+(Yinterdroit-Yintergauche)^2)+(Zinterdroit-Zintergauche)^2)) -> 5.3502294 | AH60: =IF(Xbasdroit="","",SQRT(((Xbasdroit-Xbasgauche)^2+(Ybasdroit-Ybasgauche)^2)+(Zbasdroit-Zbasgauche)^2)) -> 4.9547411 | AI60: =IF(Z60="","",(Z60-Z$20)*1000)+AI$18 -> -65.777559 | AJ60: =IF(AA60="","",(AA60-AA$20)*1000)+AJ$18 -> -55.297324 | AK60: =IF(AB60="","",(AB60-AB$20)*1000)+AK$18 -> -36.624684 | AL60: =IF(AC60="","",(AC60-AC$20)*1000)+AL$18 -> -17.577896 | AM60: =IF(AD60="","",(AD60-AD$20)*1000)+AM$18 -> -62.397242 | AN60: =IF(AE60="","",(AE60-AE$20)*1000)+AN$18 -> -42.93834 | AO60: =IF(AF60="","",(AF60-AF$20)*1000)+AO$18 -> -26.340015 | AP60: =IF(AG60="","",(AG60-AG$20)*1000)+AP$18 -> -26.302834 | AQ60: =IF(AH60="","",(AH60-AH$20)*1000)+AQ$18 -> -23.13058 | AS60: =IF(E60="","",(E60-E$20)*1000)+AS$18 -> 0.050000031 | AT60: =IF(F60="","",(F60-F$20)*1000)+AT$18 -> -1.8500001 | AU60: =IF(G60="","",(G60-G$20)*1000)+AU$18 -> 3.9 | AV60: =IF(H60="","",(H60-H$20)*1000)+AV$18 -> 0.20000013 | AW60: =IF(I60="","",(I60-I$20)*1000)+AW$18 -> -2.5500003 | AX60: =IF(J60="","",(J60-J$20)*1000)+AX$18 -> 1.75 | AY60: =IF(K60="","",(K60-K$20)*1000)+AY$18 -> 3.1500001 | AZ60: =IF(L60="","",(L60-L$20)*1000)+AZ$18 -> -8.6000003 | ... BM60: =IF(Y60="","",(Y60-Y$20)*1000)+BM$18 -> -31 | BO60: 183.9698 | BP60: -2.4328 | BQ60: -0.8761 | BR60: 183.9403 | BS60: -2.6696 | BT60: 0.2924 | BU60: 183.9261 | BV60: -2.1521 | BW60: 1.7346 | BX60: 183.7826 | BY60: -0.3057 | BZ60: 2.6429 | CA60: 183.8859 | CB60: 1.2932 | CC60: 2.3272 | CD60: 183.9074 | CE60: 2.6804 | CF60: 0.2556 | CG60: 183.9008 | CH60: 2.5213 | CI60: -0.9192 | CK60: =IF(BO60="","",(BO60-BO$20)*1000)+CK$18 -> -1.0470796 | CL60: =IF(BP60="","",(BP60-BP$20)*1000)+CL$18 -> 2.027634 | CM60: =IF(BQ60="","",(BQ60-BQ$20)*1000)+CM$18 -> 3.9274708 | CN60: =IF(BR60="","",(BR60-BR$20)*1000)+CN$18 -> -0.9375559 | CO60: =IF(BS60="","",(BS60-BS$20)*1000)+CO$18 -> 2.3775136 | CP60: =IF(BT60="","",(BT60-BT$20)*1000)+CP$18 -> 1.7833756 | CQ60: =IF(BU60="","",(BU60-BU$20)*1000)+CQ$18 -> -0.44488549 | CR60: =IF(BV60="","",(BV60-BV$20)*1000)+CR$18 -> 8.472471 | ... DE60: =IF(CI60="","",(CI60-CI$20)*1000)+DE$18 -> -31.099263
A61: 43843 | B61: =IF(A61="","",A61-excav) -> 185 | C61: 222.9 | D61: =C61-PM -> 39 | E61: 823233.38 | F61: 1091513.6 | G61: -124.5795 | H61: 823233.25 | I61: 1091513.8 | J61: -123.4114 | K61: 823233.46 | L61: 1091513.3 | M61: -121.9688 | N61: 823234.11 | O61: 1091511.6 | P61: -121.0633 | Q61: 823234.87 | R61: 1091510.1 | S61: -121.3774 | T61: 823235.48 | U61: 1091508.9 | V61: -123.4485 | W61: 823235.41 | X61: 1091509 | Y61: -124.6232 | Z61: =IF(Xhaut="","",SQRT(((Xbasgauche-Xhaut)^2+(Ybasgauche-Yhaut)^2)+(Zbasgauche-Zhaut)^2)) -> 4.1136384 | AA61: =IF(Xhaut="","",SQRT(((Xintergauche-Xhaut)^2+(Yintergauche-Yhaut)^2)+(Zintergauche-Zhaut)^2)) -> 3.3354577 | AB61: =IF(Xhaut="","",SQRT(((Xhautgauche-Xhaut)^2+(Yhautgauche-Yhaut)^2)+(Zhautgauche-Zhaut)^2)) -> 2.0607666 | AC61: =IF(Xhaut="","",SQRT(((Xhautdroit-Xhaut)^2+(Yhautdroit-Yhaut)^2)+(Zhautdroit-Zhaut)^2)) -> 1.632684 | AD61: =IF(Xhaut="","",SQRT(((Xinterdroit-Xhaut)^2+(Yinterdroit-Yhaut)^2)+(Zinterdroit-Zhaut)^2)) -> 3.8237986 | AE61: =IF(Xhaut="","",SQRT(((Xbasdroit-Xhaut)^2+(Ybasdroit-Yhaut)^2)+(Zbasdroit-Zhaut)^2)) -> 4.5473881 | AF61: =IF(Xhautdroit="","",SQRT(((Xhautdroit-Xhautgauche)^2+(Yhautdroit-Yhautgauche)^2)+(Zhautdroit-Zhautgauche)^2)) -> 3.4950743 | AG61: =IF(Xinterdroit="","",SQRT(((Xinterdroit-Xintergauche)^2+(Yinterdroit-Yintergauche)^2)+(Zinterdroit-Zintergauche)^2)) -> 5.3499493 | AH61: =IF(Xbasdroit="","",SQRT(((Xbasdroit-Xbasgauche)^2+(Ybasdroit-Ybasgauche)^2)+(Zbasdroit-Zbasgauche)^2)) -> 4.9544984 | AI61: =IF(Z61="","",(Z61-Z$20)*1000)+AI$18 -> -66.706502 | AJ61: =IF(AA61="","",(AA61-AA$20)*1000)+AJ$18 -> -56.084859 | AK61: =IF(AB61="","",(AB61-AB$20)*1000)+AK$18 -> -37.911002 | AL61: =IF(AC61="","",(AC61-AC$20)*1000)+AL$18 -> -17.713107 | AM61: =IF(AD61="","",(AD61-AD$20)*1000)+AM$18 -> -62.857816 | AN61: =IF(AE61="","",(AE61-AE$20)*1000)+AN$18 -> -43.692602 | AO61: =IF(AF61="","",(AF61-AF$20)*1000)+AO$18 -> -27.315691 | AP61: =IF(AG61="","",(AG61-AG$20)*1000)+AP$18 -> -26.582956 | AQ61: =IF(AH61="","",(AH61-AH$20)*1000)+AQ$18 -> -23.373275 | AS61: =IF(E61="","",(E61-E$20)*1000)+AS$18 -> -0.95000002 | AT61: =IF(F61="","",(F61-F$20)*1000)+AT$18 -> -1.8500001 | AU61: =IF(G61="","",(G61-G$20)*1000)+AU$18 -> 3.7 | AV61: =IF(H61="","",(H61-H$20)*1000)+AV$18 -> -0.49999997 | AW61: =IF(I61="","",(I61-I$20)*1000)+AW$18 -> -2.4500003 | AX61: =IF(J61="","",(J61-J$20)*1000)+AX$18 -> 1.45 | AY61: =IF(K61="","",(K61-K$20)*1000)+AY$18 -> 2.7500001 | AZ61: =IF(L61="","",(L61-L$20)*1000)+AZ$18 -> -8.9000002 | ... BM61: =IF(Y61="","",(Y61-Y$20)*1000)+BM$18 -> -31.1 | BO61: 183.9689 | BP61: -2.4332 | BQ61: -0.8763 | BR61: 183.9397 | BS61: -2.67 | BT61: 0.2921 | BU61: 183.9256 | BV61: -2.152 | BW61: 1.7348 | BX61: 183.7821 | BY61: -0.3064 | BZ61: 2.6418 | CA61: 183.8855 | CB61: 1.2925 | CC61: 2.3266 | CD61: 183.9071 | CE61: 2.6797 | CF61: 0.2553 | CG61: 183.9003 | CH61: 2.5206 | CI61: -0.9193 | CK61: =IF(BO61="","",(BO61-BO$20)*1000)+CK$18 -> -1.9470796 | CL61: =IF(BP61="","",(BP61-BP$20)*1000)+CL$18 -> 1.627634 | CM61: =IF(BQ61="","",(BQ61-BQ$20)*1000)+CM$18 -> 3.7274708 | CN61: =IF(BR61="","",(BR61-BR$20)*1000)+CN$18 -> -1.5375559 | CO61: =IF(BS61="","",(BS61-BS$20)*1000)+CO$18 -> 1.9775136 | CP61: =IF(BT61="","",(BT61-BT$20)*1000)+CP$18 -> 1.4833756 | CQ61: =IF(BU61="","",(BU61-BU$20)*1000)+CQ$18 -> -0.94488549 | CR61: =IF(BV61="","",(BV61-BV$20)*1000)+CR$18 -> 8.572471 | ... DE61: =IF(CI61="","",(CI61-CI$20)*1000)+DE$18 -> -31.199263
A62: 43850 | B62: =IF(A62="","",A62-excav) -> 192 | C62: 222.9 | D62: =C62-PM -> 39 | E62: 823233.38 | F62: 1091513.6 | G62: -124.5791 | H62: 823233.25 | I62: 1091513.8 | J62: -123.411 | K62: 823233.46 | L62: 1091513.3 | M62: -121.9689 | N62: 823234.11 | O62: 1091511.6 | P62: -121.0627 | Q62: 823234.88 | R62: 1091510.1 | S62: -121.3768 | T62: 823235.48 | U62: 1091508.9 | V62: -123.4481 | W62: 823235.41 | X62: 1091509 | Y62: -124.6229 | Z62: =IF(Xhaut="","",SQRT(((Xbasgauche-Xhaut)^2+(Ybasgauche-Yhaut)^2)+(Zbasgauche-Zhaut)^2)) -> 4.113969 | AA62: =IF(Xhaut="","",SQRT(((Xintergauche-Xhaut)^2+(Yintergauche-Yhaut)^2)+(Zintergauche-Zhaut)^2)) -> 3.3358229 | AB62: =IF(Xhaut="","",SQRT(((Xhautgauche-Xhaut)^2+(Yhautgauche-Yhaut)^2)+(Zhautgauche-Zhaut)^2)) -> 2.0619469 | AC62: =IF(Xhaut="","",SQRT(((Xhautdroit-Xhaut)^2+(Yhautdroit-Yhaut)^2)+(Zhautdroit-Zhaut)^2)) -> 1.632723 | AD62: =IF(Xhaut="","",SQRT(((Xinterdroit-Xhaut)^2+(Yinterdroit-Yhaut)^2)+(Zinterdroit-Zhaut)^2)) -> 3.8238823 | AE62: =IF(Xhaut="","",SQRT(((Xbasdroit-Xhaut)^2+(Ybasdroit-Yhaut)^2)+(Zbasdroit-Zhaut)^2)) -> 4.5476496 | AF62: =IF(Xhautdroit="","",SQRT(((Xhautdroit-Xhautgauche)^2+(Yhautdroit-Yhautgauche)^2)+(Zhautdroit-Zhautgauche)^2)) -> 3.4961806 | AG62: =IF(Xinterdroit="","",SQRT(((Xinterdroit-Xintergauche)^2+(Yinterdroit-Yintergauche)^2)+(Zinterdroit-Zintergauche)^2)) -> 5.3502369 | AH62: =IF(Xbasdroit="","",SQRT(((Xbasdroit-Xbasgauche)^2+(Ybasdroit-Ybasgauche)^2)+(Zbasdroit-Zbasgauche)^2)) -> 4.9548323 | AI62: =IF(Z62="","",(Z62-Z$20)*1000)+AI$18 -> -66.375898 | AJ62: =IF(AA62="","",(AA62-AA$20)*1000)+AJ$18 -> -55.71973 | AK62: =IF(AB62="","",(AB62-AB$20)*1000)+AK$18 -> -36.73076 | AL62: =IF(AC62="","",(AC62-AC$20)*1000)+AL$18 -> -17.674159 | AM62: =IF(AD62="","",(AD62-AD$20)*1000)+AM$18 -> -62.774083 | AN62: =IF(AE62="","",(AE62-AE$20)*1000)+AN$18 -> -43.431133 | AO62: =IF(AF62="","",(AF62-AF$20)*1000)+AO$18 -> -26.209368 | AP62: =IF(AG62="","",(AG62-AG$20)*1000)+AP$18 -> -26.295353 | AQ62: =IF(AH62="","",(AH62-AH$20)*1000)+AQ$18 -> -23.039374 | AS62: =IF(E62="","",(E62-E$20)*1000)+AS$18 -> 0.65000006 | AT62: =IF(F62="","",(F62-F$20)*1000)+AT$18 -> -1.65 | AU62: =IF(G62="","",(G62-G$20)*1000)+AU$18 -> 4.1 | AV62: =IF(H62="","",(H62-H$20)*1000)+AV$18 -> 0.80000004 | AW62: =IF(I62="","",(I62-I$20)*1000)+AW$18 -> -2.3500002 | AX62: =IF(J62="","",(J62-J$20)*1000)+AX$18 -> 1.85 | AY62: =IF(K62="","",(K62-K$20)*1000)+AY$18 -> 4.0500001 | AZ62: =IF(L62="","",(L62-L$20)*1000)+AZ$18 -> -8.1000002 | ... BM62: =IF(Y62="","",(Y62-Y$20)*1000)+BM$18 -> -30.8 | BO62: 183.9704 | BP62: -2.4327 | BQ62: -0.8759 | BR62: 183.941 | BS62: -2.6696 | BT62: 0.2925 | BU62: 183.9271 | BV62: -2.1521 | BW62: 1.7347 | BX62: 183.7833 | BY62: -0.3056 | BZ62: 2.6423 | CA62: 183.8866 | CB62: 1.2933 | CC62: 2.3272 | CD62: 183.9078 | CE62: 2.6804 | CF62: 0.2557 | CG62: 183.9014 | CH62: 2.5214 | CI62: -0.919 | CK62: =IF(BO62="","",(BO62-BO$20)*1000)+CK$18 -> -0.44707964 | CL62: =IF(BP62="","",(BP62-BP$20)*1000)+CL$18 -> 2.127634 | CM62: =IF(BQ62="","",(BQ62-BQ$20)*1000)+CM$18 -> 4.1274708 | CN62: =IF(BR62="","",(BR62-BR$20)*1000)+CN$18 -> -0.2375559 | CO62: =IF(BS62="","",(BS62-BS$20)*1000)+CO$18 -> 2.3775136 | CP62: =IF(BT62="","",(BT62-BT$20)*1000)+CP$18 -> 1.8833756 | CQ62: =IF(BU62="","",(BU62-BU$20)*1000)+CQ$18 -> 0.55511451 | CR62: =IF(BV62="","",(BV62-BV$20)*1000)+CR$18 -> 8.472471 | ... DE62: =IF(CI62="","",(CI62-CI$20)*1000)+DE$18 -> -30.899263
A63: 43859 | B63: =IF(A63="","",A63-excav) -> 201 | C63: 222.9 | D63: =C63-PM -> 39 | E63: 823233.38 | F63: 1091513.6 | G63: -124.5815 | H63: 823233.25 | I63: 1091513.8 | J63: -123.411 | K63: 823233.46 | L63: 1091513.3 | M63: -121.9695 | N63: 823234.11 | O63: 1091511.6 | P63: -121.0632 | Q63: 823234.88 | R63: 1091510.1 | S63: -121.3771 | T63: 823235.48 | U63: 1091508.9 | V63: -123.4483 | W63: 823235.41 | X63: 1091509 | Y63: -124.6229 | Z63: =IF(Xhaut="","",SQRT(((Xbasgauche-Xhaut)^2+(Ybasgauche-Yhaut)^2)+(Zbasgauche-Zhaut)^2)) -> 4.1151012 | AA63: =IF(Xhaut="","",SQRT(((Xintergauche-Xhaut)^2+(Yintergauche-Yhaut)^2)+(Zintergauche-Zhaut)^2)) -> 3.335379 | AB63: =IF(Xhaut="","",SQRT(((Xhautgauche-Xhaut)^2+(Yhautgauche-Yhaut)^2)+(Zhautgauche-Zhaut)^2)) -> 2.06115 | AC63: =IF(Xhaut="","",SQRT(((Xhautdroit-Xhaut)^2+(Yhautdroit-Yhaut)^2)+(Zhautdroit-Zhaut)^2)) -> 1.633201 | AD63: =IF(Xhaut="","",SQRT(((Xinterdroit-Xhaut)^2+(Yinterdroit-Yhaut)^2)+(Zinterdroit-Zhaut)^2)) -> 3.8240807 | AE63: =IF(Xhaut="","",SQRT(((Xbasdroit-Xhaut)^2+(Ybasdroit-Yhaut)^2)+(Zbasdroit-Zhaut)^2)) -> 4.5477574 | AF63: =IF(Xhautdroit="","",SQRT(((Xhautdroit-Xhautgauche)^2+(Yhautdroit-Yhautgauche)^2)+(Zhautdroit-Zhautgauche)^2)) -> 3.4959278 | AG63: =IF(Xinterdroit="","",SQRT(((Xinterdroit-Xintergauche)^2+(Yinterdroit-Yintergauche)^2)+(Zinterdroit-Zintergauche)^2)) -> 5.3505944 | AH63: =IF(Xbasdroit="","",SQRT(((Xbasdroit-Xbasgauche)^2+(Ybasdroit-Ybasgauche)^2)+(Zbasdroit-Zbasgauche)^2)) -> 4.9546794 | AI63: =IF(Z63="","",(Z63-Z$20)*1000)+AI$18 -> -65.24372 | AJ63: =IF(AA63="","",(AA63-AA$20)*1000)+AJ$18 -> -56.163591 | AK63: =IF(AB63="","",(AB63-AB$20)*1000)+AK$18 -> -37.527598 | AL63: =IF(AC63="","",(AC63-AC$20)*1000)+AL$18 -> -17.19612 | AM63: =IF(AD63="","",(AD63-AD$20)*1000)+AM$18 -> -62.57574 | AN63: =IF(AE63="","",(AE63-AE$20)*1000)+AN$18 -> -43.323276 | AO63: =IF(AF63="","",(AF63-AF$20)*1000)+AO$18 -> -26.462211 | AP63: =IF(AG63="","",(AG63-AG$20)*1000)+AP$18 -> -25.937898 | AQ63: =IF(AH63="","",(AH63-AH$20)*1000)+AQ$18 -> -23.192212 | AS63: =IF(E63="","",(E63-E$20)*1000)+AS$18 -> 0.55 | AT63: =IF(F63="","",(F63-F$20)*1000)+AT$18 -> -1.8500001 | AU63: =IF(G63="","",(G63-G$20)*1000)+AU$18 -> 1.7 | AV63: =IF(H63="","",(H63-H$20)*1000)+AV$18 -> 0.50000008 | AW63: =IF(I63="","",(I63-I$20)*1000)+AW$18 -> -1.7500003 | AX63: =IF(J63="","",(J63-J$20)*1000)+AX$18 -> 1.85 | AY63: =IF(K63="","",(K63-K$20)*1000)+AY$18 -> 2.85 | AZ63: =IF(L63="","",(L63-L$20)*1000)+AZ$18 -> -8.7000004 | ... BM63: =IF(Y63="","",(Y63-Y$20)*1000)+BM$18 -> -30.8 | BO63: 183.9702 | BP63: -2.4326 | BQ63: -0.8783 | BR63: 183.9409 | BS63: -2.6702 | BT63: 0.2925 | BU63: 183.9258 | BV63: -2.1523 | BW63: 1.7341 | BX63: 183.7831 | BY63: -0.3061 | BZ63: 2.6418 | CA63: 183.8864 | CB63: 1.2928 | CC63: 2.3269 | CD63: 183.9078 | CE63: 2.6802 | CF63: 0.2555 | CG63: 183.9013 | CH63: 2.5211 | CI63: -0.919 | CK63: =IF(BO63="","",(BO63-BO$20)*1000)+CK$18 -> -0.64707964 | CL63: =IF(BP63="","",(BP63-BP$20)*1000)+CL$18 -> 2.227634 | CM63: =IF(BQ63="","",(BQ63-BQ$20)*1000)+CM$18 -> 1.7274708 | CN63: =IF(BR63="","",(BR63-BR$20)*1000)+CN$18 -> -0.3375559 | CO63: =IF(BS63="","",(BS63-BS$20)*1000)+CO$18 -> 1.7775136 | CP63: =IF(BT63="","",(BT63-BT$20)*1000)+CP$18 -> 1.8833756 | CQ63: =IF(BU63="","",(BU63-BU$20)*1000)+CQ$18 -> -0.74488549 | CR63: =IF(BV63="","",(BV63-BV$20)*1000)+CR$18 -> 8.272471 | ... DE63: =IF(CI63="","",(CI63-CI$20)*1000)+DE$18 -> -30.899263
A64: 43865 | B64: =IF(A64="","",A64-excav) -> 207 | C64: 222.9 | D64: =C64-PM -> 39 | E64: 823233.38 | F64: 1091513.6 | G64: -124.5807 | H64: 823233.25 | I64: 1091513.8 | J64: -123.4113 | K64: 823233.46 | L64: 1091513.3 | M64: -121.9697 | N64: 823234.11 | O64: 1091511.6 | P64: -121.0639 | Q64: 823234.88 | R64: 1091510.1 | S64: -121.3775 | T64: 823235.48 | U64: 1091508.9 | V64: -123.4485 | W64: 823235.41 | X64: 1091509 | Y64: -124.6232 | Z64: =IF(Xhaut="","",SQRT(((Xbasgauche-Xhaut)^2+(Ybasgauche-Yhaut)^2)+(Zbasgauche-Zhaut)^2)) -> 4.1140405 | AA64: =IF(Xhaut="","",SQRT(((Xintergauche-Xhaut)^2+(Yintergauche-Yhaut)^2)+(Zintergauche-Zhaut)^2)) -> 3.3351422 | AB64: =IF(Xhaut="","",SQRT(((Xhautgauche-Xhaut)^2+(Yhautgauche-Yhaut)^2)+(Zhautgauche-Zhaut)^2)) -> 2.0614662 | AC64: =IF(Xhaut="","",SQRT(((Xhautdroit-Xhaut)^2+(Yhautdroit-Yhaut)^2)+(Zhautdroit-Zhaut)^2)) -> 1.632549 | AD64: =IF(Xhaut="","",SQRT(((Xinterdroit-Xhaut)^2+(Yinterdroit-Yhaut)^2)+(Zinterdroit-Zhaut)^2)) -> 3.82363 | AE64: =IF(Xhaut="","",SQRT(((Xbasdroit-Xhaut)^2+(Ybasdroit-Yhaut)^2)+(Zbasdroit-Zhaut)^2)) -> 4.5470841 | AF64: =IF(Xhautdroit="","",SQRT(((Xhautdroit-Xhautgauche)^2+(Yhautdroit-Yhautgauche)^2)+(Zhautdroit-Zhautgauche)^2)) -> 3.4957806 | AG64: =IF(Xinterdroit="","",SQRT(((Xinterdroit-Xintergauche)^2+(Yinterdroit-Yintergauche)^2)+(Zinterdroit-Zintergauche)^2)) -> 5.3504344 | AH64: =IF(Xbasdroit="","",SQRT(((Xbasdroit-Xbasgauche)^2+(Ybasdroit-Ybasgauche)^2)+(Zbasdroit-Zbasgauche)^2)) -> 4.9544838 | AI64: =IF(Z64="","",(Z64-Z$20)*1000)+AI$18 -> -66.304366 | AJ64: =IF(AA64="","",(AA64-AA$20)*1000)+AJ$18 -> -56.400387 | AK64: =IF(AB64="","",(AB64-AB$20)*1000)+AK$18 -> -37.211442 | AL64: =IF(AC64="","",(AC64-AC$20)*1000)+AL$18 -> -17.848163 | AM64: =IF(AD64="","",(AD64-AD$20)*1000)+AM$18 -> -63.026385 | AN64: =IF(AE64="","",(AE64-AE$20)*1000)+AN$18 -> -43.996542 | AO64: =IF(AF64="","",(AF64-AF$20)*1000)+AO$18 -> -26.609408 | AP64: =IF(AG64="","",(AG64-AG$20)*1000)+AP$18 -> -26.097886 | AQ64: =IF(AH64="","",(AH64-AH$20)*1000)+AQ$18 -> -23.387855 | AS64: =IF(E64="","",(E64-E$20)*1000)+AS$18 -> 2.15 | AT64: =IF(F64="","",(F64-F$20)*1000)+AT$18 -> -2.3500002 | AU64: =IF(G64="","",(G64-G$20)*1000)+AU$18 -> 2.5 | AV64: =IF(H64="","",(H64-H$20)*1000)+AV$18 -> 2.3000001 | AW64: =IF(I64="","",(I64-I$20)*1000)+AW$18 -> -2.5500003 | AX64: =IF(J64="","",(J64-J$20)*1000)+AX$18 -> 1.55 | AY64: =IF(K64="","",(K64-K$20)*1000)+AY$18 -> 4.7500001 | AZ64: =IF(L64="","",(L64-L$20)*1000)+AZ$18 -> -8.9000002 | ... BM64: =IF(Y64="","",(Y64-Y$20)*1000)+BM$18 -> -31.1 | BO64: 183.9715 | BP64: -2.4314 | BQ64: -0.8775 | BR64: 183.9422 | BS64: -2.6687 | BT64: 0.2922 | BU64: 183.9274 | BV64: -2.1511 | BW64: 1.7339 | BX64: 183.7838 | BY64: -0.3049 | BZ64: 2.6411 | CA64: 183.8874 | CB64: 1.2939 | CC64: 2.3265 | CD64: 183.9085 | CE64: 2.6815 | CF64: 0.2553 | CG64: 183.9019 | CH64: 2.5224 | CI64: -0.9193 | CK64: =IF(BO64="","",(BO64-BO$20)*1000)+CK$18 -> 0.65292036 | CL64: =IF(BP64="","",(BP64-BP$20)*1000)+CL$18 -> 3.427634 | CM64: =IF(BQ64="","",(BQ64-BQ$20)*1000)+CM$18 -> 2.5274708 | CN64: =IF(BR64="","",(BR64-BR$20)*1000)+CN$18 -> 0.9624441 | CO64: =IF(BS64="","",(BS64-BS$20)*1000)+CO$18 -> 3.2775136 | CP64: =IF(BT64="","",(BT64-BT$20)*1000)+CP$18 -> 1.5833756 | CQ64: =IF(BU64="","",(BU64-BU$20)*1000)+CQ$18 -> 0.85511451 | CR64: =IF(BV64="","",(BV64-BV$20)*1000)+CR$18 -> 9.472471 | ... DE64: =IF(CI64="","",(CI64-CI$20)*1000)+DE$18 -> -31.199263
A65: 43886 | B65: =IF(A65="","",A65-excav) -> 228 | C65: 222.9 | D65: =C65-PM -> 39 | E65: 823233.38 | F65: 1091513.6 | G65: -124.5798 | H65: 823233.25 | I65: 1091513.8 | J65: -123.4107 | K65: 823233.46 | L65: 1091513.3 | M65: -121.9691 | N65: 823234.11 | O65: 1091511.6 | P65: -121.0638 | Q65: 823234.88 | R65: 1091510.2 | S65: -121.3768 | T65: 823235.48 | U65: 1091508.9 | V65: -123.4479 | W65: 823235.41 | X65: 1091509 | Y65: -124.6226 | Z65: =IF(Xhaut="","",SQRT(((Xbasgauche-Xhaut)^2+(Ybasgauche-Yhaut)^2)+(Zbasgauche-Zhaut)^2)) -> 4.1134808 | AA65: =IF(Xhaut="","",SQRT(((Xintergauche-Xhaut)^2+(Yintergauche-Yhaut)^2)+(Zintergauche-Zhaut)^2)) -> 3.3349443 | AB65: =IF(Xhaut="","",SQRT(((Xhautgauche-Xhaut)^2+(Yhautgauche-Yhaut)^2)+(Zhautgauche-Zhaut)^2)) -> 2.0614463 | AC65: =IF(Xhaut="","",SQRT(((Xhautdroit-Xhaut)^2+(Yhautdroit-Yhaut)^2)+(Zhautdroit-Zhaut)^2)) -> 1.6325835 | AD65: =IF(Xhaut="","",SQRT(((Xinterdroit-Xhaut)^2+(Yinterdroit-Yhaut)^2)+(Zinterdroit-Zhaut)^2)) -> 3.8233619 | AE65: =IF(Xhaut="","",SQRT(((Xbasdroit-Xhaut)^2+(Ybasdroit-Yhaut)^2)+(Zbasdroit-Zhaut)^2)) -> 4.5465884 | AF65: =IF(Xhautdroit="","",SQRT(((Xhautdroit-Xhautgauche)^2+(Yhautdroit-Yhautgauche)^2)+(Zhautdroit-Zhautgauche)^2)) -> 3.496131 | AG65: =IF(Xinterdroit="","",SQRT(((Xinterdroit-Xintergauche)^2+(Yinterdroit-Yintergauche)^2)+(Zinterdroit-Zintergauche)^2)) -> 5.3507038 | AH65: =IF(Xbasdroit="","",SQRT(((Xbasdroit-Xbasgauche)^2+(Ybasdroit-Ybasgauche)^2)+(Zbasdroit-Zbasgauche)^2)) -> 4.9545634 | AI65: =IF(Z65="","",(Z65-Z$20)*1000)+AI$18 -> -66.864142 | AJ65: =IF(AA65="","",(AA65-AA$20)*1000)+AJ$18 -> -56.598314 | AK65: =IF(AB65="","",(AB65-AB$20)*1000)+AK$18 -> -37.231307 | AL65: =IF(AC65="","",(AC65-AC$20)*1000)+AL$18 -> -17.813598 | AM65: =IF(AD65="","",(AD65-AD$20)*1000)+AM$18 -> -63.294565 | AN65: =IF(AE65="","",(AE65-AE$20)*1000)+AN$18 -> -44.492319 | AO65: =IF(AF65="","",(AF65-AF$20)*1000)+AO$18 -> -26.258946 | AP65: =IF(AG65="","",(AG65-AG$20)*1000)+AP$18 -> -25.828406 | AQ65: =IF(AH65="","",(AH65-AH$20)*1000)+AQ$18 -> -23.308296 | AS65: =IF(E65="","",(E65-E$20)*1000)+AS$18 -> -0.64999994 | AT65: =IF(F65="","",(F65-F$20)*1000)+AT$18 -> -0.3500001 | AU65: =IF(G65="","",(G65-G$20)*1000)+AU$18 -> 3.4 | AV65: =IF(H65="","",(H65-H$20)*1000)+AV$18 -> -0.3999999 | AW65: =IF(I65="","",(I65-I$20)*1000)+AW$18 -> -0.55000023 | AX65: =IF(J65="","",(J65-J$20)*1000)+AX$18 -> 2.15 | AY65: =IF(K65="","",(K65-K$20)*1000)+AY$18 -> 2.5500001 | AZ65: =IF(L65="","",(L65-L$20)*1000)+AZ$18 -> -6.7000003 | ... BM65: =IF(Y65="","",(Y65-Y$20)*1000)+BM$18 -> -30.5 | BO65: 183.9698 | BP65: -2.4344 | BQ65: -0.8766 | BR65: 183.9406 | BS65: -2.6717 | BT65: 0.2928 | BU65: 183.9263 | BV65: -2.154 | BW65: 1.7345 | BX65: 183.7828 | BY65: -0.3076 | BZ65: 2.6413 | CA65: 183.8868 | CB65: 1.2913 | CC65: 2.3272 | CD65: 183.9082 | CE65: 2.6788 | CF65: 0.2559 | CG65: 183.9016 | CH65: 2.5195 | CI65: -0.9187 | CK65: =IF(BO65="","",(BO65-BO$20)*1000)+CK$18 -> -1.0470796 | CL65: =IF(BP65="","",(BP65-BP$20)*1000)+CL$18 -> 0.42763397 | CM65: =IF(BQ65="","",(BQ65-BQ$20)*1000)+CM$18 -> 3.4274708 | CN65: =IF(BR65="","",(BR65-BR$20)*1000)+CN$18 -> -0.6375559 | CO65: =IF(BS65="","",(BS65-BS$20)*1000)+CO$18 -> 0.27751361 | CP65: =IF(BT65="","",(BT65-BT$20)*1000)+CP$18 -> 2.1833756 | CQ65: =IF(BU65="","",(BU65-BU$20)*1000)+CQ$18 -> -0.24488549 | CR65: =IF(BV65="","",(BV65-BV$20)*1000)+CR$18 -> 6.572471 | ... DE65: =IF(CI65="","",(CI65-CI$20)*1000)+DE$18 -> -30.599263
A66: 43970 | B66: =IF(A66="","",A66-excav) -> 312 | C66: 222.9 | D66: =C66-PM -> 39 | E66: 823233.38 | F66: 1091513.6 | G66: -124.5796 | H66: 823233.25 | I66: 1091513.8 | J66: -123.4114 | K66: 823233.46 | L66: 1091513.3 | M66: -121.9701 | N66: 823234.11 | O66: 1091511.6 | P66: -121.0653 | Q66: 823234.88 | R66: 1091510.1 | S66: -121.3782 | T66: 823235.48 | U66: 1091508.9 | V66: -123.4487 | W66: 823235.41 | X66: 1091509 | Y66: -124.6232 | Z66: =IF(Xhaut="","",SQRT(((Xbasgauche-Xhaut)^2+(Ybasgauche-Yhaut)^2)+(Zbasgauche-Zhaut)^2)) -> 4.1122097 | AA66: =IF(Xhaut="","",SQRT(((Xintergauche-Xhaut)^2+(Yintergauche-Yhaut)^2)+(Zintergauche-Zhaut)^2)) -> 3.3344327 | AB66: =IF(Xhaut="","",SQRT(((Xhautgauche-Xhaut)^2+(Yhautgauche-Yhaut)^2)+(Zhautgauche-Zhaut)^2)) -> 2.0611322 | AC66: =IF(Xhaut="","",SQRT(((Xhautdroit-Xhaut)^2+(Yhautdroit-Yhaut)^2)+(Zhautdroit-Zhaut)^2)) -> 1.6324844 | AD66: =IF(Xhaut="","",SQRT(((Xinterdroit-Xhaut)^2+(Yinterdroit-Yhaut)^2)+(Zinterdroit-Zhaut)^2)) -> 3.8227019 | AE66: =IF(Xhaut="","",SQRT(((Xbasdroit-Xhaut)^2+(Ybasdroit-Yhaut)^2)+(Zbasdroit-Zhaut)^2)) -> 4.5459864 | AF66: =IF(Xhautdroit="","",SQRT(((Xhautdroit-Xhautgauche)^2+(Yhautdroit-Yhautgauche)^2)+(Zhautdroit-Zhautgauche)^2)) -> 3.4959906 | AG66: =IF(Xinterdroit="","",SQRT(((Xinterdroit-Xintergauche)^2+(Yinterdroit-Yintergauche)^2)+(Zinterdroit-Zintergauche)^2)) -> 5.3505601 | AH66: =IF(Xbasdroit="","",SQRT(((Xbasdroit-Xbasgauche)^2+(Ybasdroit-Ybasgauche)^2)+(Zbasdroit-Zbasgauche)^2)) -> 4.9551451 | AI66: =IF(Z66="","",(Z66-Z$20)*1000)+AI$18 -> -68.135241 | AJ66: =IF(AA66="","",(AA66-AA$20)*1000)+AJ$18 -> -57.109894 | AK66: =IF(AB66="","",(AB66-AB$20)*1000)+AK$18 -> -37.545399 | AL66: =IF(AC66="","",(AC66-AC$20)*1000)+AL$18 -> -17.912744 | AM66: =IF(AD66="","",(AD66-AD$20)*1000)+AM$18 -> -63.954484 | AN66: =IF(AE66="","",(AE66-AE$20)*1000)+AN$18 -> -45.094339 | AO66: =IF(AF66="","",(AF66-AF$20)*1000)+AO$18 -> -26.399388 | AP66: =IF(AG66="","",(AG66-AG$20)*1000)+AP$18 -> -25.972107 | AQ66: =IF(AH66="","",(AH66-AH$20)*1000)+AQ$18 -> -22.726524 | AS66: =IF(E66="","",(E66-E$20)*1000)+AS$18 -> 0.55 | AT66: =IF(F66="","",(F66-F$20)*1000)+AT$18 -> -0.45000017 | AU66: =IF(G66="","",(G66-G$20)*1000)+AU$18 -> 3.6 | AV66: =IF(H66="","",(H66-H$20)*1000)+AV$18 -> 0.80000004 | AW66: =IF(I66="","",(I66-I$20)*1000)+AW$18 -> -0.95000025 | AX66: =IF(J66="","",(J66-J$20)*1000)+AX$18 -> 1.45 | AY66: =IF(K66="","",(K66-K$20)*1000)+AY$18 -> 3.4500001 | AZ66: =IF(L66="","",(L66-L$20)*1000)+AZ$18 -> -7.4000002 | ... BM66: =IF(Y66="","",(Y66-Y$20)*1000)+BM$18 -> -31.1 | BO66: 183.9708 | BP66: -2.4338 | BQ66: -0.8764 | BR66: 183.9416 | BS66: -2.6708 | BT66: 0.2921 | BU66: 183.9268 | BV66: -2.153 | BW66: 1.7335 | BX66: 183.7839 | BY66: -0.3066 | BZ66: 2.6397 | CA66: 183.8869 | CB66: 1.2923 | CC66: 2.3258 | CD66: 183.9081 | CE66: 2.6795 | CF66: 0.2551 | CG66: 183.9017 | CH66: 2.5206 | CI66: -0.9193 | CK66: =IF(BO66="","",(BO66-BO$20)*1000)+CK$18 -> -0.047079643 | CL66: =IF(BP66="","",(BP66-BP$20)*1000)+CL$18 -> 1.027634 | CM66: =IF(BQ66="","",(BQ66-BQ$20)*1000)+CM$18 -> 3.6274708 | CN66: =IF(BR66="","",(BR66-BR$20)*1000)+CN$18 -> 0.3624441 | CO66: =IF(BS66="","",(BS66-BS$20)*1000)+CO$18 -> 1.1775136 | CP66: =IF(BT66="","",(BT66-BT$20)*1000)+CP$18 -> 1.4833756 | CQ66: =IF(BU66="","",(BU66-BU$20)*1000)+CQ$18 -> 0.25511451 | CR66: =IF(BV66="","",(BV66-BV$20)*1000)+CR$18 -> 7.572471 | ... DE66: =IF(CI66="","",(CI66-CI$20)*1000)+DE$18 -> -31.199263
A67: 43977 | B67: =IF(A67="","",A67-excav) -> 319 | C67: 222.9 | D67: =C67-PM -> 39 | E67: 823233.38 | F67: 1091513.6 | G67: -124.5798 | H67: 823233.25 | I67: 1091513.8 | J67: -123.4118 | K67: 823233.46 | L67: 1091513.3 | M67: -121.9703 | N67: 823234.11 | O67: 1091511.6 | P67: -121.0668 | Q67: 823234.88 | R67: 1091510.1 | S67: -121.3788 | T67: 823235.48 | U67: 1091508.9 | V67: -123.4489 | W67: 823235.41 | X67: 1091509 | Y67: -124.6233 | Z67: =IF(Xhaut="","",SQRT(((Xbasgauche-Xhaut)^2+(Ybasgauche-Yhaut)^2)+(Zbasgauche-Zhaut)^2)) -> 4.1110013 | AA67: =IF(Xhaut="","",SQRT(((Xintergauche-Xhaut)^2+(Yintergauche-Yhaut)^2)+(Zintergauche-Zhaut)^2)) -> 3.3333914 | AB67: =IF(Xhaut="","",SQRT(((Xhautgauche-Xhaut)^2+(Yhautgauche-Yhaut)^2)+(Zhautgauche-Zhaut)^2)) -> 2.0606463 | AC67: =IF(Xhaut="","",SQRT(((Xhautdroit-Xhaut)^2+(Yhautdroit-Yhaut)^2)+(Zhautdroit-Zhaut)^2)) -> 1.6323532 | AD67: =IF(Xhaut="","",SQRT(((Xinterdroit-Xhaut)^2+(Yinterdroit-Yhaut)^2)+(Zinterdroit-Zhaut)^2)) -> 3.8217654 | AE67: =IF(Xhaut="","",SQRT(((Xbasdroit-Xhaut)^2+(Ybasdroit-Yhaut)^2)+(Zbasdroit-Zhaut)^2)) -> 4.5446512 | AF67: =IF(Xhautdroit="","",SQRT(((Xhautdroit-Xhautgauche)^2+(Yhautdroit-Yhautgauche)^2)+(Zhautdroit-Zhautgauche)^2)) -> 3.4958588 | AG67: =IF(Xinterdroit="","",SQRT(((Xinterdroit-Xintergauche)^2+(Yinterdroit-Yintergauche)^2)+(Zinterdroit-Zintergauche)^2)) -> 5.3498883 | AH67: =IF(Xbasdroit="","",SQRT(((Xbasdroit-Xbasgauche)^2+(Ybasdroit-Ybasgauche)^2)+(Zbasdroit-Zbasgauche)^2)) -> 4.9544238 | AI67: =IF(Z67="","",(Z67-Z$20)*1000)+AI$18 -> -69.343601 | AJ67: =IF(AA67="","",(AA67-AA$20)*1000)+AJ$18 -> -58.151168 | AK67: =IF(AB67="","",(AB67-AB$20)*1000)+AK$18 -> -38.031349 | AL67: =IF(AC67="","",(AC67-AC$20)*1000)+AL$18 -> -18.043918 | AM67: =IF(AD67="","",(AD67-AD$20)*1000)+AM$18 -> -64.891054 | AN67: =IF(AE67="","",(AE67-AE$20)*1000)+AN$18 -> -46.429537 | AO67: =IF(AF67="","",(AF67-AF$20)*1000)+AO$18 -> -26.531147 | AP67: =IF(AG67="","",(AG67-AG$20)*1000)+AP$18 -> -26.643925 | AQ67: =IF(AH67="","",(AH67-AH$20)*1000)+AQ$18 -> -23.447837 | AS67: =IF(E67="","",(E67-E$20)*1000)+AS$18 -> 0.45000005 | AT67: =IF(F67="","",(F67-F$20)*1000)+AT$18 -> -1.65 | AU67: =IF(G67="","",(G67-G$20)*1000)+AU$18 -> 3.4 | AV67: =IF(H67="","",(H67-H$20)*1000)+AV$18 -> 0.9000001 | AW67: =IF(I67="","",(I67-I$20)*1000)+AW$18 -> -2.2500004 | AX67: =IF(J67="","",(J67-J$20)*1000)+AX$18 -> 1.05 | AY67: =IF(K67="","",(K67-K$20)*1000)+AY$18 -> 3.8500001 | AZ67: =IF(L67="","",(L67-L$20)*1000)+AZ$18 -> -8.1000002 | ... BM67: =IF(Y67="","",(Y67-Y$20)*1000)+BM$18 -> -31.2 | BO67: 183.9702 | BP67: -2.4328 | BQ67: -0.8766 | BR67: 183.9411 | BS67: -2.6696 | BT67: 0.2917 | BU67: 183.9269 | BV67: -2.1522 | BW67: 1.7333 | BX67: 183.7822 | BY67: -0.3059 | BZ67: 2.6383 | CA67: 183.8864 | CB67: 1.293 | CC67: 2.3252 | CD67: 183.9076 | CE67: 2.68 | CF67: 0.2549 | CG67: 183.9013 | CH67: 2.521 | CI67: -0.9194 | CK67: =IF(BO67="","",(BO67-BO$20)*1000)+CK$18 -> -0.64707964 | CL67: =IF(BP67="","",(BP67-BP$20)*1000)+CL$18 -> 2.027634 | CM67: =IF(BQ67="","",(BQ67-BQ$20)*1000)+CM$18 -> 3.4274708 | CN67: =IF(BR67="","",(BR67-BR$20)*1000)+CN$18 -> -0.1375559 | CO67: =IF(BS67="","",(BS67-BS$20)*1000)+CO$18 -> 2.3775136 | CP67: =IF(BT67="","",(BT67-BT$20)*1000)+CP$18 -> 1.0833756 | CQ67: =IF(BU67="","",(BU67-BU$20)*1000)+CQ$18 -> 0.35511451 | CR67: =IF(BV67="","",(BV67-BV$20)*1000)+CR$18 -> 8.372471 | ... DE67: =IF(CI67="","",(CI67-CI$20)*1000)+DE$18 -> -31.299263
A68: 43999 | B68: =IF(A68="","",A68-excav) -> 341 | C68: 222.9 | D68: =C68-PM -> 39 | E68: 823233.38 | F68: 1091513.6 | G68: -124.5793 | H68: 823233.25 | I68: 1091513.8 | J68: -123.4113 | K68: 823233.46 | L68: 1091513.3 | M68: -121.9701 | N68: 823234.11 | O68: 1091511.6 | P68: -121.0662 | Q68: 823234.88 | R68: 1091510.1 | S68: -121.3786 | T68: 823235.48 | U68: 1091508.9 | V68: -123.4486 | W68: 823235.41 | X68: 1091509 | Y68: -124.6229 | Z68: =IF(Xhaut="","",SQRT(((Xbasgauche-Xhaut)^2+(Ybasgauche-Yhaut)^2)+(Zbasgauche-Zhaut)^2)) -> 4.1108026 | AA68: =IF(Xhaut="","",SQRT(((Xintergauche-Xhaut)^2+(Yintergauche-Yhaut)^2)+(Zintergauche-Zhaut)^2)) -> 3.3333399 | AB68: =IF(Xhaut="","",SQRT(((Xhautgauche-Xhaut)^2+(Yhautgauche-Yhaut)^2)+(Zhautgauche-Zhaut)^2)) -> 2.0604217 | AC68: =IF(Xhaut="","",SQRT(((Xhautdroit-Xhaut)^2+(Yhautdroit-Yhaut)^2)+(Zhautdroit-Zhaut)^2)) -> 1.6319663 | AD68: =IF(Xhaut="","",SQRT(((Xinterdroit-Xhaut)^2+(Yinterdroit-Yhaut)^2)+(Zinterdroit-Zhaut)^2)) -> 3.8220141 | AE68: =IF(Xhaut="","",SQRT(((Xbasdroit-Xhaut)^2+(Ybasdroit-Yhaut)^2)+(Zbasdroit-Zhaut)^2)) -> 4.5447709 | AF68: =IF(Xhautdroit="","",SQRT(((Xhautdroit-Xhautgauche)^2+(Yhautdroit-Yhautgauche)^2)+(Zhautdroit-Zhautgauche)^2)) -> 3.4950592 | AG68: =IF(Xinterdroit="","",SQRT(((Xinterdroit-Xintergauche)^2+(Yinterdroit-Yintergauche)^2)+(Zinterdroit-Zintergauche)^2)) -> 5.3498555 | AH68: =IF(Xbasdroit="","",SQRT(((Xbasdroit-Xbasgauche)^2+(Ybasdroit-Ybasgauche)^2)+(Zbasdroit-Zbasgauche)^2)) -> 4.9539369 | AI68: =IF(Z68="","",(Z68-Z$20)*1000)+AI$18 -> -69.542286 | AJ68: =IF(AA68="","",(AA68-AA$20)*1000)+AJ$18 -> -58.202685 | AK68: =IF(AB68="","",(AB68-AB$20)*1000)+AK$18 -> -38.255915 | AL68: =IF(AC68="","",(AC68-AC$20)*1000)+AL$18 -> -18.430801 | AM68: =IF(AD68="","",(AD68-AD$20)*1000)+AM$18 -> -64.642289 | AN68: =IF(AE68="","",(AE68-AE$20)*1000)+AN$18 -> -46.309834 | AO68: =IF(AF68="","",(AF68-AF$20)*1000)+AO$18 -> -27.330796 | AP68: =IF(AG68="","",(AG68-AG$20)*1000)+AP$18 -> -26.676723 | AQ68: =IF(AH68="","",(AH68-AH$20)*1000)+AQ$18 -> -23.934771 | AS68: =IF(E68="","",(E68-E$20)*1000)+AS$18 -> 1.05 | AT68: =IF(F68="","",(F68-F$20)*1000)+AT$18 -> -2.2500001 | AU68: =IF(G68="","",(G68-G$20)*1000)+AU$18 -> 3.9 | AV68: =IF(H68="","",(H68-H$20)*1000)+AV$18 -> 1.8000001 | AW68: =IF(I68="","",(I68-I$20)*1000)+AW$18 -> -2.3500002 | AX68: =IF(J68="","",(J68-J$20)*1000)+AX$18 -> 1.55 | AY68: =IF(K68="","",(K68-K$20)*1000)+AY$18 -> 4.4500001 | AZ68: =IF(L68="","",(L68-L$20)*1000)+AZ$18 -> -8.6000003 | ... BM68: =IF(Y68="","",(Y68-Y$20)*1000)+BM$18 -> -30.8 | BO68: 183.97053 | BP68: -2.4320027 | BQ68: -0.87612532 | BR68: 183.94187 | BS68: -2.6691374 | BT68: 0.29216128 | BU68: 183.92723 | BV68: -2.1515218 | BW68: 1.7335077 | BX68: 183.78334 | BY68: -0.30555334 | BZ68: 2.6388466 | CA68: 183.88686 | CB68: 1.2928848 | CC68: 2.3254114 | CD68: 183.90808 | CE68: 2.6804814 | CF68: 0.25519922 | CG68: 183.90145 | CH68: 2.5212607 | CI68: -0.91903452 | CK68: =IF(BO68="","",(BO68-BO$20)*1000)+CK$18 -> -0.31465816 | CL68: =IF(BP68="","",(BP68-BP$20)*1000)+CL$18 -> 2.824974 | CM68: =IF(BQ68="","",(BQ68-BQ$20)*1000)+CM$18 -> 3.9021466 | CN68: =IF(BR68="","",(BR68-BR$20)*1000)+CN$18 -> 0.63463672 | CO68: =IF(BS68="","",(BS68-BS$20)*1000)+CO$18 -> 2.8401423 | CP68: =IF(BT68="","",(BT68-BT$20)*1000)+CP$18 -> 1.5446536 | CQ68: =IF(BU68="","",(BU68-BU$20)*1000)+CQ$18 -> 0.68382284 | CR68: =IF(BV68="","",(BV68-BV$20)*1000)+CR$18 -> 9.0506988 | ... DE68: =IF(CI68="","",(CI68-CI$20)*1000)+DE$18 -> -30.933787
