Workbook
Name cintre: 'Résultats observations'!$W$4
Name date: 'Résultats observations'!$A:$A
Name DH_BD: 'Résultats observations'!$DD:$DD
Name DH_BG: 'Résultats observations'!$CL:$CL
Name DH_HD: 'Résultats observations'!$CX:$CX
Name DH_HG: 'Résultats observations'!$CR:$CR
Name DH_ID: 'Résultats observations'!$DA:$DA
Name DH_IG: 'Résultats observations'!$CO:$CO
Name DHhaut: 'Résultats observations'!$CU:$CU
Name dist: 'Résultats observations'!$D:$D
Name DPM_BD: 'Résultats observations'!$DC:$DC
Name DPM_BG: 'Résultats observations'!$CK:$CK
Name DPM_HD: 'Résultats observations'!$CW:$CW
Name DPM_HG: 'Résultats observations'!$CQ:$CQ
Name DPM_ID: 'Résultats observations'!$CZ:$CZ
Name DPM_IG: 'Résultats observations'!$CN:$CN
Name DPMhaut: 'Résultats observations'!$CT:$CT
Name DZ_BD: 'Résultats observations'!$BM:$BM
Name DZ_BG: 'Résultats observations'!$AU:$AU
Name DZ_HD: 'Résultats observations'!$BG:$BG
Name DZ_HG: 'Résultats observations'!$BA:$BA
Name DZ_ID: 'Résultats observations'!$BJ:$BJ
Name DZ_IG: 'Résultats observations'!$AX:$AX
Name DZhaut: 'Résultats observations'!$BD:$BD
Name Ecart_BD: 'Résultats observations'!$AN:$AN
Name Ecart_BG: 'Résultats observations'!$AI:$AI
Name Ecart_HD: 'Résultats observations'!$AL:$AL
Name Ecart_HG: 'Résultats observations'!$AK:$AK
Name Ecart_ID: 'Résultats observations'!$AM:$AM
Name Ecart_IG: 'Résultats observations'!$AJ:$AJ
Name Ecart_LB: 'Résultats observations'!$AQ:$AQ
Name Ecart_LH: 'Résultats observations'!$AO:$AO
Name Ecart_LI: 'Résultats observations'!$AP:$AP
Name excav: 'Résultats observations'!$A$7
Name front: 'Résultats observations'!$C:$C
Name galerie: 'Résultats observations'!$G$4
Name jours: 'Résultats observations'!$B:$B
Name N_DEST: #REF!
Name N_SOURCE: #REF!
Name PM: 'Résultats observations'!$W$6
Name Xbasdroit: 'Résultats observations'!$W:$W
Name Xbasgauche: 'Résultats observations'!$E:$E
Name Xhaut: 'Résultats observations'!$N:$N
Name Xhautdroit: 'Résultats observations'!$Q:$Q
Name Xhautgauche: 'Résultats observations'!$K:$K
Name Xinterdroit: 'Résultats observations'!$T:$T
Name Xintergauche: 'Résultats observations'!$H:$H
Name Ybasdroit: 'Résultats observations'!$X:$X
Name Ybasgauche: 'Résultats observations'!$F:$F
Name Yhaut: 'Résultats observations'!$O:$O
Name Yhautdroit: 'Résultats observations'!$R:$R
Name Yhautgauche: 'Résultats observations'!$L:$L
Name Yinterdroit: 'Résultats observations'!$U:$U
Name Yintergauche: 'Résultats observations'!$I:$I
Name Zbasdroit: 'Résultats observations'!$Y:$Y
Name Zbasgauche: 'Résultats observations'!$G:$G
Name Zhaut: 'Résultats observations'!$P:$P
Name Zhautdroit: 'Résultats observations'!$S:$S
Name Zhautgauche: 'Résultats observations'!$M:$M
Name Zinterdroit: 'Résultats observations'!$V:$V

Sheet Résultats observations
F1: CONVERGENCE T12T13 - PM158
A6: Date point 0 | V6: PM = | W6: 158
A7: 44140
A8: Date | B8: Jours | C8: Front | D8: Dist | E8: Point bas gauche | H8: Point intermédiaire gauche | K8: Point haut gauche | N8: Point centre haut | Q8: Point haut droit | T8: Point intermédiaire droit | W8: Point bas droit | AI8: Différences | AS8: Point bas gauche | AV8: Point intermédiaire gauche | AY8: Point haut gauche | BB8: Point centre haut | BE8: Point haut droit | BH8: Point intermédiaire droit | BK8: Point bas droit | BO8: Point bas gauche | BR8: Point intermédiaire gauche | BU8: Point haut gauche | BX8: Point centre haut | CA8: Point haut droit | CD8: Point intermédiaire droit | CG8: Point bas droit | CK8: Point bas gauche | CN8: Point intermédiaire gauche | CQ8: Point haut gauche | CT8: Point centre haut | CW8: Point haut droit | CZ8: Point intermédiaire droit | DC8: Point bas droit
E9: X | F9: Y | G9: Z | K9: X | L9: Y | M9: Z | N9: X | O9: Y | P9: Z | Q9: X | R9: Y | S9: Z | W9: X | X9: Y | Y9: Z | Z9: BG | AA9: IG | AB9: HG | AC9: HD | AD9: ID | AE9: BD | AF9: LH | AG9: LI | AH9: LB | AI9: BG | AJ9: IG | AK9: HG | AL9: HD | AM9: ID | AN9: BD | AO9: LH | AP9: LI | AQ9: LB | AS9: DX | AT9: DY | AU9: DZ | AV9: DX | AW9: DY | AX9: DZ | AY9: DX | AZ9: DY | BA9: DZ | BB9: DX | BC9: DY | BD9: DZ | BE9: DX | BF9: DY | BG9: DZ | BH9: DX | BI9: DY | BJ9: DZ | BK9: DX | BL9: DY | BM9: DZ | BO9: PM | BP9: H | BQ9: V | BR9: PM | BS9: H | BT9: V | BU9: PM | BV9: H | BW9: V | BX9: PM | BY9: H | BZ9: V | CA9: PM | CB9: H | CC9: V | CD9: PM | CE9: H | CF9: V | CG9: PM | CH9: H | CI9: V | CK9: DPM | CL9: DH | CM9: DZ | CN9: DPM | CO9: DH | CP9: DZ | CQ9: DPM | CR9: DH | CS9: DZ | CT9: DPM | CU9: DH | CV9: DZ | CW9: DPM | CX9: DH | CY9: DZ | CZ9: DPM | DA9: DH | DB9: DZ | DC9: DPM | DD9: DH | DE9: DZ
A10: 44140 | B10: 0 | C10: 222.9 | D10: =C10-PM -> 64.9 | E10: 823209.97 | F10: 1091504.2 | G10: -125.007 | H10: 823209.74 | I10: 1091504.3 | J10: -123.6355 | K10: 823210.19 | L10: 1091503.4 | M10: -121.1001 | N10: 823211.71 | O10: 1091500.2 | P10: -119.6079 | Q10: 823212.8 | R10: 1091497.7 | S10: -121.0721 | T10: 823213.21 | U10: 1091497 | V10: -123.6497 | W10: 823213.18 | X10: 1091497.2 | Y10: -125.0366 | Z10: =IF(Xhaut="","",SQRT(((Xbasgauche-Xhaut)^2+(Ybasgauche-Yhaut)^2)+(Zbasgauche-Zhaut)^2)) -> 6.9349477 | AA10: =IF(Xhaut="","",SQRT(((Xintergauche-Xhaut)^2+(Yintergauche-Yhaut)^2)+(Zintergauche-Zhaut)^2)) -> 6.1128028 | AB10: =IF(Xhaut="","",SQRT(((Xhautgauche-Xhaut)^2+(Yhautgauche-Yhaut)^2)+(Zhautgauche-Zhaut)^2)) -> 3.8935811 | AC10: =IF(Xhaut="","",SQRT(((Xhautdroit-Xhaut)^2+(Yhautdroit-Yhaut)^2)+(Zhautdroit-Zhaut)^2)) -> 3.0347242 | AD10: =IF(Xhaut="","",SQRT(((Xinterdroit-Xhaut)^2+(Yinterdroit-Yhaut)^2)+(Zinterdroit-Zhaut)^2)) -> 5.355996 | AE10: =IF(Xhaut="","",SQRT(((Xbasdroit-Xhaut)^2+(Ybasdroit-Yhaut)^2)+(Zbasdroit-Zhaut)^2)) -> 6.3502229 | AF10: =IF(Xhautdroit="","",SQRT(((Xhautdroit-Xhautgauche)^2+(Yhautdroit-Yhautgauche)^2)+(Zhautdroit-Zhautgauche)^2)) -> 6.2543918 | AG10: =IF(Xinterdroit="","",SQRT(((Xinterdroit-Xintergauche)^2+(Yinterdroit-Yintergauche)^2)+(Zinterdroit-Zintergauche)^2)) -> 8.1126935 | AH10: =IF(Xbasdroit="","",SQRT(((Xbasdroit-Xbasgauche)^2+(Ybasdroit-Ybasgauche)^2)+(Zbasdroit-Zbasgauche)^2)) -> 7.6445688 | AI10: 0 | AJ10: 0 | AK10: 0 | AL10: 0 | AM10: 0 | AN10: 0 | AO10: 0 | AP10: 0 | AQ10: 0 | AS10: 0 | AT10: 0 | AU10: 0 | AV10: 0 | AW10: 0 | AX10: 0 | AY10: 0 | AZ10: 0 | BA10: 0 | BB10: 0 | BC10: 0 | BD10: 0 | BE10: 0 | BF10: 0 | BG10: 0 | BH10: 0 | BI10: 0 | BJ10: 0 | BK10: 0 | BL10: 0 | BM10: 0 | BO10: 158.78103 | BP10: -3.8091466 | BQ10: -1.0519303 | BR10: 158.64123 | BS10: -4.0564019 | BT10: 0.32096769 | BU10: 158.67998 | BV10: -3.0544331 | BW10: 2.8559802 | BX10: 158.67118 | BY10: 0.54184773 | BZ10: 4.3482682 | CA10: 158.63503 | CB10: 3.1997346 | CC10: 2.8844297 | CD10: 158.69633 | CE10: 4.0560921 | CF10: 0.30621667 | CG10: 158.75791 | CH10: 3.83533 | CI10: -1.0812991 | CK10: 0 | CL10: 0 | CM10: 0 | CN10: 0 | CO10: 0 | CP10: 0 | CQ10: 0 | CR10: 0 | CS10: 0 | CT10: 0 | CU10: 0 | CV10: 0 | CW10: 0 | CX10: 0 | CY10: 0 | CZ10: 0 | DA10: 0 | DB10: 0 | DC10: 0 | DD10: 0 | DE10: 0
A11: 44172 | B11: =A11-$A$10 -> 32 | C11: 222.9 | D11: =C11-PM -> 64.9 | E11: 823209.97 | F11: 1091504.2 | G11: -125.0064 | H11: 823209.73 | I11: 1091504.3 | J11: -123.6349 | K11: 823210.19 | L11: 1091503.4 | M11: -121.0997 | N11: 823211.71 | O11: 1091500.2 | P11: -119.6076 | Q11: 823212.8 | R11: 1091497.7 | S11: -121.0722 | T11: 823213.21 | U11: 1091497 | V11: -123.6493 | W11: 823213.18 | X11: 1091497.2 | Y11: -125.0359 | Z11: =IF(Xhaut="","",SQRT(((Xbasgauche-Xhaut)^2+(Ybasgauche-Yhaut)^2)+(Zbasgauche-Zhaut)^2)) -> 6.9342601 | AA11: =IF(Xhaut="","",SQRT(((Xintergauche-Xhaut)^2+(Yintergauche-Yhaut)^2)+(Zintergauche-Zhaut)^2)) -> 6.1120764 | AB11: =IF(Xhaut="","",SQRT(((Xhautgauche-Xhaut)^2+(Yhautgauche-Yhaut)^2)+(Zhautgauche-Zhaut)^2)) -> 3.8936228 | AC11: =IF(Xhaut="","",SQRT(((Xhautdroit-Xhaut)^2+(Yhautdroit-Yhaut)^2)+(Zhautdroit-Zhaut)^2)) -> 3.0343704 | AD11: =IF(Xhaut="","",SQRT(((Xinterdroit-Xhaut)^2+(Yinterdroit-Yhaut)^2)+(Zinterdroit-Zhaut)^2)) -> 5.3556139 | AE11: =IF(Xhaut="","",SQRT(((Xbasdroit-Xhaut)^2+(Ybasdroit-Yhaut)^2)+(Zbasdroit-Zhaut)^2)) -> 6.3496726 | AF11: =IF(Xhautdroit="","",SQRT(((Xhautdroit-Xhautgauche)^2+(Yhautdroit-Yhautgauche)^2)+(Zhautdroit-Zhautgauche)^2)) -> 6.2538363 | AG11: =IF(Xinterdroit="","",SQRT(((Xinterdroit-Xintergauche)^2+(Yinterdroit-Yintergauche)^2)+(Zinterdroit-Zintergauche)^2)) -> 8.1115241 | AH11: =IF(Xbasdroit="","",SQRT(((Xbasdroit-Xbasgauche)^2+(Ybasdroit-Ybasgauche)^2)+(Zbasdroit-Zbasgauche)^2)) -> 7.6435079 | AI11: =(Z11-Z$10)*1000 -> -0.6875872 | AJ11: =(AA11-AA$10)*1000 -> -0.72642608 | AK11: =(AB11-AB$10)*1000 -> 0.041681278 | AL11: =(AC11-AC$10)*1000 -> -0.35378594 | AM11: =(AD11-AD$10)*1000 -> -0.38209469 | AN11: =(AE11-AE$10)*1000 -> -0.550325 | AO11: =(AF11-AF$10)*1000 -> -0.55548392 | AP11: =(AG11-AG$10)*1000 -> -1.1694789 | AQ11: =(AH11-AH$10)*1000 -> -1.0609457 | AS11: =(E11-E$10)*1000 -> -1.1 | AT11: =(F11-F$10)*1000 -> -1.4 | AU11: =(G11-G$10)*1000 -> 0.6 | AV11: =(H11-H$10)*1000 -> -0.80000004 | AW11: =(I11-I$10)*1000 -> -1.3000001 | AX11: =(J11-J$10)*1000 -> 0.6 | AY11: =(K11-K$10)*1000 -> -1.2000001 | AZ11: =(L11-L$10)*1000 -> -0.59999991 | ... BM11: =(Y11-Y$10)*1000 -> 0.7 | BO11: 158.77944 | BP11: -3.8083427 | BQ11: -1.0513144 | BR11: 158.63996 | BS11: -4.0555618 | BT11: 0.32158043 | BU11: 158.67864 | BV11: -3.0543965 | BW11: 2.8563936 | BX11: 158.67145 | BY11: 0.54197452 | BZ11: 4.3485655 | CA11: 158.63417 | CB11: 3.1992213 | CC11: 2.8843383 | CD11: 158.69538 | CE11: 4.0557601 | CF11: 0.30662616 | CG11: 158.75736 | CH11: 3.8350764 | CI11: -1.0805936 | CK11: =(BO11-BO$10)*1000 -> -1.588634 | CL11: =(BP11-BP$10)*1000 -> 0.80389162 | CM11: =(BQ11-BQ$10)*1000 -> 0.61588634 | CN11: =(BR11-BR$10)*1000 -> -1.2744813 | CO11: =(BS11-BS$10)*1000 -> 0.84005815 | CP11: =(BT11-BT$10)*1000 -> 0.61274481 | CQ11: =(BU11-BU$10)*1000 -> -1.3411417 | CR11: =(BV11-BV$10)*1000 -> 0.036592714 | ... DE11: =(CI11-CI$10)*1000 -> 0.70543775
A12: 44229 | B12: =A12-$A$10 -> 89 | C12: 222.9 | D12: =C12-PM -> 64.9 | E12: 823209.96 | F12: 1091504.2 | G12: -125.008 | H12: 823209.73 | I12: 1091504.3 | J12: -123.636 | K12: 823210.19 | L12: 1091503.4 | M12: -121.101 | N12: 823211.71 | O12: 1091500.2 | P12: -119.609 | Q12: 823212.8 | R12: 1091497.7 | S12: -121.073 | T12: 823213.21 | U12: 1091497 | V12: -123.65 | Z12: =IF(Xhaut="","",SQRT(((Xbasgauche-Xhaut)^2+(Ybasgauche-Yhaut)^2)+(Zbasgauche-Zhaut)^2)) -> 6.935371 | AA12: =IF(Xhaut="","",SQRT(((Xintergauche-Xhaut)^2+(Yintergauche-Yhaut)^2)+(Zintergauche-Zhaut)^2)) -> 6.1130288 | AB12: =IF(Xhaut="","",SQRT(((Xhautgauche-Xhaut)^2+(Yhautgauche-Yhaut)^2)+(Zhautgauche-Zhaut)^2)) -> 3.8946705 | AC12: =IF(Xhaut="","",SQRT(((Xhautdroit-Xhaut)^2+(Yhautdroit-Yhaut)^2)+(Zhautdroit-Zhaut)^2)) -> 3.0352127 | AD12: =IF(Xhaut="","",SQRT(((Xinterdroit-Xhaut)^2+(Yinterdroit-Yhaut)^2)+(Zinterdroit-Zhaut)^2)) -> 5.3552163 | AF12: =IF(Xhautdroit="","",SQRT(((Xhautdroit-Xhautgauche)^2+(Yhautdroit-Yhautgauche)^2)+(Zhautdroit-Zhautgauche)^2)) -> 6.256286 | AG12: =IF(Xinterdroit="","",SQRT(((Xinterdroit-Xintergauche)^2+(Yinterdroit-Yintergauche)^2)+(Zinterdroit-Zintergauche)^2)) -> 8.1132507 | AH12: =IF(Xbasdroit="","",SQRT(((Xbasdroit-Xbasgauche)^2+(Ybasdroit-Ybasgauche)^2)+(Zbasdroit-Zbasgauche)^2)) | AI12: =(Z12-Z$10)*1000 -> 0.42333119 | AJ12: =(AA12-AA$10)*1000 -> 0.22597956 | AK12: =(AB12-AB$10)*1000 -> 1.0893534 | AL12: =(AC12-AC$10)*1000 -> 0.48850447 | AM12: =(AD12-AD$10)*1000 -> -0.77968191 | AO12: =(AF12-AF$10)*1000 -> 1.8941284 | AP12: =(AG12-AG$10)*1000 -> 0.55717374 | AS12: =(E12-E$10)*1000 -> -1.6000001 | AT12: =(F12-F$10)*1000 -> 0.69999998 | AU12: =(G12-G$10)*1000 -> -1 | AV12: =(H12-H$10)*1000 -> -1.4 | AW12: =(I12-I$10)*1000 -> 0.69999998 | AX12: =(J12-J$10)*1000 -> -0.5 | AY12: =(K12-K$10)*1000 -> -1 | AZ12: =(L12-L$10)*1000 -> 1.4 | ... BJ12: =(V12-V$10)*1000 -> -0.3 | BO12: 158.77988 | BP12: -3.8102337 | BQ12: -1.0526188 | BR12: 158.64071 | BS12: -4.0576402 | BT12: 0.32077295 | BU12: 158.67972 | BV12: -3.0555446 | BW12: 2.8552828 | BX12: 158.67358 | BY12: 0.5412007 | BZ12: 4.3469442 | CA12: 158.63444 | CB12: 3.1995716 | CC12: 2.8840356 | CD12: 158.69657 | CE12: 4.0551013 | CF12: 0.30571426 | CK12: =(BO12-BO$10)*1000 -> -1.148112 | CL12: =(BP12-BP$10)*1000 -> -1.0871241 | CM12: =(BQ12-BQ$10)*1000 -> -0.68851888 | CN12: =(BR12-BR$10)*1000 -> -0.52590524 | CO12: =(BS12-BS$10)*1000 -> -1.238315 | CP12: =(BT12-BT$10)*1000 -> -0.19474095 | CQ12: =(BU12-BU$10)*1000 -> -0.25401756 | CR12: =(BV12-BV$10)*1000 -> -1.1115193 | ... DB12: =(CF12-CF$10)*1000 -> -0.50241394
A13: 44273 | B13: =A13-$A$10 -> 133 | C13: 222.9 | D13: =C13-PM -> 64.9 | E13: 823209.97 | F13: 1091504.2 | G13: -125.0073 | H13: 823209.73 | I13: 1091504.3 | J13: -123.6356 | K13: 823210.19 | L13: 1091503.4 | M13: -121.101 | N13: 823211.71 | O13: 1091500.2 | P13: -119.6102 | Q13: 823212.8 | R13: 1091497.7 | S13: -121.0731 | T13: 823213.21 | U13: 1091497 | V13: -123.6498 | W13: 823213.18 | X13: 1091497.2 | Y13: -125.0365 | Z13: =IF(Xhaut="","",SQRT(((Xbasgauche-Xhaut)^2+(Ybasgauche-Yhaut)^2)+(Zbasgauche-Zhaut)^2)) -> 6.9327633 | AA13: =IF(Xhaut="","",SQRT(((Xintergauche-Xhaut)^2+(Yintergauche-Yhaut)^2)+(Zintergauche-Zhaut)^2)) -> 6.1102928 | AB13: =IF(Xhaut="","",SQRT(((Xhautgauche-Xhaut)^2+(Yhautgauche-Yhaut)^2)+(Zhautgauche-Zhaut)^2)) -> 3.8921731 | AC13: =IF(Xhaut="","",SQRT(((Xhautdroit-Xhaut)^2+(Yhautdroit-Yhaut)^2)+(Zhautdroit-Zhaut)^2)) -> 3.0341586 | AD13: =IF(Xhaut="","",SQRT(((Xinterdroit-Xhaut)^2+(Yinterdroit-Yhaut)^2)+(Zinterdroit-Zhaut)^2)) -> 5.3540567 | AE13: =IF(Xhaut="","",SQRT(((Xbasdroit-Xhaut)^2+(Ybasdroit-Yhaut)^2)+(Zbasdroit-Zhaut)^2)) -> 6.3476391 | AF13: =IF(Xhautdroit="","",SQRT(((Xhautdroit-Xhautgauche)^2+(Yhautdroit-Yhautgauche)^2)+(Zhautdroit-Zhautgauche)^2)) -> 6.2534821 | AG13: =IF(Xinterdroit="","",SQRT(((Xinterdroit-Xintergauche)^2+(Yinterdroit-Yintergauche)^2)+(Zinterdroit-Zintergauche)^2)) -> 8.1108576 | AH13: =IF(Xbasdroit="","",SQRT(((Xbasdroit-Xbasgauche)^2+(Ybasdroit-Ybasgauche)^2)+(Zbasdroit-Zbasgauche)^2)) -> 7.64269 | AI13: =(Z13-Z$10)*1000 -> -2.1843402 | AJ13: =(AA13-AA$10)*1000 -> -2.5100066 | AK13: =(AB13-AB$10)*1000 -> -1.4079959 | AL13: =(AC13-AC$10)*1000 -> -0.56562303 | AM13: =(AD13-AD$10)*1000 -> -1.9393078 | AN13: =(AE13-AE$10)*1000 -> -2.5838288 | AO13: =(AF13-AF$10)*1000 -> -0.90973009 | AP13: =(AG13-AG$10)*1000 -> -1.8359358 | AQ13: =(AH13-AH$10)*1000 -> -1.8788405 | AS13: =(E13-E$10)*1000 -> -1.5 | AT13: =(F13-F$10)*1000 -> -0.19999989 | AU13: =(G13-G$10)*1000 -> -0.3 | AV13: =(H13-H$10)*1000 -> -0.89999998 | AW13: =(I13-I$10)*1000 -> -0.50000008 | AX13: =(J13-J$10)*1000 -> -0.1 | AY13: =(K13-K$10)*1000 -> -1 | AZ13: =(L13-L$10)*1000 -> 0 | ... BM13: =(Y13-Y$10)*1000 -> 0.1 | BO13: 158.77958 | BP13: -3.8095993 | BQ13: -1.0522158 | BR13: 158.6402 | BS13: -4.0563291 | BT13: 0.32087796 | BU13: 158.67907 | BV13: -3.0548557 | BW13: 2.8550893 | BX13: 158.67347 | BY13: 0.54048786 | BZ13: 4.3459453 | CA13: 158.63455 | CB13: 3.1984056 | CC13: 2.8834345 | CD13: 158.69539 | CE13: 4.0543283 | CF13: 0.3061261 | CG13: 158.75789 | CH13: 3.8330041 | CI13: -1.0811989 | CK13: =(BO13-BO$10)*1000 -> -1.4439684 | CL13: =(BP13-BP$10)*1000 -> -0.45271971 | CM13: =(BQ13-BQ$10)*1000 -> -0.28556032 | CN13: =(BR13-BR$10)*1000 -> -1.0269889 | CO13: =(BS13-BS$10)*1000 -> 0.072759296 | CP13: =(BT13-BT$10)*1000 -> -0.089730111 | CQ13: =(BU13-BU$10)*1000 -> -0.90629209 | CR13: =(BV13-BV$10)*1000 -> -0.42265203 | ... DE13: =(CI13-CI$10)*1000 -> 0.10018723
A14: 44287 | B14: =A14-$A$10 -> 147 | C14: 222.9 | D14: =C14-PM -> 64.9 | H14: 823209.73 | I14: 1091504.3 | J14: -123.6346 | K14: 823210.19 | L14: 1091503.4 | M14: -121.0997 | N14: 823211.71 | O14: 1091500.2 | P14: -119.6097 | Q14: 823212.8 | R14: 1091497.7 | S14: -121.0721 | T14: 823213.21 | U14: 1091497 | V14: -123.6489 | W14: 823213.18 | X14: 1091497.2 | Y14: -125.0357 | AA14: =IF(Xhaut="","",SQRT(((Xintergauche-Xhaut)^2+(Yintergauche-Yhaut)^2)+(Zintergauche-Zhaut)^2)) -> 6.1107621 | AB14: =IF(Xhaut="","",SQRT(((Xhautgauche-Xhaut)^2+(Yhautgauche-Yhaut)^2)+(Zhautgauche-Zhaut)^2)) -> 3.8927917 | AC14: =IF(Xhaut="","",SQRT(((Xhautdroit-Xhaut)^2+(Yhautdroit-Yhaut)^2)+(Zhautdroit-Zhaut)^2)) -> 3.0338571 | AD14: =IF(Xhaut="","",SQRT(((Xinterdroit-Xhaut)^2+(Yinterdroit-Yhaut)^2)+(Zinterdroit-Zhaut)^2)) -> 5.3527029 | AE14: =IF(Xhaut="","",SQRT(((Xbasdroit-Xhaut)^2+(Ybasdroit-Yhaut)^2)+(Zbasdroit-Zhaut)^2)) -> 6.3469659 | AF14: =IF(Xhautdroit="","",SQRT(((Xhautdroit-Xhautgauche)^2+(Yhautdroit-Yhautgauche)^2)+(Zhautdroit-Zhautgauche)^2)) -> 6.2544119 | AG14: =IF(Xinterdroit="","",SQRT(((Xinterdroit-Xintergauche)^2+(Yinterdroit-Yintergauche)^2)+(Zinterdroit-Zintergauche)^2)) -> 8.1103157 | AJ14: =(AA14-AA$10)*1000 -> -2.0407231 | AK14: =(AB14-AB$10)*1000 -> -0.78939337 | AL14: =(AC14-AC$10)*1000 -> -0.86710374 | AM14: =(AD14-AD$10)*1000 -> -3.2930889 | AN14: =(AE14-AE$10)*1000 -> -3.2570737 | AO14: =(AF14-AF$10)*1000 -> 0.020116984 | AP14: =(AG14-AG$10)*1000 -> -2.3777923 | AV14: =(H14-H$10)*1000 -> -0.49999997 | AW14: =(I14-I$10)*1000 -> -3.1999999 | AX14: =(J14-J$10)*1000 -> 0.9 | AY14: =(K14-K$10)*1000 -> -0.89999998 | AZ14: =(L14-L$10)*1000 -> -2.9 | BA14: =(M14-M$10)*1000 -> 0.4 | BB14: =(N14-N$10)*1000 -> 2.9 | BC14: =(O14-O$10)*1000 -> -1.1999998 | ... BM14: =(Y14-Y$10)*1000 -> 0.9 | BR14: 158.63943 | BS14: -4.0537131 | BT14: 0.32188575 | BU14: 158.67794 | BV14: -3.0521852 | BW14: 2.8564006 | BX14: 158.6733 | BY14: 0.54416097 | BZ14: 4.346447 | CA14: 158.63496 | CB14: 3.2020182 | CC14: 2.8844304 | CD14: 158.69486 | CE14: 4.0564006 | CF14: 0.30703135 | CG14: 158.75676 | CH14: 3.8358982 | CI14: -1.0803876 | CN14: =(BR14-BR$10)*1000 -> -1.8056324 | CO14: =(BS14-BS$10)*1000 -> 2.6888085 | CP14: =(BT14-BT$10)*1000 -> 0.91805632 | CQ14: =(BU14-BU$10)*1000 -> -2.0413536 | CR14: =(BV14-BV$10)*1000 -> 2.2478601 | CS14: =(BW14-BW$10)*1000 -> 0.42041354 | CT14: =(BX14-BX$10)*1000 -> 2.1210646 | CU14: =(BY14-BY$10)*1000 -> 2.3132411 | ... DE14: =(CI14-CI$10)*1000 -> 0.91147686
A15: 44308 | B15: =A15-$A$10 -> 168 | C15: 222.9 | D15: =C15-PM -> 64.9 | E15: 823209.97 | F15: 1091504.2 | G15: -125.007 | H15: 823209.73 | I15: 1091504.3 | J15: -123.6354 | K15: 823210.19 | L15: 1091503.4 | M15: -121.1005 | N15: 823211.71 | O15: 1091500.2 | P15: -119.6101 | Q15: 823212.8 | R15: 1091497.7 | S15: -121.0727 | T15: 823213.21 | U15: 1091497 | V15: -123.6496 | W15: 823213.18 | X15: 1091497.2 | Y15: -125.0364 | Z15: =IF(Xhaut="","",SQRT(((Xbasgauche-Xhaut)^2+(Ybasgauche-Yhaut)^2)+(Zbasgauche-Zhaut)^2)) -> 6.9330427 | AA15: =IF(Xhaut="","",SQRT(((Xintergauche-Xhaut)^2+(Yintergauche-Yhaut)^2)+(Zintergauche-Zhaut)^2)) -> 6.1111427 | AB15: =IF(Xhaut="","",SQRT(((Xhautgauche-Xhaut)^2+(Yhautgauche-Yhaut)^2)+(Zhautgauche-Zhaut)^2)) -> 3.8929027 | AC15: =IF(Xhaut="","",SQRT(((Xhautdroit-Xhaut)^2+(Yhautdroit-Yhaut)^2)+(Zhautdroit-Zhaut)^2)) -> 3.0342537 | AD15: =IF(Xhaut="","",SQRT(((Xinterdroit-Xhaut)^2+(Yinterdroit-Yhaut)^2)+(Zinterdroit-Zhaut)^2)) -> 5.3540534 | AE15: =IF(Xhaut="","",SQRT(((Xbasdroit-Xhaut)^2+(Ybasdroit-Yhaut)^2)+(Zbasdroit-Zhaut)^2)) -> 6.3480797 | AF15: =IF(Xhautdroit="","",SQRT(((Xhautdroit-Xhautgauche)^2+(Yhautdroit-Yhautgauche)^2)+(Zhautdroit-Zhautgauche)^2)) -> 6.2547131 | AG15: =IF(Xinterdroit="","",SQRT(((Xinterdroit-Xintergauche)^2+(Yinterdroit-Yintergauche)^2)+(Zinterdroit-Zintergauche)^2)) -> 8.1121852 | AH15: =IF(Xbasdroit="","",SQRT(((Xbasdroit-Xbasgauche)^2+(Ybasdroit-Ybasgauche)^2)+(Zbasdroit-Zbasgauche)^2)) -> 7.6442133 | AI15: =(Z15-Z$10)*1000 -> -1.9050165 | AJ15: =(AA15-AA$10)*1000 -> -1.660153 | AK15: =(AB15-AB$10)*1000 -> -0.67844615 | AL15: =(AC15-AC$10)*1000 -> -0.47043837 | AM15: =(AD15-AD$10)*1000 -> -1.9426492 | AN15: =(AE15-AE$10)*1000 -> -2.1431959 | AO15: =(AF15-AF$10)*1000 -> 0.32121962 | AP15: =(AG15-AG$10)*1000 -> -0.50828155 | AQ15: =(AH15-AH$10)*1000 -> -0.3555549 | AS15: =(E15-E$10)*1000 -> -1.2000001 | AT15: =(F15-F$10)*1000 -> 0.29999996 | AU15: =(G15-G$10)*1000 -> 0 | AV15: =(H15-H$10)*1000 -> -0.80000004 | AW15: =(I15-I$10)*1000 -> 0.50000008 | AX15: =(J15-J$10)*1000 -> 0.1 | AY15: =(K15-K$10)*1000 -> -0.69999998 | AZ15: =(L15-L$10)*1000 -> 0.80000004 | ... BM15: =(Y15-Y$10)*1000 -> 0.2 | BO15: 158.78007 | BP15: -3.8099256 | BQ15: -1.0519207 | BR15: 158.64072 | BS15: -4.0571932 | BT15: 0.32107283 | BU15: 158.67968 | BV15: -3.055454 | BW15: 2.8555832 | BX15: 158.67352 | BY15: 0.54084428 | BZ15: 4.3460448 | CA15: 158.63447 | CB15: 3.1990339 | CC15: 2.8838353 | CD15: 158.69661 | CE15: 4.0547871 | CF15: 0.3063139 | CG15: 158.75832 | CH15: 3.8342002 | CI15: -1.0811032 | CK15: =(BO15-BO$10)*1000 -> -0.96075493 | CL15: =(BP15-BP$10)*1000 -> -0.77907001 | CM15: =(BQ15-BQ$10)*1000 -> 0.0096075493 | CN15: =(BR15-BR$10)*1000 -> -0.51370763 | CO15: =(BS15-BS$10)*1000 -> -0.79126772 | CP15: =(BT15-BT$10)*1000 -> 0.10513708 | CQ15: =(BU15-BU$10)*1000 -> -0.29628279 | CR15: =(BV15-BV$10)*1000 -> -1.0208901 | ... DE15: =(CI15-CI$10)*1000 -> 0.19583447
A16: 44322 | B16: =A16-$A$10 -> 182 | C16: 222.9 | D16: =C16-PM -> 64.9 | H16: 823209.73 | I16: 1091504.3 | J16: -123.6356 | K16: 823210.19 | L16: 1091503.4 | M16: -121.1008 | N16: 823211.71 | O16: 1091500.2 | P16: -119.6104 | Q16: 823212.8 | R16: 1091497.7 | S16: -121.0733 | T16: 823213.21 | U16: 1091497 | V16: -123.6501 | W16: 823213.18 | X16: 1091497.2 | Y16: -125.0366 | AA16: =IF(Xhaut="","",SQRT(((Xintergauche-Xhaut)^2+(Yintergauche-Yhaut)^2)+(Zintergauche-Zhaut)^2)) -> 6.1114388 | AB16: =IF(Xhaut="","",SQRT(((Xhautgauche-Xhaut)^2+(Yhautgauche-Yhaut)^2)+(Zhautgauche-Zhaut)^2)) -> 3.8930254 | AC16: =IF(Xhaut="","",SQRT(((Xhautdroit-Xhaut)^2+(Yhautdroit-Yhaut)^2)+(Zhautdroit-Zhaut)^2)) -> 3.0341862 | AD16: =IF(Xhaut="","",SQRT(((Xinterdroit-Xhaut)^2+(Yinterdroit-Yhaut)^2)+(Zinterdroit-Zhaut)^2)) -> 5.353939 | AE16: =IF(Xhaut="","",SQRT(((Xbasdroit-Xhaut)^2+(Ybasdroit-Yhaut)^2)+(Zbasdroit-Zhaut)^2)) -> 6.3478782 | AF16: =IF(Xhautdroit="","",SQRT(((Xhautdroit-Xhautgauche)^2+(Yhautdroit-Yhautgauche)^2)+(Zhautdroit-Zhautgauche)^2)) -> 6.2546054 | AG16: =IF(Xinterdroit="","",SQRT(((Xinterdroit-Xintergauche)^2+(Yinterdroit-Yintergauche)^2)+(Zinterdroit-Zintergauche)^2)) -> 8.1122625 | AJ16: =(AA16-AA$10)*1000 -> -1.3640503 | AK16: =(AB16-AB$10)*1000 -> -0.55575293 | AL16: =(AC16-AC$10)*1000 -> -0.53795493 | AM16: =(AD16-AD$10)*1000 -> -2.0570619 | AN16: =(AE16-AE$10)*1000 -> -2.3447184 | AO16: =(AF16-AF$10)*1000 -> 0.21355273 | AP16: =(AG16-AG$10)*1000 -> -0.43106675 | AV16: =(H16-H$10)*1000 -> -0.89999998 | AW16: =(I16-I$10)*1000 -> -0.10000006 | AX16: =(J16-J$10)*1000 -> -0.1 | AY16: =(K16-K$10)*1000 -> -0.20000001 | AZ16: =(L16-L$10)*1000 -> 0.10000006 | BA16: =(M16-M$10)*1000 -> -0.7 | BB16: =(N16-N$10)*1000 -> 2.3000001 | BC16: =(O16-O$10)*1000 -> 1.1 | ... BM16: =(Y16-Y$10)*1000 -> 0 | BR16: 158.64037 | BS16: -4.0566917 | BT16: 0.32087627 | BU16: 158.67984 | BV16: -3.0546082 | BW16: 2.8552816 | BX16: 158.67373 | BY16: 0.54182291 | BZ16: 4.3457427 | CA16: 158.63512 | CB16: 3.1997768 | CC16: 2.8832288 | CD16: 158.69689 | CE16: 4.0553609 | CF16: 0.30581106 | CG16: 158.75852 | CH16: 3.8349553 | CI16: -1.0813052 | CN16: =(BR16-BR$10)*1000 -> -0.85792806 | CO16: =(BS16-BS$10)*1000 -> -0.28975754 | CP16: =(BT16-BT$10)*1000 -> -0.091420719 | CQ16: =(BU16-BU$10)*1000 -> -0.13899319 | CR16: =(BV16-BV$10)*1000 -> -0.17515967 | CS16: =(BW16-BW$10)*1000 -> -0.69861007 | CT16: =(BX16-BX$10)*1000 -> 2.549389 | CU16: =(BY16-BY$10)*1000 -> -0.024821604 | ... DE16: =(CI16-CI$10)*1000 -> -0.006161081
A17: 44337 | B17: =A17-$A$10 -> 197 | C17: 222.9 | D17: =C17-PM -> 64.9 | H17: 823209.74 | I17: 1091504.3 | J17: -123.6359 | K17: 823210.19 | L17: 1091503.4 | M17: -121.1008 | N17: 823211.71 | O17: 1091500.2 | P17: -119.6106 | Q17: 823212.8 | R17: 1091497.7 | S17: -121.073 | T17: 823213.21 | U17: 1091497 | V17: -123.65 | W17: 823213.18 | X17: 1091497.2 | Y17: -125.0366 | AA17: =IF(Xhaut="","",SQRT(((Xintergauche-Xhaut)^2+(Yintergauche-Yhaut)^2)+(Zintergauche-Zhaut)^2)) -> 6.110881 | AB17: =IF(Xhaut="","",SQRT(((Xhautgauche-Xhaut)^2+(Yhautgauche-Yhaut)^2)+(Zhautgauche-Zhaut)^2)) -> 3.8930326 | AC17: =IF(Xhaut="","",SQRT(((Xhautdroit-Xhaut)^2+(Yhautdroit-Yhaut)^2)+(Zhautdroit-Zhaut)^2)) -> 3.0339452 | AD17: =IF(Xhaut="","",SQRT(((Xinterdroit-Xhaut)^2+(Yinterdroit-Yhaut)^2)+(Zinterdroit-Zhaut)^2)) -> 5.3536814 | AE17: =IF(Xhaut="","",SQRT(((Xbasdroit-Xhaut)^2+(Ybasdroit-Yhaut)^2)+(Zbasdroit-Zhaut)^2)) -> 6.3476606 | AF17: =IF(Xhautdroit="","",SQRT(((Xhautdroit-Xhautgauche)^2+(Yhautdroit-Yhautgauche)^2)+(Zhautdroit-Zhautgauche)^2)) -> 6.2546976 | AG17: =IF(Xinterdroit="","",SQRT(((Xinterdroit-Xintergauche)^2+(Yinterdroit-Yintergauche)^2)+(Zinterdroit-Zintergauche)^2)) -> 8.1113857 | AJ17: =(AA17-AA$10)*1000 -> -1.9218127 | AK17: =(AB17-AB$10)*1000 -> -0.54852353 | AL17: =(AC17-AC$10)*1000 -> -0.77899284 | AM17: =(AD17-AD$10)*1000 -> -2.3145804 | AN17: =(AE17-AE$10)*1000 -> -2.5623034 | AO17: =(AF17-AF$10)*1000 -> 0.30580711 | AP17: =(AG17-AG$10)*1000 -> -1.3077968 | AV17: =(H17-H$10)*1000 -> 0.80000004 | AW17: =(I17-I$10)*1000 -> 0.10000006 | AX17: =(J17-J$10)*1000 -> -0.4 | AY17: =(K17-K$10)*1000 -> 0.20000001 | AZ17: =(L17-L$10)*1000 -> 0.69999998 | BA17: =(M17-M$10)*1000 -> -0.7 | BB17: =(N17-N$10)*1000 -> 2.7 | BC17: =(O17-O$10)*1000 -> 1.6000001 | ... BM17: =(Y17-Y$10)*1000 -> 0 | BR17: 158.642 | BS17: -4.0561544 | BT17: 0.32056002 | BU17: 158.68045 | BV17: -3.0549829 | BW17: 2.8552755 | BX17: 158.6743 | BY17: 0.54153882 | BZ17: 4.345537 | CA17: 158.63569 | CB17: 3.1994927 | CC17: 2.8835231 | CD17: 158.6976 | CE17: 4.0550285 | CF17: 0.30590399 | CG17: 158.75936 | CH17: 3.8345745 | CI17: -1.0813136 | CN17: =(BR17-BR$10)*1000 -> 0.7672989 | CO17: =(BS17-BS$10)*1000 -> 0.24749236 | CP17: =(BT17-BT$10)*1000 -> -0.40767299 | CQ17: =(BU17-BU$10)*1000 -> 0.47711481 | CR17: =(BV17-BV$10)*1000 -> -0.54987401 | CS17: =(BW17-BW$10)*1000 -> -0.70477115 | CT17: =(BX17-BX$10)*1000 -> 3.1232317 | CU17: =(BY17-BY$10)*1000 -> -0.30890694 | ... DE17: =(CI17-CI$10)*1000 -> -0.014557398
A18: 44351 | B18: =A18-$A$10 -> 211 | C18: 222.9 | D18: =C18-PM -> 64.9 | E18: 823209.97 | F18: 1091504.2 | G18: -125.0086 | H18: 823209.73 | I18: 1091504.3 | J18: -123.6367 | K18: 823210.19 | L18: 1091503.4 | M18: -121.1019 | N18: 823211.71 | O18: 1091500.2 | P18: -119.6112 | Q18: 823212.8 | R18: 1091497.8 | S18: -121.0743 | T18: 823213.21 | U18: 1091497 | V18: -123.6509 | W18: 823213.18 | X18: 1091497.2 | Y18: -125.0377 | Z18: =IF(Xhaut="","",SQRT(((Xbasgauche-Xhaut)^2+(Ybasgauche-Yhaut)^2)+(Zbasgauche-Zhaut)^2)) -> 6.933662 | AA18: =IF(Xhaut="","",SQRT(((Xintergauche-Xhaut)^2+(Yintergauche-Yhaut)^2)+(Zintergauche-Zhaut)^2)) -> 6.1115106 | AB18: =IF(Xhaut="","",SQRT(((Xhautgauche-Xhaut)^2+(Yhautgauche-Yhaut)^2)+(Zhautgauche-Zhaut)^2)) -> 3.8930295 | AC18: =IF(Xhaut="","",SQRT(((Xhautdroit-Xhaut)^2+(Yhautdroit-Yhaut)^2)+(Zhautdroit-Zhaut)^2)) -> 3.0342745 | AD18: =IF(Xhaut="","",SQRT(((Xinterdroit-Xhaut)^2+(Yinterdroit-Yhaut)^2)+(Zinterdroit-Zhaut)^2)) -> 5.3537862 | AE18: =IF(Xhaut="","",SQRT(((Xbasdroit-Xhaut)^2+(Ybasdroit-Yhaut)^2)+(Zbasdroit-Zhaut)^2)) -> 6.3481575 | AF18: =IF(Xhautdroit="","",SQRT(((Xhautdroit-Xhautgauche)^2+(Yhautdroit-Yhautgauche)^2)+(Zhautdroit-Zhautgauche)^2)) -> 6.254481 | AG18: =IF(Xinterdroit="","",SQRT(((Xinterdroit-Xintergauche)^2+(Yinterdroit-Yintergauche)^2)+(Zinterdroit-Zintergauche)^2)) -> 8.1118623 | AH18: =IF(Xbasdroit="","",SQRT(((Xbasdroit-Xbasgauche)^2+(Ybasdroit-Ybasgauche)^2)+(Zbasdroit-Zbasgauche)^2)) -> 7.6443802 | AI18: =(Z18-Z$10)*1000 -> -1.2857064 | AJ18: =(AA18-AA$10)*1000 -> -1.2922412 | AK18: =(AB18-AB$10)*1000 -> -0.55158026 | AL18: =(AC18-AC$10)*1000 -> -0.44970008 | AM18: =(AD18-AD$10)*1000 -> -2.2098253 | AN18: =(AE18-AE$10)*1000 -> -2.065472 | AO18: =(AF18-AF$10)*1000 -> 0.089151975 | AP18: =(AG18-AG$10)*1000 -> -0.83127996 | AQ18: =(AH18-AH$10)*1000 -> -0.18866621 | AS18: =(E18-E$10)*1000 -> -1.1 | AT18: =(F18-F$10)*1000 -> 1.3000001 | AU18: =(G18-G$10)*1000 -> -1.6 | AV18: =(H18-H$10)*1000 -> -0.80000004 | AW18: =(I18-I$10)*1000 -> 1.4 | AX18: =(J18-J$10)*1000 -> -1.2 | AY18: =(K18-K$10)*1000 -> -0.20000001 | AZ18: =(L18-L$10)*1000 -> 1.6000001 | ... BM18: =(Y18-Y$10)*1000 -> -1.1 | BO18: 158.78058 | BP18: -3.8107897 | BQ18: -1.0535258 | BR18: 158.6411 | BS18: -4.0580088 | BT18: 0.31976902 | BU18: 158.68047 | BV18: -3.0559677 | BW18: 2.8541753 | BX18: 158.67387 | BY18: 0.54034277 | BZ18: 4.3449413 | CA18: 158.63548 | CB18: 3.1982906 | CC18: 2.8822252 | CD18: 158.69747 | CE18: 4.0536451 | CF18: 0.30500526 | CG18: 158.7592 | CH18: 3.8335052 | CI18: -1.082412 | CK18: =(BO18-BO$10)*1000 -> -0.44747358 | CL18: =(BP18-BP$10)*1000 -> -1.643097 | CM18: =(BQ18-BQ$10)*1000 -> -1.5955253 | CN18: =(BR18-BR$10)*1000 -> -0.13332088 | CO18: =(BS18-BS$10)*1000 -> -1.6069304 | CP18: =(BT18-BT$10)*1000 -> -1.1986668 | CQ18: =(BU18-BU$10)*1000 -> 0.49498483 | CR18: =(BV18-BV$10)*1000 -> -1.5345978 | ... DE18: =(CI18-CI$10)*1000 -> -1.1129235
A19: 44357 | B19: =A19-$A$10 -> 217 | C19: 222.9 | D19: =C19-PM -> 64.9 | E19: 823209.97 | F19: 1091504.2 | G19: -125.0071 | H19: 823209.73 | I19: 1091504.3 | J19: -123.6353 | K19: 823210.19 | L19: 1091503.4 | M19: -121.1003 | N19: 823211.71 | O19: 1091500.2 | P19: -119.6096 | Q19: 823212.8 | R19: 1091497.7 | S19: -121.0729 | T19: 823213.21 | U19: 1091497 | V19: -123.6495 | W19: 823213.18 | X19: 1091497.2 | Y19: -125.0362 | Z19: =IF(Xhaut="","",SQRT(((Xbasgauche-Xhaut)^2+(Ybasgauche-Yhaut)^2)+(Zbasgauche-Zhaut)^2)) -> 6.9334991 | AA19: =IF(Xhaut="","",SQRT(((Xintergauche-Xhaut)^2+(Yintergauche-Yhaut)^2)+(Zintergauche-Zhaut)^2)) -> 6.1115166 | AB19: =IF(Xhaut="","",SQRT(((Xhautgauche-Xhaut)^2+(Yhautgauche-Yhaut)^2)+(Zhautgauche-Zhaut)^2)) -> 3.8931851 | AC19: =IF(Xhaut="","",SQRT(((Xhautdroit-Xhaut)^2+(Yhautdroit-Yhaut)^2)+(Zhautdroit-Zhaut)^2)) -> 3.034459 | AD19: =IF(Xhaut="","",SQRT(((Xinterdroit-Xhaut)^2+(Yinterdroit-Yhaut)^2)+(Zinterdroit-Zhaut)^2)) -> 5.354324 | AE19: =IF(Xhaut="","",SQRT(((Xbasdroit-Xhaut)^2+(Ybasdroit-Yhaut)^2)+(Zbasdroit-Zhaut)^2)) -> 6.3478944 | AF19: =IF(Xhautdroit="","",SQRT(((Xhautdroit-Xhautgauche)^2+(Yhautdroit-Yhautgauche)^2)+(Zhautdroit-Zhautgauche)^2)) -> 6.2547452 | AG19: =IF(Xinterdroit="","",SQRT(((Xinterdroit-Xintergauche)^2+(Yinterdroit-Yintergauche)^2)+(Zinterdroit-Zintergauche)^2)) -> 8.1122847 | AH19: =IF(Xbasdroit="","",SQRT(((Xbasdroit-Xbasgauche)^2+(Ybasdroit-Ybasgauche)^2)+(Zbasdroit-Zbasgauche)^2)) -> 7.6432979 | AI19: =(Z19-Z$10)*1000 -> -1.4485313 | AJ19: =(AA19-AA$10)*1000 -> -1.2862286 | AK19: =(AB19-AB$10)*1000 -> -0.39600253 | AL19: =(AC19-AC$10)*1000 -> -0.26515425 | AM19: =(AD19-AD$10)*1000 -> -1.6720181 | AN19: =(AE19-AE$10)*1000 -> -2.3285122 | AO19: =(AF19-AF$10)*1000 -> 0.35335709 | AP19: =(AG19-AG$10)*1000 -> -0.40881394 | AQ19: =(AH19-AH$10)*1000 -> -1.2708942 | AS19: =(E19-E$10)*1000 -> -0.80000004 | AT19: =(F19-F$10)*1000 -> -1.8 | AU19: =(G19-G$10)*1000 -> -0.1 | AV19: =(H19-H$10)*1000 -> -0.40000002 | AW19: =(I19-I$10)*1000 -> -1.4 | AX19: =(J19-J$10)*1000 -> 0.2 | AY19: =(K19-K$10)*1000 -> -0.80000004 | AZ19: =(L19-L$10)*1000 -> -1.2999999 | ... BM19: =(Y19-Y$10)*1000 -> 0.4 | BO19: 158.77954 | BP19: -3.8078534 | BQ19: -1.0520154 | BR19: 158.64028 | BS19: -4.0553022 | BT19: 0.32117723 | BU19: 158.6787 | BV19: -3.053593 | BW19: 2.855793 | BX19: 158.67246 | BY19: 0.54288649 | BZ19: 4.3465554 | CA19: 158.63381 | CB19: 3.200931 | CC19: 2.8836419 | CD19: 158.69568 | CE19: 4.0567809 | CF19: 0.3064232 | CG19: 158.75845 | CH19: 3.8353601 | CI19: -1.0809045 | CK19: =(BO19-BO$10)*1000 -> -1.4858073 | CL19: =(BP19-BP$10)*1000 -> 1.293204 | CM19: =(BQ19-BQ$10)*1000 -> -0.085141927 | CN19: =(BR19-BR$10)*1000 -> -0.95422963 | CO19: =(BS19-BS$10)*1000 -> 1.099748 | CP19: =(BT19-BT$10)*1000 -> 0.2095423 | CQ19: =(BU19-BU$10)*1000 -> -1.2744812 | CR19: =(BV19-BV$10)*1000 -> 0.84005794 | ... DE19: =(CI19-CI$10)*1000 -> 0.39462324
A20: 44364 | B20: =A20-$A$10 -> 224 | C20: 222.9 | D20: =C20-PM -> 64.9 | E20: 823209.97 | F20: 1091504.2 | G20: -125.0085 | H20: 823209.74 | I20: 1091504.3 | J20: -123.6367 | K20: 823210.19 | L20: 1091503.4 | M20: -121.1016 | N20: 823211.71 | O20: 1091500.2 | P20: -119.6107 | Q20: 823212.8 | R20: 1091497.7 | S20: -121.0739 | T20: 823213.21 | U20: 1091497 | V20: -123.6508 | Z20: =IF(Xhaut="","",SQRT(((Xbasgauche-Xhaut)^2+(Ybasgauche-Yhaut)^2)+(Zbasgauche-Zhaut)^2)) -> 6.9339628 | AA20: =IF(Xhaut="","",SQRT(((Xintergauche-Xhaut)^2+(Yintergauche-Yhaut)^2)+(Zintergauche-Zhaut)^2)) -> 6.1115494 | AB20: =IF(Xhaut="","",SQRT(((Xhautgauche-Xhaut)^2+(Yhautgauche-Yhaut)^2)+(Zhautgauche-Zhaut)^2)) -> 3.8929834 | AC20: =IF(Xhaut="","",SQRT(((Xhautdroit-Xhaut)^2+(Yhautdroit-Yhaut)^2)+(Zhautdroit-Zhaut)^2)) -> 3.0341987 | AD20: =IF(Xhaut="","",SQRT(((Xinterdroit-Xhaut)^2+(Yinterdroit-Yhaut)^2)+(Zinterdroit-Zhaut)^2)) -> 5.3540287 | AF20: =IF(Xhautdroit="","",SQRT(((Xhautdroit-Xhautgauche)^2+(Yhautdroit-Yhautgauche)^2)+(Zhautdroit-Zhautgauche)^2)) -> 6.2542086 | AG20: =IF(Xinterdroit="","",SQRT(((Xinterdroit-Xintergauche)^2+(Yinterdroit-Yintergauche)^2)+(Zinterdroit-Zintergauche)^2)) -> 8.1113857 | AH20: =IF(Xbasdroit="","",SQRT(((Xbasdroit-Xbasgauche)^2+(Ybasdroit-Ybasgauche)^2)+(Zbasdroit-Zbasgauche)^2)) | AI20: =(Z20-Z$10)*1000 -> -0.98490007 | AJ20: =(AA20-AA$10)*1000 -> -1.2533966 | AK20: =(AB20-AB$10)*1000 -> -0.5976732 | AL20: =(AC20-AC$10)*1000 -> -0.52544248 | AM20: =(AD20-AD$10)*1000 -> -1.9672819 | AO20: =(AF20-AF$10)*1000 -> -0.18319487 | AP20: =(AG20-AG$10)*1000 -> -1.3077968 | AS20: =(E20-E$10)*1000 -> -0.9000001 | AT20: =(F20-F$10)*1000 -> -1.9 | AU20: =(G20-G$10)*1000 -> -1.5 | AV20: =(H20-H$10)*1000 -> -0.20000001 | AW20: =(I20-I$10)*1000 -> -2.0000001 | AX20: =(J20-J$10)*1000 -> -1.2 | AY20: =(K20-K$10)*1000 -> -0.40000002 | AZ20: =(L20-L$10)*1000 -> -1.9 | ... BJ20: =(V20-V$10)*1000 -> -1.1 | BO20: 158.77941 | BP20: -3.807805 | BQ20: -1.0534141 | BR20: 158.6402 | BS20: -4.0546738 | BT20: 0.31977795 | BU20: 158.67881 | BV20: -3.0528802 | BW20: 2.8544919 | BX20: 158.67216 | BY20: 0.54329737 | BZ20: 4.3454584 | CA20: 158.63395 | CB20: 3.2011062 | CC20: 2.8826405 | CD20: 158.69581 | CE20: 4.0565091 | CF20: 0.30512193 | CK20: =(BO20-BO$10)*1000 -> -1.6187018 | CL20: =(BP20-BP$10)*1000 -> 1.3415681 | CM20: =(BQ20-BQ$10)*1000 -> -1.483813 | CN20: =(BR20-BR$10)*1000 -> -1.0265625 | CO20: =(BS20-BS$10)*1000 -> 1.7280538 | CP20: =(BT20-BT$10)*1000 -> -1.1897344 | CQ20: =(BU20-BU$10)*1000 -> -1.1655557 | CR20: =(BV20-BV$10)*1000 -> 1.5528941 | ... DB20: =(CF20-CF$10)*1000 -> -1.0947452
A21: 44378 | B21: =A21-$A$10 -> 238 | C21: 222.9 | D21: =C21-PM -> 64.9 | E21: 823209.97 | F21: 1091504.2 | G21: -125.0074 | H21: 823209.74 | I21: 1091504.3 | J21: -123.6357 | K21: 823210.19 | L21: 1091503.4 | M21: -121.1012 | N21: 823211.71 | O21: 1091500.2 | P21: -119.6101 | Q21: 823212.8 | R21: 1091497.7 | S21: -121.0732 | T21: 823213.21 | U21: 1091497 | V21: -123.65 | Z21: =IF(Xhaut="","",SQRT(((Xbasgauche-Xhaut)^2+(Ybasgauche-Yhaut)^2)+(Zbasgauche-Zhaut)^2)) -> 6.9331385 | AA21: =IF(Xhaut="","",SQRT(((Xintergauche-Xhaut)^2+(Yintergauche-Yhaut)^2)+(Zintergauche-Zhaut)^2)) -> 6.1112043 | AB21: =IF(Xhaut="","",SQRT(((Xhautgauche-Xhaut)^2+(Yhautgauche-Yhaut)^2)+(Zhautgauche-Zhaut)^2)) -> 3.8928925 | AC21: =IF(Xhaut="","",SQRT(((Xhautdroit-Xhaut)^2+(Yhautdroit-Yhaut)^2)+(Zhautdroit-Zhaut)^2)) -> 3.0339353 | AD21: =IF(Xhaut="","",SQRT(((Xinterdroit-Xhaut)^2+(Yinterdroit-Yhaut)^2)+(Zinterdroit-Zhaut)^2)) -> 5.3541803 | AF21: =IF(Xhautdroit="","",SQRT(((Xhautdroit-Xhautgauche)^2+(Yhautdroit-Yhautgauche)^2)+(Zhautdroit-Zhautgauche)^2)) -> 6.2537784 | AG21: =IF(Xinterdroit="","",SQRT(((Xinterdroit-Xintergauche)^2+(Yinterdroit-Yintergauche)^2)+(Zinterdroit-Zintergauche)^2)) -> 8.1117383 | AH21: =IF(Xbasdroit="","",SQRT(((Xbasdroit-Xbasgauche)^2+(Ybasdroit-Ybasgauche)^2)+(Zbasdroit-Zbasgauche)^2)) | AI21: =(Z21-Z$10)*1000 -> -1.8091862 | AJ21: =(AA21-AA$10)*1000 -> -1.5984636 | AK21: =(AB21-AB$10)*1000 -> -0.68865324 | AL21: =(AC21-AC$10)*1000 -> -0.78890239 | AM21: =(AD21-AD$10)*1000 -> -1.8156964 | AO21: =(AF21-AF$10)*1000 -> -0.61338151 | AP21: =(AG21-AG$10)*1000 -> -0.95522586 | AS21: =(E21-E$10)*1000 -> -0.20000001 | AT21: =(F21-F$10)*1000 -> -2.0999999 | AU21: =(G21-G$10)*1000 -> -0.4 | AV21: =(H21-H$10)*1000 -> -0.20000001 | AW21: =(I21-I$10)*1000 -> -1.9 | AX21: =(J21-J$10)*1000 -> -0.2 | AY21: =(K21-K$10)*1000 -> 0.40000002 | AZ21: =(L21-L$10)*1000 -> -1.5 | ... BJ21: =(V21-V$10)*1000 -> -0.3 | BO21: 158.77996 | BP21: -3.8073279 | BQ21: -1.0523196 | BR21: 158.64025 | BS21: -4.0547645 | BT21: 0.32077753 | BU21: 158.67971 | BV21: -3.0529046 | BW21: 2.8548829 | BX21: 158.67314 | BY21: 0.54309171 | BZ21: 4.3460486 | CA21: 158.63438 | CB21: 3.200647 | CC21: 2.8833362 | CD21: 158.69613 | CE21: 4.0567687 | CF21: 0.30591873 | CK21: =(BO21-BO$10)*1000 -> -1.0688276 | CL21: =(BP21-BP$10)*1000 -> 1.8186828 | CM21: =(BQ21-BQ$10)*1000 -> -0.38931172 | CN21: =(BR21-BR$10)*1000 -> -0.98429725 | CO21: =(BS21-BS$10)*1000 -> 1.6374245 | CP21: =(BT21-BT$10)*1000 -> -0.19015703 | CQ21: =(BU21-BU$10)*1000 -> -0.27146118 | CR21: =(BV21-BV$10)*1000 -> 1.5284989 | ... DB21: =(CF21-CF$10)*1000 -> -0.29794773
A22: 44392 | B22: =A22-$A$10 -> 252 | C22: 222.9 | D22: =C22-PM -> 64.9 | E22: 823209.97 | F22: 1091504.2 | G22: -125.0076 | H22: 823209.74 | I22: 1091504.3 | J22: -123.6358 | K22: 823210.19 | L22: 1091503.4 | M22: -121.1008 | N22: 823211.71 | O22: 1091500.2 | P22: -119.6105 | Q22: 823212.8 | R22: 1091497.7 | S22: -121.0735 | T22: 823213.21 | U22: 1091497 | V22: -123.6501 | Z22: =IF(Xhaut="","",SQRT(((Xbasgauche-Xhaut)^2+(Ybasgauche-Yhaut)^2)+(Zbasgauche-Zhaut)^2)) -> 6.933166 | AA22: =IF(Xhaut="","",SQRT(((Xintergauche-Xhaut)^2+(Yintergauche-Yhaut)^2)+(Zintergauche-Zhaut)^2)) -> 6.1110713 | AB22: =IF(Xhaut="","",SQRT(((Xhautgauche-Xhaut)^2+(Yhautgauche-Yhaut)^2)+(Zhautgauche-Zhaut)^2)) -> 3.892607 | AC22: =IF(Xhaut="","",SQRT(((Xhautdroit-Xhaut)^2+(Yhautdroit-Yhaut)^2)+(Zhautdroit-Zhaut)^2)) -> 3.0338789 | AD22: =IF(Xhaut="","",SQRT(((Xinterdroit-Xhaut)^2+(Yinterdroit-Yhaut)^2)+(Zinterdroit-Zhaut)^2)) -> 5.3536575 | AF22: =IF(Xhautdroit="","",SQRT(((Xhautdroit-Xhautgauche)^2+(Yhautdroit-Yhautgauche)^2)+(Zhautdroit-Zhautgauche)^2)) -> 6.2537862 | AG22: =IF(Xinterdroit="","",SQRT(((Xinterdroit-Xintergauche)^2+(Yinterdroit-Yintergauche)^2)+(Zinterdroit-Zintergauche)^2)) -> 8.1113724 | AH22: =IF(Xbasdroit="","",SQRT(((Xbasdroit-Xbasgauche)^2+(Ybasdroit-Ybasgauche)^2)+(Zbasdroit-Zbasgauche)^2)) | AI22: =(Z22-Z$10)*1000 -> -1.7817197 | AJ22: =(AA22-AA$10)*1000 -> -1.7314986 | AK22: =(AB22-AB$10)*1000 -> -0.97407633 | AL22: =(AC22-AC$10)*1000 -> -0.84531466 | AM22: =(AD22-AD$10)*1000 -> -2.3385191 | AO22: =(AF22-AF$10)*1000 -> -0.6056662 | AP22: =(AG22-AG$10)*1000 -> -1.3211182 | AS22: =(E22-E$10)*1000 -> -0.60000003 | AT22: =(F22-F$10)*1000 -> -1.8 | AU22: =(G22-G$10)*1000 -> -0.6 | AV22: =(H22-H$10)*1000 -> -0.29999996 | AW22: =(I22-I$10)*1000 -> -1.6999999 | AX22: =(J22-J$10)*1000 -> -0.3 | AY22: =(K22-K$10)*1000 -> -0.20000001 | AZ22: =(L22-L$10)*1000 -> -1.6000001 | ... BJ22: =(V22-V$10)*1000 -> -0.4 | BO22: 158.77972 | BP22: -3.8077688 | BQ22: -1.0525172 | BR22: 158.64024 | BS22: -4.054988 | BT22: 0.32067759 | BU22: 158.67912 | BV22: -3.0530675 | BW22: 2.8552888 | BX22: 158.67331 | BY22: 0.54295272 | BZ22: 4.3456469 | CA22: 158.63478 | CB22: 3.2005019 | CC22: 2.8830322 | CD22: 158.69651 | CE22: 4.0561766 | CF22: 0.30581486 | CK22: =(BO22-BO$10)*1000 -> -1.3045489 | CL22: =(BP22-BP$10)*1000 -> 1.3777344 | CM22: =(BQ22-BQ$10)*1000 -> -0.58695451 | CN22: =(BR22-BR$10)*1000 -> -0.99039595 | CO22: =(BS22-BS$10)*1000 -> 1.4139008 | CP22: =(BT22-BT$10)*1000 -> -0.29009604 | CQ22: =(BU22-BU$10)*1000 -> -0.85750167 | CR22: =(BV22-BV$10)*1000 -> 1.3655369 | ... DB22: =(CF22-CF$10)*1000 -> -0.40181258
A23: 44410 | B23: =A23-$A$10 -> 270 | C23: 222.9 | D23: =C23-PM -> 64.9 | E23: 823209.97 | F23: 1091504.2 | G23: -125.0077 | H23: 823209.74 | I23: 1091504.3 | J23: -123.6359 | K23: 823210.19 | L23: 1091503.4 | M23: -121.1011 | N23: 823211.71 | O23: 1091500.2 | P23: -119.6106 | Q23: 823212.8 | R23: 1091497.7 | S23: -121.0736 | T23: 823213.21 | U23: 1091497 | V23: -123.6502 | Z23: =IF(Xhaut="","",SQRT(((Xbasgauche-Xhaut)^2+(Ybasgauche-Yhaut)^2)+(Zbasgauche-Zhaut)^2)) -> 6.9331554 | AA23: =IF(Xhaut="","",SQRT(((Xintergauche-Xhaut)^2+(Yintergauche-Yhaut)^2)+(Zintergauche-Zhaut)^2)) -> 6.1109524 | AB23: =IF(Xhaut="","",SQRT(((Xhautgauche-Xhaut)^2+(Yhautgauche-Yhaut)^2)+(Zhautgauche-Zhaut)^2)) -> 3.8926687 | AC23: =IF(Xhaut="","",SQRT(((Xhautdroit-Xhaut)^2+(Yhautdroit-Yhaut)^2)+(Zhautdroit-Zhaut)^2)) -> 3.0339147 | AD23: =IF(Xhaut="","",SQRT(((Xinterdroit-Xhaut)^2+(Yinterdroit-Yhaut)^2)+(Zinterdroit-Zhaut)^2)) -> 5.3535389 | AE23: =IF(Xbasdroit="","",SQRT(((Xbasdroit-Xbasgauche)^2+(Ybasdroit-Ybasgauche)^2)+(Zbasdroit-Zbasgauche)^2)) | AF23: =IF(Xhautdroit="","",SQRT(((Xhautdroit-Xhautgauche)^2+(Yhautdroit-Yhautgauche)^2)+(Zhautdroit-Zhautgauche)^2)) -> 6.2538178 | AG23: =IF(Xinterdroit="","",SQRT(((Xinterdroit-Xintergauche)^2+(Yinterdroit-Yintergauche)^2)+(Zinterdroit-Zintergauche)^2)) -> 8.1110339 | AH23: =IF(Xbasdroit="","",SQRT(((Xbasdroit-Xbasgauche)^2+(Ybasdroit-Ybasgauche)^2)+(Zbasdroit-Zbasgauche)^2)) | AI23: =(Z23-Z$10)*1000 -> -1.7923143 | AJ23: =(AA23-AA$10)*1000 -> -1.8504354 | AK23: =(AB23-AB$10)*1000 -> -0.91241484 | AL23: =(AC23-AC$10)*1000 -> -0.80944182 | AM23: =(AD23-AD$10)*1000 -> -2.4570973 | AO23: =(AF23-AF$10)*1000 -> -0.57399262 | AP23: =(AG23-AG$10)*1000 -> -1.6596579 | AS23: =(E23-E$10)*1000 -> -0.50000008 | AT23: =(F23-F$10)*1000 -> -1.9 | AU23: =(G23-G$10)*1000 -> -0.7 | AV23: =(H23-H$10)*1000 -> 0.29999996 | AW23: =(I23-I$10)*1000 -> -1.6999999 | AX23: =(J23-J$10)*1000 -> -0.4 | AY23: =(K23-K$10)*1000 -> 0.29999996 | AZ23: =(L23-L$10)*1000 -> -1.5 | ... BJ23: =(V23-V$10)*1000 -> -0.5 | BO23: 158.77977 | BP23: -3.8076359 | BQ23: -1.0526177 | BR23: 158.64078 | BS23: -4.0547344 | BT23: 0.32057216 | BU23: 158.67962 | BV23: -3.0529468 | BW23: 2.8549838 | BX23: 158.67282 | BY23: 0.54305555 | BZ23: 4.3455518 | CA23: 158.63438 | CB23: 3.200647 | CC23: 2.8829362 | CD23: 158.69611 | CE23: 4.0560982 | CF23: 0.30571891 | CK23: =(BO23-BO$10)*1000 -> -1.2561849 | CL23: =(BP23-BP$10)*1000 -> 1.5106289 | CM23: =(BQ23-BQ$10)*1000 -> -0.68743815 | CN23: =(BR23-BR$10)*1000 -> -0.4466208 | CO23: =(BS23-BS$10)*1000 -> 1.667492 | CP23: =(BT23-BT$10)*1000 -> -0.39553379 | CQ23: =(BU23-BU$10)*1000 -> -0.36209045 | CR23: =(BV23-BV$10)*1000 -> 1.4862337 | ... DB23: =(CF23-CF$10)*1000 -> -0.49776476
A24: 44453 | B24: =A24-$A$10 -> 313 | C24: 222.9 | D24: =C24-PM -> 64.9 | E24: 823209.97 | F24: 1091504.2 | G24: -125.0074 | H24: 823209.73 | I24: 1091504.3 | J24: -123.6358 | K24: 823210.19 | L24: 1091503.4 | M24: -121.1012 | N24: 823211.71 | O24: 1091500.2 | P24: -119.6121 | Q24: 823212.8 | R24: 1091497.7 | S24: -121.0738 | T24: 823213.21 | U24: 1091497 | V24: -123.6499 | W24: 823213.18 | X24: 1091497.2 | Y24: -125.0366 | Z24: =IF(Xhaut="","",SQRT(((Xbasgauche-Xhaut)^2+(Ybasgauche-Yhaut)^2)+(Zbasgauche-Zhaut)^2)) -> 6.9310136 | AA24: =IF(Xhaut="","",SQRT(((Xintergauche-Xhaut)^2+(Yintergauche-Yhaut)^2)+(Zintergauche-Zhaut)^2)) -> 6.1095485 | AB24: =IF(Xhaut="","",SQRT(((Xhautgauche-Xhaut)^2+(Yhautgauche-Yhaut)^2)+(Zhautgauche-Zhaut)^2)) -> 3.8915731 | AC24: =IF(Xhaut="","",SQRT(((Xhautdroit-Xhaut)^2+(Yhautdroit-Yhaut)^2)+(Zhautdroit-Zhaut)^2)) -> 3.0333485 | AD24: =IF(Xhaut="","",SQRT(((Xinterdroit-Xhaut)^2+(Yinterdroit-Yhaut)^2)+(Zinterdroit-Zhaut)^2)) -> 5.3521557 | AE24: =IF(Xhaut="","",SQRT(((Xbasdroit-Xhaut)^2+(Ybasdroit-Yhaut)^2)+(Zbasdroit-Zhaut)^2)) -> 6.3463559 | AF24: =IF(Xhautdroit="","",SQRT(((Xhautdroit-Xhautgauche)^2+(Yhautdroit-Yhautgauche)^2)+(Zhautdroit-Zhautgauche)^2)) -> 6.2532718 | AG24: =IF(Xinterdroit="","",SQRT(((Xinterdroit-Xintergauche)^2+(Yinterdroit-Yintergauche)^2)+(Zinterdroit-Zintergauche)^2)) -> 8.1105298 | AH24: =IF(Xbasdroit="","",SQRT(((Xbasdroit-Xbasgauche)^2+(Ybasdroit-Ybasgauche)^2)+(Zbasdroit-Zbasgauche)^2)) -> 7.6426195 | AI24: =(Z24-Z$10)*1000 -> -3.9340424 | AJ24: =(AA24-AA$10)*1000 -> -3.2543125 | AK24: =(AB24-AB$10)*1000 -> -2.0079744 | AL24: =(AC24-AC$10)*1000 -> -1.3756426 | AM24: =(AD24-AD$10)*1000 -> -3.8402827 | AN24: =(AE24-AE$10)*1000 -> -3.8670543 | AO24: =(AF24-AF$10)*1000 -> -1.1200165 | AP24: =(AG24-AG$10)*1000 -> -2.1637119 | AQ24: =(AH24-AH$10)*1000 -> -1.949363 | AS24: =(E24-E$10)*1000 -> -0.60000003 | AT24: =(F24-F$10)*1000 -> -2.9 | AU24: =(G24-G$10)*1000 -> -0.4 | AV24: =(H24-H$10)*1000 -> -0.60000003 | AW24: =(I24-I$10)*1000 -> -2.3000001 | AX24: =(J24-J$10)*1000 -> -0.3 | AY24: =(K24-K$10)*1000 -> -0.49999997 | AZ24: =(L24-L$10)*1000 -> -2.2 | ... BM24: =(Y24-Y$10)*1000 -> 0 | BO24: 158.77926 | BP24: -3.8067719 | BQ24: -1.0523126 | BR24: 158.63972 | BS24: -4.054571 | BT24: 0.32068285 | BU24: 158.67859 | BV24: -3.0526506 | BW24: 2.8548941 | BX24: 158.67263 | BY24: 0.54274749 | BZ24: 4.3440537 | CA24: 158.63362 | CB24: 3.2003995 | CC24: 2.8827438 | CD24: 158.69561 | CE24: 4.055754 | CF24: 0.30602392 | CG24: 158.75694 | CH24: 3.8357592 | CI24: -1.0812894 | CK24: =(BO24-BO$10)*1000 -> -1.7694661 | CL24: =(BP24-BP$10)*1000 -> 2.3746557 | CM24: =(BQ24-BQ$10)*1000 -> -0.38230534 | CN24: =(BR24-BR$10)*1000 -> -1.5158749 | CO24: =(BS24-BS$10)*1000 -> 1.8308805 | CP24: =(BT24-BT$10)*1000 -> -0.28484125 | CQ24: =(BU24-BU$10)*1000 -> -1.3829804 | CR24: =(BV24-BV$10)*1000 -> 1.7825165 | ... DE24: =(CI24-CI$10)*1000 -> 0.0097252604
A25: 44470 | B25: =A25-$A$10 -> 330 | C25: 222.9 | D25: =C25-PM -> 64.9 | E25: 823209.97 | F25: 1091504.2 | G25: -125.0077 | H25: 823209.74 | I25: 1091504.3 | J25: -123.636 | K25: 823210.19 | L25: 1091503.4 | M25: -121.1017 | N25: 823211.71 | O25: 1091500.2 | P25: -119.6112 | Q25: 823212.8 | R25: 1091497.7 | S25: -121.074 | T25: 823213.21 | U25: 1091497 | V25: -123.65 | W25: 823213.18 | X25: 1091497.2 | Y25: -125.0367 | Z25: =IF(Xhaut="","",SQRT(((Xbasgauche-Xhaut)^2+(Ybasgauche-Yhaut)^2)+(Zbasgauche-Zhaut)^2)) -> 6.9323504 | AA25: =IF(Xhaut="","",SQRT(((Xintergauche-Xhaut)^2+(Yintergauche-Yhaut)^2)+(Zintergauche-Zhaut)^2)) -> 6.1100861 | AB25: =IF(Xhaut="","",SQRT(((Xhautgauche-Xhaut)^2+(Yhautgauche-Yhaut)^2)+(Zhautgauche-Zhaut)^2)) -> 3.8922618 | AC25: =IF(Xhaut="","",SQRT(((Xhautdroit-Xhaut)^2+(Yhautdroit-Yhaut)^2)+(Zhautdroit-Zhaut)^2)) -> 3.0336666 | AD25: =IF(Xhaut="","",SQRT(((Xinterdroit-Xhaut)^2+(Yinterdroit-Yhaut)^2)+(Zinterdroit-Zhaut)^2)) -> 5.352664 | AE25: =IF(Xhaut="","",SQRT(((Xbasdroit-Xhaut)^2+(Ybasdroit-Yhaut)^2)+(Zbasdroit-Zhaut)^2)) -> 6.3467453 | AF25: =IF(Xhautdroit="","",SQRT(((Xhautdroit-Xhautgauche)^2+(Yhautdroit-Yhautgauche)^2)+(Zhautdroit-Zhautgauche)^2)) -> 6.2532054 | AG25: =IF(Xinterdroit="","",SQRT(((Xinterdroit-Xintergauche)^2+(Yinterdroit-Yintergauche)^2)+(Zinterdroit-Zintergauche)^2)) -> 8.1099064 | AH25: =IF(Xbasdroit="","",SQRT(((Xbasdroit-Xbasgauche)^2+(Ybasdroit-Ybasgauche)^2)+(Zbasdroit-Zbasgauche)^2)) -> 7.6423128 | AI25: =(Z25-Z$10)*1000 -> -2.5972493 | AJ25: =(AA25-AA$10)*1000 -> -2.7166835 | AK25: =(AB25-AB$10)*1000 -> -1.3193356 | AL25: =(AC25-AC$10)*1000 -> -1.0575521 | AM25: =(AD25-AD$10)*1000 -> -3.3320602 | AN25: =(AE25-AE$10)*1000 -> -3.4776104 | AO25: =(AF25-AF$10)*1000 -> -1.1864739 | AP25: =(AG25-AG$10)*1000 -> -2.7871167 | AQ25: =(AH25-AH$10)*1000 -> -2.2560363 | AS25: =(E25-E$10)*1000 -> -1 | AT25: =(F25-F$10)*1000 -> -3 | AU25: =(G25-G$10)*1000 -> -0.7 | AV25: =(H25-H$10)*1000 -> 0 | AW25: =(I25-I$10)*1000 -> -2.9 | AX25: =(J25-J$10)*1000 -> -0.5 | AY25: =(K25-K$10)*1000 -> 0 | AZ25: =(L25-L$10)*1000 -> -2.3999999 | ... BM25: =(Y25-Y$10)*1000 -> -0.1 | BO25: 158.77885 | BP25: -3.8068503 | BQ25: -1.0526085 | BR25: 158.64001 | BS25: -4.0537737 | BT25: 0.32047995 | BU25: 158.67896 | BV25: -3.052258 | BW25: 2.8543904 | BX25: 158.67193 | BY25: 0.54330347 | BZ25: 4.3449607 | CA25: 158.63336 | CB25: 3.2007197 | CC25: 2.8825464 | CD25: 158.69575 | CE25: 4.0559291 | CF25: 0.30592253 | CG25: 158.75778 | CH25: 3.8353784 | CI25: -1.0813978 | CK25: =(BO25-BO$10)*1000 -> -2.1742481 | CL25: =(BP25-BP$10)*1000 -> 2.2962241 | CM25: =(BQ25-BQ$10)*1000 -> -0.67825752 | CN25: =(BR25-BR$10)*1000 -> -1.2256908 | CO25: =(BS25-BS$10)*1000 -> 2.6282469 | CP25: =(BT25-BT$10)*1000 -> -0.48774309 | CQ25: =(BU25-BU$10)*1000 -> -1.0143648 | CR25: =(BV25-BV$10)*1000 -> 2.1751008 | ... DE25: =(CI25-CI$10)*1000 -> -0.098671055
A26: 44489 | B26: =A26-$A$10 -> 349 | C26: 222.9 | D26: =C26-PM -> 64.9 | E26: 823209.97 | F26: 1091504.2 | G26: -125.0079 | H26: 823209.73 | I26: 1091504.3 | J26: -123.6364 | K26: 823210.19 | L26: 1091503.4 | M26: -121.1017 | N26: 823211.71 | O26: 1091500.2 | P26: -119.6124 | Q26: 823212.8 | R26: 1091497.7 | S26: -121.0744 | T26: 823213.21 | U26: 1091497 | V26: -123.6503 | W26: 823213.18 | X26: 1091497.2 | Y26: -125.0372 | Z26: =IF(Xhaut="","",SQRT(((Xbasgauche-Xhaut)^2+(Ybasgauche-Yhaut)^2)+(Zbasgauche-Zhaut)^2)) -> 6.9314352 | AA26: =IF(Xhaut="","",SQRT(((Xintergauche-Xhaut)^2+(Yintergauche-Yhaut)^2)+(Zintergauche-Zhaut)^2)) -> 6.1096747 | AB26: =IF(Xhaut="","",SQRT(((Xhautgauche-Xhaut)^2+(Yhautgauche-Yhaut)^2)+(Zhautgauche-Zhaut)^2)) -> 3.8916886 | AC26: =IF(Xhaut="","",SQRT(((Xhautdroit-Xhaut)^2+(Yhautdroit-Yhaut)^2)+(Zhautdroit-Zhaut)^2)) -> 3.0333938 | AD26: =IF(Xhaut="","",SQRT(((Xinterdroit-Xhaut)^2+(Yinterdroit-Yhaut)^2)+(Zinterdroit-Zhaut)^2)) -> 5.3525057 | AE26: =IF(Xhaut="","",SQRT(((Xbasdroit-Xhaut)^2+(Ybasdroit-Yhaut)^2)+(Zbasdroit-Zhaut)^2)) -> 6.3465892 | AF26: =IF(Xhautdroit="","",SQRT(((Xhautdroit-Xhautgauche)^2+(Yhautdroit-Yhautgauche)^2)+(Zhautdroit-Zhautgauche)^2)) -> 6.2531959 | AG26: =IF(Xinterdroit="","",SQRT(((Xinterdroit-Xintergauche)^2+(Yinterdroit-Yintergauche)^2)+(Zinterdroit-Zintergauche)^2)) -> 8.1108525 | AH26: =IF(Xbasdroit="","",SQRT(((Xbasdroit-Xbasgauche)^2+(Ybasdroit-Ybasgauche)^2)+(Zbasdroit-Zbasgauche)^2)) -> 7.6430114 | AI26: =(Z26-Z$10)*1000 -> -3.5125152 | AJ26: =(AA26-AA$10)*1000 -> -3.1280761 | AK26: =(AB26-AB$10)*1000 -> -1.8925305 | AL26: =(AC26-AC$10)*1000 -> -1.3303977 | AM26: =(AD26-AD$10)*1000 -> -3.4902995 | AN26: =(AE26-AE$10)*1000 -> -3.6337625 | AO26: =(AF26-AF$10)*1000 -> -1.1959581 | AP26: =(AG26-AG$10)*1000 -> -1.8410301 | AQ26: =(AH26-AH$10)*1000 -> -1.5574682 | AS26: =(E26-E$10)*1000 -> -1 | AT26: =(F26-F$10)*1000 -> -2.7000001 | AU26: =(G26-G$10)*1000 -> -0.9 | AV26: =(H26-H$10)*1000 -> -0.60000003 | AW26: =(I26-I$10)*1000 -> -2.4999999 | AX26: =(J26-J$10)*1000 -> -0.9 | AY26: =(K26-K$10)*1000 -> -0.40000002 | AZ26: =(L26-L$10)*1000 -> -2.2 | ... BM26: =(Y26-Y$10)*1000 -> -0.6 | BO26: 158.77898 | BP26: -3.8071222 | BQ26: -1.0528098 | BR26: 158.63963 | BS26: -4.0543898 | BT26: 0.32008369 | BU26: 158.67869 | BV26: -3.0526083 | BW26: 2.8543931 | BX26: 158.67282 | BY26: 0.54283202 | BZ26: 4.3437518 | CA26: 158.6333 | CB26: 3.2003633 | CC26: 2.882147 | CD26: 158.69504 | CE26: 4.0562616 | CF26: 0.3056296 | CG26: 158.75703 | CH26: 3.8358014 | CI26: -1.0818903 | CK26: =(BO26-BO$10)*1000 -> -2.0474525 | CL26: =(BP26-BP$10)*1000 -> 2.0243366 | CM26: =(BQ26-BQ$10)*1000 -> -0.87952547 | CN26: =(BR26-BR$10)*1000 -> -1.6004053 | CO26: =(BS26-BS$10)*1000 -> 2.0121389 | CP26: =(BT26-BT$10)*1000 -> -0.88399595 | CQ26: =(BU26-BU$10)*1000 -> -1.2923513 | CR26: =(BV26-BV$10)*1000 -> 1.8247817 | ... DE26: =(CI26-CI$10)*1000 -> -0.59118103
A27: 44502 | B27: =A27-$A$10 -> 362 | C27: 222.9 | D27: =C27-PM -> 64.9 | E27: 823209.97 | F27: 1091504.2 | G27: -125.0068 | H27: 823209.74 | I27: 1091504.3 | J27: -123.6354 | K27: 823210.19 | L27: 1091503.4 | M27: -121.101 | N27: 823211.71 | O27: 1091500.2 | P27: -119.612 | Q27: 823212.8 | R27: 1091497.7 | S27: -121.0736 | T27: 823213.21 | U27: 1091497 | V27: -123.6494 | W27: 823213.18 | X27: 1091497.2 | Y27: -125.036 | Z27: =IF(Xhaut="","",SQRT(((Xbasgauche-Xhaut)^2+(Ybasgauche-Yhaut)^2)+(Zbasgauche-Zhaut)^2)) -> 6.930797 | AA27: =IF(Xhaut="","",SQRT(((Xintergauche-Xhaut)^2+(Yintergauche-Yhaut)^2)+(Zintergauche-Zhaut)^2)) -> 6.1091895 | AB27: =IF(Xhaut="","",SQRT(((Xhautgauche-Xhaut)^2+(Yhautgauche-Yhaut)^2)+(Zhautgauche-Zhaut)^2)) -> 3.8916247 | AC27: =IF(Xhaut="","",SQRT(((Xhautdroit-Xhaut)^2+(Yhautdroit-Yhaut)^2)+(Zhautdroit-Zhaut)^2)) -> 3.0332645 | AD27: =IF(Xhaut="","",SQRT(((Xinterdroit-Xhaut)^2+(Yinterdroit-Yhaut)^2)+(Zinterdroit-Zhaut)^2)) -> 5.3519695 | AE27: =IF(Xhaut="","",SQRT(((Xbasdroit-Xhaut)^2+(Ybasdroit-Yhaut)^2)+(Zbasdroit-Zhaut)^2)) -> 6.3458817 | AF27: =IF(Xhautdroit="","",SQRT(((Xhautdroit-Xhautgauche)^2+(Yhautdroit-Yhautgauche)^2)+(Zhautdroit-Zhautgauche)^2)) -> 6.2533288 | AG27: =IF(Xinterdroit="","",SQRT(((Xinterdroit-Xintergauche)^2+(Yinterdroit-Yintergauche)^2)+(Zinterdroit-Zintergauche)^2)) -> 8.1104913 | AH27: =IF(Xbasdroit="","",SQRT(((Xbasdroit-Xbasgauche)^2+(Ybasdroit-Ybasgauche)^2)+(Zbasdroit-Zbasgauche)^2)) -> 7.6427875 | AI27: =(Z27-Z$10)*1000 -> -4.1506635 | AJ27: =(AA27-AA$10)*1000 -> -3.6133332 | AK27: =(AB27-AB$10)*1000 -> -1.9564543 | AL27: =(AC27-AC$10)*1000 -> -1.4596928 | AM27: =(AD27-AD$10)*1000 -> -4.0264697 | AN27: =(AE27-AE$10)*1000 -> -4.3412591 | AO27: =(AF27-AF$10)*1000 -> -1.0629816 | AP27: =(AG27-AG$10)*1000 -> -2.2022094 | AQ27: =(AH27-AH$10)*1000 -> -1.7813546 | AS27: =(E27-E$10)*1000 -> -0.60000003 | AT27: =(F27-F$10)*1000 -> -3 | AU27: =(G27-G$10)*1000 -> 0.2 | AV27: =(H27-H$10)*1000 -> -0.10000006 | AW27: =(I27-I$10)*1000 -> -2.7000001 | AX27: =(J27-J$10)*1000 -> 0.1 | AY27: =(K27-K$10)*1000 -> -0.30000007 | AZ27: =(L27-L$10)*1000 -> -2.3999999 | ... BM27: =(Y27-Y$10)*1000 -> 0.6 | BO27: 158.77922 | BP27: -3.8066813 | BQ27: -1.0517122 | BR27: 158.64 | BS27: -4.0539972 | BT27: 0.32108001 | BU27: 158.67869 | BV27: -3.0523848 | BW27: 2.8550931 | BX27: 158.67247 | BY27: 0.54311001 | BZ27: 4.3441553 | CA27: 158.63336 | CB27: 3.2007197 | CC27: 2.8829464 | CD27: 158.69558 | CE27: 4.0562916 | CF27: 0.30652422 | CG27: 158.75726 | CH27: 3.8360189 | CI27: -1.0806926 | CK27: =(BO27-BO$10)*1000 -> -1.8117313 | CL27: =(BP27-BP$10)*1000 -> 2.465285 | CM27: =(BQ27-BQ$10)*1000 -> 0.21811731 | CN27: =(BR27-BR$10)*1000 -> -1.2317897 | CO27: =(BS27-BS$10)*1000 -> 2.4047234 | CP27: =(BT27-BT$10)*1000 -> 0.1123179 | CQ27: =(BU27-BU$10)*1000 -> -1.2862525 | CR27: =(BV27-BV$10)*1000 -> 2.0483052 | ... DE27: =(CI27-CI$10)*1000 -> 0.60652274
A28: 44915 | B28: =A28-$A$10 -> 775 | C28: 222.9 | D28: =C28-PM -> 64.9 | E28: 823209.97 | F28: 1091504.2 | G28: -125.0066 | H28: 823209.73 | I28: 1091504.3 | J28: -123.6361 | K28: 823210.19 | L28: 1091503.4 | M28: -121.1034 | N28: 823211.71 | O28: 1091500.2 | P28: -119.6173 | Q28: 823212.79 | R28: 1091497.8 | S28: -121.0772 | T28: 823213.21 | U28: 1091497 | V28: -123.6501 | W28: 823213.18 | X28: 1091497.2 | Y28: -125.0359 | Z28: =IF(Xhaut="","",SQRT(((Xbasgauche-Xhaut)^2+(Ybasgauche-Yhaut)^2)+(Zbasgauche-Zhaut)^2)) -> 6.9248695 | AA28: =IF(Xhaut="","",SQRT(((Xintergauche-Xhaut)^2+(Yintergauche-Yhaut)^2)+(Zintergauche-Zhaut)^2)) -> 6.1051666 | AB28: =IF(Xhaut="","",SQRT(((Xhautgauche-Xhaut)^2+(Yhautgauche-Yhaut)^2)+(Zhautgauche-Zhaut)^2)) -> 3.8888337 | AC28: =IF(Xhaut="","",SQRT(((Xhautdroit-Xhaut)^2+(Yhautdroit-Yhaut)^2)+(Zhautdroit-Zhaut)^2)) -> 3.0303802 | AD28: =IF(Xhaut="","",SQRT(((Xinterdroit-Xhaut)^2+(Yinterdroit-Yhaut)^2)+(Zinterdroit-Zhaut)^2)) -> 5.3473098 | AE28: =IF(Xhaut="","",SQRT(((Xbasdroit-Xhaut)^2+(Ybasdroit-Yhaut)^2)+(Zbasdroit-Zhaut)^2)) -> 6.3401057 | AF28: =IF(Xhautdroit="","",SQRT(((Xhautdroit-Xhautgauche)^2+(Yhautdroit-Yhautgauche)^2)+(Zhautdroit-Zhautgauche)^2)) -> 6.2491378 | AG28: =IF(Xinterdroit="","",SQRT(((Xinterdroit-Xintergauche)^2+(Yinterdroit-Yintergauche)^2)+(Zinterdroit-Zintergauche)^2)) -> 8.1073569 | AH28: =IF(Xbasdroit="","",SQRT(((Xbasdroit-Xbasgauche)^2+(Ybasdroit-Ybasgauche)^2)+(Zbasdroit-Zbasgauche)^2)) -> 7.6379481 | AI28: =(Z28-Z$10)*1000 -> -10.078161 | AJ28: =(AA28-AA$10)*1000 -> -7.6362567 | AK28: =(AB28-AB$10)*1000 -> -4.7473929 | AL28: =(AC28-AC$10)*1000 -> -4.3440209 | AM28: =(AD28-AD$10)*1000 -> -8.6862591 | AN28: =(AE28-AE$10)*1000 -> -10.117233 | AO28: =(AF28-AF$10)*1000 -> -5.2539884 | AP28: =(AG28-AG$10)*1000 -> -5.336612 | AQ28: =(AH28-AH$10)*1000 -> -6.6207772 | AS28: =(E28-E$10)*1000 -> 0.20000001 | AT28: =(F28-F$10)*1000 -> -4 | AU28: =(G28-G$10)*1000 -> 0.4 | AV28: =(H28-H$10)*1000 -> -0.40000002 | AW28: =(I28-I$10)*1000 -> -2.7999999 | AX28: =(J28-J$10)*1000 -> -0.6 | AY28: =(K28-K$10)*1000 -> -0.30000007 | AZ28: =(L28-L$10)*1000 -> -2.9 | ... BM28: =(Y28-Y$10)*1000 -> 0.7 | BO28: 158.77952 | BP28: -3.8054369 | BQ28: -1.0515152 | BR28: 158.63969 | BS28: -4.0540333 | BT28: 0.32038315 | BU28: 158.67848 | BV28: -3.0519316 | BW28: 2.8526952 | BX28: 158.67332 | BY28: 0.54174447 | BZ28: 4.3388468 | CA28: 158.63388 | CB28: 3.1969921 | CC28: 2.8793412 | CD28: 158.6954 | CE28: 4.05312 | CF28: 0.30582598 | CG28: 158.75783 | CH28: 3.8324242 | CI28: -1.0805983 | CK28: =(BO28-BO$10)*1000 -> -1.5093496 | CL28: =(BP28-BP$10)*1000 -> 3.7096986 | CM28: =(BQ28-BQ$10)*1000 -> 0.4150935 | CN28: =(BR28-BR$10)*1000 -> -1.5459424 | CO28: =(BS28-BS$10)*1000 -> 2.3685568 | CP28: =(BT28-BT$10)*1000 -> -0.58454058 | CQ28: =(BU28-BU$10)*1000 -> -1.4975785 | CR28: =(BV28-BV$10)*1000 -> 2.5014513 | ... DE28: =(CI28-CI$10)*1000 -> 0.70079284

Sheet Convergences
U1: Laboratoire ANDRA - Bure
U2: Chantier 4
A5: CARREFOUR GCR2 - GVA2 - GVA3 - CONVERGENCE T12-T13 ( PM158 )
D8: Ecarts ( en mm ) | R8: Vitesse de convergence ( en mm/j )
A9: Temps (j) | B9: Date | C9: Distance au front | D9: BG | E9: IG | F9: HG | G9: HD | H9: ID | I9: BD | J9: LH | K9: LI | L9: LB | R9: BG | S9: IG | T9: HG | U9: HD | V9: ID | W9: BD | X9: LH | Y9: LI | Z9: LB
A10: =jours -> 0 | B10: =date -> 44140 | C10: ='Résultats observations'!C10 -> 222.9 | D10: =Ecart_BG -> 0 | E10: =Ecart_IG -> 0 | F10: =Ecart_HG -> 0 | G10: =Ecart_HD -> 0 | H10: =Ecart_ID -> 0 | I10: =Ecart_BD -> 0 | J10: =Ecart_LH -> 0 | K10: =Ecart_LI -> 0 | L10: =Ecart_LB -> 0
A11: =jours -> 32 | B11: =date -> 44172 | C11: ='Résultats observations'!C11 -> 222.9 | D11: =Ecart_BG -> -0.6875872 | E11: =Ecart_IG -> -0.72642608 | F11: =Ecart_HG -> 0.041681278 | G11: =Ecart_HD -> -0.35378594 | H11: =Ecart_ID -> -0.38209469 | I11: =Ecart_BD -> -0.550325 | J11: =Ecart_LH -> -0.55548392 | K11: =Ecart_LI -> -1.1694789 | L11: =Ecart_LB -> -1.0609457 | R11: =IF(AND(D11<>"",D10<>""),(D11-D10)/($B11-$B10),"") -> -0.0214871 | S11: =IF(AND(E11<>"",E10<>""),(E11-E10)/($B11-$B10),"") -> -0.022700815 | T11: =IF(AND(F11<>"",F10<>""),(F11-F10)/($B11-$B10),"") -> 0.0013025399 | U11: =IF(AND(G11<>"",G10<>""),(G11-G10)/($B11-$B10),"") -> -0.011055811 | V11: =IF(AND(H11<>"",H10<>""),(H11-H10)/($B11-$B10),"") -> -0.011940459 | W11: =IF(AND(I11<>"",I10<>""),(I11-I10)/($B11-$B10),"") -> -0.017197656 | X11: =IF(AND(J11<>"",J10<>""),(J11-J10)/($B11-$B10),"") -> -0.017358873 | Y11: =IF(AND(K11<>"",K10<>""),(K11-K10)/($B11-$B10),"") -> -0.036546216 | Z11: =IF(AND(L11<>"",L10<>""),(L11-L10)/($B11-$B10),"") -> -0.033154554
A12: =jours -> 89 | B12: =date -> 44229 | C12: ='Résultats observations'!C12 -> 222.9 | D12: =Ecart_BG -> 0.42333119 | E12: =Ecart_IG -> 0.22597956 | F12: =Ecart_HG -> 1.0893534 | G12: =Ecart_HD -> 0.48850447 | H12: =Ecart_ID -> -0.77968191 | J12: =Ecart_LH -> 1.8941284 | K12: =Ecart_LI -> 0.55717374 | R12: =IF(AND(D12<>"",D11<>""),(D12-D11)/($B12-$B11),"") -> 0.019489796 | S12: =IF(AND(E12<>"",E11<>""),(E12-E11)/($B12-$B11),"") -> 0.016708871 | T12: =IF(AND(F12<>"",F11<>""),(F12-F11)/($B12-$B11),"") -> 0.018380213 | U12: =IF(AND(G12<>"",G11<>""),(G12-G11)/($B12-$B11),"") -> 0.014777025 | V12: =IF(AND(H12<>"",H11<>""),(H12-H11)/($B12-$B11),"") -> -0.0069752143 | W12: =IF(AND(I12<>"",I11<>""),(I12-I11)/($B12-$B11),"") | X12: =IF(AND(J12<>"",J11<>""),(J12-J11)/($B12-$B11),"") -> 0.042975655 | Y12: =IF(AND(K12<>"",K11<>""),(K12-K11)/($B12-$B11),"") -> 0.030292152 | Z12: =IF(AND(L12<>"",L11<>""),(L12-L11)/($B12-$B11),"")
A13: =jours -> 133 | B13: =date -> 44273 | C13: ='Résultats observations'!C13 -> 222.9 | D13: =Ecart_BG -> -2.1843402 | E13: =Ecart_IG -> -2.5100066 | F13: =Ecart_HG -> -1.4079959 | G13: =Ecart_HD -> -0.56562303 | H13: =Ecart_ID -> -1.9393078 | J13: =Ecart_LH -> -0.90973009 | K13: =Ecart_LI -> -1.8359358 | R13: =IF(AND(D13<>"",D12<>""),(D13-D12)/($B13-$B12),"") -> -0.059265259 | S13: =IF(AND(E13<>"",E12<>""),(E13-E12)/($B13-$B12),"") -> -0.062181503 | T13: =IF(AND(F13<>"",F12<>""),(F13-F12)/($B13-$B12),"") -> -0.056757939 | U13: =IF(AND(G13<>"",G12<>""),(G13-G12)/($B13-$B12),"") -> -0.023957443 | V13: =IF(AND(H13<>"",H12<>""),(H13-H12)/($B13-$B12),"") -> -0.026355134 | W13: =IF(AND(I13<>"",I12<>""),(I13-I12)/($B13-$B12),"") | X13: =IF(AND(J13<>"",J12<>""),(J13-J12)/($B13-$B12),"") -> -0.063724057 | Y13: =IF(AND(K13<>"",K12<>""),(K13-K12)/($B13-$B12),"") -> -0.054388853 | Z13: =IF(AND(L13<>"",L12<>""),(L13-L12)/($B13-$B12),"")
A14: =jours -> 147 | B14: =date -> 44287 | C14: ='Résultats observations'!C14 -> 222.9 | D14: =Ecart_BG -> 0 | E14: =Ecart_IG -> -2.0407231 | F14: =Ecart_HG -> -0.78939337 | G14: =Ecart_HD -> -0.86710374 | H14: =Ecart_ID -> -3.2930889 | J14: =Ecart_LH -> 0.020116984 | K14: =Ecart_LI -> -2.3777923 | R14: =IF(AND(D14<>"",D13<>""),(D14-D13)/($B14-$B13),"") -> 0.1560243 | S14: =IF(AND(E14<>"",E13<>""),(E14-E13)/($B14-$B13),"") -> 0.033520251 | T14: =IF(AND(F14<>"",F13<>""),(F14-F13)/($B14-$B13),"") -> 0.044185893 | U14: =IF(AND(G14<>"",G13<>""),(G14-G13)/($B14-$B13),"") -> -0.021534336 | V14: =IF(AND(H14<>"",H13<>""),(H14-H13)/($B14-$B13),"") -> -0.096698652 | W14: =IF(AND(I14<>"",I13<>""),(I14-I13)/($B14-$B13),"") | X14: =IF(AND(J14<>"",J13<>""),(J14-J13)/($B14-$B13),"") -> 0.066417648 | Y14: =IF(AND(K14<>"",K13<>""),(K14-K13)/($B14-$B13),"") -> -0.038704038 | Z14: =IF(AND(L14<>"",L13<>""),(L14-L13)/($B14-$B13),"")
A15: =jours -> 168 | B15: =date -> 44308 | C15: ='Résultats observations'!C15 -> 222.9 | D15: =Ecart_BG -> -1.9050165 | E15: =Ecart_IG -> -1.660153 | F15: =Ecart_HG -> -0.67844615 | G15: =Ecart_HD -> -0.47043837 | H15: =Ecart_ID -> -1.9426492 | J15: =Ecart_LH -> 0.32121962 | K15: =Ecart_LI -> -0.50828155 | R15: =IF(AND(D15<>"",D14<>""),(D15-D14)/($B15-$B14),"") -> -0.090715071 | S15: =IF(AND(E15<>"",E14<>""),(E15-E14)/($B15-$B14),"") -> 0.018122387 | T15: =IF(AND(F15<>"",F14<>""),(F15-F14)/($B15-$B14),"") -> 0.0052832006 | U15: =IF(AND(G15<>"",G14<>""),(G15-G14)/($B15-$B14),"") -> 0.018888827 | V15: =IF(AND(H15<>"",H14<>""),(H15-H14)/($B15-$B14),"") -> 0.064306653 | W15: =IF(AND(I15<>"",I14<>""),(I15-I14)/($B15-$B14),"") | X15: =IF(AND(J15<>"",J14<>""),(J15-J14)/($B15-$B14),"") -> 0.014338221 | Y15: =IF(AND(K15<>"",K14<>""),(K15-K14)/($B15-$B14),"") -> 0.089024323 | Z15: =IF(AND(L15<>"",L14<>""),(L15-L14)/($B15-$B14),"")
A16: =jours -> 182 | B16: =date -> 44322 | C16: ='Résultats observations'!C16 -> 222.9 | D16: =Ecart_BG -> 0 | E16: =Ecart_IG -> -1.3640503 | F16: =Ecart_HG -> -0.55575293 | G16: =Ecart_HD -> -0.53795493 | H16: =Ecart_ID -> -2.0570619 | J16: =Ecart_LH -> 0.21355273 | K16: =Ecart_LI -> -0.43106675 | R16: =IF(AND(D16<>"",D15<>""),(D16-D15)/($B16-$B15),"") -> 0.13607261 | S16: =IF(AND(E16<>"",E15<>""),(E16-E15)/($B16-$B15),"") -> 0.021150191 | T16: =IF(AND(F16<>"",F15<>""),(F16-F15)/($B16-$B15),"") -> 0.0087638016 | U16: =IF(AND(G16<>"",G15<>""),(G16-G15)/($B16-$B15),"") -> -0.0048226114 | V16: =IF(AND(H16<>"",H15<>""),(H16-H15)/($B16-$B15),"") -> -0.0081723357 | W16: =IF(AND(I16<>"",I15<>""),(I16-I15)/($B16-$B15),"") | X16: =IF(AND(J16<>"",J15<>""),(J16-J15)/($B16-$B15),"") -> -0.0076904921 | Y16: =IF(AND(K16<>"",K15<>""),(K16-K15)/($B16-$B15),"") -> 0.0055153431 | Z16: =IF(AND(L16<>"",L15<>""),(L16-L15)/($B16-$B15),"")
A17: =jours -> 197 | B17: =date -> 44337 | C17: ='Résultats observations'!C17 -> 222.9 | D17: =Ecart_BG -> 0 | E17: =Ecart_IG -> -1.9218127 | F17: =Ecart_HG -> -0.54852353 | G17: =Ecart_HD -> -0.77899284 | H17: =Ecart_ID -> -2.3145804 | J17: =Ecart_LH -> 0.30580711 | K17: =Ecart_LI -> -1.3077968 | R17: =IF(AND(D17<>"",D16<>""),(D17-D16)/($B17-$B16),"") -> 0 | S17: =IF(AND(E17<>"",E16<>""),(E17-E16)/($B17-$B16),"") -> -0.037184158 | T17: =IF(AND(F17<>"",F16<>""),(F17-F16)/($B17-$B16),"") -> 0.0004819601 | U17: =IF(AND(G17<>"",G16<>""),(G17-G16)/($B17-$B16),"") -> -0.016069194 | V17: =IF(AND(H17<>"",H16<>""),(H17-H16)/($B17-$B16),"") -> -0.017167899 | W17: =IF(AND(I17<>"",I16<>""),(I17-I16)/($B17-$B16),"") | X17: =IF(AND(J17<>"",J16<>""),(J17-J16)/($B17-$B16),"") -> 0.0061502924 | Y17: =IF(AND(K17<>"",K16<>""),(K17-K16)/($B17-$B16),"") -> -0.058448673 | Z17: =IF(AND(L17<>"",L16<>""),(L17-L16)/($B17-$B16),"")
A18: =jours -> 211 | B18: =date -> 44351 | C18: ='Résultats observations'!C18 -> 222.9 | D18: =Ecart_BG -> -1.2857064 | E18: =Ecart_IG -> -1.2922412 | F18: =Ecart_HG -> -0.55158026 | G18: =Ecart_HD -> -0.44970008 | H18: =Ecart_ID -> -2.2098253 | J18: =Ecart_LH -> 0.089151975 | K18: =Ecart_LI -> -0.83127996 | R18: =IF(AND(D18<>"",D17<>""),(D18-D17)/($B18-$B17),"") -> -0.091836174 | S18: =IF(AND(E18<>"",E17<>""),(E18-E17)/($B18-$B17),"") -> 0.044969388 | T18: =IF(AND(F18<>"",F17<>""),(F18-F17)/($B18-$B17),"") -> -0.00021833791 | U18: =IF(AND(G18<>"",G17<>""),(G18-G17)/($B18-$B17),"") -> 0.023520912 | V18: =IF(AND(H18<>"",H17<>""),(H18-H17)/($B18-$B17),"") -> 0.0074825068 | W18: =IF(AND(I18<>"",I17<>""),(I18-I17)/($B18-$B17),"") | X18: =IF(AND(J18<>"",J17<>""),(J18-J17)/($B18-$B17),"") -> -0.015475367 | Y18: =IF(AND(K18<>"",K17<>""),(K18-K17)/($B18-$B17),"") -> 0.03403692 | Z18: =IF(AND(L18<>"",L17<>""),(L18-L17)/($B18-$B17),"")
A19: =jours -> 217 | B19: =date -> 44357 | C19: ='Résultats observations'!C19 -> 222.9 | D19: =Ecart_BG -> -1.4485313 | E19: =Ecart_IG -> -1.2862286 | F19: =Ecart_HG -> -0.39600253 | G19: =Ecart_HD -> -0.26515425 | H19: =Ecart_ID -> -1.6720181 | J19: =Ecart_LH -> 0.35335709 | K19: =Ecart_LI -> -0.40881394 | R19: =IF(AND(D19<>"",D18<>""),(D19-D18)/($B19-$B18),"") -> -0.027137482 | S19: =IF(AND(E19<>"",E18<>""),(E19-E18)/($B19-$B18),"") -> 0.0010021023 | T19: =IF(AND(F19<>"",F18<>""),(F19-F18)/($B19-$B18),"") -> 0.025929621 | U19: =IF(AND(G19<>"",G18<>""),(G19-G18)/($B19-$B18),"") -> 0.030757638 | V19: =IF(AND(H19<>"",H18<>""),(H19-H18)/($B19-$B18),"") -> 0.08963453 | W19: =IF(AND(I19<>"",I18<>""),(I19-I18)/($B19-$B18),"") | X19: =IF(AND(J19<>"",J18<>""),(J19-J18)/($B19-$B18),"") -> 0.044034185 | Y19: =IF(AND(K19<>"",K18<>""),(K19-K18)/($B19-$B18),"") -> 0.070411003 | Z19: =IF(AND(L19<>"",L18<>""),(L19-L18)/($B19-$B18),"")
A20: =jours -> 224 | B20: =date -> 44364 | C20: ='Résultats observations'!C20 -> 222.9 | D20: =Ecart_BG -> -0.98490007 | E20: =Ecart_IG -> -1.2533966 | F20: =Ecart_HG -> -0.5976732 | G20: =Ecart_HD -> -0.52544248 | H20: =Ecart_ID -> -1.9672819 | J20: =Ecart_LH -> -0.18319487 | K20: =Ecart_LI -> -1.3077968 | R20: =IF(AND(D20<>"",D19<>""),(D20-D19)/($B20-$B19),"") -> 0.066233036 | S20: =IF(AND(E20<>"",E19<>""),(E20-E19)/($B20-$B19),"") -> 0.0046902859 | T20: =IF(AND(F20<>"",F19<>""),(F20-F19)/($B20-$B19),"") -> -0.028810096 | U20: =IF(AND(G20<>"",G19<>""),(G20-G19)/($B20-$B19),"") -> -0.037184033 | V20: =IF(AND(H20<>"",H19<>""),(H20-H19)/($B20-$B19),"") -> -0.042180543 | W20: =IF(AND(I20<>"",I19<>""),(I20-I19)/($B20-$B19),"") | X20: =IF(AND(J20<>"",J19<>""),(J20-J19)/($B20-$B19),"") -> -0.076650279 | Y20: =IF(AND(K20<>"",K19<>""),(K20-K19)/($B20-$B19),"") -> -0.12842612 | Z20: =IF(AND(L20<>"",L19<>""),(L20-L19)/($B20-$B19),"")
A21: =jours -> 238 | B21: =date -> 44378 | C21: ='Résultats observations'!C21 -> 222.9 | D21: =Ecart_BG -> -1.8091862 | E21: =Ecart_IG -> -1.5984636 | F21: =Ecart_HG -> -0.68865324 | G21: =Ecart_HD -> -0.78890239 | H21: =Ecart_ID -> -1.8156964 | J21: =Ecart_LH -> -0.61338151 | K21: =Ecart_LI -> -0.95522586 | R21: =IF(AND(D21<>"",D20<>""),(D21-D20)/($B21-$B20),"") -> -0.058877578 | S21: =IF(AND(E21<>"",E20<>""),(E21-E20)/($B21-$B20),"") -> -0.024647641 | T21: =IF(AND(F21<>"",F20<>""),(F21-F20)/($B21-$B20),"") -> -0.0064985743 | U21: =IF(AND(G21<>"",G20<>""),(G21-G20)/($B21-$B20),"") -> -0.018818565 | V21: =IF(AND(H21<>"",H20<>""),(H21-H20)/($B21-$B20),"") -> 0.010827539 | W21: =IF(AND(I21<>"",I20<>""),(I21-I20)/($B21-$B20),"") | X21: =IF(AND(J21<>"",J20<>""),(J21-J20)/($B21-$B20),"") -> -0.030727617 | Y21: =IF(AND(K21<>"",K20<>""),(K21-K20)/($B21-$B20),"") -> 0.025183638 | Z21: =IF(AND(L21<>"",L20<>""),(L21-L20)/($B21-$B20),"")
A22: =jours -> 252 | B22: =date -> 44392 | C22: ='Résultats observations'!C22 -> 222.9 | D22: =Ecart_BG -> -1.7817197 | E22: =Ecart_IG -> -1.7314986 | F22: =Ecart_HG -> -0.97407633 | G22: =Ecart_HD -> -0.84531466 | H22: =Ecart_ID -> -2.3385191 | J22: =Ecart_LH -> -0.6056662 | K22: =Ecart_LI -> -1.3211182 | R22: =IF(AND(D22<>"",D21<>""),(D22-D21)/($B22-$B21),"") -> 0.0019618912 | S22: =IF(AND(E22<>"",E21<>""),(E22-E21)/($B22-$B21),"") -> -0.0095024999 | T22: =IF(AND(F22<>"",F21<>""),(F22-F21)/($B22-$B21),"") -> -0.020387363 | U22: =IF(AND(G22<>"",G21<>""),(G22-G21)/($B22-$B21),"") -> -0.0040294477 | V22: =IF(AND(H22<>"",H21<>""),(H22-H21)/($B22-$B21),"") -> -0.037344478 | W22: =IF(AND(I22<>"",I21<>""),(I22-I21)/($B22-$B21),"") | X22: =IF(AND(J22<>"",J21<>""),(J22-J21)/($B22-$B21),"") -> 0.00055109337 | Y22: =IF(AND(K22<>"",K21<>""),(K22-K21)/($B22-$B21),"") -> -0.026135167 | Z22: =IF(AND(L22<>"",L21<>""),(L22-L21)/($B22-$B21),"")
A23: =jours -> 270 | B23: =date -> 44410 | C23: ='Résultats observations'!C23 -> 222.9 | D23: =Ecart_BG -> -1.7923143 | E23: =Ecart_IG -> -1.8504354 | F23: =Ecart_HG -> -0.91241484 | G23: =Ecart_HD -> -0.80944182 | H23: =Ecart_ID -> -2.4570973 | J23: =Ecart_LH -> -0.57399262 | K23: =Ecart_LI -> -1.6596579 | R23: =IF(AND(D23<>"",D22<>""),(D23-D22)/($B23-$B22),"") -> -0.00058859189 | S23: =IF(AND(E23<>"",E22<>""),(E23-E22)/($B23-$B22),"") -> -0.006607599 | T23: =IF(AND(F23<>"",F22<>""),(F23-F22)/($B23-$B22),"") -> 0.0034256383 | U23: =IF(AND(G23<>"",G22<>""),(G23-G22)/($B23-$B22),"") -> 0.0019929357 | V23: =IF(AND(H23<>"",H22<>""),(H23-H22)/($B23-$B22),"") -> -0.0065876815 | W23: =IF(AND(I23<>"",I22<>""),(I23-I22)/($B23-$B22),"") | X23: =IF(AND(J23<>"",J22<>""),(J23-J22)/($B23-$B22),"") -> 0.0017596435 | Y23: =IF(AND(K23<>"",K22<>""),(K23-K22)/($B23-$B22),"") -> -0.018807761 | Z23: =IF(AND(L23<>"",L22<>""),(L23-L22)/($B23-$B22),"")
A24: =jours -> 313 | B24: =date -> 44453 | C24: ='Résultats observations'!C24 -> 222.9 | D24: =Ecart_BG -> -3.9340424 | E24: =Ecart_IG -> -3.2543125 | F24: =Ecart_HG -> -2.0079744 | G24: =Ecart_HD -> -1.3756426 | H24: =Ecart_ID -> -3.8402827 | I24: =Ecart_BD -> -3.8670543 | J24: =Ecart_LH -> -1.1200165 | K24: =Ecart_LI -> -2.1637119 | L24: =Ecart_LB -> -1.949363 | R24: =IF(AND(D24<>"",D23<>""),(D24-D23)/($B24-$B23),"") -> -0.049807631 | S24: =IF(AND(E24<>"",E23<>""),(E24-E23)/($B24-$B23),"") -> -0.032648306 | T24: =IF(AND(F24<>"",F23<>""),(F24-F23)/($B24-$B23),"") -> -0.02547813 | U24: =IF(AND(G24<>"",G23<>""),(G24-G23)/($B24-$B23),"") -> -0.01316746 | V24: =IF(AND(H24<>"",H23<>""),(H24-H23)/($B24-$B23),"") -> -0.032167101 | W24: =IF(AND(I24<>"",I23<>""),(I24-I23)/($B24-$B23),"") | X24: =IF(AND(J24<>"",J23<>""),(J24-J23)/($B24-$B23),"") -> -0.01269823 | Y24: =IF(AND(K24<>"",K23<>""),(K24-K23)/($B24-$B23),"") -> -0.011722185 | Z24: =IF(AND(L24<>"",L23<>""),(L24-L23)/($B24-$B23),"")
A25: =jours -> 330 | B25: =date -> 44470 | C25: ='Résultats observations'!C25 -> 222.9 | D25: =Ecart_BG -> -2.5972493 | E25: =Ecart_IG -> -2.7166835 | F25: =Ecart_HG -> -1.3193356 | G25: =Ecart_HD -> -1.0575521 | H25: =Ecart_ID -> -3.3320602 | I25: =Ecart_BD -> -3.4776104 | J25: =Ecart_LH -> -1.1864739 | K25: =Ecart_LI -> -2.7871167 | L25: =Ecart_LB -> -2.2560363 | R25: =IF(AND(D25<>"",D24<>""),(D25-D24)/($B25-$B24),"") -> 0.07863489 | S25: =IF(AND(E25<>"",E24<>""),(E25-E24)/($B25-$B24),"") -> 0.03162524 | T25: =IF(AND(F25<>"",F24<>""),(F25-F24)/($B25-$B24),"") -> 0.040508167 | U25: =IF(AND(G25<>"",G24<>""),(G25-G24)/($B25-$B24),"") -> 0.018711208 | V25: =IF(AND(H25<>"",H24<>""),(H25-H24)/($B25-$B24),"") -> 0.029895441 | W25: =IF(AND(I25<>"",I24<>""),(I25-I24)/($B25-$B24),"") -> 0.02290846 | X25: =IF(AND(J25<>"",J24<>""),(J25-J24)/($B25-$B24),"") -> -0.0039092596 | Y25: =IF(AND(K25<>"",K24<>""),(K25-K24)/($B25-$B24),"") -> -0.036670871 | Z25: =IF(AND(L25<>"",L24<>""),(L25-L24)/($B25-$B24),"") -> -0.018039607
A26: =jours -> 349 | B26: =date -> 44489 | C26: ='Résultats observations'!C26 -> 222.9 | D26: =Ecart_BG -> -3.5125152 | E26: =Ecart_IG -> -3.1280761 | F26: =Ecart_HG -> -1.8925305 | G26: =Ecart_HD -> -1.3303977 | H26: =Ecart_ID -> -3.4902995 | I26: =Ecart_BD -> -3.6337625 | J26: =Ecart_LH -> -1.1959581 | K26: =Ecart_LI -> -1.8410301 | L26: =Ecart_LB -> -1.5574682 | R26: =IF(AND(D26<>"",D25<>""),(D26-D25)/($B26-$B25),"") -> -0.048171891 | S26: =IF(AND(E26<>"",E25<>""),(E26-E25)/($B26-$B25),"") -> -0.021652245 | T26: =IF(AND(F26<>"",F25<>""),(F26-F25)/($B26-$B25),"") -> -0.030168154 | U26: =IF(AND(G26<>"",G25<>""),(G26-G25)/($B26-$B25),"") -> -0.014360295 | V26: =IF(AND(H26<>"",H25<>""),(H26-H25)/($B26-$B25),"") -> -0.0083283855 | W26: =IF(AND(I26<>"",I25<>""),(I26-I25)/($B26-$B25),"") -> -0.0082185277 | X26: =IF(AND(J26<>"",J25<>""),(J26-J25)/($B26-$B25),"") -> -0.00049916886 | Y26: =IF(AND(K26<>"",K25<>""),(K26-K25)/($B26-$B25),"") -> 0.049794032 | Z26: =IF(AND(L26<>"",L25<>""),(L26-L25)/($B26-$B25),"") -> 0.03676674
A27: =jours -> 362 | B27: =date -> 44502 | C27: ='Résultats observations'!C27 -> 222.9 | D27: =Ecart_BG -> -4.1506635 | E27: =Ecart_IG -> -3.6133332 | F27: =Ecart_HG -> -1.9564543 | G27: =Ecart_HD -> -1.4596928 | H27: =Ecart_ID -> -4.0264697 | I27: =Ecart_BD -> -4.3412591 | J27: =Ecart_LH -> -1.0629816 | K27: =Ecart_LI -> -2.2022094 | L27: =Ecart_LB -> -1.7813546 | R27: =IF(AND(D27<>"",D26<>""),(D27-D26)/($B27-$B26),"") -> -0.049088329 | S27: =IF(AND(E27<>"",E26<>""),(E27-E26)/($B27-$B26),"") -> -0.03732747 | T27: =IF(AND(F27<>"",F26<>""),(F27-F26)/($B27-$B26),"") -> -0.0049172162 | U27: =IF(AND(G27<>"",G26<>""),(G27-G26)/($B27-$B26),"") -> -0.0099457763 | V27: =IF(AND(H27<>"",H26<>""),(H27-H26)/($B27-$B26),"") -> -0.041243864 | W27: =IF(AND(I27<>"",I26<>""),(I27-I26)/($B27-$B26),"") -> -0.054422821 | X27: =IF(AND(J27<>"",J26<>""),(J27-J26)/($B27-$B26),"") -> 0.01022896 | Y27: =IF(AND(K27<>"",K26<>""),(K27-K26)/($B27-$B26),"") -> -0.027783023 | Z27: =IF(AND(L27<>"",L26<>""),(L27-L26)/($B27-$B26),"") -> -0.017222025
A28: =jours -> 775 | B28: =date -> 44915 | C28: ='Résultats observations'!C28 -> 222.9 | D28: =Ecart_BG -> -10.078161 | E28: =Ecart_IG -> -7.6362567 | F28: =Ecart_HG -> -4.7473929 | G28: =Ecart_HD -> -4.3440209 | H28: =Ecart_ID -> -8.6862591 | I28: =Ecart_BD -> -10.117233 | J28: =Ecart_LH -> -5.2539884 | K28: =Ecart_LI -> -5.336612 | L28: =Ecart_LB -> -6.6207772 | R28: =IF(AND(D28<>"",D27<>""),(D28-D27)/($B28-$B27),"") -> -0.014352294 | S28: =IF(AND(E28<>"",E27<>""),(E28-E27)/($B28-$B27),"") -> -0.0097407348 | T28: =IF(AND(F28<>"",F27<>""),(F28-F27)/($B28-$B27),"") -> -0.0067577204 | U28: =IF(AND(G28<>"",G27<>""),(G28-G27)/($B28-$B27),"") -> -0.0069838452 | V28: =IF(AND(H28<>"",H27<>""),(H28-H27)/($B28-$B27),"") -> -0.011282783 | W28: =IF(AND(I28<>"",I27<>""),(I28-I27)/($B28-$B27),"") -> -0.013985408 | X28: =IF(AND(J28<>"",J27<>""),(J28-J27)/($B28-$B27),"") -> -0.010147716 | Y28: =IF(AND(K28<>"",K27<>""),(K28-K27)/($B28-$B27),"") -> -0.0075893525 | Z28: =IF(AND(L28<>"",L27<>""),(L28-L27)/($B28-$B27),"") -> -0.01171773

Sheet Déplacements
Y1: Laboratoire ANDRA - Bure
Y2: Chantier 4
A5: CARREFOUR GCR2 - GVA2 - GVA3 -DEPLACEMENTS DES CIBLES - CONVERGENCE T12T13 ( PM158 )
C7: Toutes les valeurs de déplacement sont en mm
C8: Point bas gauche | G8: Point intermédiaire gauche | K8: Point haut gauche | O8: Point centre haut | S8: Point haut droit | W8: Point intermédiaire droit | AA8: Point bas droit
A9: jours écoulés | B9: Date | C9: DPM bas gauche | D9: DH bas gauche | E9: DZ bas gauche | F9: Norme BG | G9: DPM inter gauche | H9: DH inter gauche | I9: DZ inter gauche | J9: Norme IG | K9: DPM haut gauche | L9: DH haut gauche | M9: DZ haut gauche | N9: Norme HG | O9: DPM centre haut | P9: DH centre haut | Q9: DZ centre haut | R9: Norme CH | S9: DPM haut droit | T9: DH haut droit | U9: DZ haut droit | V9: Norme HD | W9: DPM inter droit | X9: DH inter droit | Y9: DZ inter droit | Z9: Norme ID | AA9: DPM bas droit | AB9: DH bas droit | AC9: DZ bas droit | AD9: Norme BD | AT9: Dist | AU9: DATE | AV9: J | AW9: SULEM - n=3
A10: =jours -> 0 | B10: =date -> 44140 | C10: =DPM_BG -> 0 | D10: =DH_BG -> 0 | E10: =DZ_BG -> 0 | F10: =SQRT(C10*C10+D10*D10+E10*E10) -> 0 | G10: =DPM_IG -> 0 | H10: =DH_IG -> 0 | I10: =DZ_IG -> 0 | J10: =SQRT(G10*G10+H10*H10+I10*I10) -> 0 | K10: =DPM_HG -> 0 | L10: =DH_HG -> 0 | M10: =DZ_HG -> 0 | N10: =SQRT(K10*K10+L10*L10+M10*M10) -> 0 | O10: =DPMhaut -> 0 | P10: =DHhaut -> 0 | Q10: =DZhaut -> 0 | R10: =SQRT(O10*O10+P10*P10+Q10*Q10) -> 0 | S10: =DPM_HD -> 0 | T10: =DH_HD -> 0 | U10: =DZ_HD -> 0 | V10: =SQRT(S10*S10+T10*T10+U10*U10) -> 0 | W10: =DPM_ID -> 0 | X10: =DH_ID -> 0 | Y10: =DZ_ID -> 0 | Z10: =SQRT(W10*W10+X10*X10+Y10*Y10) -> 0 | AA10: =DPM_BD -> 0 | AB10: =DH_BD -> 0 | AC10: =DZ_BD -> 0 | AD10: =SQRT(AA10*AA10+AB10*AB10+AC10*AC10) -> 0 | AE10: =IF(Convergences!M10="","",Convergences!M10) | AQ10: Paramètrage SULEM | AU10: 43599 | AV10: 0 | AW10: =$AR$12*(1-($AR$13/(AV10+$AR$13))^$AR$14) -> #DIV/0!
A11: =jours -> 32 | B11: =date -> 44172 | C11: =DPM_BG -> -1.588634 | D11: =DH_BG -> 0.80389162 | E11: =DZ_BG -> 0.6 | F11: =SQRT(C11*C11+D11*D11+E11*E11) -> 1.8788294 | G11: =DPM_IG -> -1.2744813 | H11: =DH_IG -> 0.84005815 | I11: =DZ_IG -> 0.6 | J11: =SQRT(G11*G11+H11*H11+I11*I11) -> 1.6401221 | K11: =DPM_HG -> -1.3411417 | L11: =DH_HG -> 0.036592714 | M11: =DZ_HG -> 0.4 | N11: =SQRT(K11*K11+L11*L11+M11*M11) -> 1.4 | O11: =DPMhaut -> 0.27188757 | P11: =DHhaut -> 0.12679558 | Q11: =DZhaut -> 0.3 | R11: =SQRT(O11*O11+P11*P11+Q11*Q11) -> 0.42426404 | S11: =DPM_HD -> -0.86402686 | T11: =DH_HD -> -0.51328129 | U11: =DZ_HD -> -0.1 | V11: =SQRT(S11*S11+T11*T11+U11*U11) -> 1.0099505 | W11: =DPM_ID -> -0.94855721 | X11: =DH_ID -> -0.33202272 | Y11: =DZ_ID -> 0.4 | Z11: =SQRT(W11*W11+X11*X11+Y11*Y11) -> 1.0816653 | AA11: =DPM_BD -> -0.54377526 | AB11: =DH_BD -> -0.25359122 | AC11: =DZ_BD -> 0.7 | AD11: =SQRT(AA11*AA11+AB11*AB11+AC11*AC11) -> 0.92195446
A12: =jours -> 89 | B12: =date -> 44229 | C12: =DPM_BG -> -1.148112 | D12: =DH_BG -> -1.0871241 | E12: =DZ_BG -> -1 | F12: =SQRT(C12*C12+D12*D12+E12*E12) -> 1.8708287 | G12: =DPM_IG -> -0.52590524 | H12: =DH_IG -> -1.238315 | I12: =DZ_IG -> -0.5 | J12: =SQRT(G12*G12+H12*H12+I12*I12) -> 1.4352701 | K12: =DPM_HG -> -0.25401756 | L12: =DH_HG -> -1.1115193 | M12: =DZ_HG -> -0.9 | N12: =SQRT(K12*K12+L12*L12+M12*M12) -> 1.452584 | O12: =DPMhaut -> 2.3981982 | P12: =DHhaut -> -0.64702851 | Q12: =DZhaut -> -1.1 | R12: =SQRT(O12*O12+P12*P12+Q12*Q12) -> 2.7166156 | S12: =DPM_HD -> -0.58604048 | T12: =DH_HD -> -0.16296196 | U12: =DZ_HD -> -0.9 | V12: =SQRT(S12*S12+T12*T12+U12*U12) -> 1.0862781 | W12: =DPM_ID -> 0.24139356 | X12: =DH_ID -> -0.99082239 | Y12: =DZ_ID -> -0.3 | Z12: =SQRT(W12*W12+X12*X12+Y12*Y12) -> 1.0630145
A13: =jours -> 133 | B13: =date -> 44273 | C13: =DPM_BG -> -1.4439684 | D13: =DH_BG -> -0.45271971 | E13: =DZ_BG -> -0.3 | F13: =SQRT(C13*C13+D13*D13+E13*E13) -> 1.5427249 | G13: =DPM_IG -> -1.0269889 | H13: =DH_IG -> 0.072759296 | I13: =DZ_IG -> -0.1 | J13: =SQRT(G13*G13+H13*H13+I13*I13) -> 1.0344081 | K13: =DPM_HG -> -0.90629209 | L13: =DH_HG -> -0.42265203 | M13: =DZ_HG -> -0.9 | N13: =SQRT(K13*K13+L13*L13+M13*M13) -> 1.3453624 | O13: =DPMhaut -> 2.2892725 | P13: =DHhaut -> -1.3598645 | Q13: =DZhaut -> -2.3 | R13: =SQRT(O13*O13+P13*P13+Q13*Q13) -> 3.5185224 | S13: =DPM_HD -> -0.48364011 | T13: =DH_HD -> -1.328944 | U13: =DZ_HD -> -1 | V13: =SQRT(S13*S13+T13*T13+U13*U13) -> 1.7320508 | W13: =DPM_ID -> -0.9428849 | X13: =DH_ID -> -1.7637935 | Y13: =DZ_ID -> -0.1 | Z13: =SQRT(W13*W13+X13*X13+Y13*Y13) -> 2.0024983 | AA13: =DPM_BD -> -0.018722804 | AB13: =DH_BD -> -2.3258655 | AC13: =DZ_BD -> 0.1 | AD13: =SQRT(AA13*AA13+AB13*AB13+AC13*AC13) -> 2.3280895
A14: =jours -> 147 | B14: =date -> 44287 | G14: =DPM_IG -> -1.8056324 | H14: =DH_IG -> 2.6888085 | I14: =DZ_IG -> 0.9 | J14: =SQRT(G14*G14+H14*H14+I14*I14) -> 3.3615472 | K14: =DPM_HG -> -2.0413536 | L14: =DH_HG -> 2.2478601 | M14: =DZ_HG -> 0.4 | N14: =SQRT(K14*K14+L14*L14+M14*M14) -> 3.0626785 | O14: =DPMhaut -> 2.1210646 | P14: =DHhaut -> 2.3132411 | Q14: =DZhaut -> -1.8 | R14: =SQRT(O14*O14+P14*P14+Q14*Q14) -> 3.6180104 | S14: =DPM_HD -> -0.071906359 | T14: =DH_HD -> 2.2836 | U14: =DZ_HD -> 0 | V14: =SQRT(S14*S14+T14*T14+U14*U14) -> 2.2847319 | W14: =DPM_ID -> -1.4679373 | X14: =DH_ID -> 0.30848055 | Y14: =DZ_ID -> 0.8 | Z14: =SQRT(W14*W14+X14*X14+Y14*Y14) -> 1.7 | AA14: =DPM_BD -> -1.1476857 | AB14: =DH_BD -> 0.56817036 | AC14: =DZ_BD -> 0.9 | AD14: =SQRT(AA14*AA14+AB14*AB14+AC14*AC14) -> 1.5652476
A15: =jours -> 168 | B15: =date -> 44308 | C15: =DPM_BG -> -0.96075493 | D15: =DH_BG -> -0.77907001 | E15: =DZ_BG -> 0 | F15: =SQRT(C15*C15+D15*D15+E15*E15) -> 1.2369317 | G15: =DPM_IG -> -0.51370763 | H15: =DH_IG -> -0.79126772 | I15: =DZ_IG -> 0.1 | J15: =SQRT(G15*G15+H15*H15+I15*I15) -> 0.94868337 | K15: =DPM_HG -> -0.29628279 | L15: =DH_HG -> -1.0208901 | M15: =DZ_HG -> -0.4 | N15: =SQRT(K15*K15+L15*L15+M15*M15) -> 1.1357817 | O15: =DPMhaut -> 2.3437353 | P15: =DHhaut -> -1.0034465 | Q15: =DZhaut -> -2.2 | R15: =SQRT(O15*O15+P15*P15+Q15*Q15) -> 3.3674917 | S15: =DPM_HD -> -0.55597286 | T15: =DH_HD -> -0.70063846 | U15: =DZ_HD -> -0.6 | V15: =SQRT(S15*S15+T15*T15+U15*U15) -> 1.077033 | W15: =DPM_ID -> 0.27755999 | X15: =DH_ID -> -1.3049751 | Y15: =DZ_ID -> 0.1 | Z15: =SQRT(W15*W15+X15*X15+Y15*Y15) -> 1.3379087 | AA15: =DPM_BD -> 0.41655317 | AB15: =DH_BD -> -1.1298157 | AC15: =DZ_BD -> 0.2 | AD15: =SQRT(AA15*AA15+AB15*AB15+AC15*AC15) -> 1.2206556
A16: =jours -> 182 | B16: =date -> 44322 | G16: =DPM_IG -> -0.85792806 | H16: =DH_IG -> -0.28975754 | I16: =DZ_IG -> -0.1 | J16: =SQRT(G16*G16+H16*H16+I16*I16) -> 0.91104335 | K16: =DPM_HG -> -0.13899319 | L16: =DH_HG -> -0.17515967 | M16: =DZ_HG -> -0.7 | N16: =SQRT(K16*K16+L16*L16+M16*M16) -> 0.73484693 | O16: =DPMhaut -> 2.549389 | P16: =DHhaut -> -0.024821604 | Q16: =DZhaut -> -2.5 | R16: =SQRT(O16*O16+P16*P16+Q16*Q16) -> 3.5707142 | S16: =DPM_HD -> 0.090629156 | T16: =DH_HD -> 0.042265178 | U16: =DZ_HD -> -1.2 | V16: =SQRT(S16*S16+T16*T16+U16*U16) -> 1.2041595 | W16: =DPM_ID -> 0.56164517 | X16: =DH_ID -> -0.73113232 | Y16: =DZ_ID -> -0.4 | Z16: =SQRT(W16*W16+X16*X16+Y16*Y16) -> 1.0049874 | AA16: =DPM_BD -> 0.6161081 | AB16: =DH_BD -> -0.37471455 | AC16: =DZ_BD -> 0 | AD16: =SQRT(AA16*AA16+AB16*AB16+AC16*AC16) -> 0.72111039
A17: =jours -> 197 | B17: =date -> 44337 | G17: =DPM_IG -> 0.7672989 | H17: =DH_IG -> 0.24749236 | I17: =DZ_IG -> -0.4 | J17: =SQRT(G17*G17+H17*H17+I17*I17) -> 0.90000004 | K17: =DPM_HG -> 0.47711481 | L17: =DH_HG -> -0.54987401 | M17: =DZ_HG -> -0.7 | N17: =SQRT(K17*K17+L17*L17+M17*M17) -> 1.0099505 | O17: =DPMhaut -> 3.1232317 | P17: =DHhaut -> -0.30890694 | Q17: =DZhaut -> -2.7 | R17: =SQRT(O17*O17+P17*P17+Q17*Q17) -> 4.1400483 | S17: =DPM_HD -> 0.66447203 | T17: =DH_HD -> -0.24182011 | U17: =DZ_HD -> -0.9 | V17: =SQRT(S17*S17+T17*T17+U17*U17) -> 1.1445523 | W17: =DPM_ID -> 1.2683824 | X17: =DH_ID -> -1.0635817 | Y17: =DZ_ID -> -0.3 | Z17: =SQRT(W17*W17+X17*X17+Y17*Y17) -> 1.6822604 | AA17: =DPM_BD -> 1.4557398 | AB17: =DH_BD -> -0.75552774 | AC17: =DZ_BD -> 0 | AD17: =SQRT(AA17*AA17+AB17*AB17+AC17*AC17) -> 1.6401221
A18: =jours -> 211 | B18: =date -> 44351 | C18: =DPM_BG -> -0.44747358 | D18: =DH_BG -> -1.643097 | E18: =DZ_BG -> -1.6 | F18: =SQRT(C18*C18+D18*D18+E18*E18) -> 2.3366644 | G18: =DPM_IG -> -0.13332088 | H18: =DH_IG -> -1.6069304 | I18: =DZ_IG -> -1.2 | J18: =SQRT(G18*G18+H18*H18+I18*I18) -> 2.0099751 | K18: =DPM_HG -> 0.49498483 | L18: =DH_HG -> -1.5345978 | M18: =DZ_HG -> -1.8 | N18: =SQRT(K18*K18+L18*L18+M18*M18) -> 2.4166092 | O18: =DPMhaut -> 2.6879558 | P18: =DHhaut -> -1.5049567 | Q18: =DZhaut -> -3.3 | R18: =SQRT(O18*O18+P18*P18+Q18*Q18) -> 4.5144214 | S18: =DPM_HD -> 0.4527196 | T18: =DH_HD -> -1.4439685 | U18: =DZ_HD -> -2.2 | V18: =SQRT(S18*S18+T18*T18+U18*U18) -> 2.670206 | W18: =DPM_ID -> 1.1411604 | X18: =DH_ID -> -2.4469884 | Y18: =DZ_ID -> -1.2 | Z18: =SQRT(W18*W18+X18*X18+Y18*Y18) -> 2.9546572 | AA18: =DPM_BD -> 1.2923513 | AB18: =DH_BD -> -1.8247817 | AC18: =DZ_BD -> -1.1 | AD18: =SQRT(AA18*AA18+AB18*AB18+AC18*AC18) -> 2.4919872
A19: =jours -> 217 | B19: =date -> 44357 | C19: =DPM_BG -> -1.4858073 | D19: =DH_BG -> 1.293204 | E19: =DZ_BG -> -0.1 | F19: =SQRT(C19*C19+D19*D19+E19*E19) -> 1.9723083 | G19: =DPM_IG -> -0.95422963 | H19: =DH_IG -> 1.099748 | I19: =DZ_IG -> 0.2 | J19: =SQRT(G19*G19+H19*H19+I19*I19) -> 1.4696938 | K19: =DPM_HG -> -1.2744812 | L19: =DH_HG -> 0.84005794 | M19: =DZ_HG -> -0.2 | N19: =SQRT(K19*K19+L19*L19+M19*M19) -> 1.5394804 | O19: =DPMhaut -> 1.2810064 | P19: =DHhaut -> 1.03876 | Q19: =DZhaut -> -1.7 | R19: =SQRT(O19*O19+P19*P19+Q19*Q19) -> 2.3685438 | S19: =DPM_HD -> -1.2200185 | T19: =DH_HD -> 1.1964761 | U19: =DZ_HD -> -0.8 | V19: =SQRT(S19*S19+T19*T19+U19*U19) -> 1.8867963 | W19: =DPM_ID -> -0.65227443 | X19: =DH_ID -> 0.68886735 | Y19: =DZ_ID -> 0.2 | Z19: =SQRT(W19*W19+X19*X19+Y19*Y19) -> 0.96953605 | AA19: =DPM_BD -> 0.53767645 | AB19: =DH_BD -> 0.030067467 | AC19: =DZ_BD -> 0.4 | AD19: =SQRT(AA19*AA19+AB19*AB19+AC19*AC19) -> 0.67082041
A20: =jours -> 224 | B20: =date -> 44364 | C20: =DPM_BG -> -1.6187018 | D20: =DH_BG -> 1.3415681 | E20: =DZ_BG -> -1.5 | F20: =SQRT(C20*C20+D20*D20+E20*E20) -> 2.5826344 | G20: =DPM_IG -> -1.0265625 | H20: =DH_IG -> 1.7280538 | I20: =DZ_IG -> -1.2 | J20: =SQRT(G20*G20+H20*H20+I20*I20) -> 2.3409401 | K20: =DPM_HG -> -1.1655557 | L20: =DH_HG -> 1.5528941 | M20: =DZ_HG -> -1.5 | N20: =SQRT(K20*K20+L20*L20+M20*M20) -> 2.4535689 | O20: =DPMhaut -> 0.97905133 | P20: =DHhaut -> 1.4496407 | Q20: =DZhaut -> -2.8 | R20: =SQRT(O20*O20+P20*P20+Q20*Q20) -> 3.3015148 | S20: =DPM_HD -> -1.0810252 | T20: =DH_HD -> 1.3716356 | U20: =DZ_HD -> -1.8 | V20: =SQRT(S20*S20+T20*T20+U20*U20) -> 2.5079872 | W20: =DPM_ID -> -0.52547884 | X20: =DH_ID -> 0.41697978 | Y20: =DZ_ID -> -1.1 | Z20: =SQRT(W20*W20+X20*X20+Y20*Y20) -> 1.2884099
A21: =jours -> 238 | B21: =date -> 44378 | C21: =DPM_BG -> -1.0688276 | D21: =DH_BG -> 1.8186828 | E21: =DZ_BG -> -0.4 | F21: =SQRT(C21*C21+D21*D21+E21*E21) -> 2.147091 | G21: =DPM_IG -> -0.98429725 | H21: =DH_IG -> 1.6374245 | I21: =DZ_IG -> -0.2 | J21: =SQRT(G21*G21+H21*H21+I21*I21) -> 1.9209373 | K21: =DPM_HG -> -0.27146118 | L21: =DH_HG -> 1.5284989 | M21: =DZ_HG -> -1.1 | N21: =SQRT(K21*K21+L21*L21+M21*M21) -> 1.9026298 | O21: =DPMhaut -> 1.9576762 | P21: =DHhaut -> 1.2439872 | Q21: =DZhaut -> -2.2 | R21: =SQRT(O21*O21+P21*P21+Q21*Q21) -> 3.1968735 | S21: =DPM_HD -> -0.64617563 | T21: =DH_HD -> 0.91239084 | U21: =DZ_HD -> -1.1 | V21: =SQRT(S21*S21+T21*T21+U21*U21) -> 1.5684387 | W21: =DPM_ID -> -0.20522723 | X21: =DH_ID -> 0.67666985 | Y21: =DZ_ID -> -0.3 | Z21: =SQRT(W21*W21+X21*X21+Y21*Y21) -> 0.76811477
A22: =jours -> 252 | B22: =date -> 44392 | C22: =DPM_BG -> -1.3045489 | D22: =DH_BG -> 1.3777344 | E22: =DZ_BG -> -0.6 | F22: =SQRT(C22*C22+D22*D22+E22*E22) -> 1.9899749 | G22: =DPM_IG -> -0.99039595 | H22: =DH_IG -> 1.4139008 | I22: =DZ_IG -> -0.3 | J22: =SQRT(G22*G22+H22*H22+I22*I22) -> 1.7521414 | K22: =DPM_HG -> -0.85750167 | L22: =DH_HG -> 1.3655369 | M22: =DZ_HG -> -0.7 | N22: =SQRT(K22*K22+L22*L22+M22*M22) -> 1.7578397 | O22: =DPMhaut -> 2.1328358 | P22: =DHhaut -> 1.1049939 | Q22: =DZhaut -> -2.6 | R22: =SQRT(O22*O22+P22*P22+Q22*Q22) -> 3.539774 | S22: =DPM_HD -> -0.24749247 | T22: =DH_HD -> 0.76729885 | U22: =DZ_HD -> -1.4 | V22: =SQRT(S22*S22+T22*T22+U22*U22) -> 1.6155495 | W22: =DPM_ID -> 0.18125842 | X22: =DH_ID -> 0.084530406 | Y22: =DZ_ID -> -0.4 | Z22: =SQRT(W22*W22+X22*X22+Y22*Y22) -> 0.4472136
A23: =jours -> 270 | B23: =date -> 44410 | C23: =DPM_BG -> -1.2561849 | D23: =DH_BG -> 1.5106289 | E23: =DZ_BG -> -0.7 | F23: =SQRT(C23*C23+D23*D23+E23*E23) -> 2.0856654 | G23: =DPM_IG -> -0.4466208 | H23: =DH_IG -> 1.667492 | I23: =DZ_IG -> -0.4 | J23: =SQRT(G23*G23+H23*H23+I23*I23) -> 1.7720044 | K23: =DPM_HG -> -0.36209045 | L23: =DH_HG -> 1.4862337 | M23: =DZ_HG -> -1 | N23: =SQRT(K23*K23+L23*L23+M23*M23) -> 1.8275667 | O23: =DPMhaut -> 1.6435233 | P23: =DHhaut -> 1.2078208 | Q23: =DZhaut -> -2.7 | R23: =SQRT(O23*O23+P23*P23+Q23*Q23) -> 3.3837849 | S23: =DPM_HD -> -0.64617563 | T23: =DH_HD -> 0.91239084 | U23: =DZ_HD -> -1.5 | V23: =SQRT(S23*S23+T23*T23+U23*U23) -> 1.8708287 | W23: =DPM_ID -> -0.22352365 | X23: =DH_ID -> 0.006098856 | Y23: =DZ_ID -> -0.5 | Z23: =SQRT(W23*W23+X23*X23+Y23*Y23) -> 0.54772257
A24: =jours -> 313 | B24: =date -> 44453 | C24: =DPM_BG -> -1.7694661 | D24: =DH_BG -> 2.3746557 | E24: =DZ_BG -> -0.4 | F24: =SQRT(C24*C24+D24*D24+E24*E24) -> 2.9883105 | G24: =DPM_IG -> -1.5158749 | H24: =DH_IG -> 1.8308805 | I24: =DZ_IG -> -0.3 | J24: =SQRT(G24*G24+H24*H24+I24*I24) -> 2.3958298 | K24: =DPM_HG -> -1.3829804 | L24: =DH_HG -> 1.7825165 | M24: =DZ_HG -> -1.1 | N24: =SQRT(K24*K24+L24*L24+M24*M24) -> 2.5099801 | O24: =DPMhaut -> 1.4561661 | P24: =DHhaut -> 0.89976674 | Q24: =DZhaut -> -4.2 | R24: =SQRT(O24*O24+P24*P24+Q24*Q24) -> 4.5354162 | S24: =DPM_HD -> -1.4134745 | T24: =DH_HD -> 0.66489848 | U24: =DZ_HD -> -1.7 | V24: =SQRT(S24*S24+T24*T24+U24*U24) -> 2.3086793 | W24: =DPM_ID -> -0.72503367 | X24: =DH_ID -> -0.33812162 | Y24: =DZ_ID -> -0.2 | Z24: =SQRT(W24*W24+X24*X24+Y24*Y24) -> 0.82462116 | AA24: =DPM_BD -> -0.97252604 | AB24: =DH_BD -> 0.42917728 | AC24: =DZ_BD -> 0 | AD24: =SQRT(AA24*AA24+AB24*AB24+AC24*AC24) -> 1.0630146
A25: =jours -> 330 | B25: =date -> 44470 | C25: =DPM_BG -> -2.1742481 | D25: =DH_BG -> 2.2962241 | E25: =DZ_BG -> -0.7 | F25: =SQRT(C25*C25+D25*D25+E25*E25) -> 3.238827 | G25: =DPM_IG -> -1.2256908 | H25: =DH_IG -> 2.6282469 | I25: =DZ_IG -> -0.5 | J25: =SQRT(G25*G25+H25*H25+I25*I25) -> 2.9427878 | K25: =DPM_HG -> -1.0143648 | L25: =DH_HG -> 2.1751008 | M25: =DZ_HG -> -1.6 | N25: =SQRT(K25*K25+L25*L25+M25*M25) -> 2.8844409 | O25: =DPMhaut -> 0.75552769 | P25: =DHhaut -> 1.4557396 | Q25: =DZhaut -> -3.3 | R25: =SQRT(O25*O25+P25*P25+Q25*Q25) -> 3.6851051 | S25: =DPM_HD -> -1.6731645 | T25: =DH_HD -> 0.98515014 | U25: =DZ_HD -> -1.9 | V25: =SQRT(S25*S25+T25*T25+U25*U25) -> 2.7166156 | W25: =DPM_ID -> -0.58604048 | X25: =DH_ID -> -0.16296196 | Y25: =DZ_ID -> -0.3 | Z25: =SQRT(W25*W25+X25*X25+Y25*Y25) -> 0.67823303 | AA25: =DPM_BD -> -0.13289449 | AB25: =DH_BD -> 0.048364034 | AC25: =DZ_BD -> -0.1 | AD25: =SQRT(AA25*AA25+AB25*AB25+AC25*AC25) -> 0.17320515
A26: =jours -> 349 | B26: =date -> 44489 | C26: =DPM_BG -> -2.0474525 | D26: =DH_BG -> 2.0243366 | E26: =DZ_BG -> -0.9 | F26: =SQRT(C26*C26+D26*D26+E26*E26) -> 3.0166207 | G26: =DPM_IG -> -1.6004053 | H26: =DH_IG -> 2.0121389 | I26: =DZ_IG -> -0.9 | J26: =SQRT(G26*G26+H26*H26+I26*I26) -> 2.7239676 | K26: =DPM_HG -> -1.2923513 | L26: =DH_HG -> 1.8247817 | M26: =DZ_HG -> -1.6 | N26: =SQRT(K26*K26+L26*L26+M26*M26) -> 2.7495454 | O26: =DPMhaut -> 1.6374246 | P26: =DHhaut -> 0.98429715 | Q26: =DZhaut -> -4.5 | R26: =SQRT(O26*O26+P26*P26+Q26*Q26) -> 4.8887626 | S26: =DPM_HD -> -1.7276272 | T26: =DH_HD -> 0.62873195 | U26: =DZ_HD -> -2.3 | V26: =SQRT(S26*S26+T26*T26+U26*U26) -> 2.9444863 | W26: =DPM_ID -> -1.2927777 | X26: =DH_ID -> 0.16948741 | Y26: =DZ_ID -> -0.6 | Z26: =SQRT(W26*W26+X26*X26+Y26*Y26) -> 1.4352701 | AA26: =DPM_BD -> -0.88189688 | AB26: =DH_BD -> 0.47144246 | AC26: =DZ_BD -> -0.6 | AD26: =SQRT(AA26*AA26+AB26*AB26+AC26*AC26) -> 1.1661904
A27: =jours -> 362 | B27: =date -> 44502 | C27: =DPM_BG -> -1.8117313 | D27: =DH_BG -> 2.465285 | E27: =DZ_BG -> 0.2 | F27: =SQRT(C27*C27+D27*D27+E27*E27) -> 3.065942 | G27: =DPM_IG -> -1.2317897 | H27: =DH_IG -> 2.4047234 | I27: =DZ_IG -> 0.1 | J27: =SQRT(G27*G27+H27*H27+I27*I27) -> 2.7037012 | K27: =DPM_HG -> -1.2862525 | L27: =DH_HG -> 2.0483052 | M27: =DZ_HG -> -0.9 | N27: =SQRT(K27*K27+L27*L27+M27*M27) -> 2.5806975 | O27: =DPMhaut -> 1.2871053 | P27: =DHhaut -> 1.2622836 | Q27: =DZhaut -> -4.1 | R27: =SQRT(O27*O27+P27*P27+Q27*Q27) -> 4.4788391 | S27: =DPM_HD -> -1.6731645 | T27: =DH_HD -> 0.98515014 | U27: =DZ_HD -> -1.5 | V27: =SQRT(S27*S27+T27*T27+U27*U27) -> 2.4535689 | W27: =DPM_ID -> -0.7551013 | X27: =DH_ID -> 0.19955488 | Y27: =DZ_ID -> 0.3 | Z27: =SQRT(W27*W27+X27*X27+Y27*Y27) -> 0.8366601 | AA27: =DPM_BD -> -0.65227433 | AB27: =DH_BD -> 0.68886714 | AC27: =DZ_BD -> 0.6 | AD27: =SQRT(AA27*AA27+AB27*AB27+AC27*AC27) -> 1.1224971
A28: =jours -> 775 | B28: =date -> 44915 | C28: =DPM_BG -> -1.5093496 | D28: =DH_BG -> 3.7096986 | E28: =DZ_BG -> 0.4 | F28: =SQRT(C28*C28+D28*D28+E28*E28) -> 4.0249223 | G28: =DPM_IG -> -1.5459424 | H28: =DH_IG -> 2.3685568 | I28: =DZ_IG -> -0.6 | J28: =SQRT(G28*G28+H28*H28+I28*I28) -> 2.8913664 | K28: =DPM_HG -> -1.4975785 | L28: =DH_HG -> 2.5014513 | M28: =DZ_HG -> -3.3 | N28: =SQRT(K28*K28+L28*L28+M28*M28) -> 4.4034078 | O28: =DPMhaut -> 2.144607 | P28: =DHhaut -> -0.10325337 | Q28: =DZhaut -> -9.4 | R28: =SQRT(O28*O28+P28*P28+Q28*Q28) -> 9.6420952 | S28: =DPM_HD -> -1.1485384 | T28: =DH_HD -> -2.7424186 | U28: =DZ_HD -> -5.1 | V28: =SQRT(S28*S28+T28*T28+U28*U28) -> 5.9033889 | W28: =DPM_ID -> -0.93111369 | X28: =DH_ID -> -2.9720407 | Y28: =DZ_ID -> -0.4 | Z28: =SQRT(W28*W28+X28*X28+Y28*Y28) -> 3.1400635 | AA28: =DPM_BD -> -0.079284438 | AB28: =DH_BD -> -2.9058069 | AC28: =DZ_BD -> 0.7 | AD28: =SQRT(AA28*AA28+AB28*AB28+AC28*AC28) -> 2.9899833
AT97: 53.7 | AU97: =$AU$10+AV97 -> 44139 | AV97: 540 | AW97: =$AR$12*(1-($AR$13/(AV97+$AR$13))^$AR$14) -> #NUM!
AT98: 53.7 | AU98: =$AU$10+AV98 -> 44149 | AV98: 550 | AW98: =$AR$12*(1-($AR$13/(AV98+$AR$13))^$AR$14) -> #NUM!
AT99: 53.7 | AU99: =$AU$10+AV99 -> 44159 | AV99: 560 | AW99: =$AR$12*(1-($AR$13/(AV99+$AR$13))^$AR$14) -> #NUM!
AT100: 53.7 | AU100: =$AU$10+AV100 -> 44169 | AV100: 570 | AW100: =$AR$12*(1-($AR$13/(AV100+$AR$13))^$AR$14) -> #NUM!
AT101: 53.7 | AU101: =$AU$10+AV101 -> 44179 | AV101: 580 | AW101: =$AR$12*(1-($AR$13/(AV101+$AR$13))^$AR$14) -> #NUM!
AT102: 53.7 | AU102: =$AU$10+AV102 -> 44189 | AV102: 590 | AW102: =$AR$12*(1-($AR$13/(AV102+$AR$13))^$AR$14) -> #NUM!
AT103: 53.7 | AU103: =$AU$10+AV103 -> 44199 | AV103: 600 | AW103: =$AR$12*(1-($AR$13/(AV103+$AR$13))^$AR$14) -> #NUM!
AT104: 53.7 | AU104: =$AU$10+AV104 -> 44209 | AV104: 610 | AW104: =$AR$12*(1-($AR$13/(AV104+$AR$13))^$AR$14) -> #NUM!
AT105: 53.7 | AU105: =$AU$10+AV105 -> 44219 | AV105: 620 | AW105: =$AR$12*(1-($AR$13/(AV105+$AR$13))^$AR$14) -> #NUM!
AT106: 53.7 | AU106: =$AU$10+AV106 -> 44229 | AV106: 630 | AW106: =$AR$12*(1-($AR$13/(AV106+$AR$13))^$AR$14) -> #NUM!
AT107: 53.7 | AU107: =$AU$10+AV107 -> 44239 | AV107: 640 | AW107: =$AR$12*(1-($AR$13/(AV107+$AR$13))^$AR$14) -> #NUM!
AT108: 53.7 | AU108: =$AU$10+AV108 -> 44249 | AV108: 650 | AW108: =$AR$12*(1-($AR$13/(AV108+$AR$13))^$AR$14) -> #NUM!
... AT196: 53.7 | AU196: =$AU$10+AV196 -> 50039 | AV196: 6440 | AW196: =$AR$12*(1-($AR$13/(AV196+$AR$13))^$AR$14) -> #NUM!

Sheet Graphiques F(date)
AC1: =excav -> 44140 | AF1: =MIN('Résultats observations'!A10:A42) -> 44140
I2: Laboratoire ANDRA - Bure | AC2: =TODAY() -> 45967 | AF2: =MAX('Résultats observations'!A10:A42) -> 44915
I3: Chantier 4
B6: ="Carrefour GCR2 - GVA2 - GVA3 Norme des déplacements T12T13 ( PM158 ) - Mesures au "&TEXT(MAX('Résultats observations'!A10:A182),"jj/mm/aa") -> Carrefour GCR2 - GVA2 - GVA3 Norme des déplacements T12T13 ( PM158 ) - Mesures au 20/12/22
I37: Laboratoire ANDRA - Bure | U37: Laboratoire ANDRA - Bure
I38: Chantier 4 | U38: Chantier 4
B41: ="Carrefour GCR2 - GVA2 - GVA3 Convergence T12T13 ( PM158 ) - Mesures au "&TEXT(MAX('Résultats observations'!A10:A182),"jj/mm/aa") -> Carrefour GCR2 - GVA2 - GVA3 Convergence T12T13 ( PM158 ) - Mesures au 20/12/22 | N41: ="Carrefour GCR2 - GVA2 - GVA3 -Déplacements en alti ( PM158 ) - Mesures au "&TEXT(MAX('Résultats observations'!A10:A182),"jj/mm/aa") -> Carrefour GCR2 - GVA2 - GVA3 -Déplacements en alti ( PM158 ) - Mesures au 20/12/22
AA43: Début creusement
AA44: 43605 | AB44: 0
AA45: 43605 | AB45: 167
AA46: 43605 | AB46: 230
AA47: Nota : Date de commencement réelle le 22/05. La date du 20 est utilisée pour faciliter l'interprétation sur les graphiques
AA49: Fin du confortement du tympan GVA3
AA50: 43655 | AB50: 0
AA51: 43655 | AB51: 168
AA52: 43655 | AB52: 230
AA54: Seuils
AB55: Seuils en déplacements absolu
AC56: Seuil de vigilance | AD56: XX | AE56: 43598
AD57: XX | AE57: 44197
AC58: Seuil d'alerte | AD58: -40 | AE58: =+AE56 -> 43598
AD59: =AD58 -> -40 | AE59: =+AE57 -> 44197
AC60: Seuil de vigilance | AD60: XX | AE60: =+AE56 -> 43598
AD61: XX | AE61: =+AE57 -> 44197
AC62: Seuil d'alerte | AD62: =-AD58 -> 40 | AE62: =+AE60 -> 43598
AD63: =AD62 -> 40 | AE63: =+AE61 -> 44197
I70: Laboratoire ANDRA - Bure | U70: Laboratoire ANDRA - Bure
I71: Chantier 4 | U71: Chantier 4
B74: ="Carrefour GCR2 - GVA2 - GVA3 - déplacements en PM ( PM158 ) - Mesures au "&TEXT(MAX('Résultats observations'!A10:A182),"jj/mm/aa") -> Carrefour GCR2 - GVA2 - GVA3 - déplacements en PM ( PM158 ) - Mesures au 20/12/22 | N74: =" Carrefour GCR2 - GVA2 - GVA3 - déplacements en deport ( PM158 ) - Mesures au "&TEXT(MAX('Résultats observations'!A10:A182),"jj/mm/aa") -> Carrefour GCR2 - GVA2 - GVA3 - déplacements en deport ( PM158 ) - Mesures au 20/12/22

Sheet Graphiques F(avancement)
H1: Laboratoire ANDRA - Bure | S1: Laboratoire ANDRA - Bure
H2: Chantier 4 | S2: Chantier 4
A5: ='Graphiques F(date)'!B41 -> Carrefour GCR2 - GVA2 - GVA3 Convergence T12T13 ( PM158 ) - Mesures au 20/12/22 | L5: ='Graphiques F(date)'!N41 -> Carrefour GCR2 - GVA2 - GVA3 -Déplacements en alti ( PM158 ) - Mesures au 20/12/22
H33: Laboratoire ANDRA - Bure | S33: Laboratoire ANDRA - Bure
H34: Chantier 4 | S34: Chantier 4
A37: ='Graphiques F(date)'!B74 -> Carrefour GCR2 - GVA2 - GVA3 - déplacements en PM ( PM158 ) - Mesures au 20/12/22 | L37: ='Graphiques F(date)'!N74 -> Carrefour GCR2 - GVA2 - GVA3 - déplacements en deport ( PM158 ) - Mesures au 20/12/22

Sheet commentaires
A3: 43690 | B3: il y a un ensemble de cables devant le point haut gauche qui genent les mesures => ecartées
A4: 43753 | B4: Plot 7 non visible
A6: 43774 | B6: plot 7 non visible
A9: 43857 | B9: cible ID masquée
A14: 44112 | B14: mauvais angle de placement station pour atteindre la cible HG a cause de nombreux masques
B15: mesures assez dégradées

Sheet PARAM
A2: 1er ligne | B2: 3
A3: entete | B3: 2
A4: nb colonnes | B4: 3
A5: 1ere colonne | B5: 2
A6: 1ere ligne Dest | B6: 3
A7: 1ere colonne dest | B7: 8
