Workbook

Sheet tableau
G10: Anneau du PM France | M10: 7863
G13: Anneau du PM Italie | M13: =12868-M10 -> 5005
G16: Pm nouveau 2011 | M16: 7893
A33: CONVERGENCES | E33: base 1-2 | H33: base 1-3 | K33: base 1-4 | N33: base 2-3 | Q33: base 2-4 | T33: base 3-4 | W33: Remarques
E34: mesures | G34: vit | H34: mesures | J34: vit | K34: mesures | M34: vit | N34: mesures | P34: vit | Q34: mesures | S34: vit | T34: mesures | V34: vit
A35: Date | B35: Jour | C35: Heure | D35: j/mes | E35: LONG | F35: CONV | G35: MM/J | H35: LONG | I35: CONV | J35: MM/J | K35: LONG | L35: CONV | M35: MM/J | N35: LONG | O35: CONV | P35: MM/J | Q35: LONG | R35: CONV | S35: MM/J | T35: LONG | U35: CONV | V35: MM/J
A36: 40677 | B36: =A36 -> 40677 | C36: 23h | D36: =A36-A$36 -> 0 | E36: 2842.4 | F36: =E36-$E$36 -> 0 | H36: 10578.9 | I36: =H36-$H$36 -> 0 | K36: 10178.1 | L36: =K36-$K$36 -> 0 | N36: 10202.5 | O36: =N36-$N$36 -> 0 | Q36: 10564.5 | R36: =Q36-$Q$36 -> 0 | T36: 2786.3 | U36: =T36-$T$36 -> 0 | W36: point 0 G.G.C.
A37: 41300 | B37: =A37 -> 41300 | C37: 23h | D37: =A37-A$36 -> 623 | E37: 2842.3 | F37: =-E37+E$36 -> 0.1 | H37: 10579.1 | I37: =-H37+H$36 -> -0.2 | K37: 10177.8 | L37: =-K37+K$36 -> 0.3 | N37: 10202.3 | O37: =-N37+N$36 -> 0.2 | Q37: 10563.9 | R37: =-Q37+Q$36 -> 0.6 | T37: 2786.9 | U37: =-T37+T$36 -> -0.6
A38: 41957 | B38: =A38 -> 41957 | C38: 23h | D38: =A38-A$36 -> 1280 | E38: 2842.0888 | F38: =-E38+E$36 -> 0.31118189 | H38: 10577.145 | I38: =-H38+H$36 -> 1.755434 | K38: 10175.571 | L38: =-K38+K$36 -> 2.5294755 | N38: 10200.836 | O38: =-N38+N$36 -> 1.6635686 | Q38: 10562.259 | R38: =-Q38+Q$36 -> 2.2407128 | T38: 2786.6794 | U38: =-T38+T$36 -> -0.37944873
A39: 42438 | B39: =A39 -> 42438 | C39: 23h | D39: =A39-A$36 -> 1761 | E39: 2842.2 | F39: =-E39+E$36 -> 0.2 | H39: 10576.8 | I39: =-H39+H$36 -> 2.1 | K39: 10175.5 | L39: =-K39+K$36 -> 2.6 | N39: 10200.6 | O39: =-N39+N$36 -> 1.9 | Q39: 10562.3 | R39: =-Q39+Q$36 -> 2.2 | T39: 2786.5 | U39: =-T39+T$36 -> -0.2
A40: 42817 | B40: =A40 -> 42817 | C40: 23h | D40: =A40-A$36 -> 2140 | E40: 2842.302 | F40: =-E40+E$36 -> 0.097996342 | H40: 10576.513 | I40: =-H40+H$36 -> 2.3868066 | K40: 10174.984 | L40: =-K40+K$36 -> 3.1162845 | N40: 10200.841 | O40: =-N40+N$36 -> 1.6594204 | Q40: 10562.302 | R40: =-Q40+Q$36 -> 2.197705 | T40: 2786.3804 | U40: =-T40+T$36 -> -0.080404755
A41: 43117 | B41: =A41 -> 43117 | C41: 23h | D41: =A41-A$36 -> 2440 | E41: 2841.6969 | F41: =-E41+E$36 -> 0.70311082 | H41: 10575.994 | I41: =-H41+H$36 -> 2.9056836 | K41: 10174.65 | L41: =-K41+K$36 -> 3.4504665 | N41: 10200.223 | O41: =-N41+N$36 -> 2.2765843 | Q41: 10561.693 | R41: =-Q41+Q$36 -> 2.8074851 | T41: 2786.1807 | U41: =-T41+T$36 -> 0.11929337
A42: 43523 | B42: =A42 -> 43523 | C42: 23h | D42: =A42-A$36 -> 2846 | E42: 2842.2055 | F42: =-E42+E$36 -> 0.19452713 | H42: 10575.319 | I42: =-H42+H$36 -> 3.5810407 | K42: 10173.903 | L42: =-K42+K$36 -> 4.1969628 | N42: 10199.651 | O42: =-N42+N$36 -> 2.8487736 | Q42: 10561.255 | R42: =-Q42+Q$36 -> 3.2448539 | T42: 2786.2803 | U42: =-T42+T$36 -> 0.019744893
A43: 43880 | B43: =A43 -> 43880 | C43: 23h | D43: =A43-A$36 -> 3203 | E43: 2842.1 | F43: =-E43+E$36 -> 0.3 | H43: 10575.4 | I43: =-H43+H$36 -> 3.5 | K43: 10173.8 | L43: =-K43+K$36 -> 4.3 | N43: 10199.4 | O43: =-N43+N$36 -> 3.1 | Q43: 10560.6 | R43: =-Q43+Q$36 -> 3.9 | T43: 2786.2 | U43: =-T43+T$36 -> 0.1
A44: 44160 | B44: =A44 -> 44160 | C44: 23h | D44: =A44-A$36 -> 3483 | E44: 2841.9 | F44: =-E44+E$36 -> 0.5 | H44: 10575.5 | I44: =-H44+H$36 -> 3.4 | K44: 10174 | L44: =-K44+K$36 -> 4.1 | N44: 10199.3 | O44: =-N44+N$36 -> 3.2 | Q44: 10560.7 | R44: =-Q44+Q$36 -> 3.8 | T44: 2786.3 | U44: =-T44+T$36 -> 0
A45: 44252 | B45: =A45 -> 44252 | C45: 23h | D45: =A45-A$36 -> 3575 | E45: 2842.0093 | F45: =-E45+E$36 -> 0.39072838 | H45: 10575.265 | I45: =-H45+H$36 -> 3.6346246 | K45: 10173.666 | L45: =-K45+K$36 -> 4.4339641 | N45: 10199.839 | O45: =-N45+N$36 -> 2.6612689 | Q45: 10561.045 | R45: =-Q45+Q$36 -> 3.4554186 | T45: 2785.6792 | U45: =-T45+T$36 -> 0.62075608
A46: 44471 | B46: =A46 -> 44471 | C46: 23h | D46: =A46-A$36 -> 3794 | E46: 2841.9 | F46: =-E46+E$36 -> 0.5 | H46: 10574.9 | I46: =-H46+H$36 -> 4 | K46: 10173.5 | L46: =-K46+K$36 -> 4.6 | N46: 10199.6 | O46: =-N46+N$36 -> 2.9 | Q46: 10560.8 | R46: =-Q46+Q$36 -> 3.7 | T46: 2785.9 | U46: =-T46+T$36 -> 0.4
A47: 44636 | B47: =A47 -> 44636 | C47: 23h | D47: =A47-A$36 -> 3959 | E47: 2841.794 | F47: =-E47+E$36 -> 0.60599972 | H47: 10575.7 | I47: =-H47+H$36 -> 3.2 | K47: 10173.847 | L47: =-K47+K$36 -> 4.2530491 | N47: 10199.6 | O47: =-N47+N$36 -> 2.9 | Q47: 10560.455 | R47: =-Q47+Q$36 -> 4.0448933 | T47: 2786.174 | U47: =-T47+T$36 -> 0.12600507
A48: 44822 | B48: =A48 -> 44822 | C48: 23h | D48: =A48-A$36 -> 4145 | E48: 2841.8 | F48: =-E48+E$36 -> 0.6 | H48: 10574.9 | I48: =-H48+H$36 -> 4 | K48: 10173.1 | L48: =-K48+K$36 -> 5 | N48: 10199.3 | O48: =-N48+N$36 -> 3.2 | Q48: 10560.3 | R48: =-Q48+Q$36 -> 4.2 | T48: 2785.9 | U48: =-T48+T$36 -> 0.4
A49: 45031 | B49: =A49 -> 45031 | C49: 23h | D49: =A49-A$36 -> 4354 | E49: 2841.7 | F49: =-E49+E$36 -> 0.7 | H49: 10574.6 | I49: =-H49+H$36 -> 4.3 | K49: 10172.6 | L49: =-K49+K$36 -> 5.5 | N49: 10198.9 | O49: =-N49+N$36 -> 3.6 | Q49: 10559.7 | R49: =-Q49+Q$36 -> 4.8 | T49: 2785.9 | U49: =-T49+T$36 -> 0.4
A50: 45350 | B50: =A50 -> 45350 | D50: =A50-A$36 -> 4673 | E50: 2841.9234 | F50: =-E50+E$36 -> 0.47662665 | H50: 10574.033 | I50: =-H50+H$36 -> 4.866683 | K50: 10171.579 | L50: =-K50+K$36 -> 6.5208139 | N50: 10199.127 | O50: =-N50+N$36 -> 3.3725917 | Q50: 10559.633 | R50: =-Q50+Q$36 -> 4.8672611 | T50: 2785.9693 | U50: =-T50+T$36 -> 0.330666
A51: 45532 | B51: =A51 -> 45532 | D51: =A51-A$36 -> 4855 | E51: 2841.8 | F51: =-E51+E$36 -> 0.6 | H51: 10574.2 | I51: =-H51+H$36 -> 4.7 | K51: 10172.3 | L51: =-K51+K$36 -> 5.8 | N51: 10198.4 | O51: =-N51+N$36 -> 4.1 | Q51: 10559.5 | R51: =-Q51+Q$36 -> 5 | T51: 2786.1 | U51: =-T51+T$36 -> 0.2
A52: 45761 | B52: =A52 -> 45761 | D52: =A52-A$36 -> 5084 | E52: 2841.8 | F52: =-E52+E$36 -> 0.6 | H52: 10574.2 | I52: =-H52+H$36 -> 4.7 | K52: 10172.3 | L52: =-K52+K$36 -> 5.8 | N52: 10198.5 | O52: =-N52+N$36 -> 4 | Q52: 10559.5 | R52: =-Q52+Q$36 -> 5 | T52: 2786.2 | U52: =-T52+T$36 -> 0.1

Sheet recap graphique
A1: nbr. Jours | B1: base 1-2 | C1: base 1-3 | D1: base 1-4 | E1: base 2-3 | F1: base 2-4 | G1: base 3-4
A2: =tableau!A36 -> 40677 | B2: =tableau!F36 -> 0 | C2: =tableau!I36 -> 0 | D2: =tableau!L36 -> 0 | E2: =tableau!O36 -> 0 | F2: =tableau!R36 -> 0 | G2: =tableau!U36 -> 0
A3: =tableau!A37 -> 41300 | B3: =tableau!F37 -> 0.1 | C3: =tableau!I37 -> -0.2 | D3: =tableau!L37 -> 0.3 | E3: =tableau!O37 -> 0.2 | F3: =tableau!R37 -> 0.6 | G3: =tableau!U37 -> -0.6
A4: =tableau!A38 -> 41957 | B4: =tableau!F38 -> 0.31118189 | C4: =tableau!I38 -> 1.755434 | D4: =tableau!L38 -> 2.5294755 | E4: =tableau!O38 -> 1.6635686 | F4: =tableau!R38 -> 2.2407128 | G4: =tableau!U38 -> -0.37944873
A5: =tableau!A39 -> 42438 | B5: =tableau!F39 -> 0.2 | C5: =tableau!I39 -> 2.1 | D5: =tableau!L39 -> 2.6 | E5: =tableau!O39 -> 1.9 | F5: =tableau!R39 -> 2.2 | G5: =tableau!U39 -> -0.2
A6: =tableau!A40 -> 42817 | B6: =tableau!F40 -> 0.097996342 | C6: =tableau!I40 -> 2.3868066 | D6: =tableau!L40 -> 3.1162845 | E6: =tableau!O40 -> 1.6594204 | F6: =tableau!R40 -> 2.197705 | G6: =tableau!U40 -> -0.080404755
A7: =tableau!A41 -> 43117 | B7: =tableau!F41 -> 0.70311082 | C7: =tableau!I41 -> 2.9056836 | D7: =tableau!L41 -> 3.4504665 | E7: =tableau!O41 -> 2.2765843 | F7: =tableau!R41 -> 2.8074851 | G7: =tableau!U41 -> 0.11929337
A8: =tableau!A42 -> 43523 | B8: =tableau!F42 -> 0.19452713 | C8: =tableau!I42 -> 3.5810407 | D8: =tableau!L42 -> 4.1969628 | E8: =tableau!O42 -> 2.8487736 | F8: =tableau!R42 -> 3.2448539 | G8: =tableau!U42 -> 0.019744893
A9: =tableau!A43 -> 43880 | B9: =tableau!F43 -> 0.3 | C9: =tableau!I43 -> 3.5 | D9: =tableau!L43 -> 4.3 | E9: =tableau!O43 -> 3.1 | F9: =tableau!R43 -> 3.9 | G9: =tableau!U43 -> 0.1
A10: =tableau!A44 -> 44160 | B10: =tableau!F44 -> 0.5 | C10: =tableau!I44 -> 3.4 | D10: =tableau!L44 -> 4.1 | E10: =tableau!O44 -> 3.2 | F10: =tableau!R44 -> 3.8 | G10: =tableau!U44 -> 0
A11: =tableau!A45 -> 44252 | B11: =tableau!F45 -> 0.39072838 | C11: =tableau!I45 -> 3.6346246 | D11: =tableau!L45 -> 4.4339641 | E11: =tableau!O45 -> 2.6612689 | F11: =tableau!R45 -> 3.4554186 | G11: =tableau!U45 -> 0.62075608
A12: =tableau!A46 -> 44471 | B12: =tableau!F46 -> 0.5 | C12: =tableau!I46 -> 4 | D12: =tableau!L46 -> 4.6 | E12: =tableau!O46 -> 2.9 | F12: =tableau!R46 -> 3.7 | G12: =tableau!U46 -> 0.4
A13: =tableau!A47 -> 44636 | B13: =tableau!F47 -> 0.60599972 | C13: =tableau!I47 -> 3.2 | D13: =tableau!L47 -> 4.2530491 | E13: =tableau!O47 -> 2.9 | F13: =tableau!R47 -> 4.0448933 | G13: =tableau!U47 -> 0.12600507
... A18: =tableau!A52 -> 45761 | B18: =tableau!F52 -> 0.6 | C18: =tableau!I52 -> 4.7 | D18: =tableau!L52 -> 5.8 | E18: =tableau!O52 -> 4 | F18: =tableau!R52 -> 5 | G18: =tableau!U52 -> 0.1

Sheet graph84mois 
