Workbook
Name cintre: 'Résultats observations'!$W$4
Name date: 'Résultats observations'!$A:$A
Name DH_BD: 'Résultats observations'!$DD:$DD
Name DH_BG: 'Résultats observations'!$CL:$CL
Name DH_HD: 'Résultats observations'!$CX:$CX
Name DH_HG: 'Résultats observations'!$CR:$CR
Name DH_ID: 'Résultats observations'!$DA:$DA
Name DH_IG: 'Résultats observations'!$CO:$CO
Name DHhaut: 'Résultats observations'!$CU:$CU
Name dist: 'Résultats observations'!$D:$D
Name DPM_BD: 'Résultats observations'!$DC:$DC
Name DPM_BG: 'Résultats observations'!$CK:$CK
Name DPM_HD: 'Résultats observations'!$CW:$CW
Name DPM_HG: 'Résultats observations'!$CQ:$CQ
Name DPM_ID: 'Résultats observations'!$CZ:$CZ
Name DPM_IG: 'Résultats observations'!$CN:$CN
Name DPMhaut: 'Résultats observations'!$CT:$CT
Name DZ_BD: 'Résultats observations'!$BM:$BM
Name DZ_BG: 'Résultats observations'!$AU:$AU
Name DZ_HD: 'Résultats observations'!$BG:$BG
Name DZ_HG: 'Résultats observations'!$BA:$BA
Name DZ_ID: 'Résultats observations'!$BJ:$BJ
Name DZ_IG: 'Résultats observations'!$AX:$AX
Name DZhaut: 'Résultats observations'!$BD:$BD
Name Ecart_BD: 'Résultats observations'!$AN:$AN
Name Ecart_BG: 'Résultats observations'!$AI:$AI
Name Ecart_HD: 'Résultats observations'!$AL:$AL
Name Ecart_HG: 'Résultats observations'!$AK:$AK
Name Ecart_ID: 'Résultats observations'!$AM:$AM
Name Ecart_IG: 'Résultats observations'!$AJ:$AJ
Name Ecart_LB: 'Résultats observations'!$AQ:$AQ
Name Ecart_LH: 'Résultats observations'!$AO:$AO
Name Ecart_LI: 'Résultats observations'!$AP:$AP
Name excav: 'Résultats observations'!$A$7
Name front: 'Résultats observations'!$C:$C
Name galerie: 'Résultats observations'!$G$4
Name jours: 'Résultats observations'!$B:$B
Name PM: 'Résultats observations'!$W$6
Name Xbasdroit: 'Résultats observations'!$W:$W
Name Xbasgauche: 'Résultats observations'!$E:$E
Name Xhaut: 'Résultats observations'!$N:$N
Name Xhautdroit: 'Résultats observations'!$Q:$Q
Name Xhautgauche: 'Résultats observations'!$K:$K
Name Xinterdroit: 'Résultats observations'!$T:$T
Name Xintergauche: 'Résultats observations'!$H:$H
Name Ybasdroit: 'Résultats observations'!$X:$X
Name Ybasgauche: 'Résultats observations'!$F:$F
Name Yhaut: 'Résultats observations'!$O:$O
Name Yhautdroit: 'Résultats observations'!$R:$R
Name Yhautgauche: 'Résultats observations'!$L:$L
Name Yinterdroit: 'Résultats observations'!$U:$U
Name Yintergauche: 'Résultats observations'!$I:$I
Name Zbasdroit: 'Résultats observations'!$Y:$Y
Name Zbasgauche: 'Résultats observations'!$G:$G
Name Zhaut: 'Résultats observations'!$P:$P
Name Zhautdroit: 'Résultats observations'!$S:$S
Name Zhautgauche: 'Résultats observations'!$M:$M
Name Zinterdroit: 'Résultats observations'!$V:$V
Name Zintergauche: 'Résultats observations'!$J:$J

Sheet Résultats observations
F1: ="CONVERGENCE GVA3 - PM" & PM -> CONVERGENCE GVA3 - PM196.1
A6: Date point 0 | V6: PM = | W6: 196.1
A7: =MIN(A10:A19) -> 43705
A8: Date | B8: Jours | C8: Front | D8: Dist | E8: Point bas gauche | H8: Point intermédiaire gauche | K8: Point haut gauche | N8: Point centre haut | Q8: Point haut droit | T8: Point intermédiaire droit | W8: Point bas droit | AI8: Différences | AS8: Point bas gauche | AV8: Point intermédiaire gauche | AY8: Point haut gauche | BB8: Point centre haut | BE8: Point haut droit | BH8: Point intermédiaire droit | BK8: Point bas droit | BO8: Point bas gauche | BR8: Point intermédiaire gauche | BU8: Point haut gauche | BX8: Point centre haut | CA8: Point haut droit | CD8: Point intermédiaire droit | CG8: Point bas droit | CK8: Point bas gauche | CN8: Point intermédiaire gauche | CQ8: Point haut gauche | CT8: Point centre haut | CW8: Point haut droit | CZ8: Point intermédiaire droit | DC8: Point bas droit
E9: X | F9: Y | G9: Z | K9: X | L9: Y | M9: Z | N9: X | O9: Y | P9: Z | Q9: X | R9: Y | S9: Z | W9: X | X9: Y | Y9: Z | Z9: BG | AA9: IG | AB9: HG | AC9: HD | AD9: ID | AE9: BD | AF9: LH | AG9: LI | AH9: LB | AI9: BG | AJ9: IG | AK9: HG | AL9: HD | AM9: ID | AN9: BD | AO9: LH | AP9: LI | AQ9: LB | AS9: DX | AT9: DY | AU9: DZ | AV9: DX | AW9: DY | AX9: DZ | AY9: DX | AZ9: DY | BA9: DZ | BB9: DX | BC9: DY | BD9: DZ | BE9: DX | BF9: DY | BG9: DZ | BH9: DX | BI9: DY | BJ9: DZ | BK9: DX | BL9: DY | BM9: DZ | BO9: PM | BP9: H | BQ9: V | BR9: PM | BS9: H | BT9: V | BU9: PM | BV9: H | BW9: V | BX9: PM | BY9: H | BZ9: V | CA9: PM | CB9: H | CC9: V | CD9: PM | CE9: H | CF9: V | CG9: PM | CH9: H | CI9: V | CK9: DPM | CL9: DH | CM9: DZ | CN9: DPM | CO9: DH | CP9: DZ | CQ9: DPM | CR9: DH | CS9: DZ | CT9: DPM | CU9: DH | CV9: DZ | CW9: DPM | CX9: DH | CY9: DZ | CZ9: DPM | DA9: DH | DB9: DZ | DC9: DPM | DD9: DH | DE9: DZ
A10: 43705 | B10: 0 | C10: 197.2 | D10: =C10-PM -> 1.1 | E10: 823244.33 | F10: 1091518.8 | G10: -124.5515 | H10: 823244.24 | I10: 1091519 | J10: -123.1822 | K10: 823244.51 | L10: 1091518.5 | M10: -121.8104 | N10: 823245.31 | O10: 1091516.7 | P10: -120.8554 | Q10: 823245.97 | R10: 1091515.2 | S10: -121.2536 | T10: 823246.56 | U10: 1091514.1 | V10: -123.4431 | W10: 823246.48 | X10: 1091514.2 | Y10: -124.5718 | Z10: =IF(Xhaut="","",SQRT(((Xbasgauche-Xhaut)^2+(Ybasgauche-Yhaut)^2)+(Zbasgauche-Zhaut)^2)) -> 4.374139 | AA10: =IF(Xhaut="","",SQRT(((Xintergauche-Xhaut)^2+(Yintergauche-Yhaut)^2)+(Zintergauche-Zhaut)^2)) -> 3.4411644 | AB10: =IF(Xhaut="","",SQRT(((Xhautgauche-Xhaut)^2+(Yhautgauche-Yhaut)^2)+(Zhautgauche-Zhaut)^2)) -> 2.2058669 | AC10: =IF(Xhaut="","",SQRT(((Xhautdroit-Xhaut)^2+(Yhautdroit-Yhaut)^2)+(Zhautdroit-Zhaut)^2)) -> 1.6703112 | AD10: =IF(Xhaut="","",SQRT(((Xinterdroit-Xhaut)^2+(Yinterdroit-Yhaut)^2)+(Zinterdroit-Zhaut)^2)) -> 3.8485205 | AE10: =IF(Xhaut="","",SQRT(((Xbasdroit-Xhaut)^2+(Ybasdroit-Yhaut)^2)+(Zbasdroit-Zhaut)^2)) -> 4.6226019 | AF10: =IF(Xhautdroit="","",SQRT(((Xhautdroit-Xhautgauche)^2+(Yhautdroit-Yhautgauche)^2)+(Zhautdroit-Zhautgauche)^2)) -> 3.6531821 | AG10: =IF(Xinterdroit="","",SQRT(((Xinterdroit-Xintergauche)^2+(Yinterdroit-Yintergauche)^2)+(Zinterdroit-Zintergauche)^2)) -> 5.3899122 | AH10: =IF(Xbasdroit="","",SQRT(((Xbasdroit-Xbasgauche)^2+(Ybasdroit-Ybasgauche)^2)+(Zbasdroit-Zbasgauche)^2)) -> 5.0881672 | AI10: 0 | AJ10: 0 | AK10: 0 | AL10: 0 | AM10: 0 | AN10: 0 | AO10: 0 | AP10: 0 | AQ10: 0 | AS10: 0 | AT10: 0 | AU10: 0 | AV10: 0 | AW10: 0 | AX10: 0 | AY10: 0 | AZ10: 0 | BA10: 0 | BB10: 0 | BC10: 0 | BD10: 0 | BE10: 0 | BF10: 0 | BG10: 0 | BH10: 0 | BI10: 0 | BJ10: 0 | BK10: 0 | BL10: 0 | BM10: 0 | BO10: 196.10477 | BP10: -2.537201 | BQ10: -0.96966769 | BR10: 196.09978 | BS10: -2.7332857 | BT10: 0.39968223 | BU10: 196.13865 | BV10: -2.1858584 | BW10: 1.7710935 | BX10: 196.09003 | BY10: -0.19803036 | BZ10: 2.7265797 | CA10: 196.07121 | CB10: 1.4240122 | CC10: 2.3285679 | CD10: 196.14412 | CE10: 2.6501257 | CF10: 0.13833877 | CG10: 196.09892 | CH10: 2.5509223 | CI10: -0.98990915 | CK10: 0 | CL10: 0 | CM10: 0 | CN10: 0 | CO10: 0 | CP10: 0 | CQ10: 0 | CR10: 0 | CS10: 0 | CT10: 0 | CU10: 0 | CV10: 0 | CW10: 0 | CX10: 0 | CY10: 0 | CZ10: 0 | DA10: 0 | DB10: 0 | DC10: 0 | DD10: 0 | DE10: 0
A11: 43706 | B11: =A11-A$10 -> 1 | C11: 198.3 | D11: =C11-PM -> 2.2 | E11: 823244.33 | F11: 1091518.8 | G11: -124.5515 | H11: 823244.23 | I11: 1091519 | J11: -123.1861 | K11: 823244.51 | L11: 1091518.5 | M11: -121.8106 | N11: 823245.31 | O11: 1091516.7 | P11: -120.8565 | Q11: 823245.97 | R11: 1091515.2 | S11: -121.2543 | T11: 823246.56 | U11: 1091514.1 | V11: -123.4432 | W11: 823246.47 | X11: 1091514.2 | Y11: -124.5717 | Z11: =IF(Xhaut="","",SQRT(((Xbasgauche-Xhaut)^2+(Ybasgauche-Yhaut)^2)+(Zbasgauche-Zhaut)^2)) -> 4.3729036 | AA11: =IF(Xhaut="","",SQRT(((Xintergauche-Xhaut)^2+(Yintergauche-Yhaut)^2)+(Zintergauche-Zhaut)^2)) -> 3.4443375 | AB11: =IF(Xhaut="","",SQRT(((Xhautgauche-Xhaut)^2+(Yhautgauche-Yhaut)^2)+(Zhautgauche-Zhaut)^2)) -> 2.2051317 | AC11: =IF(Xhaut="","",SQRT(((Xhautdroit-Xhaut)^2+(Yhautdroit-Yhaut)^2)+(Zhautdroit-Zhaut)^2)) -> 1.6703528 | AD11: =IF(Xhaut="","",SQRT(((Xinterdroit-Xhaut)^2+(Yinterdroit-Yhaut)^2)+(Zinterdroit-Zhaut)^2)) -> 3.847916 | AE11: =IF(Xhaut="","",SQRT(((Xbasdroit-Xhaut)^2+(Ybasdroit-Yhaut)^2)+(Zbasdroit-Zhaut)^2)) -> 4.6214095 | AF11: =IF(Xhautdroit="","",SQRT(((Xhautdroit-Xhautgauche)^2+(Yhautdroit-Yhautgauche)^2)+(Zhautdroit-Zhautgauche)^2)) -> 3.6528654 | AG11: =IF(Xinterdroit="","",SQRT(((Xinterdroit-Xintergauche)^2+(Yinterdroit-Yintergauche)^2)+(Zinterdroit-Zintergauche)^2)) -> 5.391663 | AH11: =IF(Xbasdroit="","",SQRT(((Xbasdroit-Xbasgauche)^2+(Ybasdroit-Ybasgauche)^2)+(Zbasdroit-Zbasgauche)^2)) -> 5.087214 | AI11: =IF(Z11="","",(Z11-Z$10)*1000) -> -1.2353959 | AJ11: =IF(AA11="","",(AA11-AA$10)*1000) -> 3.1730077 | AK11: =IF(AB11="","",(AB11-AB$10)*1000) -> -0.73517134 | AL11: =IF(AC11="","",(AC11-AC$10)*1000) -> 0.041653275 | AM11: =IF(AD11="","",(AD11-AD$10)*1000) -> -0.60444604 | AN11: =IF(AE11="","",(AE11-AE$10)*1000) -> -1.1924402 | AO11: =IF(AF11="","",(AF11-AF$10)*1000) -> -0.31668428 | AP11: =IF(AG11="","",(AG11-AG$10)*1000) -> 1.7508082 | AQ11: =IF(AH11="","",(AH11-AH$10)*1000) -> -0.95323531 | AS11: =IF(E11="","",(E11-E$10)*1000) -> 0.80000004 | AT11: =IF(F11="","",(F11-F$10)*1000) -> -1.3000001 | AU11: =IF(G11="","",(G11-G$10)*1000) -> 0 | AV11: =IF(H11="","",(H11-H$10)*1000) -> -9 | AW11: =IF(I11="","",(I11-I$10)*1000) -> -3.3 | AX11: =IF(J11="","",(J11-J$10)*1000) -> -3.9 | AY11: =IF(K11="","",(K11-K$10)*1000) -> 0.80000004 | AZ11: =IF(L11="","",(L11-L$10)*1000) -> -1.1 | ... BM11: =IF(Y11="","",(Y11-Y$10)*1000) -> 0.1 | BO11: 196.10494 | BP11: -2.5356847 | BQ11: -0.96966945 | BR11: 196.09023 | BS11: -2.7340988 | BT11: 0.39587774 | BU11: 196.13891 | BV11: -2.1845233 | BW11: 1.7708909 | BX11: 196.08992 | BY11: -0.19708791 | BZ11: 2.7254808 | CA11: 196.07093 | CB11: 1.4250936 | CC11: 2.3278707 | CD11: 196.14375 | CE11: 2.6511648 | CF11: 0.13824251 | CG11: 196.09799 | CH11: 2.5514844 | CI11: -0.98979991 | CK11: =IF(BO11="","",(BO11-BO$10)*1000) -> 0.17558601 | CL11: =IF(BP11="","",(BP11-BP$10)*1000) -> 1.5163014 | CM11: =IF(BQ11="","",(BQ11-BQ$10)*1000) -> -0.0017558601 | CN11: =IF(BR11="","",(BR11-BR$10)*1000) -> -9.55138 | CO11: =IF(BS11="","",(BS11-BS$10)*1000) -> -0.81310433 | CP11: =IF(BT11="","",(BT11-BT$10)*1000) -> -3.8044862 | CQ11: =IF(BU11="","",(BU11-BU$10)*1000) -> 0.26011647 | CR11: =IF(BV11="","",(BV11-BV$10)*1000) -> 1.3350429 | ... DE11: =IF(CI11="","",(CI11-CI$10)*1000) -> 0.10924162
A12: 43707 | B12: =A12-A$10 -> 2 | C12: 199 | D12: =C12-PM -> 2.9 | E12: 823244.33 | F12: 1091518.8 | G12: -124.5505 | H12: 823244.23 | I12: 1091519 | J12: -123.1862 | K12: 823244.51 | L12: 1091518.5 | M12: -121.8112 | N12: 823245.31 | O12: 1091516.7 | P12: -120.8596 | Q12: 823245.97 | R12: 1091515.2 | S12: -121.2562 | T12: 823246.56 | U12: 1091514.1 | V12: -123.443 | W12: 823246.47 | X12: 1091514.2 | Y12: -124.5715 | Z12: =IF(Xhaut="","",SQRT(((Xbasgauche-Xhaut)^2+(Ybasgauche-Yhaut)^2)+(Zbasgauche-Zhaut)^2)) -> 4.368858 | AA12: =IF(Xhaut="","",SQRT(((Xintergauche-Xhaut)^2+(Yintergauche-Yhaut)^2)+(Zintergauche-Zhaut)^2)) -> 3.4412813 | AB12: =IF(Xhaut="","",SQRT(((Xhautgauche-Xhaut)^2+(Yhautgauche-Yhaut)^2)+(Zhautgauche-Zhaut)^2)) -> 2.2030247 | AC12: =IF(Xhaut="","",SQRT(((Xhautdroit-Xhaut)^2+(Yhautdroit-Yhaut)^2)+(Zhautdroit-Zhaut)^2)) -> 1.6696482 | AD12: =IF(Xhaut="","",SQRT(((Xinterdroit-Xhaut)^2+(Yinterdroit-Yhaut)^2)+(Zinterdroit-Zhaut)^2)) -> 3.8444658 | AE12: =IF(Xhaut="","",SQRT(((Xbasdroit-Xhaut)^2+(Ybasdroit-Yhaut)^2)+(Zbasdroit-Zhaut)^2)) -> 4.6177593 | AF12: =IF(Xhautdroit="","",SQRT(((Xhautdroit-Xhautgauche)^2+(Yhautdroit-Yhautgauche)^2)+(Zhautdroit-Zhautgauche)^2)) -> 3.6511026 | AG12: =IF(Xinterdroit="","",SQRT(((Xinterdroit-Xintergauche)^2+(Yinterdroit-Yintergauche)^2)+(Zinterdroit-Zintergauche)^2)) -> 5.3885692 | AH12: =IF(Xbasdroit="","",SQRT(((Xbasdroit-Xbasgauche)^2+(Ybasdroit-Ybasgauche)^2)+(Zbasdroit-Zbasgauche)^2)) -> 5.0844444 | AI12: =IF(Z12="","",(Z12-Z$10)*1000) -> -5.2809856 | AJ12: =IF(AA12="","",(AA12-AA$10)*1000) -> 0.11689442 | AK12: =IF(AB12="","",(AB12-AB$10)*1000) -> -2.8421863 | AL12: =IF(AC12="","",(AC12-AC$10)*1000) -> -0.6630231 | AM12: =IF(AD12="","",(AD12-AD$10)*1000) -> -4.0546231 | AN12: =IF(AE12="","",(AE12-AE$10)*1000) -> -4.8426483 | AO12: =IF(AF12="","",(AF12-AF$10)*1000) -> -2.079514 | AP12: =IF(AG12="","",(AG12-AG$10)*1000) -> -1.3429685 | AQ12: =IF(AH12="","",(AH12-AH$10)*1000) -> -3.7228397 | AS12: =IF(E12="","",(E12-E$10)*1000) -> 1.3 | AT12: =IF(F12="","",(F12-F$10)*1000) -> -2.7000001 | AU12: =IF(G12="","",(G12-G$10)*1000) -> 1 | AV12: =IF(H12="","",(H12-H$10)*1000) -> -8 | AW12: =IF(I12="","",(I12-I$10)*1000) -> -4.8 | AX12: =IF(J12="","",(J12-J$10)*1000) -> -4 | AY12: =IF(K12="","",(K12-K$10)*1000) -> 1.7 | AZ12: =IF(L12="","",(L12-L$10)*1000) -> -2.4000001 | ... BM12: =IF(Y12="","",(Y12-Y$10)*1000) -> 0.3 | BO12: 196.10481 | BP12: -2.5342046 | BQ12: -0.96866806 | BR12: 196.0905 | BS12: -2.7323167 | BT12: 0.39577502 | BU12: 196.13917 | BV12: -2.1829648 | BW12: 1.7702883 | BX12: 196.08886 | BY12: -0.19670099 | BZ12: 2.7223914 | CA12: 196.07061 | CB12: 1.4250574 | CC12: 2.3259739 | CD12: 196.1438 | CE12: 2.649866 | CF12: 0.13844197 | CG12: 196.09782 | CH12: 2.5501916 | CI12: -0.98959821 | CK12: =IF(BO12="","",(BO12-BO$10)*1000) -> 0.03701921 | CL12: =IF(BP12="","",(BP12-BP$10)*1000) -> 2.9964362 | CM12: =IF(BQ12="","",(BQ12-BQ$10)*1000) -> 0.99962981 | CN12: =IF(BR12="","",(BR12-BR$10)*1000) -> -9.2790661 | CO12: =IF(BS12="","",(BS12-BS$10)*1000) -> 0.96898574 | CP12: =IF(BT12="","",(BT12-BT$10)*1000) -> -3.9072093 | CQ12: =IF(BU12="","",(BU12-BU$10)*1000) -> 0.52633163 | CR12: =IF(BV12="","",(BV12-BV$10)*1000) -> 2.8936094 | ... DE12: =IF(CI12="","",(CI12-CI$10)*1000) -> 0.31093649
A13: 43710 | B13: =A13-A$10 -> 5 | C13: 199.4 | D13: =C13-PM -> 3.3 | E13: 823244.33 | F13: 1091518.8 | G13: -124.5503 | H13: 823244.23 | I13: 1091519 | J13: -123.1866 | K13: 823244.51 | L13: 1091518.5 | M13: -121.8112 | N13: 823245.3 | O13: 1091516.7 | P13: -120.8626 | Q13: 823245.97 | R13: 1091515.2 | S13: -121.2579 | T13: 823246.56 | U13: 1091514.1 | V13: -123.4429 | W13: 823246.47 | X13: 1091514.2 | Y13: -124.5715 | Z13: =IF(Xhaut="","",SQRT(((Xbasgauche-Xhaut)^2+(Ybasgauche-Yhaut)^2)+(Zbasgauche-Zhaut)^2)) -> 4.365932 | AA13: =IF(Xhaut="","",SQRT(((Xintergauche-Xhaut)^2+(Yintergauche-Yhaut)^2)+(Zintergauche-Zhaut)^2)) -> 3.4390747 | AB13: =IF(Xhaut="","",SQRT(((Xhautgauche-Xhaut)^2+(Yhautgauche-Yhaut)^2)+(Zhautgauche-Zhaut)^2)) -> 2.2001292 | AC13: =IF(Xhaut="","",SQRT(((Xhautdroit-Xhaut)^2+(Yhautdroit-Yhaut)^2)+(Zhautdroit-Zhaut)^2)) -> 1.6695556 | AD13: =IF(Xhaut="","",SQRT(((Xinterdroit-Xhaut)^2+(Yinterdroit-Yhaut)^2)+(Zinterdroit-Zhaut)^2)) -> 3.8421774 | AE13: =IF(Xhaut="","",SQRT(((Xbasdroit-Xhaut)^2+(Ybasdroit-Yhaut)^2)+(Zbasdroit-Zhaut)^2)) -> 4.6148255 | AF13: =IF(Xhautdroit="","",SQRT(((Xhautdroit-Xhautgauche)^2+(Yhautdroit-Yhautgauche)^2)+(Zhautdroit-Zhautgauche)^2)) -> 3.6492983 | AG13: =IF(Xinterdroit="","",SQRT(((Xinterdroit-Xintergauche)^2+(Yinterdroit-Yintergauche)^2)+(Zinterdroit-Zintergauche)^2)) -> 5.3876405 | AH13: =IF(Xbasdroit="","",SQRT(((Xbasdroit-Xbasgauche)^2+(Ybasdroit-Ybasgauche)^2)+(Zbasdroit-Zbasgauche)^2)) -> 5.0831399 | AI13: =IF(Z13="","",(Z13-Z$10)*1000) -> -8.2069311 | AJ13: =IF(AA13="","",(AA13-AA$10)*1000) -> -2.0897312 | AK13: =IF(AB13="","",(AB13-AB$10)*1000) -> -5.7376901 | AL13: =IF(AC13="","",(AC13-AC$10)*1000) -> -0.75558407 | AM13: =IF(AD13="","",(AD13-AD$10)*1000) -> -6.343085 | AN13: =IF(AE13="","",(AE13-AE$10)*1000) -> -7.7764205 | AO13: =IF(AF13="","",(AF13-AF$10)*1000) -> -3.883764 | AP13: =IF(AG13="","",(AG13-AG$10)*1000) -> -2.2716549 | AQ13: =IF(AH13="","",(AH13-AH$10)*1000) -> -5.0273463 | AS13: =IF(E13="","",(E13-E$10)*1000) -> 0.89999998 | AT13: =IF(F13="","",(F13-F$10)*1000) -> -2.5000002 | AU13: =IF(G13="","",(G13-G$10)*1000) -> 1.2 | AV13: =IF(H13="","",(H13-H$10)*1000) -> -8.6000001 | AW13: =IF(I13="","",(I13-I$10)*1000) -> -4.9000001 | AX13: =IF(J13="","",(J13-J$10)*1000) -> -4.4 | AY13: =IF(K13="","",(K13-K$10)*1000) -> 1.3 | AZ13: =IF(L13="","",(L13-L$10)*1000) -> -3.7 | ... BM13: =IF(Y13="","",(Y13-Y$10)*1000) -> 0.3 | BO13: 196.10453 | BP13: -2.5345549 | BQ13: -0.96846528 | BR13: 196.08991 | BS13: -2.7324797 | BT13: 0.39538088 | BU13: 196.13826 | BV13: -2.1819556 | BW13: 1.7702974 | BX13: 196.08768 | BY13: -0.19747397 | BZ13: 2.7194032 | CA13: 196.07064 | CB13: 1.4245198 | CC13: 2.3242736 | CD13: 196.14386 | CE13: 2.6487906 | CF13: 0.13854137 | CG13: 196.09782 | CH13: 2.5485363 | CI13: -0.98959821 | CK13: =IF(BO13="","",(BO13-BO$10)*1000) -> -0.24096727 | CL13: =IF(BP13="","",(BP13-BP$10)*1000) -> 2.6461171 | CM13: =IF(BQ13="","",(BQ13-BQ$10)*1000) -> 1.2024097 | CN13: =IF(BR13="","",(BR13-BR$10)*1000) -> -9.8651066 | CO13: =IF(BS13="","",(BS13-BS$10)*1000) -> 0.80602378 | CP13: =IF(BT13="","",(BT13-BT$10)*1000) -> -4.3013489 | CQ13: =IF(BU13="","",(BU13-BU$10)*1000) -> -0.38563277 | CR13: =IF(BV13="","",(BV13-BV$10)*1000) -> 3.9027282 | ... DE13: =IF(CI13="","",(CI13-CI$10)*1000) -> 0.31094076
A14: 43711 | B14: =A14-A$10 -> 6 | C14: 200.6 | D14: =C14-PM -> 4.5 | E14: 823244.33 | F14: 1091518.8 | G14: -124.5501 | H14: 823244.23 | I14: 1091519 | J14: -123.1865 | K14: 823244.51 | L14: 1091518.5 | M14: -121.8111 | N14: 823245.3 | O14: 1091516.7 | P14: -120.8642 | Q14: 823245.97 | R14: 1091515.2 | S14: -121.2588 | T14: 823246.56 | U14: 1091514.1 | V14: -123.4426 | W14: 823246.47 | X14: 1091514.2 | Y14: -124.5718 | Z14: =IF(Xhaut="","",SQRT(((Xbasgauche-Xhaut)^2+(Ybasgauche-Yhaut)^2)+(Zbasgauche-Zhaut)^2)) -> 4.3641 | AA14: =IF(Xhaut="","",SQRT(((Xintergauche-Xhaut)^2+(Yintergauche-Yhaut)^2)+(Zintergauche-Zhaut)^2)) -> 3.4375484 | AB14: =IF(Xhaut="","",SQRT(((Xhautgauche-Xhaut)^2+(Yhautgauche-Yhaut)^2)+(Zhautgauche-Zhaut)^2)) -> 2.1989897 | AC14: =IF(Xhaut="","",SQRT(((Xhautdroit-Xhaut)^2+(Yhautdroit-Yhaut)^2)+(Zhautdroit-Zhaut)^2)) -> 1.6694621 | AD14: =IF(Xhaut="","",SQRT(((Xinterdroit-Xhaut)^2+(Yinterdroit-Yhaut)^2)+(Zinterdroit-Zhaut)^2)) -> 3.8408302 | AE14: =IF(Xhaut="","",SQRT(((Xbasdroit-Xhaut)^2+(Ybasdroit-Yhaut)^2)+(Zbasdroit-Zhaut)^2)) -> 4.6136545 | AF14: =IF(Xhautdroit="","",SQRT(((Xhautdroit-Xhautgauche)^2+(Yhautdroit-Yhautgauche)^2)+(Zhautdroit-Zhautgauche)^2)) -> 3.6487657 | AG14: =IF(Xinterdroit="","",SQRT(((Xinterdroit-Xintergauche)^2+(Yinterdroit-Yintergauche)^2)+(Zinterdroit-Zintergauche)^2)) -> 5.3870042 | AH14: =IF(Xbasdroit="","",SQRT(((Xbasdroit-Xbasgauche)^2+(Ybasdroit-Ybasgauche)^2)+(Zbasdroit-Zbasgauche)^2)) -> 5.0823322 | AI14: =IF(Z14="","",(Z14-Z$10)*1000) -> -10.038943 | AJ14: =IF(AA14="","",(AA14-AA$10)*1000) -> -3.616088 | AK14: =IF(AB14="","",(AB14-AB$10)*1000) -> -6.8771752 | AL14: =IF(AC14="","",(AC14-AC$10)*1000) -> -0.84906071 | AM14: =IF(AD14="","",(AD14-AD$10)*1000) -> -7.6902397 | AN14: =IF(AE14="","",(AE14-AE$10)*1000) -> -8.9474573 | AO14: =IF(AF14="","",(AF14-AF$10)*1000) -> -4.4163916 | AP14: =IF(AG14="","",(AG14-AG$10)*1000) -> -2.9080044 | AQ14: =IF(AH14="","",(AH14-AH$10)*1000) -> -5.8349967 | AS14: =IF(E14="","",(E14-E$10)*1000) -> 1.8 | AT14: =IF(F14="","",(F14-F$10)*1000) -> -2.0000001 | AU14: =IF(G14="","",(G14-G$10)*1000) -> 1.4 | AV14: =IF(H14="","",(H14-H$10)*1000) -> -8.1 | AW14: =IF(I14="","",(I14-I$10)*1000) -> -4.5 | AX14: =IF(J14="","",(J14-J$10)*1000) -> -4.3 | AY14: =IF(K14="","",(K14-K$10)*1000) -> 1.7 | AZ14: =IF(L14="","",(L14-L$10)*1000) -> -3.3 | ... BM14: =IF(Y14="","",(Y14-Y$10)*1000) -> 0 | BO14: 196.1056 | BP14: -2.5346 | BQ14: -0.9683 | BR14: 196.091 | BS14: -2.733 | BT14: 0.395 | BU14: 196.139 | BV14: -2.182 | BW14: 1.77 | BX14: 196.087 | BY14: -0.198 | BZ14: 2.718 | CA14: 196.071 | CB14: 1.424 | CC14: 2.323 | CD14: 196.145 | CE14: 2.648 | CF14: 0.139 | CG14: 196.099 | CH14: 2.548 | CI14: -0.99 | CK14: =IF(BO14="","",(BO14-BO$10)*1000) -> 0.83081613 | CL14: =IF(BP14="","",(BP14-BP$10)*1000) -> 2.6010247 | CM14: =IF(BQ14="","",(BQ14-BQ$10)*1000) -> 1.3676918 | CN14: =IF(BR14="","",(BR14-BR$10)*1000) -> -8.7769518 | CO14: =IF(BS14="","",(BS14-BS$10)*1000) -> 0.28569421 | CP14: =IF(BT14="","",(BT14-BT$10)*1000) -> -4.6822305 | CQ14: =IF(BU14="","",(BU14-BU$10)*1000) -> 0.35175721 | CR14: =IF(BV14="","",(BV14-BV$10)*1000) -> 3.8583723 | ... DE14: =IF(CI14="","",(CI14-CI$10)*1000) -> -0.090849565
A15: 43712 | B15: =A15-A$10 -> 7 | C15: 200.6 | D15: =C15-PM -> 4.5 | E15: 823244.33 | F15: 1091518.8 | G15: -124.5499 | H15: 823244.23 | I15: 1091519 | J15: -123.1868 | K15: 823244.51 | L15: 1091518.5 | M15: -121.8116 | N15: 823245.3 | O15: 1091516.7 | P15: -120.866 | Q15: 823245.97 | R15: 1091515.2 | S15: -121.2602 | T15: 823246.56 | U15: 1091514.1 | V15: -123.4429 | W15: 823246.47 | X15: 1091514.2 | Y15: -124.5715 | Z15: =IF(Xhaut="","",SQRT(((Xbasgauche-Xhaut)^2+(Ybasgauche-Yhaut)^2)+(Zbasgauche-Zhaut)^2)) -> 4.3620617 | AA15: =IF(Xhaut="","",SQRT(((Xintergauche-Xhaut)^2+(Yintergauche-Yhaut)^2)+(Zintergauche-Zhaut)^2)) -> 3.4360407 | AB15: =IF(Xhaut="","",SQRT(((Xhautgauche-Xhaut)^2+(Yhautgauche-Yhaut)^2)+(Zhautgauche-Zhaut)^2)) -> 2.1979083 | AC15: =IF(Xhaut="","",SQRT(((Xhautdroit-Xhaut)^2+(Yhautdroit-Yhaut)^2)+(Zhautdroit-Zhaut)^2)) -> 1.6689573 | AD15: =IF(Xhaut="","",SQRT(((Xinterdroit-Xhaut)^2+(Yinterdroit-Yhaut)^2)+(Zinterdroit-Zhaut)^2)) -> 3.8391592 | AE15: =IF(Xhaut="","",SQRT(((Xbasdroit-Xhaut)^2+(Ybasdroit-Yhaut)^2)+(Zbasdroit-Zhaut)^2)) -> 4.6113555 | AF15: =IF(Xhautdroit="","",SQRT(((Xhautdroit-Xhautgauche)^2+(Yhautdroit-Yhautgauche)^2)+(Zhautdroit-Zhautgauche)^2)) -> 3.6476357 | AG15: =IF(Xinterdroit="","",SQRT(((Xinterdroit-Xintergauche)^2+(Yinterdroit-Yintergauche)^2)+(Zinterdroit-Zintergauche)^2)) -> 5.3854371 | AH15: =IF(Xbasdroit="","",SQRT(((Xbasdroit-Xbasgauche)^2+(Ybasdroit-Ybasgauche)^2)+(Zbasdroit-Zbasgauche)^2)) -> 5.0806574 | AI15: =IF(Z15="","",(Z15-Z$10)*1000) -> -12.077309 | AJ15: =IF(AA15="","",(AA15-AA$10)*1000) -> -5.1237719 | AK15: =IF(AB15="","",(AB15-AB$10)*1000) -> -7.9585991 | AL15: =IF(AC15="","",(AC15-AC$10)*1000) -> -1.3538774 | AM15: =IF(AD15="","",(AD15-AD$10)*1000) -> -9.3612732 | AN15: =IF(AE15="","",(AE15-AE$10)*1000) -> -11.246417 | AO15: =IF(AF15="","",(AF15-AF$10)*1000) -> -5.5464419 | AP15: =IF(AG15="","",(AG15-AG$10)*1000) -> -4.4750958 | AQ15: =IF(AH15="","",(AH15-AH$10)*1000) -> -7.5098171 | AS15: =IF(E15="","",(E15-E$10)*1000) -> 0.80000004 | AT15: =IF(F15="","",(F15-F$10)*1000) -> -2.5000002 | AU15: =IF(G15="","",(G15-G$10)*1000) -> 1.6 | AV15: =IF(H15="","",(H15-H$10)*1000) -> -8.4 | AW15: =IF(I15="","",(I15-I$10)*1000) -> -4.6999999 | AX15: =IF(J15="","",(J15-J$10)*1000) -> -4.6 | AY15: =IF(K15="","",(K15-K$10)*1000) -> 1.4000001 | AZ15: =IF(L15="","",(L15-L$10)*1000) -> -3.4 | ... BM15: =IF(Y15="","",(Y15-Y$10)*1000) -> 0.3 | BO15: 196.10444 | BP15: -2.5345972 | BQ15: -0.96806438 | BR15: 196.09018 | BS15: -2.7325764 | BT15: 0.39517822 | BU15: 196.13848 | BV15: -2.1821853 | BW15: 1.7698952 | BX15: 196.08706 | BY15: -0.19875455 | BZ15: 2.7160094 | CA15: 196.07096 | CB15: 1.4229006 | CC15: 2.3219704 | CD15: 196.14438 | CE15: 2.6464948 | CF15: 0.13853618 | CG15: 196.09856 | CH15: 2.5460109 | CI15: -0.98960557 | CK15: =IF(BO15="","",(BO15-BO$10)*1000) -> -0.33159643 | CL15: =IF(BP15="","",(BP15-BP$10)*1000) -> 2.6038519 | CM15: =IF(BQ15="","",(BQ15-BQ$10)*1000) -> 1.603316 | CN15: =IF(BR15="","",(BR15-BR$10)*1000) -> -9.5993177 | CO15: =IF(BS15="","",(BS15-BS$10)*1000) -> 0.70929566 | CP15: =IF(BT15="","",(BT15-BT$10)*1000) -> -4.5040068 | CQ15: =IF(BU15="","",(BU15-BU$10)*1000) -> -0.16820792 | CR15: =IF(BV15="","",(BV15-BV$10)*1000) -> 3.6731059 | ... DE15: =IF(CI15="","",(CI15-CI$10)*1000) -> 0.30357697
A16: 43713 | B16: =A16-A$10 -> 8 | C16: 200.6 | D16: =C16-PM -> 4.5 | E16: 823244.33 | F16: 1091518.8 | G16: -124.5496 | H16: 823244.24 | I16: 1091519 | J16: -123.1864 | K16: 823244.51 | L16: 1091518.5 | M16: -121.8109 | N16: 823245.3 | O16: 1091516.7 | P16: -120.8659 | Q16: 823245.97 | R16: 1091515.2 | S16: -121.2599 | T16: 823246.56 | U16: 1091514.1 | V16: -123.4425 | W16: 823246.47 | X16: 1091514.2 | Y16: -124.5713 | Z16: =IF(Xhaut="","",SQRT(((Xbasgauche-Xhaut)^2+(Ybasgauche-Yhaut)^2)+(Zbasgauche-Zhaut)^2)) -> 4.3620472 | AA16: =IF(Xhaut="","",SQRT(((Xintergauche-Xhaut)^2+(Yintergauche-Yhaut)^2)+(Zintergauche-Zhaut)^2)) -> 3.4358428 | AB16: =IF(Xhaut="","",SQRT(((Xhautgauche-Xhaut)^2+(Yhautgauche-Yhaut)^2)+(Zhautgauche-Zhaut)^2)) -> 2.1977077 | AC16: =IF(Xhaut="","",SQRT(((Xhautdroit-Xhaut)^2+(Yhautdroit-Yhaut)^2)+(Zhautdroit-Zhaut)^2)) -> 1.669264 | AD16: =IF(Xhaut="","",SQRT(((Xinterdroit-Xhaut)^2+(Yinterdroit-Yhaut)^2)+(Zinterdroit-Zhaut)^2)) -> 3.8390921 | AE16: =IF(Xhaut="","",SQRT(((Xbasdroit-Xhaut)^2+(Ybasdroit-Yhaut)^2)+(Zbasdroit-Zhaut)^2)) -> 4.6113575 | AF16: =IF(Xhautdroit="","",SQRT(((Xhautdroit-Xhautgauche)^2+(Yhautdroit-Yhautgauche)^2)+(Zhautdroit-Zhautgauche)^2)) -> 3.6479971 | AG16: =IF(Xinterdroit="","",SQRT(((Xinterdroit-Xintergauche)^2+(Yinterdroit-Yintergauche)^2)+(Zinterdroit-Zintergauche)^2)) -> 5.385625 | AH16: =IF(Xbasdroit="","",SQRT(((Xbasdroit-Xbasgauche)^2+(Ybasdroit-Ybasgauche)^2)+(Zbasdroit-Zbasgauche)^2)) -> 5.0810818 | AI16: =IF(Z16="","",(Z16-Z$10)*1000) -> -12.091752 | AJ16: =IF(AA16="","",(AA16-AA$10)*1000) -> -5.3216855 | AK16: =IF(AB16="","",(AB16-AB$10)*1000) -> -8.1591465 | AL16: =IF(AC16="","",(AC16-AC$10)*1000) -> -1.0472111 | AM16: =IF(AD16="","",(AD16-AD$10)*1000) -> -9.4283563 | AN16: =IF(AE16="","",(AE16-AE$10)*1000) -> -11.244472 | AO16: =IF(AF16="","",(AF16-AF$10)*1000) -> -5.1849995 | AP16: =IF(AG16="","",(AG16-AG$10)*1000) -> -4.2871923 | AQ16: =IF(AH16="","",(AH16-AH$10)*1000) -> -7.0853948 | AS16: =IF(E16="","",(E16-E$10)*1000) -> 1.6000001 | AT16: =IF(F16="","",(F16-F$10)*1000) -> -2.5000002 | AU16: =IF(G16="","",(G16-G$10)*1000) -> 1.9 | AV16: =IF(H16="","",(H16-H$10)*1000) -> -7.8 | AW16: =IF(I16="","",(I16-I$10)*1000) -> -5.1 | AX16: =IF(J16="","",(J16-J$10)*1000) -> -4.2 | AY16: =IF(K16="","",(K16-K$10)*1000) -> 2.1 | AZ16: =IF(L16="","",(L16-L$10)*1000) -> -3.7 | ... BM16: =IF(Y16="","",(Y16-Y$10)*1000) -> 0.5 | BO16: 196.1052 | BP16: -2.5343 | BQ16: -0.9678 | BR16: 196.0906 | BS16: -2.732 | BT16: 0.3956 | BU16: 196.139 | BV16: -2.1816 | BW16: 1.7706 | BX16: 196.0872 | BY16: -0.1981 | BZ16: 2.7161 | CA16: 196.0709 | CB16: 1.4239 | CC16: 2.3223 | CD16: 196.1442 | CE16: 2.6473 | CF16: 0.1389 | CG16: 196.0985 | CH16: 2.5468 | CI16: -0.9894 | CK16: =IF(BO16="","",(BO16-BO$10)*1000) -> 0.43081613 | CL16: =IF(BP16="","",(BP16-BP$10)*1000) -> 2.9010247 | CM16: =IF(BQ16="","",(BQ16-BQ$10)*1000) -> 1.8676918 | CN16: =IF(BR16="","",(BR16-BR$10)*1000) -> -9.1769518 | CO16: =IF(BS16="","",(BS16-BS$10)*1000) -> 1.2856942 | CP16: =IF(BT16="","",(BT16-BT$10)*1000) -> -4.0822305 | CQ16: =IF(BU16="","",(BU16-BU$10)*1000) -> 0.35175721 | CR16: =IF(BV16="","",(BV16-BV$10)*1000) -> 4.2583723 | ... DE16: =IF(CI16="","",(CI16-CI$10)*1000) -> 0.50915044
A17: 43718 | B17: =A17-A$10 -> 13 | C17: 202.58 | D17: =C17-PM -> 6.48 | E17: 823244.33 | F17: 1091518.8 | G17: -124.5488 | H17: 823244.24 | I17: 1091519 | J17: -123.1865 | K17: 823244.51 | L17: 1091518.5 | M17: -121.8119 | N17: 823245.3 | O17: 1091516.7 | P17: -120.871 | Q17: 823245.97 | R17: 1091515.2 | S17: -121.2634 | T17: 823246.56 | U17: 1091514.1 | V17: -123.4422 | W17: 823246.47 | X17: 1091514.2 | Y17: -124.5707 | Z17: =IF(Xhaut="","",SQRT(((Xbasgauche-Xhaut)^2+(Ybasgauche-Yhaut)^2)+(Zbasgauche-Zhaut)^2)) -> 4.3563905 | AA17: =IF(Xhaut="","",SQRT(((Xintergauche-Xhaut)^2+(Yintergauche-Yhaut)^2)+(Zintergauche-Zhaut)^2)) -> 3.4316453 | AB17: =IF(Xhaut="","",SQRT(((Xhautgauche-Xhaut)^2+(Yhautgauche-Yhaut)^2)+(Zhautgauche-Zhaut)^2)) -> 2.1946619 | AC17: =IF(Xhaut="","",SQRT(((Xhautdroit-Xhaut)^2+(Yhautdroit-Yhaut)^2)+(Zhautdroit-Zhaut)^2)) -> 1.6681716 | AD17: =IF(Xhaut="","",SQRT(((Xinterdroit-Xhaut)^2+(Yinterdroit-Yhaut)^2)+(Zinterdroit-Zhaut)^2)) -> 3.8340061 | AE17: =IF(Xhaut="","",SQRT(((Xbasdroit-Xhaut)^2+(Ybasdroit-Yhaut)^2)+(Zbasdroit-Zhaut)^2)) -> 4.6054032 | AF17: =IF(Xhautdroit="","",SQRT(((Xhautdroit-Xhautgauche)^2+(Yhautdroit-Yhautgauche)^2)+(Zhautdroit-Zhautgauche)^2)) -> 3.6454617 | AG17: =IF(Xinterdroit="","",SQRT(((Xinterdroit-Xintergauche)^2+(Yinterdroit-Yintergauche)^2)+(Zinterdroit-Zintergauche)^2)) -> 5.382495 | AH17: =IF(Xbasdroit="","",SQRT(((Xbasdroit-Xbasgauche)^2+(Ybasdroit-Ybasgauche)^2)+(Zbasdroit-Zbasgauche)^2)) -> 5.0775001 | AI17: =IF(Z17="","",(Z17-Z$10)*1000) -> -17.748515 | AJ17: =IF(AA17="","",(AA17-AA$10)*1000) -> -9.5191724 | AK17: =IF(AB17="","",(AB17-AB$10)*1000) -> -11.204981 | AL17: =IF(AC17="","",(AC17-AC$10)*1000) -> -2.1396156 | AM17: =IF(AD17="","",(AD17-AD$10)*1000) -> -14.514324 | AN17: =IF(AE17="","",(AE17-AE$10)*1000) -> -17.198766 | AO17: =IF(AF17="","",(AF17-AF$10)*1000) -> -7.7203864 | AP17: =IF(AG17="","",(AG17-AG$10)*1000) -> -7.4171538 | AQ17: =IF(AH17="","",(AH17-AH$10)*1000) -> -10.66714 | AS17: =IF(E17="","",(E17-E$10)*1000) -> 2.5000001 | AT17: =IF(F17="","",(F17-F$10)*1000) -> -5.7000001 | AU17: =IF(G17="","",(G17-G$10)*1000) -> 2.7 | AV17: =IF(H17="","",(H17-H$10)*1000) -> -6.4000001 | AW17: =IF(I17="","",(I17-I$10)*1000) -> -7.9000001 | AX17: =IF(J17="","",(J17-J$10)*1000) -> -4.3 | AY17: =IF(K17="","",(K17-K$10)*1000) -> 3 | AZ17: =IF(L17="","",(L17-L$10)*1000) -> -7.1 | ... BM17: =IF(Y17="","",(Y17-Y$10)*1000) -> 1.1 | BO17: 196.10463 | BP17: -2.5309785 | BQ17: -0.96696626 | BR17: 196.09064 | BS17: -2.728831 | BT17: 0.39547362 | BU17: 196.13837 | BV17: -2.1781557 | BW17: 1.7695963 | BX17: 196.08561 | BY17: -0.1961202 | BZ17: 2.7110239 | CA17: 196.07111 | CB17: 1.4251781 | CC17: 2.3187689 | CD17: 196.14333 | CE17: 2.6473288 | CF17: 0.13924669 | CG17: 196.09812 | CH17: 2.5464701 | CI17: -0.98880122 | CK17: =IF(BO17="","",(BO17-BO$10)*1000) -> -0.14338632 | CL17: =IF(BP17="","",(BP17-BP$10)*1000) -> 6.2224948 | CM17: =IF(BQ17="","",(BQ17-BQ$10)*1000) -> 2.7014339 | CN17: =IF(BR17="","",(BR17-BR$10)*1000) -> -9.1392201 | CO17: =IF(BS17="","",(BS17-BS$10)*1000) -> 4.4547344 | CP17: =IF(BT17="","",(BT17-BT$10)*1000) -> -4.2086078 | CQ17: =IF(BU17="","",(BU17-BU$10)*1000) -> -0.28195312 | CR17: =IF(BV17="","",(BV17-BV$10)*1000) -> 7.7026296 | ... DE17: =IF(CI17="","",(CI17-CI$10)*1000) -> 1.1079255
A18: 43720 | B18: =A18-A$10 -> 15 | C18: 203.6 | D18: =C18-PM -> 7.5 | E18: 823244.33 | F18: 1091518.8 | G18: -124.5487 | H18: 823244.24 | I18: 1091519 | J18: -123.1866 | K18: 823244.51 | L18: 1091518.5 | M18: -121.8138 | N18: 823245.3 | O18: 1091516.7 | P18: -120.8741 | Q18: 823245.98 | R18: 1091515.2 | S18: -121.2658 | T18: 823246.56 | U18: 1091514.1 | V18: -123.4422 | W18: 823246.47 | X18: 1091514.2 | Y18: -124.5704 | Z18: =IF(Xhaut="","",SQRT(((Xbasgauche-Xhaut)^2+(Ybasgauche-Yhaut)^2)+(Zbasgauche-Zhaut)^2)) -> 4.3533425 | AA18: =IF(Xhaut="","",SQRT(((Xintergauche-Xhaut)^2+(Yintergauche-Yhaut)^2)+(Zintergauche-Zhaut)^2)) -> 3.4290693 | AB18: =IF(Xhaut="","",SQRT(((Xhautgauche-Xhaut)^2+(Yhautgauche-Yhaut)^2)+(Zhautgauche-Zhaut)^2)) -> 2.1921161 | AC18: =IF(Xhaut="","",SQRT(((Xhautdroit-Xhaut)^2+(Yhautdroit-Yhaut)^2)+(Zhautdroit-Zhaut)^2)) -> 1.6677586 | AD18: =IF(Xhaut="","",SQRT(((Xinterdroit-Xhaut)^2+(Yinterdroit-Yhaut)^2)+(Zinterdroit-Zhaut)^2)) -> 3.8314943 | AE18: =IF(Xhaut="","",SQRT(((Xbasdroit-Xhaut)^2+(Ybasdroit-Yhaut)^2)+(Zbasdroit-Zhaut)^2)) -> 4.6020572 | AF18: =IF(Xhautdroit="","",SQRT(((Xhautdroit-Xhautgauche)^2+(Yhautdroit-Yhautgauche)^2)+(Zhautdroit-Zhautgauche)^2)) -> 3.642897 | AG18: =IF(Xinterdroit="","",SQRT(((Xinterdroit-Xintergauche)^2+(Yinterdroit-Yintergauche)^2)+(Zinterdroit-Zintergauche)^2)) -> 5.3811503 | AH18: =IF(Xbasdroit="","",SQRT(((Xbasdroit-Xbasgauche)^2+(Ybasdroit-Ybasgauche)^2)+(Zbasdroit-Zbasgauche)^2)) -> 5.0758146 | AI18: =IF(Z18="","",(Z18-Z$10)*1000) -> -20.796429 | AJ18: =IF(AA18="","",(AA18-AA$10)*1000) -> -12.095146 | AK18: =IF(AB18="","",(AB18-AB$10)*1000) -> -13.750788 | AL18: =IF(AC18="","",(AC18-AC$10)*1000) -> -2.552598 | AM18: =IF(AD18="","",(AD18-AD$10)*1000) -> -17.026117 | AN18: =IF(AE18="","",(AE18-AE$10)*1000) -> -20.544771 | AO18: =IF(AF18="","",(AF18-AF$10)*1000) -> -10.285124 | AP18: =IF(AG18="","",(AG18-AG$10)*1000) -> -8.7618254 | AQ18: =IF(AH18="","",(AH18-AH$10)*1000) -> -12.352626 | AS18: =IF(E18="","",(E18-E$10)*1000) -> 3.3 | AT18: =IF(F18="","",(F18-F$10)*1000) -> -5.4000001 | AU18: =IF(G18="","",(G18-G$10)*1000) -> 2.8 | AV18: =IF(H18="","",(H18-H$10)*1000) -> -5.8 | AW18: =IF(I18="","",(I18-I$10)*1000) -> -7.8 | AX18: =IF(J18="","",(J18-J$10)*1000) -> -4.4 | AY18: =IF(K18="","",(K18-K$10)*1000) -> 4.4 | AZ18: =IF(L18="","",(L18-L$10)*1000) -> -8.3000001 | ... BM18: =IF(Y18="","",(Y18-Y$10)*1000) -> 1.4 | BO18: 196.1055 | BP18: -2.5309 | BQ18: -0.9669 | BR18: 196.0912 | BS18: -2.7287 | BT18: 0.3954 | BU18: 196.1391 | BV18: -2.1765 | BW18: 1.7677 | BX18: 196.0858 | BY18: -0.1967 | BZ18: 2.7079 | CA18: 196.0722 | CB18: 1.4243 | CC18: 2.3164 | CD18: 196.1439 | CE18: 2.6462 | CF18: 0.1392 | CG18: 196.0984 | CH18: 2.5449 | CI18: -0.9885 | CK18: =IF(BO18="","",(BO18-BO$10)*1000) -> 0.73081613 | CL18: =IF(BP18="","",(BP18-BP$10)*1000) -> 6.3010247 | CM18: =IF(BQ18="","",(BQ18-BQ$10)*1000) -> 2.7676918 | CN18: =IF(BR18="","",(BR18-BR$10)*1000) -> -8.5769518 | CO18: =IF(BS18="","",(BS18-BS$10)*1000) -> 4.5856942 | CP18: =IF(BT18="","",(BT18-BT$10)*1000) -> -4.2822305 | CQ18: =IF(BU18="","",(BU18-BU$10)*1000) -> 0.45175721 | CR18: =IF(BV18="","",(BV18-BV$10)*1000) -> 9.3583723 | ... DE18: =IF(CI18="","",(CI18-CI$10)*1000) -> 1.4091504
A19: 43724 | B19: =A19-A$10 -> 19 | C19: 203.6 | D19: =C19-PM -> 7.5 | E19: 823244.33 | F19: 1091518.8 | G19: -124.5483 | H19: 823244.24 | I19: 1091519 | J19: -123.1866 | K19: 823244.51 | L19: 1091518.5 | M19: -121.8144 | N19: 823245.3 | O19: 1091516.7 | P19: -120.8781 | Q19: 823245.97 | R19: 1091515.2 | S19: -121.2682 | T19: 823246.56 | U19: 1091514.1 | V19: -123.4423 | W19: 823246.47 | X19: 1091514.2 | Y19: -124.5702 | Z19: =IF(Xhaut="","",SQRT(((Xbasgauche-Xhaut)^2+(Ybasgauche-Yhaut)^2)+(Zbasgauche-Zhaut)^2)) -> 4.3490785 | AA19: =IF(Xhaut="","",SQRT(((Xintergauche-Xhaut)^2+(Yintergauche-Yhaut)^2)+(Zintergauche-Zhaut)^2)) -> 3.4257222 | AB19: =IF(Xhaut="","",SQRT(((Xhautgauche-Xhaut)^2+(Yhautgauche-Yhaut)^2)+(Zhautgauche-Zhaut)^2)) -> 2.1891289 | AC19: =IF(Xhaut="","",SQRT(((Xhautdroit-Xhaut)^2+(Yhautdroit-Yhaut)^2)+(Zhautdroit-Zhaut)^2)) -> 1.6676181 | AD19: =IF(Xhaut="","",SQRT(((Xinterdroit-Xhaut)^2+(Yinterdroit-Yhaut)^2)+(Zinterdroit-Zhaut)^2)) -> 3.828215 | AE19: =IF(Xhaut="","",SQRT(((Xbasdroit-Xhaut)^2+(Ybasdroit-Yhaut)^2)+(Zbasdroit-Zhaut)^2)) -> 4.5979583 | AF19: =IF(Xhautdroit="","",SQRT(((Xhautdroit-Xhautgauche)^2+(Yhautdroit-Yhautgauche)^2)+(Zhautdroit-Zhautgauche)^2)) -> 3.6411808 | AG19: =IF(Xinterdroit="","",SQRT(((Xinterdroit-Xintergauche)^2+(Yinterdroit-Yintergauche)^2)+(Zinterdroit-Zintergauche)^2)) -> 5.3793685 | AH19: =IF(Xbasdroit="","",SQRT(((Xbasdroit-Xbasgauche)^2+(Ybasdroit-Ybasgauche)^2)+(Zbasdroit-Zbasgauche)^2)) -> 5.0735675 | AI19: =IF(Z19="","",(Z19-Z$10)*1000) -> -25.060484 | AJ19: =IF(AA19="","",(AA19-AA$10)*1000) -> -15.442253 | AK19: =IF(AB19="","",(AB19-AB$10)*1000) -> -16.737918 | AL19: =IF(AC19="","",(AC19-AC$10)*1000) -> -2.6931309 | AM19: =IF(AD19="","",(AD19-AD$10)*1000) -> -20.305454 | AN19: =IF(AE19="","",(AE19-AE$10)*1000) -> -24.643656 | AO19: =IF(AF19="","",(AF19-AF$10)*1000) -> -12.001257 | AP19: =IF(AG19="","",(AG19-AG$10)*1000) -> -10.543635 | AQ19: =IF(AH19="","",(AH19-AH$10)*1000) -> -14.599698 | AS19: =IF(E19="","",(E19-E$10)*1000) -> 2.3000001 | AT19: =IF(F19="","",(F19-F$10)*1000) -> -6.2000002 | AU19: =IF(G19="","",(G19-G$10)*1000) -> 3.2 | AV19: =IF(H19="","",(H19-H$10)*1000) -> -6.5 | AW19: =IF(I19="","",(I19-I$10)*1000) -> -8.3000001 | AX19: =IF(J19="","",(J19-J$10)*1000) -> -4.4 | AY19: =IF(K19="","",(K19-K$10)*1000) -> 3.7 | AZ19: =IF(L19="","",(L19-L$10)*1000) -> -9.7000001 | ... BM19: =IF(Y19="","",(Y19-Y$10)*1000) -> 1.6 | BO19: 196.1042 | BP19: -2.5306 | BQ19: -0.9665 | BR19: 196.0904 | BS19: -2.7285 | BT19: 0.3954 | BU19: 196.1379 | BV19: -2.1755 | BW19: 1.7671 | BX19: 196.0845 | BY19: -0.1974 | BZ19: 2.7039 | CA19: 196.0716 | CB19: 1.4239 | CC19: 2.314 | CD19: 196.143 | CE19: 2.6445 | CF19: 0.1392 | CG19: 196.0976 | CH19: 2.5429 | CI19: -0.9883 | CK19: =IF(BO19="","",(BO19-BO$10)*1000) -> -0.56918387 | CL19: =IF(BP19="","",(BP19-BP$10)*1000) -> 6.6010247 | CM19: =IF(BQ19="","",(BQ19-BQ$10)*1000) -> 3.1676918 | CN19: =IF(BR19="","",(BR19-BR$10)*1000) -> -9.3769518 | CO19: =IF(BS19="","",(BS19-BS$10)*1000) -> 4.7856942 | CP19: =IF(BT19="","",(BT19-BT$10)*1000) -> -4.2822305 | CQ19: =IF(BU19="","",(BU19-BU$10)*1000) -> -0.74824279 | CR19: =IF(BV19="","",(BV19-BV$10)*1000) -> 10.358372 | ... DE19: =IF(CI19="","",(CI19-CI$10)*1000) -> 1.6091504
A20: 43727 | B20: =A20-A$10 -> 22 | C20: 206.32 | D20: =C20-PM -> 10.22 | E20: 823244.33 | F20: 1091518.8 | G20: -124.548 | H20: 823244.24 | I20: 1091519 | J20: -123.1865 | K20: 823244.51 | L20: 1091518.5 | M20: -121.815 | N20: 823245.3 | O20: 1091516.7 | P20: -120.881 | Q20: 823245.97 | R20: 1091515.2 | S20: -121.2703 | T20: 823246.55 | U20: 1091514.1 | V20: -123.4422 | W20: 823246.47 | X20: 1091514.2 | Y20: -124.5697 | Z20: =IF(Xhaut="","",SQRT(((Xbasgauche-Xhaut)^2+(Ybasgauche-Yhaut)^2)+(Zbasgauche-Zhaut)^2)) -> 4.3462225 | AA20: =IF(Xhaut="","",SQRT(((Xintergauche-Xhaut)^2+(Yintergauche-Yhaut)^2)+(Zintergauche-Zhaut)^2)) -> 3.4233807 | AB20: =IF(Xhaut="","",SQRT(((Xhautgauche-Xhaut)^2+(Yhautgauche-Yhaut)^2)+(Zhautgauche-Zhaut)^2)) -> 2.1876565 | AC20: =IF(Xhaut="","",SQRT(((Xhautdroit-Xhaut)^2+(Yhautdroit-Yhaut)^2)+(Zhautdroit-Zhaut)^2)) -> 1.667047 | AD20: =IF(Xhaut="","",SQRT(((Xinterdroit-Xhaut)^2+(Yinterdroit-Yhaut)^2)+(Zinterdroit-Zhaut)^2)) -> 3.8254052 | AE20: =IF(Xhaut="","",SQRT(((Xbasdroit-Xhaut)^2+(Ybasdroit-Yhaut)^2)+(Zbasdroit-Zhaut)^2)) -> 4.5946041 | AF20: =IF(Xhautdroit="","",SQRT(((Xhautdroit-Xhautgauche)^2+(Yhautdroit-Yhautgauche)^2)+(Zhautdroit-Zhautgauche)^2)) -> 3.6400124 | AG20: =IF(Xinterdroit="","",SQRT(((Xinterdroit-Xintergauche)^2+(Yinterdroit-Yintergauche)^2)+(Zinterdroit-Zintergauche)^2)) -> 5.3778445 | AH20: =IF(Xbasdroit="","",SQRT(((Xbasdroit-Xbasgauche)^2+(Ybasdroit-Ybasgauche)^2)+(Zbasdroit-Zbasgauche)^2)) -> 5.0722192 | AI20: =IF(Z20="","",(Z20-Z$10)*1000) -> -27.916513 | AJ20: =IF(AA20="","",(AA20-AA$10)*1000) -> -17.783792 | AK20: =IF(AB20="","",(AB20-AB$10)*1000) -> -18.210378 | AL20: =IF(AC20="","",(AC20-AC$10)*1000) -> -3.2641506 | AM20: =IF(AD20="","",(AD20-AD$10)*1000) -> -23.115253 | AN20: =IF(AE20="","",(AE20-AE$10)*1000) -> -27.997854 | AO20: =IF(AF20="","",(AF20-AF$10)*1000) -> -13.169716 | AP20: =IF(AG20="","",(AG20-AG$10)*1000) -> -12.06767 | AQ20: =IF(AH20="","",(AH20-AH$10)*1000) -> -15.948027 | AS20: =IF(E20="","",(E20-E$10)*1000) -> 2.4 | AT20: =IF(F20="","",(F20-F$10)*1000) -> -6.2000002 | AU20: =IF(G20="","",(G20-G$10)*1000) -> 3.5 | AV20: =IF(H20="","",(H20-H$10)*1000) -> -6.5 | AW20: =IF(I20="","",(I20-I$10)*1000) -> -8.5 | AX20: =IF(J20="","",(J20-J$10)*1000) -> -4.3 | AY20: =IF(K20="","",(K20-K$10)*1000) -> 4 | AZ20: =IF(L20="","",(L20-L$10)*1000) -> -9.8999999 | ... BM20: =IF(Y20="","",(Y20-Y$10)*1000) -> 2.1 | BO20: 196.1043 | BP20: -2.5306 | BQ20: -0.9662 | BR20: 196.0903 | BS20: -2.7283 | BT20: 0.3955 | BU20: 196.1381 | BV20: -2.1752 | BW20: 1.7665 | BX20: 196.0839 | BY20: -0.1977 | BZ20: 2.701 | CA20: 196.0721 | CB20: 1.4232 | CC20: 2.3119 | CD20: 196.1432 | CE20: 2.6432 | CF20: 0.1392 | CG20: 196.0979 | CH20: 2.5416 | CI20: -0.9878 | CK20: =IF(BO20="","",(BO20-BO$10)*1000) -> -0.46918387 | CL20: =IF(BP20="","",(BP20-BP$10)*1000) -> 6.6010247 | CM20: =IF(BQ20="","",(BQ20-BQ$10)*1000) -> 3.4676918 | CN20: =IF(BR20="","",(BR20-BR$10)*1000) -> -9.4769518 | CO20: =IF(BS20="","",(BS20-BS$10)*1000) -> 4.9856942 | CP20: =IF(BT20="","",(BT20-BT$10)*1000) -> -4.1822305 | CQ20: =IF(BU20="","",(BU20-BU$10)*1000) -> -0.54824279 | CR20: =IF(BV20="","",(BV20-BV$10)*1000) -> 10.658372 | ... DE20: =IF(CI20="","",(CI20-CI$10)*1000) -> 2.1091504
A21: 43731 | B21: =A21-A$10 -> 26 | C21: 206.32 | D21: =C21-PM -> 10.22 | E21: 823244.33 | F21: 1091518.8 | G21: -124.5478 | H21: 823244.24 | I21: 1091519 | J21: -123.1865 | K21: 823244.51 | L21: 1091518.5 | M21: -121.8153 | N21: 823245.3 | O21: 1091516.7 | P21: -120.8836 | Q21: 823245.98 | R21: 1091515.2 | S21: -121.2722 | T21: 823246.55 | U21: 1091514.1 | V21: -123.4421 | W21: 823246.47 | X21: 1091514.2 | Y21: -124.5698 | Z21: =IF(Xhaut="","",SQRT(((Xbasgauche-Xhaut)^2+(Ybasgauche-Yhaut)^2)+(Zbasgauche-Zhaut)^2)) -> 4.3439314 | AA21: =IF(Xhaut="","",SQRT(((Xintergauche-Xhaut)^2+(Yintergauche-Yhaut)^2)+(Zintergauche-Zhaut)^2)) -> 3.4216041 | AB21: =IF(Xhaut="","",SQRT(((Xhautgauche-Xhaut)^2+(Yhautgauche-Yhaut)^2)+(Zhautgauche-Zhaut)^2)) -> 2.1862826 | AC21: =IF(Xhaut="","",SQRT(((Xhautdroit-Xhaut)^2+(Yhautdroit-Yhaut)^2)+(Zhautdroit-Zhaut)^2)) -> 1.6669572 | AD21: =IF(Xhaut="","",SQRT(((Xinterdroit-Xhaut)^2+(Yinterdroit-Yhaut)^2)+(Zinterdroit-Zhaut)^2)) -> 3.8232646 | AE21: =IF(Xhaut="","",SQRT(((Xbasdroit-Xhaut)^2+(Ybasdroit-Yhaut)^2)+(Zbasdroit-Zhaut)^2)) -> 4.5922963 | AF21: =IF(Xhautdroit="","",SQRT(((Xhautdroit-Xhautgauche)^2+(Yhautdroit-Yhautgauche)^2)+(Zhautdroit-Zhautgauche)^2)) -> 3.6394118 | AG21: =IF(Xinterdroit="","",SQRT(((Xinterdroit-Xintergauche)^2+(Yinterdroit-Yintergauche)^2)+(Zinterdroit-Zintergauche)^2)) -> 5.37735 | AH21: =IF(Xbasdroit="","",SQRT(((Xbasdroit-Xbasgauche)^2+(Ybasdroit-Ybasgauche)^2)+(Zbasdroit-Zbasgauche)^2)) -> 5.071845 | AI21: =IF(Z21="","",(Z21-Z$10)*1000) -> -30.207526 | AJ21: =IF(AA21="","",(AA21-AA$10)*1000) -> -19.560389 | AK21: =IF(AB21="","",(AB21-AB$10)*1000) -> -19.584261 | AL21: =IF(AC21="","",(AC21-AC$10)*1000) -> -3.3540246 | AM21: =IF(AD21="","",(AD21-AD$10)*1000) -> -25.255826 | AN21: =IF(AE21="","",(AE21-AE$10)*1000) -> -30.305685 | AO21: =IF(AF21="","",(AF21-AF$10)*1000) -> -13.770258 | AP21: =IF(AG21="","",(AG21-AG$10)*1000) -> -12.562169 | AQ21: =IF(AH21="","",(AH21-AH$10)*1000) -> -16.322193 | AS21: =IF(E21="","",(E21-E$10)*1000) -> 2.4 | AT21: =IF(F21="","",(F21-F$10)*1000) -> -3.6000002 | AU21: =IF(G21="","",(G21-G$10)*1000) -> 3.7 | AV21: =IF(H21="","",(H21-H$10)*1000) -> -6.1 | AW21: =IF(I21="","",(I21-I$10)*1000) -> -5.9 | AX21: =IF(J21="","",(J21-J$10)*1000) -> -4.3 | AY21: =IF(K21="","",(K21-K$10)*1000) -> 4.5 | AZ21: =IF(L21="","",(L21-L$10)*1000) -> -7.7 | ... BM21: =IF(Y21="","",(Y21-Y$10)*1000) -> 2 | BO21: 196.1054 | BP21: -2.5329 | BQ21: -0.966 | BR21: 196.0918 | BS21: -2.7305 | BT21: 0.3955 | BU21: 196.1395 | BV21: -2.177 | BW21: 1.7662 | BX21: 196.0851 | BY21: -0.1999 | BZ21: 2.6984 | CA21: 196.0737 | CB21: 1.4211 | CC21: 2.3099 | CD21: 196.1445 | CE21: 2.6405 | CF21: 0.1393 | CG21: 196.0996 | CH21: 2.5389 | CI21: -0.9879 | CK21: =IF(BO21="","",(BO21-BO$10)*1000) -> 0.63081613 | CL21: =IF(BP21="","",(BP21-BP$10)*1000) -> 4.3010247 | CM21: =IF(BQ21="","",(BQ21-BQ$10)*1000) -> 3.6676918 | CN21: =IF(BR21="","",(BR21-BR$10)*1000) -> -7.9769518 | CO21: =IF(BS21="","",(BS21-BS$10)*1000) -> 2.7856942 | CP21: =IF(BT21="","",(BT21-BT$10)*1000) -> -4.1822305 | CQ21: =IF(BU21="","",(BU21-BU$10)*1000) -> 0.85175721 | CR21: =IF(BV21="","",(BV21-BV$10)*1000) -> 8.8583723 | ... DE21: =IF(CI21="","",(CI21-CI$10)*1000) -> 2.0091504
A22: 43734 | B22: =A22-A$10 -> 29 | C22: 206.32 | D22: =C22-PM -> 10.22 | E22: 823244.33 | F22: 1091518.8 | G22: -124.5478 | H22: 823244.24 | I22: 1091519 | J22: -123.1866 | K22: 823244.51 | L22: 1091518.5 | M22: -121.8158 | N22: 823245.3 | O22: 1091516.7 | P22: -120.885 | Q22: 823245.97 | R22: 1091515.2 | S22: -121.2734 | T22: 823246.55 | U22: 1091514.1 | V22: -123.4421 | W22: 823246.47 | X22: 1091514.2 | Y22: -124.5697 | Z22: =IF(Xhaut="","",SQRT(((Xbasgauche-Xhaut)^2+(Ybasgauche-Yhaut)^2)+(Zbasgauche-Zhaut)^2)) -> 4.3426349 | AA22: =IF(Xhaut="","",SQRT(((Xintergauche-Xhaut)^2+(Yintergauche-Yhaut)^2)+(Zintergauche-Zhaut)^2)) -> 3.4205999 | AB22: =IF(Xhaut="","",SQRT(((Xhautgauche-Xhaut)^2+(Yhautgauche-Yhaut)^2)+(Zhautgauche-Zhaut)^2)) -> 2.1857802 | AC22: =IF(Xhaut="","",SQRT(((Xhautdroit-Xhaut)^2+(Yhautdroit-Yhaut)^2)+(Zhautdroit-Zhaut)^2)) -> 1.6668221 | AD22: =IF(Xhaut="","",SQRT(((Xinterdroit-Xhaut)^2+(Yinterdroit-Yhaut)^2)+(Zinterdroit-Zhaut)^2)) -> 3.8220591 | AE22: =IF(Xhaut="","",SQRT(((Xbasdroit-Xhaut)^2+(Ybasdroit-Yhaut)^2)+(Zbasdroit-Zhaut)^2)) -> 4.5908169 | AF22: =IF(Xhautdroit="","",SQRT(((Xhautdroit-Xhautgauche)^2+(Yhautdroit-Yhautgauche)^2)+(Zhautdroit-Zhautgauche)^2)) -> 3.6390866 | AG22: =IF(Xinterdroit="","",SQRT(((Xinterdroit-Xintergauche)^2+(Yinterdroit-Yintergauche)^2)+(Zinterdroit-Zintergauche)^2)) -> 5.3768007 | AH22: =IF(Xbasdroit="","",SQRT(((Xbasdroit-Xbasgauche)^2+(Ybasdroit-Ybasgauche)^2)+(Zbasdroit-Zbasgauche)^2)) -> 5.0711613 | AI22: =IF(Z22="","",(Z22-Z$10)*1000) -> -31.50411 | AJ22: =IF(AA22="","",(AA22-AA$10)*1000) -> -20.564518 | AK22: =IF(AB22="","",(AB22-AB$10)*1000) -> -20.086644 | AL22: =IF(AC22="","",(AC22-AC$10)*1000) -> -3.4890575 | AM22: =IF(AD22="","",(AD22-AD$10)*1000) -> -26.461363 | AN22: =IF(AE22="","",(AE22-AE$10)*1000) -> -31.785089 | AO22: =IF(AF22="","",(AF22-AF$10)*1000) -> -14.095531 | AP22: =IF(AG22="","",(AG22-AG$10)*1000) -> -13.111444 | AQ22: =IF(AH22="","",(AH22-AH$10)*1000) -> -17.005864 | AS22: =IF(E22="","",(E22-E$10)*1000) -> 1.3 | AT22: =IF(F22="","",(F22-F$10)*1000) -> -4.3000001 | AU22: =IF(G22="","",(G22-G$10)*1000) -> 3.7 | AV22: =IF(H22="","",(H22-H$10)*1000) -> -7.3000001 | AW22: =IF(I22="","",(I22-I$10)*1000) -> -6.6 | AX22: =IF(J22="","",(J22-J$10)*1000) -> -4.4 | AY22: =IF(K22="","",(K22-K$10)*1000) -> 3.2 | AZ22: =IF(L22="","",(L22-L$10)*1000) -> -8.3999999 | ... BM22: =IF(Y22="","",(Y22-Y$10)*1000) -> 2.1 | BO22: 196.1041 | BP22: -2.5328 | BQ22: -0.966 | BR22: 196.0904 | BS22: -2.7304 | BT22: 0.3954 | BU22: 196.138 | BV22: -2.1769 | BW22: 1.7657 | BX22: 196.0835 | BY22: -0.2 | BZ22: 2.697 | CA22: 196.0722 | CB22: 1.4209 | CC22: 2.3088 | CD22: 196.1436 | CE22: 2.6401 | CF22: 0.1393 | CG22: 196.0987 | CH22: 2.5384 | CI22: -0.9878 | CK22: =IF(BO22="","",(BO22-BO$10)*1000) -> -0.66918387 | CL22: =IF(BP22="","",(BP22-BP$10)*1000) -> 4.4010247 | CM22: =IF(BQ22="","",(BQ22-BQ$10)*1000) -> 3.6676918 | CN22: =IF(BR22="","",(BR22-BR$10)*1000) -> -9.3769518 | CO22: =IF(BS22="","",(BS22-BS$10)*1000) -> 2.8856942 | CP22: =IF(BT22="","",(BT22-BT$10)*1000) -> -4.2822305 | CQ22: =IF(BU22="","",(BU22-BU$10)*1000) -> -0.64824279 | CR22: =IF(BV22="","",(BV22-BV$10)*1000) -> 8.9583723 | ... DE22: =IF(CI22="","",(CI22-CI$10)*1000) -> 2.1091504
... A34: 43782 | B34: =A34-A$10 -> 77 | C34: 219.45 | D34: =C34-PM -> 23.35 | E34: 823244.33 | F34: 1091518.8 | G34: -124.5461 | H34: 823244.24 | I34: 1091519 | J34: -123.1861 | K34: 823244.51 | L34: 1091518.5 | M34: -121.8181 | N34: 823245.3 | O34: 1091516.7 | P34: -120.9029 | Q34: 823245.97 | R34: 1091515.2 | S34: -121.2872 | T34: 823246.55 | U34: 1091514.1 | V34: -123.4413 | W34: 823246.47 | X34: 1091514.2 | Y34: -124.5682 | Z34: =IF(Xhaut="","",SQRT(((Xbasgauche-Xhaut)^2+(Ybasgauche-Yhaut)^2)+(Zbasgauche-Zhaut)^2)) -> 4.3254552 | AA34: =IF(Xhaut="","",SQRT(((Xintergauche-Xhaut)^2+(Yintergauche-Yhaut)^2)+(Zintergauche-Zhaut)^2)) -> 3.4071198 | AB34: =IF(Xhaut="","",SQRT(((Xhautgauche-Xhaut)^2+(Yhautgauche-Yhaut)^2)+(Zhautgauche-Zhaut)^2)) -> 2.1767088 | AC34: =IF(Xhaut="","",SQRT(((Xhautdroit-Xhaut)^2+(Yhautdroit-Yhaut)^2)+(Zhautdroit-Zhaut)^2)) -> 1.6656481 | AD34: =IF(Xhaut="","",SQRT(((Xinterdroit-Xhaut)^2+(Yinterdroit-Yhaut)^2)+(Zinterdroit-Zhaut)^2)) -> 3.8062938 | AE34: =IF(Xhaut="","",SQRT(((Xbasdroit-Xhaut)^2+(Ybasdroit-Yhaut)^2)+(Zbasdroit-Zhaut)^2)) -> 4.5725976 | AF34: =IF(Xhautdroit="","",SQRT(((Xhautdroit-Xhautgauche)^2+(Yhautdroit-Yhautgauche)^2)+(Zhautdroit-Zhautgauche)^2)) -> 3.634407 | AG34: =IF(Xinterdroit="","",SQRT(((Xinterdroit-Xintergauche)^2+(Yinterdroit-Yintergauche)^2)+(Zinterdroit-Zintergauche)^2)) -> 5.3707999 | AH34: =IF(Xbasdroit="","",SQRT(((Xbasdroit-Xbasgauche)^2+(Ybasdroit-Ybasgauche)^2)+(Zbasdroit-Zbasgauche)^2)) -> 5.0654352 | AI34: =IF(Z34="","",(Z34-Z$10)*1000) -> -48.683728 | AJ34: =IF(AA34="","",(AA34-AA$10)*1000) -> -34.044631 | AK34: =IF(AB34="","",(AB34-AB$10)*1000) -> -29.158082 | AL34: =IF(AC34="","",(AC34-AC$10)*1000) -> -4.6631117 | AM34: =IF(AD34="","",(AD34-AD$10)*1000) -> -42.226698 | AN34: =IF(AE34="","",(AE34-AE$10)*1000) -> -50.004377 | AO34: =IF(AF34="","",(AF34-AF$10)*1000) -> -18.775102 | AP34: =IF(AG34="","",(AG34-AG$10)*1000) -> -19.112241 | AQ34: =IF(AH34="","",(AH34-AH$10)*1000) -> -22.732047 | AS34: =IF(E34="","",(E34-E$10)*1000) -> 1.8 | AT34: =IF(F34="","",(F34-F$10)*1000) -> -5.8000002 | AU34: =IF(G34="","",(G34-G$10)*1000) -> 5.4 | AV34: =IF(H34="","",(H34-H$10)*1000) -> -6.8 | AW34: =IF(I34="","",(I34-I$10)*1000) -> -8.3999999 | AX34: =IF(J34="","",(J34-J$10)*1000) -> -3.9 | AY34: =IF(K34="","",(K34-K$10)*1000) -> 3.7 | AZ34: =IF(L34="","",(L34-L$10)*1000) -> -11.6 | ... BM34: =IF(Y34="","",(Y34-Y$10)*1000) -> 3.6 | BO34: 196.10395 | BP34: -2.5311838 | BQ34: -0.96425949 | BR34: 196.09006 | BS34: -2.7285469 | BT34: 0.39587936 | BU34: 196.1371 | BV34: -2.1737816 | BW34: 1.763409 | BX34: 196.08019 | BY34: -0.19964084 | BZ34: 2.6791781 | CA34: 196.07171 | CB34: 1.4210458 | CC34: 2.2949629 | CD34: 196.14324 | CE34: 2.635923 | CF34: 0.14014757 | CG34: 196.09855 | CH34: 2.5342003 | CI34: -0.98630548 | CK34: =IF(BO34="","",(BO34-BO$10)*1000) -> -0.82005607 | CL34: =IF(BP34="","",(BP34-BP$10)*1000) -> 6.0172676 | CM34: =IF(BQ34="","",(BQ34-BQ$10)*1000) -> 5.4082006 | CN34: =IF(BR34="","",(BR34-BR$10)*1000) -> -9.7130628 | CO34: =IF(BS34="","",(BS34-BS$10)*1000) -> 4.7388195 | CP34: =IF(BT34="","",(BT34-BT$10)*1000) -> -3.8028694 | CQ34: =IF(BU34="","",(BU34-BU$10)*1000) -> -1.5494828 | CR34: =IF(BV34="","",(BV34-BV$10)*1000) -> 12.0768 | ... DE34: =IF(CI34="","",(CI34-CI$10)*1000) -> 3.6036678
A35: 43783 | B35: =IF(A35="","",A35-excav) -> 78 | C35: 220.5 | D35: =IF(C35="","",+C35-$W$6) -> 24.4 | E35: 823244.33 | F35: 1091518.8 | G35: -124.545 | H35: 823244.24 | I35: 1091519 | J35: -123.185 | K35: 823244.51 | L35: 1091518.5 | M35: -121.8169 | N35: 823245.3 | O35: 1091516.7 | P35: -120.9021 | Q35: 823245.97 | R35: 1091515.2 | S35: -121.2863 | T35: 823246.55 | U35: 1091514.1 | V35: -123.4401 | W35: 823246.47 | X35: 1091514.2 | Y35: -124.5671 | Z35: =IF(Xhaut="","",SQRT(((Xbasgauche-Xhaut)^2+(Ybasgauche-Yhaut)^2)+(Zbasgauche-Zhaut)^2)) -> 4.3249662 | AA35: =IF(Xhaut="","",SQRT(((Xintergauche-Xhaut)^2+(Yintergauche-Yhaut)^2)+(Zintergauche-Zhaut)^2)) -> 3.4065922 | AB35: =IF(Xhaut="","",SQRT(((Xhautgauche-Xhaut)^2+(Yhautgauche-Yhaut)^2)+(Zhautgauche-Zhaut)^2)) -> 2.1763021 | AC35: =IF(Xhaut="","",SQRT(((Xhautdroit-Xhaut)^2+(Yhautdroit-Yhaut)^2)+(Zhautdroit-Zhaut)^2)) -> 1.6657947 | AD35: =IF(Xhaut="","",SQRT(((Xinterdroit-Xhaut)^2+(Yinterdroit-Yhaut)^2)+(Zinterdroit-Zhaut)^2)) -> 3.8060279 | AE35: =IF(Xhaut="","",SQRT(((Xbasdroit-Xhaut)^2+(Ybasdroit-Yhaut)^2)+(Zbasdroit-Zhaut)^2)) -> 4.5723571 | AF35: =IF(Xhautdroit="","",SQRT(((Xhautdroit-Xhautgauche)^2+(Yhautdroit-Yhautgauche)^2)+(Zhautdroit-Zhautgauche)^2)) -> 3.6342728 | AG35: =IF(Xinterdroit="","",SQRT(((Xinterdroit-Xintergauche)^2+(Yinterdroit-Yintergauche)^2)+(Zinterdroit-Zintergauche)^2)) -> 5.3703563 | AH35: =IF(Xbasdroit="","",SQRT(((Xbasdroit-Xbasgauche)^2+(Ybasdroit-Ybasgauche)^2)+(Zbasdroit-Zbasgauche)^2)) -> 5.0649945 | AI35: =IF(Z35="","",(Z35-Z$10)*1000) -> -49.172786 | AJ35: =IF(AA35="","",(AA35-AA$10)*1000) -> -34.572267 | AK35: =IF(AB35="","",(AB35-AB$10)*1000) -> -29.564771 | AL35: =IF(AC35="","",(AC35-AC$10)*1000) -> -4.5164485 | AM35: =IF(AD35="","",(AD35-AD$10)*1000) -> -42.492597 | AN35: =IF(AE35="","",(AE35-AE$10)*1000) -> -50.244847 | AO35: =IF(AF35="","",(AF35-AF$10)*1000) -> -18.909317 | AP35: =IF(AG35="","",(AG35-AG$10)*1000) -> -19.555857 | AQ35: =IF(AH35="","",(AH35-AH$10)*1000) -> -23.172734 | AS35: =IF(E35="","",(E35-E$10)*1000) -> 2.4 | AT35: =IF(F35="","",(F35-F$10)*1000) -> -4.6000001 | AU35: =IF(G35="","",(G35-G$10)*1000) -> 6.5 | AV35: =IF(H35="","",(H35-H$10)*1000) -> -6.2000001 | AW35: =IF(I35="","",(I35-I$10)*1000) -> -7.2000001 | AX35: =IF(J35="","",(J35-J$10)*1000) -> -2.8 | AY35: =IF(K35="","",(K35-K$10)*1000) -> 4.1 | AZ35: =IF(L35="","",(L35-L$10)*1000) -> -10.3 | ... BM35: =IF(Y35="","",(Y35-Y$10)*1000) -> 4.7 | BO35: 196.105 | BP35: -2.532 | BQ35: -0.9632 | BR35: 196.0911 | BS35: -2.7294 | BT35: 0.397 | BU35: 196.138 | BV35: -2.1748 | BW35: 1.7646 | BX35: 196.081 | BY35: -0.2009 | BZ35: 2.68 | CA35: 196.0727 | CB35: 1.4199 | CC35: 2.2959 | CD35: 196.1438 | CE35: 2.6347 | CF35: 0.1413 | CG35: 196.0994 | CH35: 2.5329 | CI35: -0.9852 | CK35: =IF(BO35="","",(BO35-BO$10)*1000) -> 0.23081613 | CL35: =IF(BP35="","",(BP35-BP$10)*1000) -> 5.2010247 | CM35: =IF(BQ35="","",(BQ35-BQ$10)*1000) -> 6.4676918 | CN35: =IF(BR35="","",(BR35-BR$10)*1000) -> -8.6769518 | CO35: =IF(BS35="","",(BS35-BS$10)*1000) -> 3.8856942 | CP35: =IF(BT35="","",(BT35-BT$10)*1000) -> -2.6822305 | CQ35: =IF(BU35="","",(BU35-BU$10)*1000) -> -0.64824279 | CR35: =IF(BV35="","",(BV35-BV$10)*1000) -> 11.058372 | ... DE35: =IF(CI35="","",(CI35-CI$10)*1000) -> 4.7091504
A36: 43787 | B36: =IF(A36="","",A36-excav) -> 82 | C36: 221.7 | D36: =IF(C36="","",+C36-$W$6) -> 25.6 | E36: 823244.33 | F36: 1091518.8 | G36: -124.5448 | H36: 823244.24 | I36: 1091519 | J36: -123.1849 | K36: 823244.51 | L36: 1091518.5 | M36: -121.8169 | N36: 823245.3 | O36: 1091516.7 | P36: -120.903 | Q36: 823245.97 | R36: 1091515.2 | S36: -121.2868 | T36: 823246.55 | U36: 1091514.1 | V36: -123.4401 | W36: 823246.47 | X36: 1091514.2 | Y36: -124.5668 | Z36: =IF(Xhaut="","",SQRT(((Xbasgauche-Xhaut)^2+(Ybasgauche-Yhaut)^2)+(Zbasgauche-Zhaut)^2)) -> 4.3241247 | AA36: =IF(Xhaut="","",SQRT(((Xintergauche-Xhaut)^2+(Yintergauche-Yhaut)^2)+(Zintergauche-Zhaut)^2)) -> 3.4061037 | AB36: =IF(Xhaut="","",SQRT(((Xhautgauche-Xhaut)^2+(Yhautgauche-Yhaut)^2)+(Zhautgauche-Zhaut)^2)) -> 2.1760056 | AC36: =IF(Xhaut="","",SQRT(((Xhautdroit-Xhaut)^2+(Yhautdroit-Yhaut)^2)+(Zhautdroit-Zhaut)^2)) -> 1.6657362 | AD36: =IF(Xhaut="","",SQRT(((Xinterdroit-Xhaut)^2+(Yinterdroit-Yhaut)^2)+(Zinterdroit-Zhaut)^2)) -> 3.8055259 | AE36: =IF(Xhaut="","",SQRT(((Xbasdroit-Xhaut)^2+(Ybasdroit-Yhaut)^2)+(Zbasdroit-Zhaut)^2)) -> 4.5713129 | AF36: =IF(Xhautdroit="","",SQRT(((Xhautdroit-Xhautgauche)^2+(Yhautdroit-Yhautgauche)^2)+(Zhautdroit-Zhautgauche)^2)) -> 3.6343104 | AG36: =IF(Xinterdroit="","",SQRT(((Xinterdroit-Xintergauche)^2+(Yinterdroit-Yintergauche)^2)+(Zinterdroit-Zintergauche)^2)) -> 5.3707215 | AH36: =IF(Xbasdroit="","",SQRT(((Xbasdroit-Xbasgauche)^2+(Ybasdroit-Ybasgauche)^2)+(Zbasdroit-Zbasgauche)^2)) -> 5.0650068 | AI36: =IF(Z36="","",(Z36-Z$10)*1000) -> -50.014265 | AJ36: =IF(AA36="","",(AA36-AA$10)*1000) -> -35.060767 | AK36: =IF(AB36="","",(AB36-AB$10)*1000) -> -29.861262 | AL36: =IF(AC36="","",(AC36-AC$10)*1000) -> -4.57501 | AM36: =IF(AD36="","",(AD36-AD$10)*1000) -> -42.994543 | AN36: =IF(AE36="","",(AE36-AE$10)*1000) -> -51.289072 | AO36: =IF(AF36="","",(AF36-AF$10)*1000) -> -18.871741 | AP36: =IF(AG36="","",(AG36-AG$10)*1000) -> -19.190673 | AQ36: =IF(AH36="","",(AH36-AH$10)*1000) -> -23.160455 | AS36: =IF(E36="","",(E36-E$10)*1000) -> 2.9000001 | AT36: =IF(F36="","",(F36-F$10)*1000) -> -5.8000002 | AU36: =IF(G36="","",(G36-G$10)*1000) -> 6.7 | AV36: =IF(H36="","",(H36-H$10)*1000) -> -5.7 | AW36: =IF(I36="","",(I36-I$10)*1000) -> -8.3000001 | AX36: =IF(J36="","",(J36-J$10)*1000) -> -2.7 | AY36: =IF(K36="","",(K36-K$10)*1000) -> 4.8 | AZ36: =IF(L36="","",(L36-L$10)*1000) -> -11.5 | ... BM36: =IF(Y36="","",(Y36-Y$10)*1000) -> 5 | BO36: 196.1049 | BP36: -2.5307 | BQ36: -0.963 | BR36: 196.0911 | BS36: -2.7282 | BT36: 0.3971 | BU36: 196.1381 | BV36: -2.1734 | BW36: 1.7646 | BX36: 196.0803 | BY36: -0.1995 | BZ36: 2.6791 | CA36: 196.0723 | CB36: 1.4214 | CC36: 2.2954 | CD36: 196.1437 | CE36: 2.6362 | CF36: 0.1413 | CG36: 196.0989 | CH36: 2.5342 | CI36: -0.9849 | CK36: =IF(BO36="","",(BO36-BO$10)*1000) -> 0.13081613 | CL36: =IF(BP36="","",(BP36-BP$10)*1000) -> 6.5010247 | CM36: =IF(BQ36="","",(BQ36-BQ$10)*1000) -> 6.6676918 | CN36: =IF(BR36="","",(BR36-BR$10)*1000) -> -8.6769518 | CO36: =IF(BS36="","",(BS36-BS$10)*1000) -> 5.0856942 | CP36: =IF(BT36="","",(BT36-BT$10)*1000) -> -2.5822305 | CQ36: =IF(BU36="","",(BU36-BU$10)*1000) -> -0.54824279 | CR36: =IF(BV36="","",(BV36-BV$10)*1000) -> 12.458372 | ... DE36: =IF(CI36="","",(CI36-CI$10)*1000) -> 5.0091504
A37: 43790 | B37: =IF(A37="","",A37-excav) -> 85 | C37: 222.9 | D37: =IF(C37="","",+C37-$W$6) -> 26.8 | E37: 823244.33 | F37: 1091518.8 | G37: -124.5446 | H37: 823244.24 | I37: 1091519 | J37: -123.1848 | K37: 823244.51 | L37: 1091518.5 | M37: -121.817 | N37: 823245.3 | O37: 1091516.7 | P37: -120.9035 | Q37: 823245.97 | R37: 1091515.2 | S37: -121.2872 | T37: 823246.55 | U37: 1091514.1 | V37: -123.4399 | W37: 823246.47 | X37: 1091514.2 | Y37: -124.5667 | Z37: =IF(Xhaut="","",SQRT(((Xbasgauche-Xhaut)^2+(Ybasgauche-Yhaut)^2)+(Zbasgauche-Zhaut)^2)) -> 4.3234279 | AA37: =IF(Xhaut="","",SQRT(((Xintergauche-Xhaut)^2+(Yintergauche-Yhaut)^2)+(Zintergauche-Zhaut)^2)) -> 3.4055358 | AB37: =IF(Xhaut="","",SQRT(((Xhautgauche-Xhaut)^2+(Yhautgauche-Yhaut)^2)+(Zhautgauche-Zhaut)^2)) -> 2.1756595 | AC37: =IF(Xhaut="","",SQRT(((Xhautdroit-Xhaut)^2+(Yhautdroit-Yhaut)^2)+(Zhautdroit-Zhaut)^2)) -> 1.6656725 | AD37: =IF(Xhaut="","",SQRT(((Xinterdroit-Xhaut)^2+(Yinterdroit-Yhaut)^2)+(Zinterdroit-Zhaut)^2)) -> 3.8047589 | AE37: =IF(Xhaut="","",SQRT(((Xbasdroit-Xhaut)^2+(Ybasdroit-Yhaut)^2)+(Zbasdroit-Zhaut)^2)) -> 4.5705902 | AF37: =IF(Xhautdroit="","",SQRT(((Xhautdroit-Xhautgauche)^2+(Yhautdroit-Yhautgauche)^2)+(Zhautdroit-Zhautgauche)^2)) -> 3.6340355 | AG37: =IF(Xinterdroit="","",SQRT(((Xinterdroit-Xintergauche)^2+(Yinterdroit-Yintergauche)^2)+(Zinterdroit-Zintergauche)^2)) -> 5.3700899 | AH37: =IF(Xbasdroit="","",SQRT(((Xbasdroit-Xbasgauche)^2+(Ybasdroit-Ybasgauche)^2)+(Zbasdroit-Zbasgauche)^2)) -> 5.0644083 | AI37: =IF(Z37="","",(Z37-Z$10)*1000) -> -50.711094 | AJ37: =IF(AA37="","",(AA37-AA$10)*1000) -> -35.628646 | AK37: =IF(AB37="","",(AB37-AB$10)*1000) -> -30.207361 | AL37: =IF(AC37="","",(AC37-AC$10)*1000) -> -4.638737 | AM37: =IF(AD37="","",(AD37-AD$10)*1000) -> -43.761535 | AN37: =IF(AE37="","",(AE37-AE$10)*1000) -> -52.011704 | AO37: =IF(AF37="","",(AF37-AF$10)*1000) -> -19.146551 | AP37: =IF(AG37="","",(AG37-AG$10)*1000) -> -19.822281 | AQ37: =IF(AH37="","",(AH37-AH$10)*1000) -> -23.758947 | AS37: =IF(E37="","",(E37-E$10)*1000) -> 1.8 | AT37: =IF(F37="","",(F37-F$10)*1000) -> -5.7000001 | AU37: =IF(G37="","",(G37-G$10)*1000) -> 6.9 | AV37: =IF(H37="","",(H37-H$10)*1000) -> -6.3 | AW37: =IF(I37="","",(I37-I$10)*1000) -> -7.9999999 | AX37: =IF(J37="","",(J37-J$10)*1000) -> -2.6 | AY37: =IF(K37="","",(K37-K$10)*1000) -> 3.9 | AZ37: =IF(L37="","",(L37-L$10)*1000) -> -11.3 | ... BM37: =IF(Y37="","",(Y37-Y$10)*1000) -> 5.1 | BO37: 196.104 | BP37: -2.5313 | BQ37: -0.9628 | BR37: 196.0907 | BS37: -2.7287 | BT37: 0.3972 | BU37: 196.1374 | BV37: -2.174 | BW37: 1.7645 | BX37: 196.0799 | BY37: -0.2002 | BZ37: 2.6786 | CA37: 196.0718 | CB37: 1.4206 | CC37: 2.295 | CD37: 196.1433 | CE37: 2.6351 | CF37: 0.1415 | CG37: 196.0985 | CH37: 2.5331 | CI37: -0.9848 | CK37: =IF(BO37="","",(BO37-BO$10)*1000) -> -0.76918387 | CL37: =IF(BP37="","",(BP37-BP$10)*1000) -> 5.9010247 | CM37: =IF(BQ37="","",(BQ37-BQ$10)*1000) -> 6.8676918 | CN37: =IF(BR37="","",(BR37-BR$10)*1000) -> -9.0769518 | CO37: =IF(BS37="","",(BS37-BS$10)*1000) -> 4.5856942 | CP37: =IF(BT37="","",(BT37-BT$10)*1000) -> -2.4822305 | CQ37: =IF(BU37="","",(BU37-BU$10)*1000) -> -1.2482428 | CR37: =IF(BV37="","",(BV37-BV$10)*1000) -> 11.858372 | ... DE37: =IF(CI37="","",(CI37-CI$10)*1000) -> 5.1091504
A38: 43795 | B38: =IF(A38="","",A38-excav) -> 90 | C38: 222.9 | D38: =IF(C38="","",+C38-$W$6) -> 26.8 | E38: 823244.33 | F38: 1091518.8 | G38: -124.5451 | H38: 823244.24 | I38: 1091519 | J38: -123.1854 | K38: 823244.51 | L38: 1091518.5 | M38: -121.8179 | N38: 823245.3 | O38: 1091516.7 | P38: -120.9061 | Q38: 823245.97 | R38: 1091515.2 | S38: -121.2894 | T38: 823246.55 | U38: 1091514.1 | V38: -123.4406 | W38: 823246.47 | X38: 1091514.2 | Y38: -124.5672 | Z38: =IF(Xhaut="","",SQRT(((Xbasgauche-Xhaut)^2+(Ybasgauche-Yhaut)^2)+(Zbasgauche-Zhaut)^2)) -> 4.3217222 | AA38: =IF(Xhaut="","",SQRT(((Xintergauche-Xhaut)^2+(Yintergauche-Yhaut)^2)+(Zintergauche-Zhaut)^2)) -> 3.4042016 | AB38: =IF(Xhaut="","",SQRT(((Xhautgauche-Xhaut)^2+(Yhautgauche-Yhaut)^2)+(Zhautgauche-Zhaut)^2)) -> 2.1749218 | AC38: =IF(Xhaut="","",SQRT(((Xhautdroit-Xhaut)^2+(Yhautdroit-Yhaut)^2)+(Zhautdroit-Zhaut)^2)) -> 1.6652745 | AD38: =IF(Xhaut="","",SQRT(((Xinterdroit-Xhaut)^2+(Yinterdroit-Yhaut)^2)+(Zinterdroit-Zhaut)^2)) -> 3.8035264 | AE38: =IF(Xhaut="","",SQRT(((Xbasdroit-Xhaut)^2+(Ybasdroit-Yhaut)^2)+(Zbasdroit-Zhaut)^2)) -> 4.5685831 | AF38: =IF(Xhautdroit="","",SQRT(((Xhautdroit-Xhautgauche)^2+(Yhautdroit-Yhautgauche)^2)+(Zhautdroit-Zhautgauche)^2)) -> 3.6335047 | AG38: =IF(Xinterdroit="","",SQRT(((Xinterdroit-Xintergauche)^2+(Yinterdroit-Yintergauche)^2)+(Zinterdroit-Zintergauche)^2)) -> 5.3701455 | AH38: =IF(Xbasdroit="","",SQRT(((Xbasdroit-Xbasgauche)^2+(Ybasdroit-Ybasgauche)^2)+(Zbasdroit-Zbasgauche)^2)) -> 5.0639739 | AI38: =IF(Z38="","",(Z38-Z$10)*1000) -> -52.416736 | AJ38: =IF(AA38="","",(AA38-AA$10)*1000) -> -36.962837 | AK38: =IF(AB38="","",(AB38-AB$10)*1000) -> -30.94509 | AL38: =IF(AC38="","",(AC38-AC$10)*1000) -> -5.0367259 | AM38: =IF(AD38="","",(AD38-AD$10)*1000) -> -44.994045 | AN38: =IF(AE38="","",(AE38-AE$10)*1000) -> -54.018869 | AO38: =IF(AF38="","",(AF38-AF$10)*1000) -> -19.677353 | AP38: =IF(AG38="","",(AG38-AG$10)*1000) -> -19.766612 | AQ38: =IF(AH38="","",(AH38-AH$10)*1000) -> -24.193275 | AS38: =IF(E38="","",(E38-E$10)*1000) -> 3.1 | AT38: =IF(F38="","",(F38-F$10)*1000) -> -6.4000001 | AU38: =IF(G38="","",(G38-G$10)*1000) -> 6.4 | AV38: =IF(H38="","",(H38-H$10)*1000) -> -5.4 | AW38: =IF(I38="","",(I38-I$10)*1000) -> -9.0000001 | AX38: =IF(J38="","",(J38-J$10)*1000) -> -3.2 | AY38: =IF(K38="","",(K38-K$10)*1000) -> 4.9000001 | AZ38: =IF(L38="","",(L38-L$10)*1000) -> -12.3 | ... BM38: =IF(Y38="","",(Y38-Y$10)*1000) -> 4.6 | BO38: 196.1049 | BP38: -2.5301 | BQ38: -0.9633 | BR38: 196.0911 | BS38: -2.7274 | BT38: 0.3966 | BU38: 196.1379 | BV38: -2.1726 | BW38: 1.7636 | BX38: 196.0801 | BY38: -0.1989 | BZ38: 2.676 | CA38: 196.072 | CB38: 1.4216 | CC38: 2.2928 | CD38: 196.1433 | CE38: 2.6364 | CF38: 0.1408 | CG38: 196.0989 | CH38: 2.5338 | CI38: -0.9853 | CK38: =IF(BO38="","",(BO38-BO$10)*1000) -> 0.13081613 | CL38: =IF(BP38="","",(BP38-BP$10)*1000) -> 7.1010247 | CM38: =IF(BQ38="","",(BQ38-BQ$10)*1000) -> 6.3676918 | CN38: =IF(BR38="","",(BR38-BR$10)*1000) -> -8.6769518 | CO38: =IF(BS38="","",(BS38-BS$10)*1000) -> 5.8856942 | CP38: =IF(BT38="","",(BT38-BT$10)*1000) -> -3.0822305 | CQ38: =IF(BU38="","",(BU38-BU$10)*1000) -> -0.74824279 | CR38: =IF(BV38="","",(BV38-BV$10)*1000) -> 13.258372 | ... DE38: =IF(CI38="","",(CI38-CI$10)*1000) -> 4.6091504
A39: 43797 | B39: =IF(A39="","",A39-excav) -> 92 | C39: 222.9 | D39: =IF(C39="","",+C39-$W$6) -> 26.8 | E39: 823244.33 | F39: 1091518.8 | G39: -124.5447 | K39: 823244.52 | L39: 1091518.5 | M39: -121.8181 | N39: 823245.3 | O39: 1091516.7 | P39: -120.9114 | Q39: 823245.98 | R39: 1091515.2 | S39: -121.293 | T39: 823246.55 | U39: 1091514.1 | V39: -123.4401 | W39: 823246.47 | X39: 1091514.2 | Y39: -124.5666 | Z39: =IF(Xhaut="","",SQRT(((Xbasgauche-Xhaut)^2+(Ybasgauche-Yhaut)^2)+(Zbasgauche-Zhaut)^2)) -> 4.316347 | AB39: =IF(Xhaut="","",SQRT(((Xhautgauche-Xhaut)^2+(Yhautgauche-Yhaut)^2)+(Zhautgauche-Zhaut)^2)) -> 2.1716319 | AC39: =IF(Xhaut="","",SQRT(((Xhautdroit-Xhaut)^2+(Yhautdroit-Yhaut)^2)+(Zhautdroit-Zhaut)^2)) -> 1.6658019 | AD39: =IF(Xhaut="","",SQRT(((Xinterdroit-Xhaut)^2+(Yinterdroit-Yhaut)^2)+(Zinterdroit-Zhaut)^2)) -> 3.7987661 | AE39: =IF(Xhaut="","",SQRT(((Xbasdroit-Xhaut)^2+(Ybasdroit-Yhaut)^2)+(Zbasdroit-Zhaut)^2)) -> 4.5636593 | AF39: =IF(Xhautdroit="","",SQRT(((Xhautdroit-Xhautgauche)^2+(Yhautdroit-Yhautgauche)^2)+(Zhautdroit-Zhautgauche)^2)) -> 3.6326902 | AH39: =IF(Xbasdroit="","",SQRT(((Xbasdroit-Xbasgauche)^2+(Ybasdroit-Ybasgauche)^2)+(Zbasdroit-Zbasgauche)^2)) -> 5.0625962 | AI39: =IF(Z39="","",(Z39-Z$10)*1000) -> -57.792018 | AJ39: =IF(AA39="","",(AA39-AA$10)*1000) | AK39: =IF(AB39="","",(AB39-AB$10)*1000) -> -34.234975 | AL39: =IF(AC39="","",(AC39-AC$10)*1000) -> -4.5092957 | AM39: =IF(AD39="","",(AD39-AD$10)*1000) -> -49.754354 | AN39: =IF(AE39="","",(AE39-AE$10)*1000) -> -58.942608 | AO39: =IF(AF39="","",(AF39-AF$10)*1000) -> -20.491869 | AP39: =IF(AG39="","",(AG39-AG$10)*1000) | AQ39: =IF(AH39="","",(AH39-AH$10)*1000) -> -25.571015 | AS39: =IF(E39="","",(E39-E$10)*1000) -> 3.6000001 | AT39: =IF(F39="","",(F39-F$10)*1000) -> -7.9000001 | AU39: =IF(G39="","",(G39-G$10)*1000) -> 6.8 | AV39: =IF(H39="","",(H39-H$10)*1000) | AW39: =IF(I39="","",(I39-I$10)*1000) | AX39: =IF(J39="","",(J39-J$10)*1000) | AY39: =IF(K39="","",(K39-K$10)*1000) -> 6.1 | AZ39: =IF(L39="","",(L39-L$10)*1000) -> -13.7 | ... BM39: =IF(Y39="","",(Y39-Y$10)*1000) -> 5.2 | BO39: 196.1047 | BP39: -2.5285 | BQ39: -0.9629 | BR39: - | BS39: - | BT39: - | BU39: 196.1384 | BV39: -2.1709 | BW39: 1.7634 | BX39: 196.0809 | BY39: -0.1984 | BZ39: 2.6707 | CA39: 196.0727 | CB39: 1.4231 | CC39: 2.2892 | CD39: 196.1433 | CE39: 2.6357 | CF39: 0.1413 | CG39: 196.0984 | CH39: 2.534 | CI39: -0.9847 | CK39: =IF(BO39="","",(BO39-BO$10)*1000) -> -0.069183865 | CL39: =IF(BP39="","",(BP39-BP$10)*1000) -> 8.7010247 | CM39: =IF(BQ39="","",(BQ39-BQ$10)*1000) -> 6.7676918 | CQ39: =IF(BU39="","",(BU39-BU$10)*1000) -> -0.24824279 | CR39: =IF(BV39="","",(BV39-BV$10)*1000) -> 14.958372 | CS39: =IF(BW39="","",(BW39-BW$10)*1000) -> -7.6935176 | CT39: =IF(BX39="","",(BX39-BX$10)*1000) -> -9.1331156 | CU39: =IF(BY39="","",(BY39-BY$10)*1000) -> -0.36963569 | CV39: =IF(BZ39="","",(BZ39-BZ$10)*1000) -> -55.879669 | CW39: =IF(CA39="","",(CA39-CA$10)*1000) -> 1.4903205 | CX39: =IF(CB39="","",(CB39-CB$10)*1000) -> -0.91215321 | ... DE39: =IF(CI39="","",(CI39-CI$10)*1000) -> 5.2091504
A40: 43798 | B40: =IF(A40="","",A40-excav) -> 93 | C40: 222.9 | D40: =IF(C40="","",+C40-$W$6) -> 26.8 | E40: 823244.33 | F40: 1091518.8 | G40: -124.5447 | H40: 823244.24 | I40: 1091519 | J40: -123.1851 | K40: 823244.51 | L40: 1091518.5 | M40: -121.818 | N40: 823245.3 | O40: 1091516.7 | P40: -120.9123 | Q40: 823245.98 | R40: 1091515.2 | S40: -121.2934 | T40: 823246.55 | U40: 1091514.1 | V40: -123.4401 | W40: 823246.47 | X40: 1091514.2 | Y40: -124.5669 | Z40: =IF(Xhaut="","",SQRT(((Xbasgauche-Xhaut)^2+(Ybasgauche-Yhaut)^2)+(Zbasgauche-Zhaut)^2)) -> 4.3160543 | AA40: =IF(Xhaut="","",SQRT(((Xintergauche-Xhaut)^2+(Yintergauche-Yhaut)^2)+(Zintergauche-Zhaut)^2)) -> 3.3990633 | AB40: =IF(Xhaut="","",SQRT(((Xhautgauche-Xhaut)^2+(Yhautgauche-Yhaut)^2)+(Zhautgauche-Zhaut)^2)) -> 2.1715615 | AC40: =IF(Xhaut="","",SQRT(((Xhautdroit-Xhaut)^2+(Yhautdroit-Yhaut)^2)+(Zhautdroit-Zhaut)^2)) -> 1.6658771 | AD40: =IF(Xhaut="","",SQRT(((Xinterdroit-Xhaut)^2+(Yinterdroit-Yhaut)^2)+(Zinterdroit-Zhaut)^2)) -> 3.7981323 | AE40: =IF(Xhaut="","",SQRT(((Xbasdroit-Xhaut)^2+(Ybasdroit-Yhaut)^2)+(Zbasdroit-Zhaut)^2)) -> 4.5630137 | AF40: =IF(Xhautdroit="","",SQRT(((Xhautdroit-Xhautgauche)^2+(Yhautdroit-Yhautgauche)^2)+(Zhautdroit-Zhautgauche)^2)) -> 3.6331807 | AG40: =IF(Xinterdroit="","",SQRT(((Xinterdroit-Xintergauche)^2+(Yinterdroit-Yintergauche)^2)+(Zinterdroit-Zintergauche)^2)) -> 5.367848 | AH40: =IF(Xbasdroit="","",SQRT(((Xbasdroit-Xbasgauche)^2+(Ybasdroit-Ybasgauche)^2)+(Zbasdroit-Zbasgauche)^2)) -> 5.0631774 | AI40: =IF(Z40="","",(Z40-Z$10)*1000) -> -58.084684 | AJ40: =IF(AA40="","",(AA40-AA$10)*1000) -> -42.10112 | AK40: =IF(AB40="","",(AB40-AB$10)*1000) -> -34.305372 | AL40: =IF(AC40="","",(AC40-AC$10)*1000) -> -4.4341023 | AM40: =IF(AD40="","",(AD40-AD$10)*1000) -> -50.38816 | AN40: =IF(AE40="","",(AE40-AE$10)*1000) -> -59.588254 | AO40: =IF(AF40="","",(AF40-AF$10)*1000) -> -20.001396 | AP40: =IF(AG40="","",(AG40-AG$10)*1000) -> -22.064133 | AQ40: =IF(AH40="","",(AH40-AH$10)*1000) -> -24.989847 | AS40: =IF(E40="","",(E40-E$10)*1000) -> 2.5000001 | AT40: =IF(F40="","",(F40-F$10)*1000) -> -6.0000001 | AU40: =IF(G40="","",(G40-G$10)*1000) -> 6.8 | AV40: =IF(H40="","",(H40-H$10)*1000) -> -5.9 | AW40: =IF(I40="","",(I40-I$10)*1000) -> -9.4999999 | AX40: =IF(J40="","",(J40-J$10)*1000) -> -2.9 | AY40: =IF(K40="","",(K40-K$10)*1000) -> 4.6 | AZ40: =IF(L40="","",(L40-L$10)*1000) -> -12.5 | ... BM40: =IF(Y40="","",(Y40-Y$10)*1000) -> 4.9 | BO40: 196.1045 | BP40: -2.5307066 | BQ40: -0.96286499 | BR40: 196.09041 | BS40: -2.7271696 | BT40: 0.39687585 | BU40: 196.13753 | BV40: -2.1725855 | BW40: 1.7635047 | BX40: 196.08046 | BY40: -0.19973756 | BZ40: 2.6697754 | CA40: 196.07317 | CB40: 1.4219456 | CC40: 2.2887483 | CD40: 196.1432 | CE40: 2.6343583 | CF40: 0.14134799 | CG40: 196.09828 | CH40: 2.5324182 | CI40: -0.98500276 | CK40: =IF(BO40="","",(BO40-BO$10)*1000) -> -0.2701819 | CL40: =IF(BP40="","",(BP40-BP$10)*1000) -> 6.4943824 | CM40: =IF(BQ40="","",(BQ40-BQ$10)*1000) -> 6.8027018 | CN40: =IF(BR40="","",(BR40-BR$10)*1000) -> -9.3623171 | CO40: =IF(BS40="","",(BS40-BS$10)*1000) -> 6.1161275 | CP40: =IF(BT40="","",(BT40-BT$10)*1000) -> -2.8063768 | CQ40: =IF(BU40="","",(BU40-BU$10)*1000) -> -1.1142067 | CR40: =IF(BV40="","",(BV40-BV$10)*1000) -> 13.27285 | ... DE40: =IF(CI40="","",(CI40-CI$10)*1000) -> 4.906391
A41: 43801 | B41: =IF(A41="","",A41-excav) -> 96 | C41: 222.9 | D41: =IF(C41="","",+C41-$W$6) -> 26.8 | E41: 823244.33 | F41: 1091518.8 | G41: -124.5448 | H41: 823244.24 | I41: 1091519 | J41: -123.185 | K41: 823244.51 | L41: 1091518.5 | M41: -121.8179 | N41: 823245.3 | O41: 1091516.7 | P41: -120.9135 | Q41: 823245.98 | R41: 1091515.2 | S41: -121.2943 | T41: 823246.55 | U41: 1091514.1 | V41: -123.4401 | W41: 823246.47 | X41: 1091514.2 | Y41: -124.5669 | Z41: =IF(Xhaut="","",SQRT(((Xbasgauche-Xhaut)^2+(Ybasgauche-Yhaut)^2)+(Zbasgauche-Zhaut)^2)) -> 4.3151823 | AA41: =IF(Xhaut="","",SQRT(((Xintergauche-Xhaut)^2+(Yintergauche-Yhaut)^2)+(Zintergauche-Zhaut)^2)) -> 3.3986981 | AB41: =IF(Xhaut="","",SQRT(((Xhautgauche-Xhaut)^2+(Yhautgauche-Yhaut)^2)+(Zhautgauche-Zhaut)^2)) -> 2.1712455 | AC41: =IF(Xhaut="","",SQRT(((Xhautdroit-Xhaut)^2+(Yhautdroit-Yhaut)^2)+(Zhautdroit-Zhaut)^2)) -> 1.6659853 | AD41: =IF(Xhaut="","",SQRT(((Xinterdroit-Xhaut)^2+(Yinterdroit-Yhaut)^2)+(Zinterdroit-Zhaut)^2)) -> 3.7975668 | AE41: =IF(Xhaut="","",SQRT(((Xbasdroit-Xhaut)^2+(Ybasdroit-Yhaut)^2)+(Zbasdroit-Zhaut)^2)) -> 4.5622635 | AF41: =IF(Xhautdroit="","",SQRT(((Xhautdroit-Xhautgauche)^2+(Yhautdroit-Yhautgauche)^2)+(Zhautdroit-Zhautgauche)^2)) -> 3.6334583 | AG41: =IF(Xinterdroit="","",SQRT(((Xinterdroit-Xintergauche)^2+(Yinterdroit-Yintergauche)^2)+(Zinterdroit-Zintergauche)^2)) -> 5.3688362 | AH41: =IF(Xbasdroit="","",SQRT(((Xbasdroit-Xbasgauche)^2+(Ybasdroit-Ybasgauche)^2)+(Zbasdroit-Zbasgauche)^2)) -> 5.063624 | AI41: =IF(Z41="","",(Z41-Z$10)*1000) -> -58.956665 | AJ41: =IF(AA41="","",(AA41-AA$10)*1000) -> -42.466318 | AK41: =IF(AB41="","",(AB41-AB$10)*1000) -> -34.621403 | AL41: =IF(AC41="","",(AC41-AC$10)*1000) -> -4.3258776 | AM41: =IF(AD41="","",(AD41-AD$10)*1000) -> -50.953681 | AN41: =IF(AE41="","",(AE41-AE$10)*1000) -> -60.338395 | AO41: =IF(AF41="","",(AF41-AF$10)*1000) -> -19.723745 | AP41: =IF(AG41="","",(AG41-AG$10)*1000) -> -21.075994 | AQ41: =IF(AH41="","",(AH41-AH$10)*1000) -> -24.543257 | AS41: =IF(E41="","",(E41-E$10)*1000) -> 2.9000001 | AT41: =IF(F41="","",(F41-F$10)*1000) -> -5.7000001 | AU41: =IF(G41="","",(G41-G$10)*1000) -> 6.7 | AV41: =IF(H41="","",(H41-H$10)*1000) -> -5.8 | AW41: =IF(I41="","",(I41-I$10)*1000) -> -8.7000001 | AX41: =IF(J41="","",(J41-J$10)*1000) -> -2.8 | AY41: =IF(K41="","",(K41-K$10)*1000) -> 5.1000001 | AZ41: =IF(L41="","",(L41-L$10)*1000) -> -12 | ... BM41: =IF(Y41="","",(Y41-Y$10)*1000) -> 4.9 | BO41: 196.105 | BP41: -2.5308 | BQ41: -0.963 | BR41: 196.0908 | BS41: -2.7279 | BT41: 0.397 | BU41: 196.1382 | BV41: -2.1728 | BW41: 1.7636 | BX41: 196.0807 | BY41: -0.1997 | BZ41: 2.6686 | CA41: 196.0733 | CB41: 1.4221 | CC41: 2.2878 | CD41: 196.1436 | CE41: 2.6347 | CF41: 0.1413 | CG41: 196.0988 | CH41: 2.5328 | CI41: -0.985 | CK41: =IF(BO41="","",(BO41-BO$10)*1000) -> 0.23081613 | CL41: =IF(BP41="","",(BP41-BP$10)*1000) -> 6.4010247 | CM41: =IF(BQ41="","",(BQ41-BQ$10)*1000) -> 6.6676918 | CN41: =IF(BR41="","",(BR41-BR$10)*1000) -> -8.9769518 | CO41: =IF(BS41="","",(BS41-BS$10)*1000) -> 5.3856942 | CP41: =IF(BT41="","",(BT41-BT$10)*1000) -> -2.6822305 | CQ41: =IF(BU41="","",(BU41-BU$10)*1000) -> -0.44824279 | CR41: =IF(BV41="","",(BV41-BV$10)*1000) -> 13.058372 | ... DE41: =IF(CI41="","",(CI41-CI$10)*1000) -> 4.9091504
A42: 43803 | B42: =IF(A42="","",A42-excav) -> 98 | C42: 222.9 | D42: =IF(C42="","",+C42-$W$6) -> 26.8 | E42: 823244.33 | F42: 1091518.8 | G42: -124.5456 | H42: 823244.24 | I42: 1091519 | J42: -123.1855 | K42: 823244.51 | L42: 1091518.5 | M42: -121.8187 | N42: 823245.3 | O42: 1091516.7 | P42: -120.9156 | Q42: 823245.97 | R42: 1091515.2 | S42: -121.2958 | T42: 823246.55 | U42: 1091514.1 | V42: -123.4405 | W42: 823246.47 | X42: 1091514.2 | Y42: -124.5671 | Z42: =IF(Xhaut="","",SQRT(((Xbasgauche-Xhaut)^2+(Ybasgauche-Yhaut)^2)+(Zbasgauche-Zhaut)^2)) -> 4.3139362 | AA42: =IF(Xhaut="","",SQRT(((Xintergauche-Xhaut)^2+(Yintergauche-Yhaut)^2)+(Zintergauche-Zhaut)^2)) -> 3.3975719 | AB42: =IF(Xhaut="","",SQRT(((Xhautgauche-Xhaut)^2+(Yhautgauche-Yhaut)^2)+(Zhautgauche-Zhaut)^2)) -> 2.1706438 | AC42: =IF(Xhaut="","",SQRT(((Xhautdroit-Xhaut)^2+(Yhautdroit-Yhaut)^2)+(Zhautdroit-Zhaut)^2)) -> 1.6654877 | AD42: =IF(Xhaut="","",SQRT(((Xinterdroit-Xhaut)^2+(Yinterdroit-Yhaut)^2)+(Zinterdroit-Zhaut)^2)) -> 3.7958995 | AE42: =IF(Xhaut="","",SQRT(((Xbasdroit-Xhaut)^2+(Ybasdroit-Yhaut)^2)+(Zbasdroit-Zhaut)^2)) -> 4.5602808 | AF42: =IF(Xhautdroit="","",SQRT(((Xhautdroit-Xhautgauche)^2+(Yhautdroit-Yhautgauche)^2)+(Zhautdroit-Zhautgauche)^2)) -> 3.6329154 | AG42: =IF(Xinterdroit="","",SQRT(((Xinterdroit-Xintergauche)^2+(Yinterdroit-Yintergauche)^2)+(Zinterdroit-Zintergauche)^2)) -> 5.3680243 | AH42: =IF(Xbasdroit="","",SQRT(((Xbasdroit-Xbasgauche)^2+(Ybasdroit-Ybasgauche)^2)+(Zbasdroit-Zbasgauche)^2)) -> 5.0625691 | AI42: =IF(Z42="","",(Z42-Z$10)*1000) -> -60.20274 | AJ42: =IF(AA42="","",(AA42-AA$10)*1000) -> -43.592584 | AK42: =IF(AB42="","",(AB42-AB$10)*1000) -> -35.223104 | AL42: =IF(AC42="","",(AC42-AC$10)*1000) -> -4.8234924 | AM42: =IF(AD42="","",(AD42-AD$10)*1000) -> -52.620991 | AN42: =IF(AE42="","",(AE42-AE$10)*1000) -> -62.321183 | AO42: =IF(AF42="","",(AF42-AF$10)*1000) -> -20.266656 | AP42: =IF(AG42="","",(AG42-AG$10)*1000) -> -21.887811 | AQ42: =IF(AH42="","",(AH42-AH$10)*1000) -> -25.598155 | AS42: =IF(E42="","",(E42-E$10)*1000) -> 1.5 | AT42: =IF(F42="","",(F42-F$10)*1000) -> -6.0000001 | AU42: =IF(G42="","",(G42-G$10)*1000) -> 5.9 | AV42: =IF(H42="","",(H42-H$10)*1000) -> -6.6 | AW42: =IF(I42="","",(I42-I$10)*1000) -> -8.5 | AX42: =IF(J42="","",(J42-J$10)*1000) -> -3.3 | AY42: =IF(K42="","",(K42-K$10)*1000) -> 4.3 | AZ42: =IF(L42="","",(L42-L$10)*1000) -> -11.8 | ... BM42: =IF(Y42="","",(Y42-Y$10)*1000) -> 4.7 | BO42: 196.1036 | BP42: -2.5311 | BQ42: -0.9638 | BR42: 196.0902 | BS42: -2.7284 | BT42: 0.3965 | BU42: 196.1376 | BV42: -2.1733 | BW42: 1.7628 | BX42: 196.0796 | BY42: -0.2003 | BZ42: 2.6665 | CA42: 196.0727 | CB42: 1.4212 | CC42: 2.2864 | CD42: 196.1431 | CE42: 2.6333 | CF42: 0.1409 | CG42: 196.0982 | CH42: 2.5314 | CI42: -0.9852 | CK42: =IF(BO42="","",(BO42-BO$10)*1000) -> -1.1691839 | CL42: =IF(BP42="","",(BP42-BP$10)*1000) -> 6.1010247 | CM42: =IF(BQ42="","",(BQ42-BQ$10)*1000) -> 5.8676918 | CN42: =IF(BR42="","",(BR42-BR$10)*1000) -> -9.5769518 | CO42: =IF(BS42="","",(BS42-BS$10)*1000) -> 4.8856942 | CP42: =IF(BT42="","",(BT42-BT$10)*1000) -> -3.1822305 | CQ42: =IF(BU42="","",(BU42-BU$10)*1000) -> -1.0482428 | CR42: =IF(BV42="","",(BV42-BV$10)*1000) -> 12.558372 | ... DE42: =IF(CI42="","",(CI42-CI$10)*1000) -> 4.7091504
A43: 43808 | B43: =IF(A43="","",A43-excav) -> 103 | C43: 222.9 | D43: =IF(C43="","",+C43-$W$6) -> 26.8 | E43: 823244.33 | F43: 1091518.8 | G43: -124.5436 | H43: 823244.24 | I43: 1091519 | J43: -123.1849 | K43: 823244.51 | L43: 1091518.5 | M43: -121.8183 | N43: 823245.3 | O43: 1091516.7 | P43: -120.916 | Q43: 823245.97 | R43: 1091515.2 | S43: -121.2958 | T43: 823246.55 | U43: 1091514.1 | V43: -123.4397 | W43: 823246.47 | X43: 1091514.2 | Y43: -124.5664 | Z43: =IF(Xhaut="","",SQRT(((Xbasgauche-Xhaut)^2+(Ybasgauche-Yhaut)^2)+(Zbasgauche-Zhaut)^2)) -> 4.3119753 | AA43: =IF(Xhaut="","",SQRT(((Xintergauche-Xhaut)^2+(Yintergauche-Yhaut)^2)+(Zintergauche-Zhaut)^2)) -> 3.3967323 | AB43: =IF(Xhaut="","",SQRT(((Xhautgauche-Xhaut)^2+(Yhautgauche-Yhaut)^2)+(Zhautgauche-Zhaut)^2)) -> 2.169977 | AC43: =IF(Xhaut="","",SQRT(((Xhautdroit-Xhaut)^2+(Yhautdroit-Yhaut)^2)+(Zhautdroit-Zhaut)^2)) -> 1.6657432 | AD43: =IF(Xhaut="","",SQRT(((Xinterdroit-Xhaut)^2+(Yinterdroit-Yhaut)^2)+(Zinterdroit-Zhaut)^2)) -> 3.7951022 | AE43: =IF(Xhaut="","",SQRT(((Xbasdroit-Xhaut)^2+(Ybasdroit-Yhaut)^2)+(Zbasdroit-Zhaut)^2)) -> 4.5593202 | AF43: =IF(Xhautdroit="","",SQRT(((Xhautdroit-Xhautgauche)^2+(Yhautdroit-Yhautgauche)^2)+(Zhautdroit-Zhautgauche)^2)) -> 3.6328479 | AG43: =IF(Xinterdroit="","",SQRT(((Xinterdroit-Xintergauche)^2+(Yinterdroit-Yintergauche)^2)+(Zinterdroit-Zintergauche)^2)) -> 5.3677915 | AH43: =IF(Xbasdroit="","",SQRT(((Xbasdroit-Xbasgauche)^2+(Ybasdroit-Ybasgauche)^2)+(Zbasdroit-Zbasgauche)^2)) -> 5.0625453 | AI43: =IF(Z43="","",(Z43-Z$10)*1000) -> -62.163716 | AJ43: =IF(AA43="","",(AA43-AA$10)*1000) -> -44.432152 | AK43: =IF(AB43="","",(AB43-AB$10)*1000) -> -35.889884 | AL43: =IF(AC43="","",(AC43-AC$10)*1000) -> -4.5679623 | AM43: =IF(AD43="","",(AD43-AD$10)*1000) -> -53.418262 | AN43: =IF(AE43="","",(AE43-AE$10)*1000) -> -63.281743 | AO43: =IF(AF43="","",(AF43-AF$10)*1000) -> -20.334229 | AP43: =IF(AG43="","",(AG43-AG$10)*1000) -> -22.120629 | AQ43: =IF(AH43="","",(AH43-AH$10)*1000) -> -25.621934 | AS43: =IF(E43="","",(E43-E$10)*1000) -> 2.1 | AT43: =IF(F43="","",(F43-F$10)*1000) -> -5.8000002 | AU43: =IF(G43="","",(G43-G$10)*1000) -> 7.9 | AV43: =IF(H43="","",(H43-H$10)*1000) -> -6.5 | AW43: =IF(I43="","",(I43-I$10)*1000) -> -8.9 | AX43: =IF(J43="","",(J43-J$10)*1000) -> -2.7 | AY43: =IF(K43="","",(K43-K$10)*1000) -> 4.5 | AZ43: =IF(L43="","",(L43-L$10)*1000) -> -12.3 | ... BM43: =IF(Y43="","",(Y43-Y$10)*1000) -> 5.4 | BO43: 196.1042 | BP43: -2.5311 | BQ43: -0.9618 | BR43: 196.0901 | BS43: -2.728 | BT43: 0.3971 | BU43: 196.1375 | BV43: -2.1728 | BW43: 1.7632 | BX43: 196.0798 | BY43: -0.2002 | BZ43: 2.6661 | CA43: 196.0728 | CB43: 1.4217 | CC43: 2.2864 | CD43: 196.143 | CE43: 2.6335 | CF43: 0.1417 | CG43: 196.0983 | CH43: 2.5314 | CI43: -0.9845 | CK43: =IF(BO43="","",(BO43-BO$10)*1000) -> -0.56918387 | CL43: =IF(BP43="","",(BP43-BP$10)*1000) -> 6.1010247 | CM43: =IF(BQ43="","",(BQ43-BQ$10)*1000) -> 7.8676918 | CN43: =IF(BR43="","",(BR43-BR$10)*1000) -> -9.6769518 | CO43: =IF(BS43="","",(BS43-BS$10)*1000) -> 5.2856942 | CP43: =IF(BT43="","",(BT43-BT$10)*1000) -> -2.5822305 | CQ43: =IF(BU43="","",(BU43-BU$10)*1000) -> -1.1482428 | CR43: =IF(BV43="","",(BV43-BV$10)*1000) -> 13.058372 | ... DE43: =IF(CI43="","",(CI43-CI$10)*1000) -> 5.4091504
A44: 43811 | B44: =IF(A44="","",A44-excav) -> 106 | C44: 222.9 | D44: =IF(C44="","",+C44-$W$6) -> 26.8 | E44: 823244.33 | F44: 1091518.8 | G44: -124.5433 | H44: 823244.24 | I44: 1091519 | J44: -123.1847 | K44: 823244.51 | L44: 1091518.5 | M44: -121.8183 | N44: 823245.3 | O44: 1091516.7 | P44: -120.9166 | Q44: 823245.97 | R44: 1091515.2 | S44: -121.2963 | T44: 823246.55 | U44: 1091514.1 | V44: -123.4396 | W44: 823246.47 | X44: 1091514.2 | Y44: -124.566 | Z44: =IF(Xhaut="","",SQRT(((Xbasgauche-Xhaut)^2+(Ybasgauche-Yhaut)^2)+(Zbasgauche-Zhaut)^2)) -> 4.3110973 | AA44: =IF(Xhaut="","",SQRT(((Xintergauche-Xhaut)^2+(Yintergauche-Yhaut)^2)+(Zintergauche-Zhaut)^2)) -> 3.3960057 | AB44: =IF(Xhaut="","",SQRT(((Xhautgauche-Xhaut)^2+(Yhautgauche-Yhaut)^2)+(Zhautgauche-Zhaut)^2)) -> 2.169572 | AC44: =IF(Xhaut="","",SQRT(((Xhautdroit-Xhaut)^2+(Yhautdroit-Yhaut)^2)+(Zhautdroit-Zhaut)^2)) -> 1.6661149 | AD44: =IF(Xhaut="","",SQRT(((Xinterdroit-Xhaut)^2+(Yinterdroit-Yhaut)^2)+(Zinterdroit-Zhaut)^2)) -> 3.7947682 | AE44: =IF(Xhaut="","",SQRT(((Xbasdroit-Xhaut)^2+(Ybasdroit-Yhaut)^2)+(Zbasdroit-Zhaut)^2)) -> 4.5586968 | AF44: =IF(Xhautdroit="","",SQRT(((Xhautdroit-Xhautgauche)^2+(Yhautdroit-Yhautgauche)^2)+(Zhautdroit-Zhautgauche)^2)) -> 3.6330071 | AG44: =IF(Xinterdroit="","",SQRT(((Xinterdroit-Xintergauche)^2+(Yinterdroit-Yintergauche)^2)+(Zinterdroit-Zintergauche)^2)) -> 5.3677023 | AH44: =IF(Xbasdroit="","",SQRT(((Xbasdroit-Xbasgauche)^2+(Ybasdroit-Ybasgauche)^2)+(Zbasdroit-Zbasgauche)^2)) -> 5.0626101 | AI44: =IF(Z44="","",(Z44-Z$10)*1000) -> -63.041656 | AJ44: =IF(AA44="","",(AA44-AA$10)*1000) -> -45.158765 | AK44: =IF(AB44="","",(AB44-AB$10)*1000) -> -36.294846 | AL44: =IF(AC44="","",(AC44-AC$10)*1000) -> -4.1963078 | AM44: =IF(AD44="","",(AD44-AD$10)*1000) -> -53.752208 | AN44: =IF(AE44="","",(AE44-AE$10)*1000) -> -63.905146 | AO44: =IF(AF44="","",(AF44-AF$10)*1000) -> -20.175028 | AP44: =IF(AG44="","",(AG44-AG$10)*1000) -> -22.209868 | AQ44: =IF(AH44="","",(AH44-AH$10)*1000) -> -25.557075 | AS44: =IF(E44="","",(E44-E$10)*1000) -> 1.9 | AT44: =IF(F44="","",(F44-F$10)*1000) -> -6.0000001 | AU44: =IF(G44="","",(G44-G$10)*1000) -> 8.2 | AV44: =IF(H44="","",(H44-H$10)*1000) -> -6.4000001 | AW44: =IF(I44="","",(I44-I$10)*1000) -> -9.0000001 | AX44: =IF(J44="","",(J44-J$10)*1000) -> -2.5 | AY44: =IF(K44="","",(K44-K$10)*1000) -> 4.4 | AZ44: =IF(L44="","",(L44-L$10)*1000) -> -12.4 | ... BM44: =IF(Y44="","",(Y44-Y$10)*1000) -> 5.8 | BO44: 196.104 | BP44: -2.531 | BQ44: -0.9615 | BR44: 196.0902 | BS44: -2.7278 | BT44: 0.3973 | BU44: 196.1374 | BV44: -2.1728 | BW44: 1.7632 | BX44: 196.0795 | BY44: -0.2003 | BZ44: 2.6655 | CA44: 196.0725 | CB44: 1.422 | CC44: 2.2859 | CD44: 196.1434 | CE44: 2.6335 | CF44: 0.1418 | CG44: 196.0989 | CH44: 2.5316 | CI44: -0.9841 | CK44: =IF(BO44="","",(BO44-BO$10)*1000) -> -0.76918387 | CL44: =IF(BP44="","",(BP44-BP$10)*1000) -> 6.2010247 | CM44: =IF(BQ44="","",(BQ44-BQ$10)*1000) -> 8.1676918 | CN44: =IF(BR44="","",(BR44-BR$10)*1000) -> -9.5769518 | CO44: =IF(BS44="","",(BS44-BS$10)*1000) -> 5.4856942 | CP44: =IF(BT44="","",(BT44-BT$10)*1000) -> -2.3822305 | CQ44: =IF(BU44="","",(BU44-BU$10)*1000) -> -1.2482428 | CR44: =IF(BV44="","",(BV44-BV$10)*1000) -> 13.058372 | ... DE44: =IF(CI44="","",(CI44-CI$10)*1000) -> 5.8091504
A45: 43815 | B45: =IF(A45="","",A45-excav) -> 110 | C45: 222.9 | D45: =IF(C45="","",+C45-$W$6) -> 26.8 | E45: 823244.33 | F45: 1091518.8 | G45: -124.5439 | H45: 823244.24 | I45: 1091519 | J45: -123.1854 | K45: 823244.51 | L45: 1091518.5 | M45: -121.8189 | N45: 823245.29 | O45: 1091516.7 | P45: -120.9185 | Q45: 823245.98 | R45: 1091515.2 | S45: -121.2972 | T45: 823246.55 | U45: 1091514.1 | V45: -123.4402 | W45: 823246.47 | X45: 1091514.2 | Y45: -124.5667 | Z45: =IF(Xhaut="","",SQRT(((Xbasgauche-Xhaut)^2+(Ybasgauche-Yhaut)^2)+(Zbasgauche-Zhaut)^2)) -> 4.3102015 | AA45: =IF(Xhaut="","",SQRT(((Xintergauche-Xhaut)^2+(Yintergauche-Yhaut)^2)+(Zintergauche-Zhaut)^2)) -> 3.3954336 | AB45: =IF(Xhaut="","",SQRT(((Xhautgauche-Xhaut)^2+(Yhautgauche-Yhaut)^2)+(Zhautgauche-Zhaut)^2)) -> 2.1693163 | AC45: =IF(Xhaut="","",SQRT(((Xhautdroit-Xhaut)^2+(Yhautdroit-Yhaut)^2)+(Zhautdroit-Zhaut)^2)) -> 1.665799 | AD45: =IF(Xhaut="","",SQRT(((Xinterdroit-Xhaut)^2+(Yinterdroit-Yhaut)^2)+(Zinterdroit-Zhaut)^2)) -> 3.7937318 | AE45: =IF(Xhaut="","",SQRT(((Xbasdroit-Xhaut)^2+(Ybasdroit-Yhaut)^2)+(Zbasdroit-Zhaut)^2)) -> 4.5575604 | AF45: =IF(Xhautdroit="","",SQRT(((Xhautdroit-Xhautgauche)^2+(Yhautdroit-Yhautgauche)^2)+(Zhautdroit-Zhautgauche)^2)) -> 3.6331448 | AG45: =IF(Xinterdroit="","",SQRT(((Xinterdroit-Xintergauche)^2+(Yinterdroit-Yintergauche)^2)+(Zinterdroit-Zintergauche)^2)) -> 5.3677368 | AH45: =IF(Xbasdroit="","",SQRT(((Xbasdroit-Xbasgauche)^2+(Ybasdroit-Ybasgauche)^2)+(Zbasdroit-Zbasgauche)^2)) -> 5.0626591 | AI45: =IF(Z45="","",(Z45-Z$10)*1000) -> -63.937508 | AJ45: =IF(AA45="","",(AA45-AA$10)*1000) -> -45.730844 | AK45: =IF(AB45="","",(AB45-AB$10)*1000) -> -36.550573 | AL45: =IF(AC45="","",(AC45-AC$10)*1000) -> -4.5121981 | AM45: =IF(AD45="","",(AD45-AD$10)*1000) -> -54.788696 | AN45: =IF(AE45="","",(AE45-AE$10)*1000) -> -65.041512 | AO45: =IF(AF45="","",(AF45-AF$10)*1000) -> -20.037259 | AP45: =IF(AG45="","",(AG45-AG$10)*1000) -> -22.17537 | AQ45: =IF(AH45="","",(AH45-AH$10)*1000) -> -25.508127 | AS45: =IF(E45="","",(E45-E$10)*1000) -> 2.6 | AT45: =IF(F45="","",(F45-F$10)*1000) -> -6.3 | AU45: =IF(G45="","",(G45-G$10)*1000) -> 7.6 | AV45: =IF(H45="","",(H45-H$10)*1000) -> -5.8 | AW45: =IF(I45="","",(I45-I$10)*1000) -> -9.4000001 | AX45: =IF(J45="","",(J45-J$10)*1000) -> -3.2 | AY45: =IF(K45="","",(K45-K$10)*1000) -> 5.3 | AZ45: =IF(L45="","",(L45-L$10)*1000) -> -12.7 | ... BM45: =IF(Y45="","",(Y45-Y$10)*1000) -> 5.1 | BO45: 196.1045 | BP45: -2.5304 | BQ45: -0.9621 | BR45: 196.0905 | BS45: -2.7272 | BT45: 0.3966 | BU45: 196.1381 | BV45: -2.1721 | BW45: 1.7626 | BX45: 196.0786 | BY45: -0.1994 | BZ45: 2.6636 | CA45: 196.0731 | CB45: 1.4228 | CC45: 2.2849 | CD45: 196.144 | CE45: 2.6342 | CF45: 0.1412 | CG45: 196.0993 | CH45: 2.5322 | CI45: -0.9848 | CK45: =IF(BO45="","",(BO45-BO$10)*1000) -> -0.26918387 | CL45: =IF(BP45="","",(BP45-BP$10)*1000) -> 6.8010247 | CM45: =IF(BQ45="","",(BQ45-BQ$10)*1000) -> 7.5676918 | CN45: =IF(BR45="","",(BR45-BR$10)*1000) -> -9.2769518 | CO45: =IF(BS45="","",(BS45-BS$10)*1000) -> 6.0856942 | CP45: =IF(BT45="","",(BT45-BT$10)*1000) -> -3.0822305 | CQ45: =IF(BU45="","",(BU45-BU$10)*1000) -> -0.54824279 | CR45: =IF(BV45="","",(BV45-BV$10)*1000) -> 13.758372 | ... DE45: =IF(CI45="","",(CI45-CI$10)*1000) -> 5.1091504
A46: 43818 | B46: =IF(A46="","",A46-excav) -> 113 | C46: 222.9 | D46: =IF(C46="","",+C46-$W$6) -> 26.8 | E46: 823244.33 | F46: 1091518.8 | G46: -124.5433 | H46: 823244.24 | I46: 1091518.9 | J46: -123.1849 | K46: 823244.52 | L46: 1091518.5 | M46: -121.8186 | N46: 823245.29 | O46: 1091516.7 | P46: -120.9187 | Q46: 823245.98 | R46: 1091515.2 | S46: -121.2972 | T46: 823246.55 | U46: 1091514.1 | V46: -123.4398 | W46: 823246.47 | X46: 1091514.2 | Y46: -124.5663 | Z46: =IF(Xhaut="","",SQRT(((Xbasgauche-Xhaut)^2+(Ybasgauche-Yhaut)^2)+(Zbasgauche-Zhaut)^2)) -> 4.3096188 | AA46: =IF(Xhaut="","",SQRT(((Xintergauche-Xhaut)^2+(Yintergauche-Yhaut)^2)+(Zintergauche-Zhaut)^2)) -> 3.3947172 | AB46: =IF(Xhaut="","",SQRT(((Xhautgauche-Xhaut)^2+(Yhautgauche-Yhaut)^2)+(Zhautgauche-Zhaut)^2)) -> 2.168965 | AC46: =IF(Xhaut="","",SQRT(((Xhautdroit-Xhaut)^2+(Yhautdroit-Yhaut)^2)+(Zhautdroit-Zhaut)^2)) -> 1.6653524 | AD46: =IF(Xhaut="","",SQRT(((Xinterdroit-Xhaut)^2+(Yinterdroit-Yhaut)^2)+(Zinterdroit-Zhaut)^2)) -> 3.7930651 | AE46: =IF(Xhaut="","",SQRT(((Xbasdroit-Xhaut)^2+(Ybasdroit-Yhaut)^2)+(Zbasdroit-Zhaut)^2)) -> 4.5566703 | AF46: =IF(Xhautdroit="","",SQRT(((Xhautdroit-Xhautgauche)^2+(Yhautdroit-Yhautgauche)^2)+(Zhautdroit-Zhautgauche)^2)) -> 3.632529 | AG46: =IF(Xinterdroit="","",SQRT(((Xinterdroit-Xintergauche)^2+(Yinterdroit-Yintergauche)^2)+(Zinterdroit-Zintergauche)^2)) -> 5.3670362 | AH46: =IF(Xbasdroit="","",SQRT(((Xbasdroit-Xbasgauche)^2+(Ybasdroit-Ybasgauche)^2)+(Zbasdroit-Zbasgauche)^2)) -> 5.0621286 | AI46: =IF(Z46="","",(Z46-Z$10)*1000) -> -64.520152 | AJ46: =IF(AA46="","",(AA46-AA$10)*1000) -> -46.447278 | AK46: =IF(AB46="","",(AB46-AB$10)*1000) -> -36.901843 | AL46: =IF(AC46="","",(AC46-AC$10)*1000) -> -4.9587584 | AM46: =IF(AD46="","",(AD46-AD$10)*1000) -> -55.455359 | AN46: =IF(AE46="","",(AE46-AE$10)*1000) -> -65.931667 | AO46: =IF(AF46="","",(AF46-AF$10)*1000) -> -20.653085 | AP46: =IF(AG46="","",(AG46-AG$10)*1000) -> -22.875949 | AQ46: =IF(AH46="","",(AH46-AH$10)*1000) -> -26.038592 | AS46: =IF(E46="","",(E46-E$10)*1000) -> 3.1 | AT46: =IF(F46="","",(F46-F$10)*1000) -> -6.5000001 | AU46: =IF(G46="","",(G46-G$10)*1000) -> 8.2 | AV46: =IF(H46="","",(H46-H$10)*1000) -> -5.2 | AW46: =IF(I46="","",(I46-I$10)*1000) -> -10.1 | AX46: =IF(J46="","",(J46-J$10)*1000) -> -2.7 | AY46: =IF(K46="","",(K46-K$10)*1000) -> 5.5 | AZ46: =IF(L46="","",(L46-L$10)*1000) -> -13.4 | ... BM46: =IF(Y46="","",(Y46-Y$10)*1000) -> 5.5 | BO46: 196.1048 | BP46: -2.5299 | BQ46: -0.9615 | BR46: 196.091 | BS46: -2.7267 | BT46: 0.3971 | BU46: 196.1381 | BV46: -2.1716 | BW46: 1.7629 | BX46: 196.0782 | BY46: -0.199 | BZ46: 2.6634 | CA46: 196.0728 | CB46: 1.4231 | CC46: 2.285 | CD46: 196.1437 | CE46: 2.6344 | CF46: 0.1416 | CG46: 196.0993 | CH46: 2.5324 | CI46: -0.9844 | CK46: =IF(BO46="","",(BO46-BO$10)*1000) -> 0.030816135 | CL46: =IF(BP46="","",(BP46-BP$10)*1000) -> 7.3010247 | CM46: =IF(BQ46="","",(BQ46-BQ$10)*1000) -> 8.1676918 | CN46: =IF(BR46="","",(BR46-BR$10)*1000) -> -8.7769518 | CO46: =IF(BS46="","",(BS46-BS$10)*1000) -> 6.5856942 | CP46: =IF(BT46="","",(BT46-BT$10)*1000) -> -2.5822305 | CQ46: =IF(BU46="","",(BU46-BU$10)*1000) -> -0.54824279 | CR46: =IF(BV46="","",(BV46-BV$10)*1000) -> 14.258372 | ... DE46: =IF(CI46="","",(CI46-CI$10)*1000) -> 5.5091504
A47: 43837 | B47: =IF(A47="","",A47-excav) -> 132 | C47: 222.9 | D47: =IF(C47="","",+C47-$W$6) -> 26.8 | E47: 823244.33 | F47: 1091518.8 | G47: -124.5431 | H47: 823244.24 | I47: 1091519 | J47: -123.1848 | K47: 823244.51 | L47: 1091518.5 | M47: -121.8189 | N47: 823245.29 | O47: 1091516.7 | P47: -120.9206 | Q47: 823245.97 | R47: 1091515.2 | S47: -121.2989 | T47: 823246.55 | U47: 1091514.1 | V47: -123.4394 | W47: 823246.47 | X47: 1091514.2 | Y47: -124.5657 | Z47: =IF(Xhaut="","",SQRT(((Xbasgauche-Xhaut)^2+(Ybasgauche-Yhaut)^2)+(Zbasgauche-Zhaut)^2)) -> 4.3076109 | AA47: =IF(Xhaut="","",SQRT(((Xintergauche-Xhaut)^2+(Yintergauche-Yhaut)^2)+(Zintergauche-Zhaut)^2)) -> 3.3934189 | AB47: =IF(Xhaut="","",SQRT(((Xhautgauche-Xhaut)^2+(Yhautgauche-Yhaut)^2)+(Zhautgauche-Zhaut)^2)) -> 2.1678836 | AC47: =IF(Xhaut="","",SQRT(((Xhautdroit-Xhaut)^2+(Yhautdroit-Yhaut)^2)+(Zhautdroit-Zhaut)^2)) -> 1.6657148 | AD47: =IF(Xhaut="","",SQRT(((Xinterdroit-Xhaut)^2+(Yinterdroit-Yhaut)^2)+(Zinterdroit-Zhaut)^2)) -> 3.7915699 | AE47: =IF(Xhaut="","",SQRT(((Xbasdroit-Xhaut)^2+(Ybasdroit-Yhaut)^2)+(Zbasdroit-Zhaut)^2)) -> 4.5549942 | AF47: =IF(Xhautdroit="","",SQRT(((Xhautdroit-Xhautgauche)^2+(Yhautdroit-Yhautgauche)^2)+(Zhautdroit-Zhautgauche)^2)) -> 3.6322982 | AG47: =IF(Xinterdroit="","",SQRT(((Xinterdroit-Xintergauche)^2+(Yinterdroit-Yintergauche)^2)+(Zinterdroit-Zintergauche)^2)) -> 5.3671121 | AH47: =IF(Xbasdroit="","",SQRT(((Xbasdroit-Xbasgauche)^2+(Ybasdroit-Ybasgauche)^2)+(Zbasdroit-Zbasgauche)^2)) -> 5.0622238 | AI47: =IF(Z47="","",(Z47-Z$10)*1000) -> -66.52803 | AJ47: =IF(AA47="","",(AA47-AA$10)*1000) -> -47.745563 | AK47: =IF(AB47="","",(AB47-AB$10)*1000) -> -37.983244 | AL47: =IF(AC47="","",(AC47-AC$10)*1000) -> -4.5963911 | AM47: =IF(AD47="","",(AD47-AD$10)*1000) -> -56.950537 | AN47: =IF(AE47="","",(AE47-AE$10)*1000) -> -67.607781 | AO47: =IF(AF47="","",(AF47-AF$10)*1000) -> -20.883921 | AP47: =IF(AG47="","",(AG47-AG$10)*1000) -> -22.800083 | AQ47: =IF(AH47="","",(AH47-AH$10)*1000) -> -25.943376 | AS47: =IF(E47="","",(E47-E$10)*1000) -> 3 | AT47: =IF(F47="","",(F47-F$10)*1000) -> -6.3 | AU47: =IF(G47="","",(G47-G$10)*1000) -> 8.4 | AV47: =IF(H47="","",(H47-H$10)*1000) -> -5.4 | AW47: =IF(I47="","",(I47-I$10)*1000) -> -9.4000001 | AX47: =IF(J47="","",(J47-J$10)*1000) -> -2.6 | AY47: =IF(K47="","",(K47-K$10)*1000) -> 5.2 | AZ47: =IF(L47="","",(L47-L$10)*1000) -> -13.3 | ... BM47: =IF(Y47="","",(Y47-Y$10)*1000) -> 6.1 | BO47: 196.1048 | BP47: -2.5302 | BQ47: -0.9613 | BR47: 196.0909 | BS47: -2.727 | BT47: 0.3972 | BU47: 196.1377 | BV47: -2.1716 | BW47: 1.7626 | BX47: 196.0781 | BY47: -0.1995 | BZ47: 2.6615 | CA47: 196.0724 | CB47: 1.4227 | CC47: 2.2833 | CD47: 196.1438 | CE47: 2.6338 | CF47: 0.142 | CG47: 196.0992 | CH47: 2.5319 | CI47: -0.9838 | CK47: =IF(BO47="","",(BO47-BO$10)*1000) -> 0.030816135 | CL47: =IF(BP47="","",(BP47-BP$10)*1000) -> 7.0010247 | CM47: =IF(BQ47="","",(BQ47-BQ$10)*1000) -> 8.3676918 | CN47: =IF(BR47="","",(BR47-BR$10)*1000) -> -8.8769518 | CO47: =IF(BS47="","",(BS47-BS$10)*1000) -> 6.2856942 | CP47: =IF(BT47="","",(BT47-BT$10)*1000) -> -2.4822305 | CQ47: =IF(BU47="","",(BU47-BU$10)*1000) -> -0.94824279 | CR47: =IF(BV47="","",(BV47-BV$10)*1000) -> 14.258372 | ... DE47: =IF(CI47="","",(CI47-CI$10)*1000) -> 6.1091504
A48: 43843 | B48: =IF(A48="","",A48-excav) -> 138 | C48: 222.9 | D48: =IF(C48="","",+C48-$W$6) -> 26.8 | E48: 823244.33 | F48: 1091518.8 | G48: -124.5432 | K48: 823244.52 | L48: 1091518.5 | M48: -121.8193 | N48: 823245.29 | O48: 1091516.7 | P48: -120.9215 | Q48: 823245.98 | R48: 1091515.2 | S48: -121.2995 | T48: 823246.55 | U48: 1091514.1 | V48: -123.4397 | W48: 823246.47 | X48: 1091514.2 | Y48: -124.566 | Z48: =IF(Xhaut="","",SQRT(((Xbasgauche-Xhaut)^2+(Ybasgauche-Yhaut)^2)+(Zbasgauche-Zhaut)^2)) -> 4.3068396 | AB48: =IF(Xhaut="","",SQRT(((Xhautgauche-Xhaut)^2+(Yhautgauche-Yhaut)^2)+(Zhautgauche-Zhaut)^2)) -> 2.1677241 | AC48: =IF(Xhaut="","",SQRT(((Xhautdroit-Xhaut)^2+(Yhautdroit-Yhaut)^2)+(Zhautdroit-Zhaut)^2)) -> 1.6659052 | AD48: =IF(Xhaut="","",SQRT(((Xinterdroit-Xhaut)^2+(Yinterdroit-Yhaut)^2)+(Zinterdroit-Zhaut)^2)) -> 3.7909386 | AE48: =IF(Xhaut="","",SQRT(((Xbasdroit-Xhaut)^2+(Ybasdroit-Yhaut)^2)+(Zbasdroit-Zhaut)^2)) -> 4.5545398 | AF48: =IF(Xhautdroit="","",SQRT(((Xhautdroit-Xhautgauche)^2+(Yhautdroit-Yhautgauche)^2)+(Zhautdroit-Zhautgauche)^2)) -> 3.6325811 | AH48: =IF(Xbasdroit="","",SQRT(((Xbasdroit-Xbasgauche)^2+(Ybasdroit-Ybasgauche)^2)+(Zbasdroit-Zbasgauche)^2)) -> 5.0620855 | AI48: =IF(Z48="","",(Z48-Z$10)*1000) -> -67.299381 | AJ48: =IF(AA48="","",(AA48-AA$10)*1000) | AK48: =IF(AB48="","",(AB48-AB$10)*1000) -> -38.142721 | AL48: =IF(AC48="","",(AC48-AC$10)*1000) -> -4.4059764 | AM48: =IF(AD48="","",(AD48-AD$10)*1000) -> -57.581851 | AN48: =IF(AE48="","",(AE48-AE$10)*1000) -> -68.062146 | AO48: =IF(AF48="","",(AF48-AF$10)*1000) -> -20.601028 | AP48: =IF(AG48="","",(AG48-AG$10)*1000) | AQ48: =IF(AH48="","",(AH48-AH$10)*1000) -> -26.081664 | AS48: =IF(E48="","",(E48-E$10)*1000) -> 3.3 | AT48: =IF(F48="","",(F48-F$10)*1000) -> -6.6 | AU48: =IF(G48="","",(G48-G$10)*1000) -> 8.3 | AV48: =IF(H48="","",(H48-H$10)*1000) | AW48: =IF(I48="","",(I48-I$10)*1000) | AX48: =IF(J48="","",(J48-J$10)*1000) | AY48: =IF(K48="","",(K48-K$10)*1000) -> 5.6 | AZ48: =IF(L48="","",(L48-L$10)*1000) -> -13.3 | ... BM48: =IF(Y48="","",(Y48-Y$10)*1000) -> 5.8 | BO48: 196.105 | BP48: -2.5298 | BQ48: -0.9614 | BR48: - | BS48: - | BT48: - | BU48: 196.1381 | BV48: -2.1714 | BW48: 1.7622 | BX48: 196.0784 | BY48: -0.1993 | BZ48: 2.6606 | CA48: 196.0727 | CB48: 1.4232 | CC48: 2.2827 | CD48: 196.1436 | CE48: 2.6337 | CF48: 0.1417 | CG48: 196.0995 | CH48: 2.5322 | CI48: -0.9841 | CK48: =IF(BO48="","",(BO48-BO$10)*1000) -> 0.23081613 | CL48: =IF(BP48="","",(BP48-BP$10)*1000) -> 7.4010247 | CM48: =IF(BQ48="","",(BQ48-BQ$10)*1000) -> 8.2676918 | CQ48: =IF(BU48="","",(BU48-BU$10)*1000) -> -0.54824279 | CR48: =IF(BV48="","",(BV48-BV$10)*1000) -> 14.458372 | CS48: =IF(BW48="","",(BW48-BW$10)*1000) -> -8.8935176 | CT48: =IF(BX48="","",(BX48-BX$10)*1000) -> -11.633116 | CU48: =IF(BY48="","",(BY48-BY$10)*1000) -> -1.2696357 | CV48: =IF(BZ48="","",(BZ48-BZ$10)*1000) -> -65.979669 | CW48: =IF(CA48="","",(CA48-CA$10)*1000) -> 1.4903205 | CX48: =IF(CB48="","",(CB48-CB$10)*1000) -> -0.81215321 | ... DE48: =IF(CI48="","",(CI48-CI$10)*1000) -> 5.8091504
A49: 43850 | B49: =IF(A49="","",A49-excav) -> 145 | C49: 222.9 | D49: =IF(C49="","",+C49-$W$6) -> 26.8 | E49: 823244.33 | F49: 1091518.8 | G49: -124.5429 | K49: 823244.52 | L49: 1091518.5 | M49: -121.8192 | N49: 823245.3 | O49: 1091516.7 | P49: -120.9216 | Q49: 823245.98 | R49: 1091515.2 | S49: -121.2998 | T49: 823246.55 | U49: 1091514.1 | V49: -123.4397 | W49: 823246.47 | X49: 1091514.2 | Y49: -124.5659 | Z49: =IF(Xhaut="","",SQRT(((Xbasgauche-Xhaut)^2+(Ybasgauche-Yhaut)^2)+(Zbasgauche-Zhaut)^2)) -> 4.3065655 | AB49: =IF(Xhaut="","",SQRT(((Xhautgauche-Xhaut)^2+(Yhautgauche-Yhaut)^2)+(Zhautgauche-Zhaut)^2)) -> 2.1674867 | AC49: =IF(Xhaut="","",SQRT(((Xhautdroit-Xhaut)^2+(Yhautdroit-Yhaut)^2)+(Zhautdroit-Zhaut)^2)) -> 1.6662293 | AD49: =IF(Xhaut="","",SQRT(((Xinterdroit-Xhaut)^2+(Yinterdroit-Yhaut)^2)+(Zinterdroit-Zhaut)^2)) -> 3.7910415 | AE49: =IF(Xhaut="","",SQRT(((Xbasdroit-Xhaut)^2+(Ybasdroit-Yhaut)^2)+(Zbasdroit-Zhaut)^2)) -> 4.5543877 | AF49: =IF(Xhautdroit="","",SQRT(((Xhautdroit-Xhautgauche)^2+(Yhautdroit-Yhautgauche)^2)+(Zhautdroit-Zhautgauche)^2)) -> 3.6326545 | AH49: =IF(Xbasdroit="","",SQRT(((Xbasdroit-Xbasgauche)^2+(Ybasdroit-Ybasgauche)^2)+(Zbasdroit-Zbasgauche)^2)) -> 5.0622256 | AI49: =IF(Z49="","",(Z49-Z$10)*1000) -> -67.573456 | AJ49: =IF(AA49="","",(AA49-AA$10)*1000) | AK49: =IF(AB49="","",(AB49-AB$10)*1000) -> -38.38016 | AL49: =IF(AC49="","",(AC49-AC$10)*1000) -> -4.0818686 | AM49: =IF(AD49="","",(AD49-AD$10)*1000) -> -57.478939 | AN49: =IF(AE49="","",(AE49-AE$10)*1000) -> -68.214268 | AO49: =IF(AF49="","",(AF49-AF$10)*1000) -> -20.527607 | AP49: =IF(AG49="","",(AG49-AG$10)*1000) | AQ49: =IF(AH49="","",(AH49-AH$10)*1000) -> -25.941574 | AS49: =IF(E49="","",(E49-E$10)*1000) -> 3.4 | AT49: =IF(F49="","",(F49-F$10)*1000) -> -6.8000001 | AU49: =IF(G49="","",(G49-G$10)*1000) -> 8.6 | AV49: =IF(H49="","",(H49-H$10)*1000) | AW49: =IF(I49="","",(I49-I$10)*1000) | AX49: =IF(J49="","",(J49-J$10)*1000) | AY49: =IF(K49="","",(K49-K$10)*1000) -> 5.7 | AZ49: =IF(L49="","",(L49-L$10)*1000) -> -13.8 | ... BM49: =IF(Y49="","",(Y49-Y$10)*1000) -> 5.9 | BO49: 196.105 | BP49: -2.5296 | BQ49: -0.9611 | BR49: - | BS49: - | BT49: - | BU49: 196.138 | BV49: -2.1709 | BW49: 1.7623 | BX49: 196.0789 | BY49: -0.1989 | BZ49: 2.6605 | CA49: 196.0726 | CB49: 1.4238 | CC49: 2.2824 | CD49: 196.1435 | CE49: 2.6343 | CF49: 0.1417 | CG49: 196.0993 | CH49: 2.5326 | CI49: -0.984 | CK49: =IF(BO49="","",(BO49-BO$10)*1000) -> 0.23081613 | CL49: =IF(BP49="","",(BP49-BP$10)*1000) -> 7.6010247 | CM49: =IF(BQ49="","",(BQ49-BQ$10)*1000) -> 8.5676918 | CQ49: =IF(BU49="","",(BU49-BU$10)*1000) -> -0.64824279 | CR49: =IF(BV49="","",(BV49-BV$10)*1000) -> 14.958372 | CS49: =IF(BW49="","",(BW49-BW$10)*1000) -> -8.7935176 | CT49: =IF(BX49="","",(BX49-BX$10)*1000) -> -11.133116 | CU49: =IF(BY49="","",(BY49-BY$10)*1000) -> -0.86963569 | CV49: =IF(BZ49="","",(BZ49-BZ$10)*1000) -> -66.079669 | CW49: =IF(CA49="","",(CA49-CA$10)*1000) -> 1.3903205 | CX49: =IF(CB49="","",(CB49-CB$10)*1000) -> -0.21215321 | ... DE49: =IF(CI49="","",(CI49-CI$10)*1000) -> 5.9091504
A50: 43859 | B50: =IF(A50="","",A50-excav) -> 154 | C50: 222.9 | D50: =IF(C50="","",+C50-$W$6) -> 26.8 | E50: 823244.33 | F50: 1091518.8 | G50: -124.5438 | H50: 823244.24 | I50: 1091519 | J50: -123.1854 | K50: 823244.52 | L50: 1091518.5 | M50: -121.8196 | N50: 823245.3 | O50: 1091516.7 | P50: -120.9224 | Q50: 823245.98 | R50: 1091515.2 | S50: -121.3003 | T50: 823246.55 | U50: 1091514.1 | V50: -123.4401 | W50: 823246.47 | X50: 1091514.2 | Y50: -124.5788 | Z50: =IF(Xhaut="","",SQRT(((Xbasgauche-Xhaut)^2+(Ybasgauche-Yhaut)^2)+(Zbasgauche-Zhaut)^2)) -> 4.3074657 | AA50: =IF(Xhaut="","",SQRT(((Xintergauche-Xhaut)^2+(Yintergauche-Yhaut)^2)+(Zintergauche-Zhaut)^2)) -> 3.3933209 | AB50: =IF(Xhaut="","",SQRT(((Xhautgauche-Xhaut)^2+(Yhautgauche-Yhaut)^2)+(Zhautgauche-Zhaut)^2)) -> 2.16799 | AC50: =IF(Xhaut="","",SQRT(((Xhautdroit-Xhaut)^2+(Yhautdroit-Yhaut)^2)+(Zhautdroit-Zhaut)^2)) -> 1.6659368 | AD50: =IF(Xhaut="","",SQRT(((Xinterdroit-Xhaut)^2+(Yinterdroit-Yhaut)^2)+(Zinterdroit-Zhaut)^2)) -> 3.7905078 | AE50: =IF(Xhaut="","",SQRT(((Xbasdroit-Xhaut)^2+(Ybasdroit-Yhaut)^2)+(Zbasdroit-Zhaut)^2)) -> 4.5640797 | AF50: =IF(Xhautdroit="","",SQRT(((Xhautdroit-Xhautgauche)^2+(Yhautdroit-Yhautgauche)^2)+(Zhautdroit-Zhautgauche)^2)) -> 3.6331326 | AG50: =IF(Xinterdroit="","",SQRT(((Xinterdroit-Xintergauche)^2+(Yinterdroit-Yintergauche)^2)+(Zinterdroit-Zintergauche)^2)) -> 5.3676261 | AH50: =IF(Xbasdroit="","",SQRT(((Xbasdroit-Xbasgauche)^2+(Ybasdroit-Ybasgauche)^2)+(Zbasdroit-Zbasgauche)^2)) -> 5.0638225 | AI50: =IF(Z50="","",(Z50-Z$10)*1000) -> -66.673284 | AJ50: =IF(AA50="","",(AA50-AA$10)*1000) -> -47.84351 | AK50: =IF(AB50="","",(AB50-AB$10)*1000) -> -37.876815 | AL50: =IF(AC50="","",(AC50-AC$10)*1000) -> -4.3743721 | AM50: =IF(AD50="","",(AD50-AD$10)*1000) -> -58.012667 | AN50: =IF(AE50="","",(AE50-AE$10)*1000) -> -58.52225 | AO50: =IF(AF50="","",(AF50-AF$10)*1000) -> -20.049488 | AP50: =IF(AG50="","",(AG50-AG$10)*1000) -> -22.286048 | AQ50: =IF(AH50="","",(AH50-AH$10)*1000) -> -24.344742 | AS50: =IF(E50="","",(E50-E$10)*1000) -> 4.0000001 | AT50: =IF(F50="","",(F50-F$10)*1000) -> -5.5 | AU50: =IF(G50="","",(G50-G$10)*1000) -> 7.7 | AV50: =IF(H50="","",(H50-H$10)*1000) -> -4.3 | AW50: =IF(I50="","",(I50-I$10)*1000) -> -9.1000001 | AX50: =IF(J50="","",(J50-J$10)*1000) -> -3.2 | AY50: =IF(K50="","",(K50-K$10)*1000) -> 6.2000001 | AZ50: =IF(L50="","",(L50-L$10)*1000) -> -13.4 | ... BM50: =IF(Y50="","",(Y50-Y$10)*1000) -> -7 | BO50: 196.1059 | BP50: -2.5302 | BQ50: -0.962 | BR50: 196.0919 | BS50: -2.7267 | BT50: 0.3966 | BU50: 196.1385 | BV50: -2.1709 | BW50: 1.7619 | BX50: 196.0791 | BY50: -0.1983 | BZ50: 2.6597 | CA50: 196.0731 | CB50: 1.4242 | CC50: 2.2818 | CD50: 196.1438 | CE50: 2.6347 | CF50: 0.1413 | CG50: 196.0969 | CH50: 2.5335 | CI50: -0.9969 | CK50: =IF(BO50="","",(BO50-BO$10)*1000) -> 1.1308161 | CL50: =IF(BP50="","",(BP50-BP$10)*1000) -> 7.0010247 | CM50: =IF(BQ50="","",(BQ50-BQ$10)*1000) -> 7.6676918 | CN50: =IF(BR50="","",(BR50-BR$10)*1000) -> -7.8769518 | CO50: =IF(BS50="","",(BS50-BS$10)*1000) -> 6.5856942 | CP50: =IF(BT50="","",(BT50-BT$10)*1000) -> -3.0822305 | CQ50: =IF(BU50="","",(BU50-BU$10)*1000) -> -0.14824279 | CR50: =IF(BV50="","",(BV50-BV$10)*1000) -> 14.958372 | ... DE50: =IF(CI50="","",(CI50-CI$10)*1000) -> -6.9908496
A51: 43886 | B51: =IF(A51="","",A51-excav) -> 181 | C51: 222.9 | D51: =IF(C51="","",+C51-$W$6) -> 26.8 | E51: 823244.33 | F51: 1091518.8 | G51: -124.5437 | H51: 823244.24 | I51: 1091518.9 | J51: -123.185 | K51: 823244.52 | L51: 1091518.5 | M51: -121.8192 | N51: 823245.3 | O51: 1091516.7 | P51: -120.9223 | Q51: 823245.98 | R51: 1091515.2 | S51: -121.3 | T51: 823246.55 | U51: 1091514.1 | V51: -123.4396 | W51: 823246.47 | X51: 1091514.2 | Y51: -124.5778 | Z51: =IF(Xhaut="","",SQRT(((Xbasgauche-Xhaut)^2+(Ybasgauche-Yhaut)^2)+(Zbasgauche-Zhaut)^2)) -> 4.3064878 | AA51: =IF(Xhaut="","",SQRT(((Xintergauche-Xhaut)^2+(Yintergauche-Yhaut)^2)+(Zintergauche-Zhaut)^2)) -> 3.3920738 | AB51: =IF(Xhaut="","",SQRT(((Xhautgauche-Xhaut)^2+(Yhautgauche-Yhaut)^2)+(Zhautgauche-Zhaut)^2)) -> 2.1673293 | AC51: =IF(Xhaut="","",SQRT(((Xhautdroit-Xhaut)^2+(Yhautdroit-Yhaut)^2)+(Zhautdroit-Zhaut)^2)) -> 1.6660617 | AD51: =IF(Xhaut="","",SQRT(((Xinterdroit-Xhaut)^2+(Yinterdroit-Yhaut)^2)+(Zinterdroit-Zhaut)^2)) -> 3.7902799 | AE51: =IF(Xhaut="","",SQRT(((Xbasdroit-Xhaut)^2+(Ybasdroit-Yhaut)^2)+(Zbasdroit-Zhaut)^2)) -> 4.5631421 | AF51: =IF(Xhautdroit="","",SQRT(((Xhautdroit-Xhautgauche)^2+(Yhautdroit-Yhautgauche)^2)+(Zhautdroit-Zhautgauche)^2)) -> 3.6327365 | AG51: =IF(Xinterdroit="","",SQRT(((Xinterdroit-Xintergauche)^2+(Yinterdroit-Yintergauche)^2)+(Zinterdroit-Zintergauche)^2)) -> 5.3663128 | AH51: =IF(Xbasdroit="","",SQRT(((Xbasdroit-Xbasgauche)^2+(Ybasdroit-Ybasgauche)^2)+(Zbasdroit-Zbasgauche)^2)) -> 5.0616785 | AI51: =IF(Z51="","",(Z51-Z$10)*1000) -> -67.651162 | AJ51: =IF(AA51="","",(AA51-AA$10)*1000) -> -49.090668 | AK51: =IF(AB51="","",(AB51-AB$10)*1000) -> -38.537569 | AL51: =IF(AC51="","",(AC51-AC$10)*1000) -> -4.2494862 | AM51: =IF(AD51="","",(AD51-AD$10)*1000) -> -58.240563 | AN51: =IF(AE51="","",(AE51-AE$10)*1000) -> -59.459831 | AO51: =IF(AF51="","",(AF51-AF$10)*1000) -> -20.445609 | AP51: =IF(AG51="","",(AG51-AG$10)*1000) -> -23.599365 | AQ51: =IF(AH51="","",(AH51-AH$10)*1000) -> -26.488746 | AS51: =IF(E51="","",(E51-E$10)*1000) -> 3.9 | AT51: =IF(F51="","",(F51-F$10)*1000) -> -6.8000001 | AU51: =IF(G51="","",(G51-G$10)*1000) -> 7.8 | AV51: =IF(H51="","",(H51-H$10)*1000) -> -4.9000001 | AW51: =IF(I51="","",(I51-I$10)*1000) -> -10.2 | AX51: =IF(J51="","",(J51-J$10)*1000) -> -2.8 | AY51: =IF(K51="","",(K51-K$10)*1000) -> 6.2000001 | AZ51: =IF(L51="","",(L51-L$10)*1000) -> -13.3 | ... BM51: =IF(Y51="","",(Y51-Y$10)*1000) -> -6 | BO51: 196.1054 | BP51: -2.5294 | BQ51: -0.9619 | BR51: 196.091 | BS51: -2.7261 | BT51: 0.397 | BU51: 196.1386 | BV51: -2.1712 | BW51: 1.7623 | BX51: 196.0801 | BY51: -0.199 | BZ51: 2.6598 | CA51: 196.0728 | CB51: 1.4237 | CC51: 2.2822 | CD51: 196.1436 | CE51: 2.6339 | CF51: 0.1418 | CG51: 196.0961 | CH51: 2.5322 | CI51: -0.9959 | CK51: =IF(BO51="","",(BO51-BO$10)*1000) -> 0.63081613 | CL51: =IF(BP51="","",(BP51-BP$10)*1000) -> 7.8010247 | CM51: =IF(BQ51="","",(BQ51-BQ$10)*1000) -> 7.7676918 | CN51: =IF(BR51="","",(BR51-BR$10)*1000) -> -8.7769518 | CO51: =IF(BS51="","",(BS51-BS$10)*1000) -> 7.1856942 | CP51: =IF(BT51="","",(BT51-BT$10)*1000) -> -2.6822305 | CQ51: =IF(BU51="","",(BU51-BU$10)*1000) -> -0.048242789 | CR51: =IF(BV51="","",(BV51-BV$10)*1000) -> 14.658372 | ... DE51: =IF(CI51="","",(CI51-CI$10)*1000) -> -5.9908496
A52: 43970 | B52: =IF(A52="","",A52-excav) -> 265 | C52: 222.9 | D52: =IF(C52="","",+C52-$W$6) -> 26.8 | E52: 823244.33 | F52: 1091518.8 | G52: -124.544 | H52: 823244.24 | I52: 1091519 | J52: -123.1856 | K52: 823244.51 | L52: 1091518.5 | M52: -121.8202 | N52: 823245.29 | O52: 1091516.7 | P52: -120.9241 | Q52: 823245.97 | R52: 1091515.2 | S52: -121.3014 | T52: 823246.55 | U52: 1091514.1 | V52: -123.4402 | W52: 823246.46 | X52: 1091514.2 | Y52: -124.5783 | Z52: =IF(Xhaut="","",SQRT(((Xbasgauche-Xhaut)^2+(Ybasgauche-Yhaut)^2)+(Zbasgauche-Zhaut)^2)) -> 4.305527 | AA52: =IF(Xhaut="","",SQRT(((Xintergauche-Xhaut)^2+(Yintergauche-Yhaut)^2)+(Zintergauche-Zhaut)^2)) -> 3.3915965 | AB52: =IF(Xhaut="","",SQRT(((Xhautgauche-Xhaut)^2+(Yhautgauche-Yhaut)^2)+(Zhautgauche-Zhaut)^2)) -> 2.1665572 | AC52: =IF(Xhaut="","",SQRT(((Xhautdroit-Xhaut)^2+(Yhautdroit-Yhaut)^2)+(Zhautdroit-Zhaut)^2)) -> 1.6658826 | AD52: =IF(Xhaut="","",SQRT(((Xinterdroit-Xhaut)^2+(Yinterdroit-Yhaut)^2)+(Zinterdroit-Zhaut)^2)) -> 3.7894144 | AE52: =IF(Xhaut="","",SQRT(((Xbasdroit-Xhaut)^2+(Ybasdroit-Yhaut)^2)+(Zbasdroit-Zhaut)^2)) -> 4.5618872 | AF52: =IF(Xhautdroit="","",SQRT(((Xhautdroit-Xhautgauche)^2+(Yhautdroit-Yhautgauche)^2)+(Zhautdroit-Zhautgauche)^2)) -> 3.6321165 | AG52: =IF(Xinterdroit="","",SQRT(((Xinterdroit-Xintergauche)^2+(Yinterdroit-Yintergauche)^2)+(Zinterdroit-Zintergauche)^2)) -> 5.366634 | AH52: =IF(Xbasdroit="","",SQRT(((Xbasdroit-Xbasgauche)^2+(Ybasdroit-Ybasgauche)^2)+(Zbasdroit-Zbasgauche)^2)) -> 5.0618743 | AI52: =IF(Z52="","",(Z52-Z$10)*1000) -> -68.611964 | AJ52: =IF(AA52="","",(AA52-AA$10)*1000) -> -49.567925 | AK52: =IF(AB52="","",(AB52-AB$10)*1000) -> -39.309692 | AL52: =IF(AC52="","",(AC52-AC$10)*1000) -> -4.4285796 | AM52: =IF(AD52="","",(AD52-AD$10)*1000) -> -59.106069 | AN52: =IF(AE52="","",(AE52-AE$10)*1000) -> -60.714742 | AO52: =IF(AF52="","",(AF52-AF$10)*1000) -> -21.065569 | AP52: =IF(AG52="","",(AG52-AG$10)*1000) -> -23.278113 | AQ52: =IF(AH52="","",(AH52-AH$10)*1000) -> -26.292933 | AS52: =IF(E52="","",(E52-E$10)*1000) -> 1.5 | AT52: =IF(F52="","",(F52-F$10)*1000) -> -3.5000001 | AU52: =IF(G52="","",(G52-G$10)*1000) -> 7.5 | AV52: =IF(H52="","",(H52-H$10)*1000) -> -6.8 | AW52: =IF(I52="","",(I52-I$10)*1000) -> -6.8000001 | AX52: =IF(J52="","",(J52-J$10)*1000) -> -3.4 | AY52: =IF(K52="","",(K52-K$10)*1000) -> 3.2 | AZ52: =IF(L52="","",(L52-L$10)*1000) -> -11.4 | ... BM52: =IF(Y52="","",(Y52-Y$10)*1000) -> -6.5 | BO52: 196.1044 | BP52: -2.5329 | BQ52: -0.9622 | BR52: 196.0907 | BS52: -2.73 | BT52: 0.3964 | BU52: 196.1367 | BV52: -2.1742 | BW52: 1.7613 | BX52: 196.0789 | BY52: -0.2025 | BZ52: 2.658 | CA52: 196.0716 | CB52: 1.4201 | CC52: 2.2808 | CD52: 196.1429 | CE52: 2.6303 | CF52: 0.1413 | CG52: 196.0948 | CH52: 2.5284 | CI52: -0.9964 | CK52: =IF(BO52="","",(BO52-BO$10)*1000) -> -0.36918387 | CL52: =IF(BP52="","",(BP52-BP$10)*1000) -> 4.3010247 | CM52: =IF(BQ52="","",(BQ52-BQ$10)*1000) -> 7.4676918 | CN52: =IF(BR52="","",(BR52-BR$10)*1000) -> -9.0769518 | CO52: =IF(BS52="","",(BS52-BS$10)*1000) -> 3.2856942 | CP52: =IF(BT52="","",(BT52-BT$10)*1000) -> -3.2822305 | CQ52: =IF(BU52="","",(BU52-BU$10)*1000) -> -1.9482428 | CR52: =IF(BV52="","",(BV52-BV$10)*1000) -> 11.658372 | ... DE52: =IF(CI52="","",(CI52-CI$10)*1000) -> -6.4908496
A53: 43977 | B53: =IF(A53="","",A53-excav) -> 272 | C53: 222.9 | D53: =IF(C53="","",+C53-$W$6) -> 26.8 | E53: 823244.33 | F53: 1091518.8 | G53: -124.5441 | H53: 823244.24 | I53: 1091518.9 | J53: -123.1859 | K53: 823244.52 | L53: 1091518.5 | M53: -121.8205 | N53: 823245.3 | O53: 1091516.7 | P53: -120.9248 | Q53: 823245.98 | R53: 1091515.2 | S53: -121.3016 | T53: 823246.55 | U53: 1091514.1 | V53: -123.4405 | W53: 823246.46 | X53: 1091514.2 | Y53: -124.5788 | Z53: =IF(Xhaut="","",SQRT(((Xbasgauche-Xhaut)^2+(Ybasgauche-Yhaut)^2)+(Zbasgauche-Zhaut)^2)) -> 4.3047676 | AA53: =IF(Xhaut="","",SQRT(((Xintergauche-Xhaut)^2+(Yintergauche-Yhaut)^2)+(Zintergauche-Zhaut)^2)) -> 3.3913201 | AB53: =IF(Xhaut="","",SQRT(((Xhautgauche-Xhaut)^2+(Yhautgauche-Yhaut)^2)+(Zhautgauche-Zhaut)^2)) -> 2.1667716 | AC53: =IF(Xhaut="","",SQRT(((Xhautdroit-Xhaut)^2+(Yhautdroit-Yhaut)^2)+(Zhautdroit-Zhaut)^2)) -> 1.6658305 | AD53: =IF(Xhaut="","",SQRT(((Xinterdroit-Xhaut)^2+(Yinterdroit-Yhaut)^2)+(Zinterdroit-Zhaut)^2)) -> 3.789148 | AE53: =IF(Xhaut="","",SQRT(((Xbasdroit-Xhaut)^2+(Ybasdroit-Yhaut)^2)+(Zbasdroit-Zhaut)^2)) -> 4.5617725 | AF53: =IF(Xhautdroit="","",SQRT(((Xhautdroit-Xhautgauche)^2+(Yhautdroit-Yhautgauche)^2)+(Zhautdroit-Zhautgauche)^2)) -> 3.6325731 | AG53: =IF(Xinterdroit="","",SQRT(((Xinterdroit-Xintergauche)^2+(Yinterdroit-Yintergauche)^2)+(Zinterdroit-Zintergauche)^2)) -> 5.3666028 | AH53: =IF(Xbasdroit="","",SQRT(((Xbasdroit-Xbasgauche)^2+(Ybasdroit-Ybasgauche)^2)+(Zbasdroit-Zbasgauche)^2)) -> 5.0614721 | AI53: =IF(Z53="","",(Z53-Z$10)*1000) -> -69.371389 | AJ53: =IF(AA53="","",(AA53-AA$10)*1000) -> -49.844356 | AK53: =IF(AB53="","",(AB53-AB$10)*1000) -> -39.095279 | AL53: =IF(AC53="","",(AC53-AC$10)*1000) -> -4.4807331 | AM53: =IF(AD53="","",(AD53-AD$10)*1000) -> -59.372426 | AN53: =IF(AE53="","",(AE53-AE$10)*1000) -> -60.829411 | AO53: =IF(AF53="","",(AF53-AF$10)*1000) -> -20.60901 | AP53: =IF(AG53="","",(AG53-AG$10)*1000) -> -23.309394 | AQ53: =IF(AH53="","",(AH53-AH$10)*1000) -> -26.695131 | AS53: =IF(E53="","",(E53-E$10)*1000) -> 3.6000001 | AT53: =IF(F53="","",(F53-F$10)*1000) -> -7.8 | AU53: =IF(G53="","",(G53-G$10)*1000) -> 7.4 | AV53: =IF(H53="","",(H53-H$10)*1000) -> -4.5 | AW53: =IF(I53="","",(I53-I$10)*1000) -> -10.5 | AX53: =IF(J53="","",(J53-J$10)*1000) -> -3.7 | AY53: =IF(K53="","",(K53-K$10)*1000) -> 6.1 | AZ53: =IF(L53="","",(L53-L$10)*1000) -> -14.4 | ... BM53: =IF(Y53="","",(Y53-Y$10)*1000) -> -7 | BO53: 196.1047 | BP53: -2.5286 | BQ53: -0.9623 | BR53: 196.0913 | BS53: -2.7257 | BT53: 0.3961 | BU53: 196.1381 | BV53: -2.1702 | BW53: 1.761 | BX53: 196.0784 | BY53: -0.1982 | BZ53: 2.6573 | CA53: 196.072 | CB53: 1.4245 | CC53: 2.2806 | CD53: 196.1426 | CE53: 2.6346 | CF53: 0.141 | CG53: 196.0949 | CH53: 2.5327 | CI53: -0.9969 | CK53: =IF(BO53="","",(BO53-BO$10)*1000) -> -0.069183865 | CL53: =IF(BP53="","",(BP53-BP$10)*1000) -> 8.6010247 | CM53: =IF(BQ53="","",(BQ53-BQ$10)*1000) -> 7.3676918 | CN53: =IF(BR53="","",(BR53-BR$10)*1000) -> -8.4769518 | CO53: =IF(BS53="","",(BS53-BS$10)*1000) -> 7.5856942 | CP53: =IF(BT53="","",(BT53-BT$10)*1000) -> -3.5822305 | CQ53: =IF(BU53="","",(BU53-BU$10)*1000) -> -0.54824279 | CR53: =IF(BV53="","",(BV53-BV$10)*1000) -> 15.658372 | ... DE53: =IF(CI53="","",(CI53-CI$10)*1000) -> -6.9908496
A54: 43997 | B54: =IF(A54="","",A54-excav) -> 292 | C54: 222.9 | D54: =IF(C54="","",+C54-$W$6) -> 26.8 | E54: 823244.34 | F54: 1091518.8 | G54: -124.5429 | H54: 823244.24 | I54: 1091518.9 | J54: -123.1849 | K54: - | L54: - | M54: - | N54: 823245.3 | O54: 1091516.7 | P54: -120.9231 | Q54: 823245.98 | R54: 1091515.2 | S54: -121.3005 | T54: 823246.55 | U54: 1091514.1 | V54: -123.4395 | W54: - | X54: - | Y54: - | Z54: =IF(Xhaut="","",SQRT(((Xbasgauche-Xhaut)^2+(Ybasgauche-Yhaut)^2)+(Zbasgauche-Zhaut)^2)) -> 4.3054206 | AA54: =IF(Xhaut="","",SQRT(((Xintergauche-Xhaut)^2+(Yintergauche-Yhaut)^2)+(Zintergauche-Zhaut)^2)) -> 3.392005 | AC54: =IF(Xhaut="","",SQRT(((Xhautdroit-Xhaut)^2+(Yhautdroit-Yhaut)^2)+(Zhautdroit-Zhaut)^2)) -> 1.6648169 | AD54: =IF(Xhaut="","",SQRT(((Xinterdroit-Xhaut)^2+(Yinterdroit-Yhaut)^2)+(Zinterdroit-Zhaut)^2)) -> 3.7887131 | AG54: =IF(Xinterdroit="","",SQRT(((Xinterdroit-Xintergauche)^2+(Yinterdroit-Yintergauche)^2)+(Zinterdroit-Zintergauche)^2)) -> 5.3657134 | AI54: =IF(Z54="","",(Z54-Z$10)*1000) -> -68.718377 | AJ54: =IF(AA54="","",(AA54-AA$10)*1000) -> -49.159476 | AK54: =IF(AB54="","",(AB54-AB$10)*1000) | AL54: =IF(AC54="","",(AC54-AC$10)*1000) -> -5.4943259 | AM54: =IF(AD54="","",(AD54-AD$10)*1000) -> -59.807368 | AN54: =IF(AE54="","",(AE54-AE$10)*1000) | AO54: =IF(AF54="","",(AF54-AF$10)*1000) | AP54: =IF(AG54="","",(AG54-AG$10)*1000) -> -24.198716 | AQ54: =IF(AH54="","",(AH54-AH$10)*1000) | AS54: =IF(E54="","",(E54-E$10)*1000) -> 5.8 | AT54: =IF(F54="","",(F54-F$10)*1000) -> -7.8 | AU54: =IF(G54="","",(G54-G$10)*1000) -> 8.6 | AV54: =IF(H54="","",(H54-H$10)*1000) -> -2.4 | AW54: =IF(I54="","",(I54-I$10)*1000) -> -10.7 | AX54: =IF(J54="","",(J54-J$10)*1000) -> -2.7 | BB54: =IF(N54="","",(N54-N$10)*1000) -> -7.8 | BC54: =IF(O54="","",(O54-O$10)*1000) -> -5.0000001 | BD54: =IF(P54="","",(P54-P$10)*1000) -> -67.7 | BE54: =IF(Q54="","",(Q54-Q$10)*1000) -> 2.4 | BF54: =IF(R54="","",(R54-R$10)*1000) -> 0.40000002 | BG54: =IF(S54="","",(S54-S$10)*1000) -> -46.9 | BH54: =IF(T54="","",(T54-T$10)*1000) -> -6.4000001 | BI54: =IF(U54="","",(U54-U$10)*1000) -> 13.9 | BJ54: =IF(V54="","",(V54-V$10)*1000) -> 3.6 | BO54: 196.10673 | BP54: -2.5276806 | BQ54: -0.96108729 | BR54: 196.09308 | BS54: -2.7246027 | BT54: 0.39704921 | BU54: - | BV54: - | BW54: - | BX54: 196.08085 | BY54: -0.19679559 | BZ54: 2.6589715 | CA54: 196.07355 | CB54: 1.424664 | CC54: 2.2816445 | CD54: 196.1442 | CE54: 2.6348232 | CF54: 0.14193803 | CG54: - | CH54: - | CI54: - | CK54: =IF(BO54="","",(BO54-BO$10)*1000) -> 1.9598082 | CL54: =IF(BP54="","",(BP54-BP$10)*1000) -> 9.5204597 | CM54: =IF(BQ54="","",(BQ54-BQ$10)*1000) -> 8.5804019 | CN54: =IF(BR54="","",(BR54-BR$10)*1000) -> -6.6974774 | CO54: =IF(BS54="","",(BS54-BS$10)*1000) -> 8.6829601 | CP54: =IF(BT54="","",(BT54-BT$10)*1000) -> -2.6330252 | CT54: =IF(BX54="","",(BX54-BX$10)*1000) -> -9.1823381 | CU54: =IF(BY54="","",(BY54-BY$10)*1000) -> 1.2347747 | CV54: =IF(BZ54="","",(BZ54-BZ$10)*1000) -> -67.608177 | CW54: =IF(CA54="","",(CA54-CA$10)*1000) -> 2.3441617 | CX54: =IF(CB54="","",(CB54-CB$10)*1000) -> 0.65184799 | CY54: =IF(CC54="","",(CC54-CC$10)*1000) -> -46.923442 | CZ54: =IF(CD54="","",(CD54-CD$10)*1000) -> 0.07459372 | DA54: =IF(CE54="","",(CE54-CE$10)*1000) -> -15.302432 | DB54: =IF(CF54="","",(CF54-CF$10)*1000) -> 3.5992541
A55: 44029 | B55: =IF(A55="","",A55-excav) -> 324 | C55: 222.9 | D55: =IF(C55="","",+C55-$W$6) -> 26.8 | E55: 823244.33 | F55: 1091518.8 | G55: -124.5428 | H55: 823244.24 | I55: 1091518.9 | J55: -123.1846 | K55: 823244.52 | L55: 1091518.5 | M55: -121.8193 | N55: 823245.3 | O55: 1091516.7 | P55: -120.9246 | Q55: 823245.98 | R55: 1091515.2 | S55: -121.3007 | T55: 823246.55 | U55: 1091514.1 | V55: -123.4393 | W55: 823246.47 | X55: 1091514.2 | Y55: -124.5773 | Z55: =IF(Xhaut="","",SQRT(((Xbasgauche-Xhaut)^2+(Ybasgauche-Yhaut)^2)+(Zbasgauche-Zhaut)^2)) -> 4.3036102 | AA55: =IF(Xhaut="","",SQRT(((Xintergauche-Xhaut)^2+(Yintergauche-Yhaut)^2)+(Zintergauche-Zhaut)^2)) -> 3.390259 | AB55: =IF(Xhaut="","",SQRT(((Xhautgauche-Xhaut)^2+(Yhautgauche-Yhaut)^2)+(Zhautgauche-Zhaut)^2)) -> 2.1662028 | AC55: =IF(Xhaut="","",SQRT(((Xhautdroit-Xhaut)^2+(Yhautdroit-Yhaut)^2)+(Zhautdroit-Zhaut)^2)) -> 1.6654002 | AD55: =IF(Xhaut="","",SQRT(((Xinterdroit-Xhaut)^2+(Yinterdroit-Yhaut)^2)+(Zinterdroit-Zhaut)^2)) -> 3.788216 | AE55: =IF(Xhaut="","",SQRT(((Xbasdroit-Xhaut)^2+(Ybasdroit-Yhaut)^2)+(Zbasdroit-Zhaut)^2)) -> 4.5606146 | AF55: =IF(Xhautdroit="","",SQRT(((Xhautdroit-Xhautgauche)^2+(Yhautdroit-Yhautgauche)^2)+(Zhautdroit-Zhautgauche)^2)) -> 3.632078 | AG55: =IF(Xinterdroit="","",SQRT(((Xinterdroit-Xintergauche)^2+(Yinterdroit-Yintergauche)^2)+(Zinterdroit-Zintergauche)^2)) -> 5.3658044 | AH55: =IF(Xbasdroit="","",SQRT(((Xbasdroit-Xbasgauche)^2+(Ybasdroit-Ybasgauche)^2)+(Zbasdroit-Zbasgauche)^2)) -> 5.0608358 | AI55: =IF(Z55="","",(Z55-Z$10)*1000) -> -70.528802 | AJ55: =IF(AA55="","",(AA55-AA$10)*1000) -> -50.905451 | AK55: =IF(AB55="","",(AB55-AB$10)*1000) -> -39.664082 | AL55: =IF(AC55="","",(AC55-AC$10)*1000) -> -4.9110454 | AM55: =IF(AD55="","",(AD55-AD$10)*1000) -> -60.304465 | AN55: =IF(AE55="","",(AE55-AE$10)*1000) -> -61.987338 | AO55: =IF(AF55="","",(AF55-AF$10)*1000) -> -21.10412 | AP55: =IF(AG55="","",(AG55-AG$10)*1000) -> -24.107809 | AQ55: =IF(AH55="","",(AH55-AH$10)*1000) -> -27.331451 | AS55: =IF(E55="","",(E55-E$10)*1000) -> 4.5 | AT55: =IF(F55="","",(F55-F$10)*1000) -> -7.9000001 | AU55: =IF(G55="","",(G55-G$10)*1000) -> 8.7 | AV55: =IF(H55="","",(H55-H$10)*1000) -> -3.8000001 | AW55: =IF(I55="","",(I55-I$10)*1000) -> -10.7 | AX55: =IF(J55="","",(J55-J$10)*1000) -> -2.4 | AY55: =IF(K55="","",(K55-K$10)*1000) -> 6.6 | AZ55: =IF(L55="","",(L55-L$10)*1000) -> -14.4 | ... BM55: =IF(Y55="","",(Y55-Y$10)*1000) -> -5.5 | BO55: 196.10551 | BP55: -2.5281394 | BQ55: -0.96097509 | BR55: 196.09181 | BS55: -2.7251944 | BT55: 0.39736189 | BU55: 196.13854 | BV55: -2.1700183 | BW55: 1.7621946 | BX55: 196.07871 | BY55: -0.19812411 | BZ55: 2.6574929 | CA55: 196.07265 | CB55: 1.4242413 | CC55: 2.2814535 | CD55: 196.14311 | CE55: 2.634316 | CF55: 0.1421489 | CG55: 196.096 | CH55: 2.5325698 | CI55: -0.99537998 | CK55: =IF(BO55="","",(BO55-BO$10)*1000) -> 0.73936334 | CL55: =IF(BP55="","",(BP55-BP$10)*1000) -> 9.0616413 | CM55: =IF(BQ55="","",(BQ55-BQ$10)*1000) -> 8.6926064 | CN55: =IF(BR55="","",(BR55-BR$10)*1000) -> -7.9662863 | CO55: =IF(BS55="","",(BS55-BS$10)*1000) -> 8.0912472 | CP55: =IF(BT55="","",(BT55-BT$10)*1000) -> -2.3203371 | CQ55: =IF(BU55="","",(BU55-BU$10)*1000) -> -0.10466145 | CR55: =IF(BV55="","",(BV55-BV$10)*1000) -> 15.840109 | ... DE55: =IF(CI55="","",(CI55-CI$10)*1000) -> -5.470834
A56: 44055 | B56: =IF(A56="","",A56-excav) -> 350 | C56: 222.9 | D56: =IF(C56="","",+C56-$W$6) -> 26.8 | E56: 823244.34 | F56: 1091518.8 | G56: -124.5434 | H56: 823244.24 | I56: 1091518.9 | J56: -123.1852 | K56: 823244.52 | L56: 1091518.5 | M56: -121.8203 | N56: 823245.3 | O56: 1091516.7 | P56: -120.925 | Q56: 823245.98 | R56: 1091515.2 | S56: -121.3016 | T56: 823246.55 | U56: 1091514.1 | V56: -123.4398 | W56: 823246.47 | X56: 1091514.2 | Y56: -124.5779 | Z56: =IF(Xhaut="","",SQRT(((Xbasgauche-Xhaut)^2+(Ybasgauche-Yhaut)^2)+(Zbasgauche-Zhaut)^2)) -> 4.3036926 | AA56: =IF(Xhaut="","",SQRT(((Xintergauche-Xhaut)^2+(Yintergauche-Yhaut)^2)+(Zintergauche-Zhaut)^2)) -> 3.3900947 | AB56: =IF(Xhaut="","",SQRT(((Xhautgauche-Xhaut)^2+(Yhautgauche-Yhaut)^2)+(Zhautgauche-Zhaut)^2)) -> 2.1659498 | AC56: =IF(Xhaut="","",SQRT(((Xhautdroit-Xhaut)^2+(Yhautdroit-Yhaut)^2)+(Zhautdroit-Zhaut)^2)) -> 1.6659011 | AD56: =IF(Xhaut="","",SQRT(((Xinterdroit-Xhaut)^2+(Yinterdroit-Yhaut)^2)+(Zinterdroit-Zhaut)^2)) -> 3.7880852 | AE56: =IF(Xhaut="","",SQRT(((Xbasdroit-Xhaut)^2+(Ybasdroit-Yhaut)^2)+(Zbasdroit-Zhaut)^2)) -> 4.5607861 | AF56: =IF(Xhautdroit="","",SQRT(((Xhautdroit-Xhautgauche)^2+(Yhautdroit-Yhautgauche)^2)+(Zhautdroit-Zhautgauche)^2)) -> 3.6319717 | AG56: =IF(Xinterdroit="","",SQRT(((Xinterdroit-Xintergauche)^2+(Yinterdroit-Yintergauche)^2)+(Zinterdroit-Zintergauche)^2)) -> 5.3651688 | AH56: =IF(Xbasdroit="","",SQRT(((Xbasdroit-Xbasgauche)^2+(Ybasdroit-Ybasgauche)^2)+(Zbasdroit-Zbasgauche)^2)) -> 5.0607095 | AI56: =IF(Z56="","",(Z56-Z$10)*1000) -> -70.446334 | AJ56: =IF(AA56="","",(AA56-AA$10)*1000) -> -51.069777 | AK56: =IF(AB56="","",(AB56-AB$10)*1000) -> -39.917107 | AL56: =IF(AC56="","",(AC56-AC$10)*1000) -> -4.4100461 | AM56: =IF(AD56="","",(AD56-AD$10)*1000) -> -60.43528 | AN56: =IF(AE56="","",(AE56-AE$10)*1000) -> -61.815847 | AO56: =IF(AF56="","",(AF56-AF$10)*1000) -> -21.210372 | AP56: =IF(AG56="","",(AG56-AG$10)*1000) -> -24.743379 | AQ56: =IF(AH56="","",(AH56-AH$10)*1000) -> -27.457726 | AS56: =IF(E56="","",(E56-E$10)*1000) -> 5.3000001 | AT56: =IF(F56="","",(F56-F$10)*1000) -> -7 | AU56: =IF(G56="","",(G56-G$10)*1000) -> 8.1 | AV56: =IF(H56="","",(H56-H$10)*1000) -> -3.5 | AW56: =IF(I56="","",(I56-I$10)*1000) -> -10.3 | AX56: =IF(J56="","",(J56-J$10)*1000) -> -3 | AY56: =IF(K56="","",(K56-K$10)*1000) -> 7.2 | AZ56: =IF(L56="","",(L56-L$10)*1000) -> -14 | ... BM56: =IF(Y56="","",(Y56-Y$10)*1000) -> -6.1 | BO56: 196.10661 | BP56: -2.5286169 | BQ56: -0.96158614 | BR56: 196.09225 | BS56: -2.7254302 | BT56: 0.39675748 | BU56: 196.13926 | BV56: -2.1701272 | BW56: 1.7611874 | BX56: 196.08044 | BY56: -0.19875284 | BZ56: 2.6570756 | CA56: 196.07309 | CB56: 1.4240056 | CC56: 2.2805491 | CD56: 196.14385 | CE56: 2.6334459 | CF56: 0.14164153 | CG56: 196.09683 | CH56: 2.5319655 | CI56: -0.99598832 | CK56: =IF(BO56="","",(BO56-BO$10)*1000) -> 1.8447839 | CL56: =IF(BP56="","",(BP56-BP$10)*1000) -> 8.5841 | CM56: =IF(BQ56="","",(BQ56-BQ$10)*1000) -> 8.0815522 | CN56: =IF(BR56="","",(BR56-BR$10)*1000) -> -7.5253379 | CO56: =IF(BS56="","",(BS56-BS$10)*1000) -> 7.855526 | CP56: =IF(BT56="","",(BT56-BT$10)*1000) -> -2.9247466 | CQ56: =IF(BU56="","",(BU56-BU$10)*1000) -> 0.60817462 | CR56: =IF(BV56="","",(BV56-BV$10)*1000) -> 15.731183 | ... DE56: =IF(CI56="","",(CI56-CI$10)*1000) -> -6.0791694
A57: 44082 | B57: =IF(A57="","",A57-excav) -> 377 | C57: 222.9 | D57: =IF(C57="","",+C57-$W$6) -> 26.8 | E57: 823244.34 | F57: 1091518.8 | G57: -124.5439 | N57: 823245.3 | O57: 1091516.7 | P57: -120.9262 | Q57: 823245.97 | R57: 1091515.2 | S57: -121.3027 | T57: 823246.55 | U57: 1091514.1 | V57: -123.4403 | W57: 823246.46 | X57: 1091514.2 | Y57: -124.5784 | Z57: =IF(Xhaut="","",SQRT(((Xbasgauche-Xhaut)^2+(Ybasgauche-Yhaut)^2)+(Zbasgauche-Zhaut)^2)) -> 4.3030055 | AC57: =IF(Xhaut="","",SQRT(((Xhautdroit-Xhaut)^2+(Yhautdroit-Yhaut)^2)+(Zhautdroit-Zhaut)^2)) -> 1.6653686 | AD57: =IF(Xhaut="","",SQRT(((Xinterdroit-Xhaut)^2+(Yinterdroit-Yhaut)^2)+(Zinterdroit-Zhaut)^2)) -> 3.7872521 | AE57: =IF(Xhaut="","",SQRT(((Xbasdroit-Xhaut)^2+(Ybasdroit-Yhaut)^2)+(Zbasdroit-Zhaut)^2)) -> 4.559935 | AH57: =IF(Xbasdroit="","",SQRT(((Xbasdroit-Xbasgauche)^2+(Ybasdroit-Ybasgauche)^2)+(Zbasdroit-Zbasgauche)^2)) -> 5.0600455 | AI57: =IF(Z57="","",(Z57-Z$10)*1000) -> -71.133504 | AJ57: =IF(AA57="","",(AA57-AA$10)*1000) | AK57: =IF(AB57="","",(AB57-AB$10)*1000) | AL57: =IF(AC57="","",(AC57-AC$10)*1000) -> -4.9426298 | AM57: =IF(AD57="","",(AD57-AD$10)*1000) -> -61.268361 | AN57: =IF(AE57="","",(AE57-AE$10)*1000) -> -62.666983 | AO57: =IF(AF57="","",(AF57-AF$10)*1000) | AP57: =IF(AG57="","",(AG57-AG$10)*1000) | AQ57: =IF(AH57="","",(AH57-AH$10)*1000) -> -28.121708 | AS57: =IF(E57="","",(E57-E$10)*1000) -> 5 | AT57: =IF(F57="","",(F57-F$10)*1000) -> -7.9000001 | AU57: =IF(G57="","",(G57-G$10)*1000) -> 7.6 | AV57: =IF(H57="","",(H57-H$10)*1000) | AW57: =IF(I57="","",(I57-I$10)*1000) | AX57: =IF(J57="","",(J57-J$10)*1000) | AY57: =IF(K57="","",(K57-K$10)*1000) | AZ57: =IF(L57="","",(L57-L$10)*1000) | ... BM57: =IF(Y57="","",(Y57-Y$10)*1000) -> -6.6 | BO57: 196.10596 | BP57: -2.5279281 | BQ57: -0.96207962 | BR57: 0 | BX57: 196.07987 | BY57: -0.19824523 | BZ57: 2.6558813 | CA57: 196.0721 | CB57: 1.4239878 | CC57: 2.279459 | CD57: 196.1434 | CE57: 2.6334581 | CF57: 0.141146 | CG57: 196.09594 | CH57: 2.5319899 | CI57: -0.99647938 | CK57: =IF(BO57="","",(BO57-BO$10)*1000) -> 1.1925093 | CL57: =IF(BP57="","",(BP57-BP$10)*1000) -> 9.2729673 | CM57: =IF(BQ57="","",(BQ57-BQ$10)*1000) -> 7.5880749 | CO57: =IF(BS57="","",(BS57-BS$10)*1000) | CP57: =IF(BT57="","",(BT57-BT$10)*1000) | CQ57: =IF(BU57="","",(BU57-BU$10)*1000) | CR57: =IF(BV57="","",(BV57-BV$10)*1000) | CS57: =IF(BW57="","",(BW57-BW$10)*1000) | CT57: =IF(BX57="","",(BX57-BX$10)*1000) -> -10.161389 | CU57: =IF(BY57="","",(BY57-BY$10)*1000) -> -0.21486629 | CV57: =IF(BZ57="","",(BZ57-BZ$10)*1000) -> -70.698386 | ... DE57: =IF(CI57="","",(CI57-CI$10)*1000) -> -6.5702284
B58: =IF(A58="","",A58-excav) | D58: =IF(C58="","",+C58-$W$6) | Z58: =IF(Xhaut="","",SQRT(((Xbasgauche-Xhaut)^2+(Ybasgauche-Yhaut)^2)+(Zbasgauche-Zhaut)^2)) | AB58: =IF(Xhaut="","",SQRT(((Xhautgauche-Xhaut)^2+(Yhautgauche-Yhaut)^2)+(Zhautgauche-Zhaut)^2)) | AC58: =IF(Xhaut="","",SQRT(((Xhautdroit-Xhaut)^2+(Yhautdroit-Yhaut)^2)+(Zhautdroit-Zhaut)^2)) | AD58: =IF(Xhaut="","",SQRT(((Xinterdroit-Xhaut)^2+(Yinterdroit-Yhaut)^2)+(Zinterdroit-Zhaut)^2)) | AE58: =IF(Xhaut="","",SQRT(((Xbasdroit-Xhaut)^2+(Ybasdroit-Yhaut)^2)+(Zbasdroit-Zhaut)^2)) | AF58: =IF(Xhautdroit="","",SQRT(((Xhautdroit-Xhautgauche)^2+(Yhautdroit-Yhautgauche)^2)+(Zhautdroit-Zhautgauche)^2)) | AG58: =IF(Xinterdroit="","",SQRT(((Xinterdroit-Xintergauche)^2+(Yinterdroit-Yintergauche)^2)+(Zinterdroit-Zintergauche)^2)) | AH58: =IF(Xbasdroit="","",SQRT(((Xbasdroit-Xbasgauche)^2+(Ybasdroit-Ybasgauche)^2)+(Zbasdroit-Zbasgauche)^2)) | AI58: =IF(Z58="","",(Z58-Z$10)*1000) | AJ58: =IF(AA58="","",(AA58-AA$10)*1000) | AK58: =IF(AB58="","",(AB58-AB$10)*1000) | AL58: =IF(AC58="","",(AC58-AC$10)*1000) | AM58: =IF(AD58="","",(AD58-AD$10)*1000) | AN58: =IF(AE58="","",(AE58-AE$10)*1000) | AO58: =IF(AF58="","",(AF58-AF$10)*1000) | AP58: =IF(AG58="","",(AG58-AG$10)*1000) | AQ58: =IF(AH58="","",(AH58-AH$10)*1000) | AS58: =IF(E58="","",(E58-E$10)*1000) | AT58: =IF(F58="","",(F58-F$10)*1000) | AU58: =IF(G58="","",(G58-G$10)*1000) | AV58: =IF(H58="","",(H58-H$10)*1000) | AW58: =IF(I58="","",(I58-I$10)*1000) | AX58: =IF(J58="","",(J58-J$10)*1000) | AY58: =IF(K58="","",(K58-K$10)*1000) | AZ58: =IF(L58="","",(L58-L$10)*1000) | ... BM58: =IF(Y58="","",(Y58-Y$10)*1000) | CK58: =IF(BO58="","",(BO58-BO$10)*1000) | CL58: =IF(BP58="","",(BP58-BP$10)*1000) | CM58: =IF(BQ58="","",(BQ58-BQ$10)*1000) | CN58: =IF(BR58="","",(BR58-BR$10)*1000) | CO58: =IF(BS58="","",(BS58-BS$10)*1000) | CP58: =IF(BT58="","",(BT58-BT$10)*1000) | CQ58: =IF(BU58="","",(BU58-BU$10)*1000) | CR58: =IF(BV58="","",(BV58-BV$10)*1000) | ... DE58: =IF(CI58="","",(CI58-CI$10)*1000)
A59: 44140 | B59: =IF(A59="","",A59-excav) -> 435 | C59: 222.9 | D59: =IF(C59="","",+C59-$W$6) -> 26.8 | E59: 823244.34 | F59: 1091518.8 | G59: -124.5439 | H59: 823244.24 | I59: 1091518.8 | J59: -123.6147 | N59: 823245.51 | O59: 1091516.1 | P59: -121.2804 | T59: 823246.37 | U59: 1091514.1 | V59: -123.6062 | W59: 823246.46 | X59: 1091514.2 | Y59: -124.5784 | Z59: =IF(Xhaut="","",SQRT(((Xbasgauche-Xhaut)^2+(Ybasgauche-Yhaut)^2)+(Zbasgauche-Zhaut)^2)) -> 4.4008545 | AA59: =IF(Xhaut="","",SQRT(((Xintergauche-Xhaut)^2+(Yintergauche-Yhaut)^2)+(Zintergauche-Zhaut)^2)) -> 3.7858615 | AD59: =IF(Xhaut="","",SQRT(((Xinterdroit-Xhaut)^2+(Yinterdroit-Yhaut)^2)+(Zinterdroit-Zhaut)^2)) -> 3.1548674 | AE59: =IF(Xhaut="","",SQRT(((Xbasdroit-Xhaut)^2+(Ybasdroit-Yhaut)^2)+(Zbasdroit-Zhaut)^2)) -> 3.9150132 | AF59: =IF(Xhautdroit="","",SQRT(((Xhautdroit-Xhautgauche)^2+(Yhautdroit-Yhautgauche)^2)+(Zhautdroit-Zhautgauche)^2)) | AG59: =IF(Xinterdroit="","",SQRT(((Xinterdroit-Xintergauche)^2+(Yinterdroit-Yintergauche)^2)+(Zinterdroit-Zintergauche)^2)) -> 5.1117635 | AH59: =IF(Xbasdroit="","",SQRT(((Xbasdroit-Xbasgauche)^2+(Ybasdroit-Ybasgauche)^2)+(Zbasdroit-Zbasgauche)^2)) -> 5.0600455 | AI59: =AI57 -> -71.133504 | AJ59: =AJ56 -> -51.069777 | AK59: =IF(AB59="","",(AB59-AB$10)*1000) | AL59: =IF(AC59="","",(AC59-AC$10)*1000) | AM59: =AM57 -> -61.268361 | AN59: =AN57 -> -62.666983 | AO59: =IF(AF59="","",(AF59-AF$10)*1000) | AP59: =AP56 -> -24.743379 | AQ59: =AQ57 -> -28.121708 | AV59: =AV56 -> -3.5 | AW59: =AW56 -> -10.3 | AX59: =AX56 -> -3 | BB59: =BB57 -> -9.3 | BC59: =BC57 -> -4.1 | BD59: =BD57 -> -70.8 | BH59: =BH57 -> -7.7000001 | BI59: =BI57 -> 14.8 | BJ59: =BJ57 -> 2.8 | BK59: =IF(W59="","",(W59-W$10)*1000) -> -10.7 | BL59: =IF(X59="","",(X59-X$10)*1000) -> 15.9 | BM59: =IF(Y59="","",(Y59-Y$10)*1000) -> -6.6 | BR59: 196.0179 | BS59: -2.5571 | BT59: -0.032 | BX59: 196.027 | BY59: 0.4235 | BZ59: 2.3022 | CD59: 195.9767 | CE59: 2.5545 | CF59: -0.0231 | CK59: =IF(BO59="","",(BO59-BO$10)*1000) | CL59: =IF(BP59="","",(BP59-BP$10)*1000) | CM59: =IF(BQ59="","",(BQ59-BQ$10)*1000) | CN59: =CN56 -> -7.5253379 | CO59: =CO56 -> 7.855526 | CP59: =CP56 -> -2.9247466 | CQ59: =IF(BU59="","",(BU59-BU$10)*1000) | CR59: =IF(BV59="","",(BV59-BV$10)*1000) | CS59: =IF(BW59="","",(BW59-BW$10)*1000) | CT59: =CT57 -> -10.161389 | CU59: =CU57 -> -0.21486629 | CV59: =CV57 -> -70.698386 | CW59: =IF(CA59="","",(CA59-CA$10)*1000) | CX59: =IF(CB59="","",(CB59-CB$10)*1000) | CY59: =IF(CC59="","",(CC59-CC$10)*1000) | CZ59: =CZ57 -> -0.72319909 | DA59: =DA57 -> -16.667543 | DB59: =DB57 -> 2.807232 | DC59: =IF(CG59="","",(CG59-CG$10)*1000) | DD59: =IF(CH59="","",(CH59-CH$10)*1000) | DE59: =IF(CI59="","",(CI59-CI$10)*1000)
A60: 44172 | B60: =IF(A60="","",A60-excav) -> 467 | C60: 222.9 | D60: =IF(C60="","",+C60-$W$6) -> 26.8 | H60: 823244.24 | I60: 1091518.8 | J60: -123.614 | N60: 823245.51 | O60: 1091516.1 | P60: -121.2805 | T60: 823246.37 | U60: 1091514.1 | V60: -123.6055 | AA60: =IF(Xhaut="","",SQRT(((Xintergauche-Xhaut)^2+(Yintergauche-Yhaut)^2)+(Zintergauche-Zhaut)^2)) -> 3.7855151 | AD60: =IF(Xhaut="","",SQRT(((Xinterdroit-Xhaut)^2+(Yinterdroit-Yhaut)^2)+(Zinterdroit-Zhaut)^2)) -> 3.1543862 | AG60: =IF(Xinterdroit="","",SQRT(((Xinterdroit-Xintergauche)^2+(Yinterdroit-Yintergauche)^2)+(Zinterdroit-Zintergauche)^2)) -> 5.1121194 | AJ60: =IF(AA60="","",AJ$59+(AA60-AA$59)*1000) -> -51.416196 | AM60: =IF(AD60="","",AM$59+(AD60-AD$59)*1000) -> -61.749623 | AP60: =IF(AG60="","",AP$59+(AG60-AG$59)*1000) -> -24.387411 | AS60: =IF(E60="","",(E60-E$10)*1000) | AT60: =IF(F60="","",(F60-F$10)*1000) | AU60: =IF(G60="","",(G60-G$10)*1000) | AV60: =IF(H60="","",AV$59+(H60-H$59)*1000) -> -2.7 | AW60: =IF(I60="","",AW$59+(I60-I$59)*1000) -> -10.3 | AX60: =IF(J60="","",AX$59+(J60-J$59)*1000) -> -2.3 | AY60: =IF(K60="","",(K60-K$10)*1000) | AZ60: =IF(L60="","",(L60-L$10)*1000) | BA60: =IF(M60="","",(M60-M$10)*1000) | BB60: =IF(N60="","",BB$59+(N60-N$59)*1000) -> -8.7 | BC60: =IF(O60="","",BC$59+(O60-O$59)*1000) -> -4.4 | BD60: =IF(P60="","",BD$59+(P60-P$59)*1000) -> -70.9 | BE60: =IF(Q60="","",(Q60-Q$10)*1000) | BF60: =IF(R60="","",(R60-R$10)*1000) | BG60: =IF(S60="","",(S60-S$10)*1000) | BH60: =IF(T60="","",BH$59+(T60-T$59)*1000) -> -6.7000001 | BI60: =IF(U60="","",BI$59+(U60-U$59)*1000) -> 14.5 | BJ60: =IF(V60="","",BJ$59+(V60-V$59)*1000) -> 3.5 | BK60: =IF(W60="","",(W60-W$10)*1000) | BL60: =IF(X60="","",(X60-X$10)*1000) | BM60: =IF(Y60="","",(Y60-Y$10)*1000) | BR60: 196.01865 | BS60: -2.5567282 | BT60: -0.031306526 | BX60: 196.02746 | BY60: 0.42401405 | BZ60: 2.3021054 | CD60: 195.97752 | CE60: 2.5552187 | CF60: -0.022395239 | CK60: =IF(BO60="","",(BO60-BO$10)*1000) | CL60: =IF(BP60="","",(BP60-BP$10)*1000) | CM60: =IF(BQ60="","",(BQ60-BQ$10)*1000) | CN60: =IF(BR60="","",CN$59+(BR60-BR$59)*1000) -> -6.7727504 | CO60: =IF(BS60="","",CO$59+(BS60-BS$59)*1000) -> 8.2272943 | CP60: =IF(BT60="","",CP$59+(BT60-BT$59)*1000) -> -2.2312725 | CQ60: =IF(BU60="","",(BU60-BU$10)*1000) | CR60: =IF(BV60="","",(BV60-BV$10)*1000) | CS60: =IF(BW60="","",(BW60-BW$10)*1000) | CT60: =IF(BX60="","",CT$59+(BX60-BX$59)*1000) -> -9.7000696 | CU60: =IF(BY60="","",CU$59+(BY60-BY$59)*1000) -> 0.29918128 | CV60: =IF(BZ60="","",CV$59+(BZ60-BZ$59)*1000) -> -70.792999 | CW60: =IF(CA60="","",(CA60-CA$10)*1000) | CX60: =IF(CB60="","",(CB60-CB$10)*1000) | CY60: =IF(CC60="","",(CC60-CC$10)*1000) | CZ60: =IF(CD60="","",CZ$59+(CD60-CD$59)*1000) -> 0.1006538 | DA60: =IF(CE60="","",DA$59+(CE60-CE$59)*1000) -> -15.948846 | DB60: =IF(CF60="","",DB$59+(CF60-CF$59)*1000) -> 3.5119935 | DC60: =IF(CG60="","",(CG60-CG$10)*1000) | DD60: =IF(CH60="","",(CH60-CH$10)*1000) | DE60: =IF(CI60="","",(CI60-CI$10)*1000)
A61: 44229 | B61: =IF(A61="","",A61-excav) -> 524 | C61: 222.9 | D61: =IF(C61="","",+C61-$W$6) -> 26.8 | H61: 823244.24 | I61: 1091518.8 | J61: -123.614 | N61: 823245.51 | O61: 1091516.1 | P61: -121.28 | T61: 823246.37 | U61: 1091514.1 | V61: -123.605 | AA61: =IF(Xhaut="","",SQRT(((Xintergauche-Xhaut)^2+(Yintergauche-Yhaut)^2)+(Zintergauche-Zhaut)^2)) -> 3.7853915 | AD61: =IF(Xhaut="","",SQRT(((Xinterdroit-Xhaut)^2+(Yinterdroit-Yhaut)^2)+(Zinterdroit-Zhaut)^2)) -> 3.1544982 | AG61: =IF(Xinterdroit="","",SQRT(((Xinterdroit-Xintergauche)^2+(Yinterdroit-Yintergauche)^2)+(Zinterdroit-Zintergauche)^2)) -> 5.1117228 | AJ61: =IF(AA61="","",AJ$59+(AA61-AA$59)*1000) -> -51.539745 | AM61: =IF(AD61="","",AM$59+(AD61-AD$59)*1000) -> -61.63756 | AP61: =IF(AG61="","",AP$59+(AG61-AG$59)*1000) -> -24.784055 | AS61: =IF(E61="","",(E61-E$10)*1000) | AT61: =IF(F61="","",(F61-F$10)*1000) | AU61: =IF(G61="","",(G61-G$10)*1000) | AV61: =IF(H61="","",AV$59+(H61-H$59)*1000) -> -3.7999999 | AW61: =IF(I61="","",AW$59+(I61-I$59)*1000) -> -10.1 | AX61: =IF(J61="","",AX$59+(J61-J$59)*1000) -> -2.3 | AY61: =IF(K61="","",(K61-K$10)*1000) | AZ61: =IF(L61="","",(L61-L$10)*1000) | BA61: =IF(M61="","",(M61-M$10)*1000) | BB61: =IF(N61="","",BB$59+(N61-N$59)*1000) -> -9.6 | BC61: =IF(O61="","",BC$59+(O61-O$59)*1000) -> -3.5000001 | BD61: =IF(P61="","",BD$59+(P61-P$59)*1000) -> -70.4 | BE61: =IF(Q61="","",(Q61-Q$10)*1000) | BF61: =IF(R61="","",(R61-R$10)*1000) | BG61: =IF(S61="","",(S61-S$10)*1000) | BH61: =IF(T61="","",BH$59+(T61-T$59)*1000) -> -8.1000001 | BI61: =IF(U61="","",BI$59+(U61-U$59)*1000) -> 15 | BJ61: =IF(V61="","",BJ$59+(V61-V$59)*1000) -> 4 | BK61: =IF(W61="","",(W61-W$10)*1000) | BL61: =IF(X61="","",(X61-X$10)*1000) | BM61: =IF(Y61="","",(Y61-Y$10)*1000) | BR61: 196.018 | BS61: -2.557 | BT61: -0.031 | BX61: 196.027 | BY61: 0.423 | BZ61: 2.303 | CD61: 195.976 | CE61: 2.554 | CF61: -0.022 | CK61: =IF(BO61="","",(BO61-BO$10)*1000) | CL61: =IF(BP61="","",(BP61-BP$10)*1000) | CM61: =IF(BQ61="","",(BQ61-BQ$10)*1000) | CN61: =IF(BR61="","",CN$59+(BR61-BR$59)*1000) -> -7.4253379 | CO61: =IF(BS61="","",CO$59+(BS61-BS$59)*1000) -> 7.955526 | CP61: =IF(BT61="","",CP$59+(BT61-BT$59)*1000) -> -1.9247466 | CQ61: =IF(BU61="","",(BU61-BU$10)*1000) | CR61: =IF(BV61="","",(BV61-BV$10)*1000) | CS61: =IF(BW61="","",(BW61-BW$10)*1000) | CT61: =IF(BX61="","",CT$59+(BX61-BX$59)*1000) -> -10.161389 | CU61: =IF(BY61="","",CU$59+(BY61-BY$59)*1000) -> -0.71486629 | CV61: =IF(BZ61="","",CV$59+(BZ61-BZ$59)*1000) -> -69.898386 | CW61: =IF(CA61="","",(CA61-CA$10)*1000) | CX61: =IF(CB61="","",(CB61-CB$10)*1000) | CY61: =IF(CC61="","",(CC61-CC$10)*1000) | CZ61: =IF(CD61="","",CZ$59+(CD61-CD$59)*1000) -> -1.4231991 | DA61: =IF(CE61="","",DA$59+(CE61-CE$59)*1000) -> -17.167543 | DB61: =IF(CF61="","",DB$59+(CF61-CF$59)*1000) -> 3.907232 | DC61: =IF(CG61="","",(CG61-CG$10)*1000) | DD61: =IF(CH61="","",(CH61-CH$10)*1000) | DE61: =IF(CI61="","",(CI61-CI$10)*1000)
A62: 44273 | B62: =IF(A62="","",A62-excav) -> 568 | C62: 222.9 | D62: =IF(C62="","",+C62-$W$6) -> 26.8 | H62: 823244.24 | I62: 1091518.8 | J62: -123.6134 | N62: 823245.51 | O62: 1091516.1 | P62: -121.2805 | T62: 823246.37 | U62: 1091514.1 | V62: -123.6049 | AA62: =IF(Xhaut="","",SQRT(((Xintergauche-Xhaut)^2+(Yintergauche-Yhaut)^2)+(Zintergauche-Zhaut)^2)) -> 3.7851995 | AD62: =IF(Xhaut="","",SQRT(((Xinterdroit-Xhaut)^2+(Yinterdroit-Yhaut)^2)+(Zinterdroit-Zhaut)^2)) -> 3.1541035 | AF62: =IF(Xhautdroit="","",SQRT(((Xhautdroit-Xhautgauche)^2+(Yhautdroit-Yhautgauche)^2)+(Zhautdroit-Zhautgauche)^2)) | AG62: =IF(Xinterdroit="","",SQRT(((Xinterdroit-Xintergauche)^2+(Yinterdroit-Yintergauche)^2)+(Zinterdroit-Zintergauche)^2)) -> 5.1124385 | AH62: =IF(Xbasdroit="","",SQRT(((Xbasdroit-Xbasgauche)^2+(Ybasdroit-Ybasgauche)^2)+(Zbasdroit-Zbasgauche)^2)) | AI62: =IF(Z62="","",(Z62-Z$10)*1000) | AJ62: =IF(AA62="","",AJ$59+(AA62-AA$59)*1000) -> -51.731787 | AM62: =IF(AD62="","",AM$59+(AD62-AD$59)*1000) -> -62.032227 | AP62: =IF(AG62="","",AP$59+(AG62-AG$59)*1000) -> -24.068323 | AQ62: =IF(AH62="","",(AH62-AH$10)*1000) | AS62: =IF(E62="","",(E62-E$10)*1000) | AT62: =IF(F62="","",(F62-F$10)*1000) | AU62: =IF(G62="","",(G62-G$10)*1000) | AV62: =IF(H62="","",AV$59+(H62-H$59)*1000) -> -4.6999999 | AW62: =IF(I62="","",AW$59+(I62-I$59)*1000) -> -8.9 | AX62: =IF(J62="","",AX$59+(J62-J$59)*1000) -> -1.7 | AY62: =IF(K62="","",(K62-K$10)*1000) | AZ62: =IF(L62="","",(L62-L$10)*1000) | BA62: =IF(M62="","",(M62-M$10)*1000) | BB62: =IF(N62="","",BB$59+(N62-N$59)*1000) -> -9.9000001 | BC62: =IF(O62="","",BC$59+(O62-O$59)*1000) -> -2.7000001 | BD62: =IF(P62="","",BD$59+(P62-P$59)*1000) -> -70.9 | BE62: =IF(Q62="","",(Q62-Q$10)*1000) | BF62: =IF(R62="","",(R62-R$10)*1000) | BG62: =IF(S62="","",(S62-S$10)*1000) | BH62: =IF(T62="","",BH$59+(T62-T$59)*1000) -> -6.4000002 | BI62: =IF(U62="","",BI$59+(U62-U$59)*1000) -> 16.6 | BJ62: =IF(V62="","",BJ$59+(V62-V$59)*1000) -> 4.1 | BK62: =IF(W62="","",(W62-W$10)*1000) | BL62: =IF(X62="","",(X62-X$10)*1000) | BM62: =IF(Y62="","",(Y62-Y$10)*1000) | BR62: 196.01743 | BS62: -2.5588423 | BT62: -0.030694317 | BX62: 196.02709 | BY62: 0.42196617 | BZ62: 2.3021091 | CD62: 195.97868 | CE62: 2.5534423 | CF62: -0.021806833 | CK62: =IF(BO62="","",(BO62-BO$10)*1000) | CL62: =IF(BP62="","",(BP62-BP$10)*1000) | CM62: =IF(BQ62="","",(BQ62-BQ$10)*1000) | CN62: =IF(BR62="","",CN$59+(BR62-BR$59)*1000) -> -7.9936217 | CO62: =IF(BS62="","",CO$59+(BS62-BS$59)*1000) -> 6.1131814 | CP62: =IF(BT62="","",CP$59+(BT62-BT$59)*1000) -> -1.6190638 | CQ62: =IF(BU62="","",(BU62-BU$10)*1000) | CR62: =IF(BV62="","",(BV62-BV$10)*1000) | CS62: =IF(BW62="","",(BW62-BW$10)*1000) | CT62: =IF(BX62="","",CT$59+(BX62-BX$59)*1000) -> -10.069112 | CU62: =IF(BY62="","",CU$59+(BY62-BY$59)*1000) -> -1.7486976 | CV62: =IF(BZ62="","",CV$59+(BZ62-BZ$59)*1000) -> -70.789309 | CW62: =IF(CA62="","",(CA62-CA$10)*1000) | CX62: =IF(CB62="","",(CB62-CB$10)*1000) | CY62: =IF(CC62="","",(CC62-CC$10)*1000) | CZ62: =IF(CD62="","",CZ$59+(CD62-CD$59)*1000) -> 1.2601106 | DA62: =IF(CE62="","",DA$59+(CE62-CE$59)*1000) -> -17.725263 | DB62: =IF(CF62="","",DB$59+(CF62-CF$59)*1000) -> 4.1003989 | DC62: =IF(CG62="","",(CG62-CG$10)*1000) | DD62: =IF(CH62="","",(CH62-CH$10)*1000) | DE62: =IF(CI62="","",(CI62-CI$10)*1000)
A63: 44322 | B63: =IF(A63="","",A63-excav) -> 617 | C63: 222.9 | D63: =IF(C63="","",+C63-$W$6) -> 26.8 | E63: 823244.33 | F63: 1091518.8 | G63: -124.5438 | H63: 823244.24 | I63: 1091518.8 | J63: -123.6139 | N63: 823245.51 | O63: 1091516.1 | P63: -121.2816 | T63: 823246.37 | U63: 1091514.1 | V63: -123.6053 | W63: 823246.47 | X63: 1091514.2 | Y63: -124.5804 | Z63: =IF(Xhaut="","",SQRT(((Xbasgauche-Xhaut)^2+(Ybasgauche-Yhaut)^2)+(Zbasgauche-Zhaut)^2)) -> 4.3988657 | AA63: =IF(Xhaut="","",SQRT(((Xintergauche-Xhaut)^2+(Yintergauche-Yhaut)^2)+(Zintergauche-Zhaut)^2)) -> 3.7845033 | AD63: =IF(Xhaut="","",SQRT(((Xinterdroit-Xhaut)^2+(Yinterdroit-Yhaut)^2)+(Zinterdroit-Zhaut)^2)) -> 3.1536572 | AE63: =IF(Xhaut="","",SQRT(((Xbasdroit-Xhaut)^2+(Ybasdroit-Yhaut)^2)+(Zbasdroit-Zhaut)^2)) -> 3.9150212 | AF63: =IF(Xhautdroit="","",SQRT(((Xhautdroit-Xhautgauche)^2+(Yhautdroit-Yhautgauche)^2)+(Zhautdroit-Zhautgauche)^2)) | AG63: =IF(Xinterdroit="","",SQRT(((Xinterdroit-Xintergauche)^2+(Yinterdroit-Yintergauche)^2)+(Zinterdroit-Zintergauche)^2)) -> 5.1121375 | AH63: =IF(Xbasdroit="","",SQRT(((Xbasdroit-Xbasgauche)^2+(Ybasdroit-Ybasgauche)^2)+(Zbasdroit-Zbasgauche)^2)) -> 5.0572493 | AI63: =IF(Z63="","",AI$59+(Z63-Z$59)*1000) -> -73.122276 | AJ63: =IF(AA63="","",AJ$59+(AA63-AA$59)*1000) -> -52.428015 | AK63: =IF(AB63="","",(AB63-AB$10)*1000) | AL63: =IF(AC63="","",(AC63-AC$10)*1000) | AM63: =IF(AD63="","",AM$59+(AD63-AD$59)*1000) -> -62.478584 | AN63: =IF(AE63="","",AN$59+(AE63-AE$59)*1000) -> -62.658981 | AO63: =IF(AF63="","",(AF63-AF$10)*1000) | AP63: =IF(AG63="","",AP$59+(AG63-AG$59)*1000) -> -24.369343 | AQ63: =IF(AH63="","",AQ$59+(AH63-AH$59)*1000) -> -30.917939 | AS63: =IF(E63="","",(E63-E$10)*1000) -> 3 | AT63: =IF(F63="","",(F63-F$10)*1000) -> -9.4000001 | AU63: =IF(G63="","",(G63-G$10)*1000) -> 7.7 | AV63: =IF(H63="","",AV$59+(H63-H$59)*1000) -> -3.7 | AW63: =IF(I63="","",AW$59+(I63-I$59)*1000) -> -9.4999999 | AX63: =IF(J63="","",AX$59+(J63-J$59)*1000) -> -2.2 | BB63: =IF(N63="","",BB$59+(N63-N$59)*1000) -> -10.3 | BC63: =IF(O63="","",BC$59+(O63-O$59)*1000) -> -3.5000001 | BD63: =IF(P63="","",BD$59+(P63-P$59)*1000) -> -72 | BE63: =IF(Q63="","",(Q63-Q$10)*1000) | BF63: =IF(R63="","",(R63-R$10)*1000) | BG63: =IF(S63="","",(S63-S$10)*1000) | BH63: =IF(T63="","",BH$59+(T63-T$59)*1000) -> -7.0000001 | BI63: =IF(U63="","",BI$59+(U63-U$59)*1000) -> 15.6 | BJ63: =IF(V63="","",BJ$59+(V63-V$59)*1000) -> 3.7 | BK63: =IF(W63="","",(W63-W$10)*1000) -> -9.9000001 | BL63: =IF(X63="","",(X63-X$10)*1000) -> 18.8 | BM63: =IF(Y63="","",(Y63-Y$10)*1000) -> -8.6 | BO63: 196.10352 | BP63: -2.5274139 | BQ63: -0.96195515 | BR63: 196.01808 | BS63: -2.5578759 | BT63: -0.031200844 | BX63: 196.02639 | BY63: 0.42252214 | BZ63: 2.3010161 | CD63: 195.97772 | CE63: 2.554095 | CF63: -0.022197169 | CG63: 196.09789 | CH63: 2.5296998 | CI63: -0.99849889 | CK63: =IF(BO63="","",(BO63-BO$10)*1000) -> -1.2540528 | CL63: =IF(BP63="","",(BP63-BP$10)*1000) -> 9.7871014 | CM63: =IF(BQ63="","",(BQ63-BQ$10)*1000) -> 7.7125405 | CN63: =IF(BR63="","",CN$59+(BR63-BR$59)*1000) -> -7.3409209 | CO63: =IF(BS63="","",CO$59+(BS63-BS$59)*1000) -> 7.0796086 | CP63: =IF(BT63="","",CP$59+(BT63-BT$59)*1000) -> -2.1255908 | CT63: =IF(BX63="","",CT$59+(BX63-BX$59)*1000) -> -10.76975 | CU63: =IF(BY63="","",CU$59+(BY63-BY$59)*1000) -> -1.1927247 | CV63: =IF(BZ63="","",CV$59+(BZ63-BZ$59)*1000) -> -71.882302 | CZ63: =IF(CD63="","",CZ$59+(CD63-CD$59)*1000) -> 0.29368343 | DA63: =IF(CE63="","",DA$59+(CE63-CE$59)*1000) -> -17.072562 | DB63: =IF(CF63="","",DB$59+(CF63-CF$59)*1000) -> 3.7100632 | DC63: =IF(CG63="","",(CG63-CG$10)*1000) -> -1.0264335 | DD63: =IF(CH63="","",(CH63-CH$10)*1000) -> -21.222546 | DE63: =IF(CI63="","",(CI63-CI$10)*1000) -> -8.5897357
A64: 44357 | B64: =IF(A64="","",A64-excav) -> 652 | C64: 222.9 | D64: =IF(C64="","",+C64-$W$6) -> 26.8 | E64: 823244.33 | F64: 1091518.8 | G64: -124.5461 | H64: 823244.24 | I64: 1091518.8 | J64: -123.6165 | N64: 823245.51 | O64: 1091516.1 | P64: -121.28415 | T64: 823246.37 | U64: 1091514.1 | V64: -123.60785 | W64: 823246.47 | X64: 1091514.2 | Y64: -124.58265 | Z64: =IF(Xhaut="","",SQRT(((Xbasgauche-Xhaut)^2+(Ybasgauche-Yhaut)^2)+(Zbasgauche-Zhaut)^2)) -> 4.3993251 | AA64: =IF(Xhaut="","",SQRT(((Xintergauche-Xhaut)^2+(Yintergauche-Yhaut)^2)+(Zintergauche-Zhaut)^2)) -> 3.7850811 | AD64: =IF(Xhaut="","",SQRT(((Xinterdroit-Xhaut)^2+(Yinterdroit-Yhaut)^2)+(Zinterdroit-Zhaut)^2)) -> 3.1527552 | AE64: =IF(Xhaut="","",SQRT(((Xbasdroit-Xhaut)^2+(Ybasdroit-Yhaut)^2)+(Zbasdroit-Zhaut)^2)) -> 3.9139728 | AF64: =IF(Xhautdroit="","",SQRT(((Xhautdroit-Xhautgauche)^2+(Yhautdroit-Yhautgauche)^2)+(Zhautdroit-Zhautgauche)^2)) | AG64: =IF(Xinterdroit="","",SQRT(((Xinterdroit-Xintergauche)^2+(Yinterdroit-Yintergauche)^2)+(Zinterdroit-Zintergauche)^2)) -> 5.1114958 | AH64: =IF(Xbasdroit="","",SQRT(((Xbasdroit-Xbasgauche)^2+(Ybasdroit-Ybasgauche)^2)+(Zbasdroit-Zbasgauche)^2)) -> 5.0567534 | AI64: =IF(Z64="","",AI$59+(Z64-Z$59)*1000) -> -72.662901 | AJ64: =IF(AA64="","",AJ$59+(AA64-AA$59)*1000) -> -51.85015 | AM64: =IF(AD64="","",AM$59+(AD64-AD$59)*1000) -> -63.380559 | AN64: =IF(AE64="","",AN$59+(AE64-AE$59)*1000) -> -63.707323 | AO64: =IF(AF64="","",(AF64-AF$10)*1000) | AP64: =IF(AG64="","",AP$59+(AG64-AG$59)*1000) -> -25.011022 | AQ64: =IF(AH64="","",AQ$59+(AH64-AH$59)*1000) -> -31.413831 | AS64: =IF(E64="","",(E64-E$10)*1000) -> 2.45 | AT64: =IF(F64="","",(F64-F$10)*1000) -> -9.2500001 | AU64: =IF(G64="","",(G64-G$10)*1000) -> 5.4 | AV64: =IF(H64="","",AV$59+(H64-H$59)*1000) -> -3.6999999 | AW64: =IF(I64="","",AW$59+(I64-I$59)*1000) -> -9.3999999 | AX64: =IF(J64="","",AX$59+(J64-J$59)*1000) -> -4.8 | BB64: =IF(N64="","",BB$59+(N64-N$59)*1000) -> -10.05 | BC64: =IF(O64="","",BC$59+(O64-O$59)*1000) -> -4.0499999 | BD64: =IF(P64="","",BD$59+(P64-P$59)*1000) -> -74.55 | BE64: =IF(Q64="","",(Q64-Q$10)*1000) | BF64: =IF(R64="","",(R64-R$10)*1000) | BG64: =IF(S64="","",(S64-S$10)*1000) | BH64: =IF(T64="","",BH$59+(T64-T$59)*1000) -> -7.4500002 | BI64: =IF(U64="","",BI$59+(U64-U$59)*1000) -> 16.2 | BJ64: =IF(V64="","",BJ$59+(V64-V$59)*1000) -> 1.15 | BK64: =IF(W64="","",(W64-W$10)*1000) -> -10.55 | BL64: =IF(X64="","",(X64-X$10)*1000) -> 19.45 | BM64: =IF(Y64="","",(Y64-Y$10)*1000) -> -10.85 | BO64: 196.10308 | BP64: -2.5277823 | BQ64: -0.9642508 | BR64: 196.01813 | BS64: -2.5579665 | BT64: -0.033801267 | BU64: - | BV64: - | BW64: - | BX64: 196.02639 | BY64: 0.42312627 | BZ64: 2.2984661 | CA64: - | CB64: - | CC64: - | CD64: 195.97756 | CE64: 2.553361 | CF64: -0.024745626 | CG64: 196.09757 | CH64: 2.528836 | CI64: -1.0007457 | CK64: =IF(BO64="","",(BO64-BO$10)*1000) -> -1.6891156 | CL64: =IF(BP64="","",(BP64-BP$10)*1000) -> 9.418699 | CM64: =IF(BQ64="","",(BQ64-BQ$10)*1000) -> 5.4168912 | CN64: =IF(BR64="","",CN$59+(BR64-BR$59)*1000) -> -7.2986556 | CO64: =IF(BS64="","",CO$59+(BS64-BS$59)*1000) -> 6.9889794 | CP64: =IF(BT64="","",CP$59+(BT64-BT$59)*1000) -> -4.7260134 | CT64: =IF(BX64="","",CT$59+(BX64-BX$59)*1000) -> -10.775636 | CU64: =IF(BY64="","",CU$59+(BY64-BY$59)*1000) -> -0.58860126 | CV64: =IF(BZ64="","",CV$59+(BZ64-BZ$59)*1000) -> -74.432244 | CZ64: =IF(CD64="","",CZ$59+(CD64-CD$59)*1000) -> 0.13944323 | DA64: =IF(CE64="","",DA$59+(CE64-CE$59)*1000) -> -17.806531 | DB64: =IF(CF64="","",DB$59+(CF64-CF$59)*1000) -> 1.1616056 | DC64: =IF(CG64="","",(CG64-CG$10)*1000) -> -1.3407994 | DD64: =IF(CH64="","",(CH64-CH$10)*1000) -> -22.086359 | DE64: =IF(CI64="","",(CI64-CI$10)*1000) -> -10.836592
A65: 44369 | B65: =IF(A65="","",A65-excav) -> 664 | C65: 222.9 | D65: =IF(C65="","",+C65-$W$6) -> 26.8 | E65: 823244.33 | F65: 1091518.8 | G65: -124.5468 | H65: 823244.24 | I65: 1091518.8 | J65: -123.6171 | N65: 823245.51 | O65: 1091516.1 | P65: -121.2853 | T65: 823246.36 | U65: 1091514.1 | V65: -123.6085 | Z65: =IF(Xhaut="","",SQRT(((Xbasgauche-Xhaut)^2+(Ybasgauche-Yhaut)^2)+(Zbasgauche-Zhaut)^2)) -> 4.3988469 | AA65: =IF(Xhaut="","",SQRT(((Xintergauche-Xhaut)^2+(Yintergauche-Yhaut)^2)+(Zintergauche-Zhaut)^2)) -> 3.7847785 | AD65: =IF(Xhaut="","",SQRT(((Xinterdroit-Xhaut)^2+(Yinterdroit-Yhaut)^2)+(Zinterdroit-Zhaut)^2)) -> 3.151903 | AF65: =IF(Xhautdroit="","",SQRT(((Xhautdroit-Xhautgauche)^2+(Yhautdroit-Yhautgauche)^2)+(Zhautdroit-Zhautgauche)^2)) | AG65: =IF(Xinterdroit="","",SQRT(((Xinterdroit-Xintergauche)^2+(Yinterdroit-Yintergauche)^2)+(Zinterdroit-Zintergauche)^2)) -> 5.1108362 | AH65: =IF(Xbasdroit="","",SQRT(((Xbasdroit-Xbasgauche)^2+(Ybasdroit-Ybasgauche)^2)+(Zbasdroit-Zbasgauche)^2)) | AI65: =IF(Z65="","",AI$59+(Z65-Z$59)*1000) -> -73.141091 | AJ65: =IF(AA65="","",AJ$59+(AA65-AA$59)*1000) -> -52.152745 | AM65: =IF(AD65="","",AM$59+(AD65-AD$59)*1000) -> -64.232821 | AN65: =IF(AE65="","",AN$59+(AE65-AE$59)*1000) | AO65: =IF(AF65="","",(AF65-AF$10)*1000) | AP65: =IF(AG65="","",AP$59+(AG65-AG$59)*1000) -> -25.670701 | AQ65: =IF(AH65="","",AQ$59+(AH65-AH$59)*1000) | AS65: =IF(E65="","",(E65-E$10)*1000) -> 1.6000001 | AT65: =IF(F65="","",(F65-F$10)*1000) -> -10.5 | AU65: =IF(G65="","",(G65-G$10)*1000) -> 4.7 | AV65: =IF(H65="","",AV$59+(H65-H$59)*1000) -> -4.6999999 | AW65: =IF(I65="","",AW$59+(I65-I$59)*1000) -> -10.4 | AX65: =IF(J65="","",AX$59+(J65-J$59)*1000) -> -5.4 | BB65: =IF(N65="","",BB$59+(N65-N$59)*1000) -> -11.9 | BC65: =IF(O65="","",BC$59+(O65-O$59)*1000) -> -5.5 | BD65: =IF(P65="","",BD$59+(P65-P$59)*1000) -> -75.7 | BH65: =IF(T65="","",BH$59+(T65-T$59)*1000) -> -9.6000001 | BI65: =IF(U65="","",BI$59+(U65-U$59)*1000) -> 15.4 | BJ65: =IF(V65="","",BJ$59+(V65-V$59)*1000) -> 0.5 | BK65: =IF(W65="","",(W65-W$10)*1000) | BL65: =IF(X65="","",(X65-X$10)*1000) | BM65: =IF(Y65="","",(Y65-Y$10)*1000) | BO65: 196.10178 | BP65: -2.5270087 | BQ65: -0.96493781 | BR65: 196.0168 | BS65: -2.5574829 | BT65: -0.034387977 | BU65: - | BV65: - | BW65: - | BX65: 196.0241 | BY65: 0.42365848 | BZ65: 2.297339 | CA65: - | CB65: - | CC65: - | CD65: 195.97528 | CE65: 2.5531773 | CF65: -0.02537276 | CG65: - | CH65: - | CI65: - | CK65: =IF(BO65="","",(BO65-BO$10)*1000) -> -2.9877788 | CL65: =IF(BP65="","",(BP65-BP$10)*1000) -> 10.19231 | CM65: =IF(BQ65="","",(BQ65-BQ$10)*1000) -> 4.7298778 | CN65: =IF(BR65="","",CN$59+(BR65-BR$59)*1000) -> -8.6275997 | CO65: =IF(BS65="","",CO$59+(BS65-BS$59)*1000) -> 7.4726193 | CP65: =IF(BT65="","",CP$59+(BT65-BT$59)*1000) -> -5.312724 | CT65: =IF(BX65="","",CT$59+(BX65-BX$59)*1000) -> -13.065121 | CU65: =IF(BY65="","",CU$59+(BY65-BY$59)*1000) -> -0.056383921 | CV65: =IF(BZ65="","",CV$59+(BZ65-BZ$59)*1000) -> -75.559349 | CZ65: =IF(CD65="","",CZ$59+(CD65-CD$59)*1000) -> -2.1472064 | DA65: =IF(CE65="","",DA$59+(CE65-CE$59)*1000) -> -17.990199 | DB65: =IF(CF65="","",DB$59+(CF65-CF$59)*1000) -> 0.53447206
A66: 44376 | B66: =IF(A66="","",A66-excav) -> 671 | C66: 222.9 | D66: =IF(C66="","",+C66-$W$6) -> 26.8 | E66: 823244.33 | F66: 1091518.8 | G66: -124.5463 | H66: 823244.24 | I66: 1091518.8 | J66: -123.6165 | N66: 823245.51 | O66: 1091516.1 | P66: -121.2851 | T66: 823246.36 | U66: 1091514.1 | V66: -123.6082 | Z66: =IF(Xhaut="","",SQRT(((Xbasgauche-Xhaut)^2+(Ybasgauche-Yhaut)^2)+(Zbasgauche-Zhaut)^2)) -> 4.3986245 | AA66: =IF(Xhaut="","",SQRT(((Xintergauche-Xhaut)^2+(Yintergauche-Yhaut)^2)+(Zintergauche-Zhaut)^2)) -> 3.7845321 | AD66: =IF(Xhaut="","",SQRT(((Xinterdroit-Xhaut)^2+(Yinterdroit-Yhaut)^2)+(Zinterdroit-Zhaut)^2)) -> 3.1518292 | AF66: =IF(Xhautdroit="","",SQRT(((Xhautdroit-Xhautgauche)^2+(Yhautdroit-Yhautgauche)^2)+(Zhautdroit-Zhautgauche)^2)) | AG66: =IF(Xinterdroit="","",SQRT(((Xinterdroit-Xintergauche)^2+(Yinterdroit-Yintergauche)^2)+(Zinterdroit-Zintergauche)^2)) -> 5.1108357 | AH66: =IF(Xbasdroit="","",SQRT(((Xbasdroit-Xbasgauche)^2+(Ybasdroit-Ybasgauche)^2)+(Zbasdroit-Zbasgauche)^2)) | AI66: =IF(Z66="","",AI$59+(Z66-Z$59)*1000) -> -73.363519 | AJ66: =IF(AA66="","",AJ$59+(AA66-AA$59)*1000) -> -52.399171 | AM66: =IF(AD66="","",AM$59+(AD66-AD$59)*1000) -> -64.306529 | AN66: =IF(AE66="","",AN$59+(AE66-AE$59)*1000) | AO66: =IF(AF66="","",(AF66-AF$10)*1000) | AP66: =IF(AG66="","",AP$59+(AG66-AG$59)*1000) -> -25.671197 | AQ66: =IF(AH66="","",AQ$59+(AH66-AH$59)*1000) | AS66: =IF(E66="","",(E66-E$10)*1000) -> 1.4000001 | AT66: =IF(F66="","",(F66-F$10)*1000) -> -10.6 | AU66: =IF(G66="","",(G66-G$10)*1000) -> 5.2 | AV66: =IF(H66="","",AV$59+(H66-H$59)*1000) -> -4.8999999 | AW66: =IF(I66="","",AW$59+(I66-I$59)*1000) -> -10.5 | AX66: =IF(J66="","",AX$59+(J66-J$59)*1000) -> -4.8 | BB66: =IF(N66="","",BB$59+(N66-N$59)*1000) -> -12.1 | BC66: =IF(O66="","",BC$59+(O66-O$59)*1000) -> -5.6 | BD66: =IF(P66="","",BD$59+(P66-P$59)*1000) -> -75.5 | BH66: =IF(T66="","",BH$59+(T66-T$59)*1000) -> -9.8000001 | BI66: =IF(U66="","",BI$59+(U66-U$59)*1000) -> 15.3 | BJ66: =IF(V66="","",BJ$59+(V66-V$59)*1000) -> 0.8 | BK66: =IF(W66="","",(W66-W$10)*1000) | BL66: =IF(X66="","",(X66-X$10)*1000) | BM66: =IF(Y66="","",(Y66-Y$10)*1000) | BO66: 196.10156 | BP66: -2.5270026 | BQ66: -0.96443558 | BR66: 196.01657 | BS66: -2.5574768 | BT66: -0.033785742 | BU66: - | BV66: - | BW66: - | BX66: 196.02387 | BY66: 0.42366458 | BZ66: 2.2975413 | CA66: - | CB66: - | CC66: - | CD66: 195.97505 | CE66: 2.5531834 | CF66: -0.025070525 | CG66: - | CH66: - | CI66: - | CK66: =IF(BO66="","",(BO66-BO$10)*1000) -> -3.2113024 | CL66: =IF(BP66="","",(BP66-BP$10)*1000) -> 10.198409 | CM66: =IF(BQ66="","",(BQ66-BQ$10)*1000) -> 5.232113 | CN66: =IF(BR66="","",CN$59+(BR66-BR$59)*1000) -> -8.8511233 | CO66: =IF(BS66="","",CO$59+(BS66-BS$59)*1000) -> 7.4787182 | CP66: =IF(BT66="","",CP$59+(BT66-BT$59)*1000) -> -4.7104888 | CT66: =IF(BX66="","",CT$59+(BX66-BX$59)*1000) -> -13.288645 | CU66: =IF(BY66="","",CU$59+(BY66-BY$59)*1000) -> -0.050285065 | CV66: =IF(BZ66="","",CV$59+(BZ66-BZ$59)*1000) -> -75.357114 | CZ66: =IF(CD66="","",CZ$59+(CD66-CD$59)*1000) -> -2.3707299 | DA66: =IF(CE66="","",DA$59+(CE66-CE$59)*1000) -> -17.9841 | DB66: =IF(CF66="","",DB$59+(CF66-CF$59)*1000) -> 0.8367073
A67: 44400 | B67: =IF(A67="","",A67-excav) -> 695 | C67: 222.9 | D67: =IF(C67="","",+C67-$W$6) -> 26.8 | E67: 823244.33 | F67: 1091518.8 | G67: -124.546 | H67: 823244.24 | I67: 1091518.8 | J67: -123.6163 | N67: 823245.51 | O67: 1091516.1 | P67: -121.2855 | T67: 823246.36 | U67: 1091514.1 | V67: -123.608 | W67: 823246.46 | X67: 1091514.2 | Y67: -124.5827 | Z67: =IF(Xhaut="","",SQRT(((Xbasgauche-Xhaut)^2+(Ybasgauche-Yhaut)^2)+(Zbasgauche-Zhaut)^2)) -> 4.3977871 | AA67: =IF(Xhaut="","",SQRT(((Xintergauche-Xhaut)^2+(Yintergauche-Yhaut)^2)+(Zintergauche-Zhaut)^2)) -> 3.7836633 | AD67: =IF(Xhaut="","",SQRT(((Xinterdroit-Xhaut)^2+(Yinterdroit-Yhaut)^2)+(Zinterdroit-Zhaut)^2)) -> 3.1510656 | AE67: =IF(Xhaut="","",SQRT(((Xbasdroit-Xhaut)^2+(Ybasdroit-Yhaut)^2)+(Zbasdroit-Zhaut)^2)) -> 3.9122518 | AG67: =IF(Xinterdroit="","",SQRT(((Xinterdroit-Xintergauche)^2+(Yinterdroit-Yintergauche)^2)+(Zinterdroit-Zintergauche)^2)) -> 5.1097183 | AH67: =IF(Xbasdroit="","",SQRT(((Xbasdroit-Xbasgauche)^2+(Ybasdroit-Ybasgauche)^2)+(Zbasdroit-Zbasgauche)^2)) -> 5.0548654 | AI67: =IF(Z67="","",AI$59+(Z67-Z$59)*1000) -> -74.200878 | AJ67: =IF(AA67="","",AJ$59+(AA67-AA$59)*1000) -> -53.26794 | AM67: =IF(AD67="","",AM$59+(AD67-AD$59)*1000) -> -65.070174 | AN67: =IF(AE67="","",AN$59+(AE67-AE$59)*1000) -> -65.428319 | AP67: =IF(AG67="","",AP$59+(AG67-AG$59)*1000) -> -26.788529 | AQ67: =IF(AH67="","",AQ$59+(AH67-AH$59)*1000) -> -33.301814 | AS67: =IF(E67="","",(E67-E$10)*1000) -> 1.5 | AT67: =IF(F67="","",(F67-F$10)*1000) -> -10.7 | AU67: =IF(G67="","",(G67-G$10)*1000) -> 5.5 | AV67: =IF(H67="","",AV$59+(H67-H$59)*1000) -> -5.3 | AW67: =IF(I67="","",AW$59+(I67-I$59)*1000) -> -11 | AX67: =IF(J67="","",AX$59+(J67-J$59)*1000) -> -4.6 | BB67: =IF(N67="","",BB$59+(N67-N$59)*1000) -> -12.5 | BC67: =IF(O67="","",BC$59+(O67-O$59)*1000) -> -5.3999999 | BD67: =IF(P67="","",BD$59+(P67-P$59)*1000) -> -75.9 | BH67: =IF(T67="","",BH$59+(T67-T$59)*1000) -> -10.7 | BI67: =IF(U67="","",BI$59+(U67-U$59)*1000) -> 15.8 | BJ67: =IF(V67="","",BJ$59+(V67-V$59)*1000) -> 1 | BK67: =IF(W67="","",(W67-W$10)*1000) -> -13.4 | BL67: =IF(X67="","",(X67-X$10)*1000) -> 19.2 | BM67: =IF(Y67="","",(Y67-Y$10)*1000) -> -10.9 | BO67: 196.10161 | BP67: -2.5268697 | BQ67: -0.96413606 | BR67: 196.016 | BS67: -2.5571927 | BT67: -0.033580004 | BU67: - | BV67: - | BW67: - | BX67: 196.02359 | BY67: 0.42331426 | BZ67: 2.2971441 | CA67: - | CB67: - | CC67: - | CD67: 195.97445 | CE67: 2.5523499 | CF67: -0.024864481 | CG67: 196.09489 | CH67: 2.527858 | CI67: -1.0007689 | CK67: =IF(BO67="","",(BO67-BO$10)*1000) -> -3.1629384 | CL67: =IF(BP67="","",(BP67-BP$10)*1000) -> 10.331303 | CM67: =IF(BQ67="","",(BQ67-BQ$10)*1000) -> 5.5316294 | CN67: =IF(BR67="","",CN$59+(BR67-BR$59)*1000) -> -9.4249662 | CO67: =IF(BS67="","",CO$59+(BS67-BS$59)*1000) -> 7.7628035 | CP67: =IF(BT67="","",CP$59+(BT67-BT$59)*1000) -> -4.5047503 | CT67: =IF(BX67="","",CT$59+(BX67-BX$59)*1000) -> -13.566631 | CU67: =IF(BY67="","",CU$59+(BY67-BY$59)*1000) -> -0.4006044 | CV67: =IF(BZ67="","",CV$59+(BZ67-BZ$59)*1000) -> -75.754334 | CZ67: =IF(CD67="","",CZ$59+(CD67-CD$59)*1000) -> -2.9750668 | DA67: =IF(CE67="","",DA$59+(CE67-CE$59)*1000) -> -18.817633 | DB67: =IF(CF67="","",DB$59+(CF67-CF$59)*1000) -> 1.0427507 | DC67: =IF(CG67="","",(CG67-CG$10)*1000) -> -4.0293948 | DD67: =IF(CH67="","",(CH67-CH$10)*1000) -> -23.064344 | DE67: =IF(CI67="","",(CI67-CI$10)*1000) -> -10.859706
A68: 44433 | B68: =IF(A68="","",A68-excav) -> 728 | C68: 222.9 | D68: =IF(C68="","",+C68-$W$6) -> 26.8 | E68: 823244.33 | F68: 1091518.8 | G68: -124.5464 | H68: 823244.24 | I68: 1091518.8 | J68: -123.6167 | N68: 823245.51 | O68: 1091516.1 | P68: -121.2868 | T68: 823246.36 | U68: 1091514.1 | V68: -123.6087 | W68: 823246.46 | X68: 1091514.2 | Y68: -124.583 | Z68: =IF(Xhaut="","",SQRT(((Xbasgauche-Xhaut)^2+(Ybasgauche-Yhaut)^2)+(Zbasgauche-Zhaut)^2)) -> 4.3971815 | AA68: =IF(Xhaut="","",SQRT(((Xintergauche-Xhaut)^2+(Yintergauche-Yhaut)^2)+(Zintergauche-Zhaut)^2)) -> 3.783109 | AD68: =IF(Xhaut="","",SQRT(((Xinterdroit-Xhaut)^2+(Yinterdroit-Yhaut)^2)+(Zinterdroit-Zhaut)^2)) -> 3.1502249 | AE68: =IF(Xhaut="","",SQRT(((Xbasdroit-Xhaut)^2+(Ybasdroit-Yhaut)^2)+(Zbasdroit-Zhaut)^2)) -> 3.9111456 | AG68: =IF(Xinterdroit="","",SQRT(((Xinterdroit-Xintergauche)^2+(Yinterdroit-Yintergauche)^2)+(Zinterdroit-Zintergauche)^2)) -> 5.1091305 | AH68: =IF(Xbasdroit="","",SQRT(((Xbasdroit-Xbasgauche)^2+(Ybasdroit-Ybasgauche)^2)+(Zbasdroit-Zbasgauche)^2)) -> 5.0544534 | AI68: =IF(Z68="","",AI$59+(Z68-Z$59)*1000) -> -74.806535 | AJ68: =IF(AA68="","",AJ$59+(AA68-AA$59)*1000) -> -53.822289 | AM68: =IF(AD68="","",AM$59+(AD68-AD$59)*1000) -> -65.910905 | AN68: =IF(AE68="","",AN$59+(AE68-AE$59)*1000) -> -66.534597 | AP68: =IF(AG68="","",AP$59+(AG68-AG$59)*1000) -> -27.376351 | AQ68: =IF(AH68="","",AQ$59+(AH68-AH$59)*1000) -> -33.713801 | AS68: =IF(E68="","",(E68-E$10)*1000) -> 0.69999998 | AT68: =IF(F68="","",(F68-F$10)*1000) -> -10.1 | AU68: =IF(G68="","",(G68-G$10)*1000) -> 5.1 | AV68: =IF(H68="","",AV$59+(H68-H$59)*1000) -> -6.1 | AW68: =IF(I68="","",AW$59+(I68-I$59)*1000) -> -10.5 | AX68: =IF(J68="","",AX$59+(J68-J$59)*1000) -> -5 | BB68: =IF(N68="","",BB$59+(N68-N$59)*1000) -> -13.3 | BC68: =IF(O68="","",BC$59+(O68-O$59)*1000) -> -4.9000001 | BD68: =IF(P68="","",BD$59+(P68-P$59)*1000) -> -77.2 | BH68: =IF(T68="","",BH$59+(T68-T$59)*1000) -> -11.6 | BI68: =IF(U68="","",BI$59+(U68-U$59)*1000) -> 16.9 | BJ68: =IF(V68="","",BJ$59+(V68-V$59)*1000) -> 0.3 | BK68: =IF(W68="","",(W68-W$10)*1000) -> -14.1 | BL68: =IF(X68="","",(X68-X$10)*1000) -> 20.3 | BM68: =IF(Y68="","",(Y68-Y$10)*1000) -> -11.2 | BO68: 196.10113 | BP68: -2.5277516 | BQ68: -0.96453135 | BR68: 196.01549 | BS68: -2.557984 | BT68: -0.033974867 | BU68: - | BV68: - | BW68: - | BX68: 196.02308 | BY68: 0.42252299 | BZ68: 2.2958492 | CA68: - | CB68: - | CC68: - | CD68: 195.9741 | CE68: 2.5509726 | CF68: -0.025560974 | CG68: 196.09472 | CH68: 2.5265652 | CI68: -1.0010672 | CK68: =IF(BO68="","",(BO68-BO$10)*1000) -> -3.6343809 | CL68: =IF(BP68="","",(BP68-BP$10)*1000) -> 9.4494062 | CM68: =IF(BQ68="","",(BQ68-BQ$10)*1000) -> 5.1363438 | CN68: =IF(BR68="","",CN$59+(BR68-BR$59)*1000) -> -9.9386738 | CO68: =IF(BS68="","",CO$59+(BS68-BS$59)*1000) -> 6.9715357 | CP68: =IF(BT68="","",CP$59+(BT68-BT$59)*1000) -> -4.8996133 | CT68: =IF(BX68="","",CT$59+(BX68-BX$59)*1000) -> -14.080339 | CU68: =IF(BY68="","",CU$59+(BY68-BY$59)*1000) -> -1.1918719 | CV68: =IF(BZ68="","",CV$59+(BZ68-BZ$59)*1000) -> -77.049197 | CZ68: =IF(CD68="","",CZ$59+(CD68-CD$59)*1000) -> -3.3258124 | DA68: =IF(CE68="","",DA$59+(CE68-CE$59)*1000) -> -20.194941 | DB68: =IF(CF68="","",DB$59+(CF68-CF$59)*1000) -> 0.34625812 | DC68: =IF(CG68="","",(CG68-CG$10)*1000) -> -4.198882 | DD68: =IF(CH68="","",(CH68-CH$10)*1000) -> -24.357122 | DE68: =IF(CI68="","",(CI68-CI$10)*1000) -> -11.158011
A69: 44439 | B69: =IF(A69="","",A69-excav) -> 734 | C69: 222.9 | D69: =IF(C69="","",+C69-$W$6) -> 26.8 | E69: 823244.33 | F69: 1091518.8 | G69: -124.5463 | H69: 823244.24 | I69: 1091518.8 | J69: -123.6166 | N69: 823245.51 | O69: 1091516.1 | P69: -121.2866 | T69: 823246.36 | U69: 1091514.1 | V69: -123.6085 | W69: 823246.46 | X69: 1091514.2 | Y69: -124.5827 | Z69: =IF(Xhaut="","",SQRT(((Xbasgauche-Xhaut)^2+(Ybasgauche-Yhaut)^2)+(Zbasgauche-Zhaut)^2)) -> 4.3970442 | AA69: =IF(Xhaut="","",SQRT(((Xintergauche-Xhaut)^2+(Yintergauche-Yhaut)^2)+(Zintergauche-Zhaut)^2)) -> 3.7831036 | AD69: =IF(Xhaut="","",SQRT(((Xinterdroit-Xhaut)^2+(Yinterdroit-Yhaut)^2)+(Zinterdroit-Zhaut)^2)) -> 3.1504258 | AE69: =IF(Xhaut="","",SQRT(((Xbasdroit-Xhaut)^2+(Ybasdroit-Yhaut)^2)+(Zbasdroit-Zhaut)^2)) -> 3.9111077 | AG69: =IF(Xinterdroit="","",SQRT(((Xinterdroit-Xintergauche)^2+(Yinterdroit-Yintergauche)^2)+(Zinterdroit-Zintergauche)^2)) -> 5.1093364 | AH69: =IF(Xbasdroit="","",SQRT(((Xbasdroit-Xbasgauche)^2+(Ybasdroit-Ybasgauche)^2)+(Zbasdroit-Zbasgauche)^2)) -> 5.0542412 | AI69: =IF(Z69="","",AI$59+(Z69-Z$59)*1000) -> -74.943817 | AJ69: =IF(AA69="","",AJ$59+(AA69-AA$59)*1000) -> -53.827656 | AM69: =IF(AD69="","",AM$59+(AD69-AD$59)*1000) -> -65.709982 | AN69: =IF(AE69="","",AN$59+(AE69-AE$59)*1000) -> -66.572486 | AP69: =IF(AG69="","",AP$59+(AG69-AG$59)*1000) -> -27.170472 | AQ69: =IF(AH69="","",AQ$59+(AH69-AH$59)*1000) -> -33.92597 | AS69: =IF(E69="","",(E69-E$10)*1000) -> 1.6000001 | AT69: =IF(F69="","",(F69-F$10)*1000) -> -11.1 | AU69: =IF(G69="","",(G69-G$10)*1000) -> 5.2 | AV69: =IF(H69="","",AV$59+(H69-H$59)*1000) -> -5.1 | AW69: =IF(I69="","",AW$59+(I69-I$59)*1000) -> -11.2 | AX69: =IF(J69="","",AX$59+(J69-J$59)*1000) -> -4.9 | BB69: =IF(N69="","",BB$59+(N69-N$59)*1000) -> -12.5 | BC69: =IF(O69="","",BC$59+(O69-O$59)*1000) -> -5.6 | BD69: =IF(P69="","",BD$59+(P69-P$59)*1000) -> -77 | BH69: =IF(T69="","",BH$59+(T69-T$59)*1000) -> -11.2 | BI69: =IF(U69="","",BI$59+(U69-U$59)*1000) -> 15.7 | BJ69: =IF(V69="","",BJ$59+(V69-V$59)*1000) -> 0.5 | BK69: =IF(W69="","",(W69-W$10)*1000) -> -13.7 | BL69: =IF(X69="","",(X69-X$10)*1000) -> 19.3 | BM69: =IF(Y69="","",(Y69-Y$10)*1000) -> -10.9 | BO69: 196.10153 | BP69: -2.5264649 | BQ69: -0.96443528 | BR69: 196.0161 | BS69: -2.5569269 | BT69: -0.033880971 | BU69: - | BV69: - | BW69: - | BX69: 196.02351 | BY69: 0.42349552 | BZ69: 2.2960449 | CA69: - | CB69: - | CC69: - | CD69: 195.97395 | CE69: 2.5522292 | CF69: -0.025359527 | CG69: 196.09466 | CH69: 2.5276406 | CI69: -1.0007666 | CK69: =IF(BO69="","",(BO69-BO$10)*1000) -> -3.24137 | CL69: =IF(BP69="","",(BP69-BP$10)*1000) -> 10.736085 | CM69: =IF(BQ69="","",(BQ69-BQ$10)*1000) -> 5.2324137 | CN69: =IF(BR69="","",CN$59+(BR69-BR$59)*1000) -> -9.3282381 | CO69: =IF(BS69="","",CO$59+(BS69-BS$59)*1000) -> 8.0285922 | CP69: =IF(BT69="","",CP$59+(BT69-BT$59)*1000) -> -4.8057176 | CT69: =IF(BX69="","",CT$59+(BX69-BX$59)*1000) -> -13.651162 | CU69: =IF(BY69="","",CU$59+(BY69-BY$59)*1000) -> -0.21934588 | CV69: =IF(BZ69="","",CV$59+(BZ69-BZ$59)*1000) -> -76.853488 | CZ69: =IF(CD69="","",CZ$59+(CD69-CD$59)*1000) -> -3.4704781 | DA69: =IF(CE69="","",DA$59+(CE69-CE$59)*1000) -> -18.93833 | DB69: =IF(CF69="","",DB$59+(CF69-CF$59)*1000) -> 0.54770478 | DC69: =IF(CG69="","",(CG69-CG$10)*1000) -> -4.2590173 | DD69: =IF(CH69="","",(CH69-CH$10)*1000) -> -23.281769 | DE69: =IF(CI69="","",(CI69-CI$10)*1000) -> -10.85741
A70: 44445 | B70: =IF(A70="","",A70-excav) -> 740 | C70: 222.9 | D70: =IF(C70="","",+C70-$W$6) -> 26.8 | E70: 823244.33 | F70: 1091518.8 | G70: -124.5461 | H70: 823244.24 | I70: 1091518.8 | J70: -123.6164 | N70: 823245.51 | O70: 1091516.1 | P70: -121.2865 | T70: 823246.36 | U70: 1091514.1 | V70: -123.6084 | W70: 823246.46 | X70: 1091514.2 | Y70: -124.5827 | Z70: =IF(Xhaut="","",SQRT(((Xbasgauche-Xhaut)^2+(Ybasgauche-Yhaut)^2)+(Zbasgauche-Zhaut)^2)) -> 4.3971734 | AA70: =IF(Xhaut="","",SQRT(((Xintergauche-Xhaut)^2+(Yintergauche-Yhaut)^2)+(Zintergauche-Zhaut)^2)) -> 3.7832851 | AD70: =IF(Xhaut="","",SQRT(((Xinterdroit-Xhaut)^2+(Yinterdroit-Yhaut)^2)+(Zinterdroit-Zhaut)^2)) -> 3.1504182 | AE70: =IF(Xhaut="","",SQRT(((Xbasdroit-Xhaut)^2+(Ybasdroit-Yhaut)^2)+(Zbasdroit-Zhaut)^2)) -> 3.911144 | AG70: =IF(Xinterdroit="","",SQRT(((Xinterdroit-Xintergauche)^2+(Yinterdroit-Yintergauche)^2)+(Zinterdroit-Zintergauche)^2)) -> 5.1096348 | AH70: =IF(Xbasdroit="","",SQRT(((Xbasdroit-Xbasgauche)^2+(Ybasdroit-Ybasgauche)^2)+(Zbasdroit-Zbasgauche)^2)) -> 5.0544598 | AI70: =IF(Z70="","",AI$59+(Z70-Z$59)*1000) -> -74.814589 | AJ70: =IF(AA70="","",AJ$59+(AA70-AA$59)*1000) -> -53.646172 | AM70: =IF(AD70="","",AM$59+(AD70-AD$59)*1000) -> -65.717611 | AN70: =IF(AE70="","",AN$59+(AE70-AE$59)*1000) -> -66.536197 | AP70: =IF(AG70="","",AP$59+(AG70-AG$59)*1000) -> -26.872058 | AQ70: =IF(AH70="","",AQ$59+(AH70-AH$59)*1000) -> -33.707413 | AS70: =IF(E70="","",(E70-E$10)*1000) -> 1.2000001 | AT70: =IF(F70="","",(F70-F$10)*1000) -> -9.5000002 | AU70: =IF(G70="","",(G70-G$10)*1000) -> 5.4 | AV70: =IF(H70="","",AV$59+(H70-H$59)*1000) -> -5.5 | AW70: =IF(I70="","",AW$59+(I70-I$59)*1000) -> -9.6 | AX70: =IF(J70="","",AX$59+(J70-J$59)*1000) -> -4.7 | BB70: =IF(N70="","",BB$59+(N70-N$59)*1000) -> -12.6 | BC70: =IF(O70="","",BC$59+(O70-O$59)*1000) -> -4.2000001 | BD70: =IF(P70="","",BD$59+(P70-P$59)*1000) -> -76.9 | BH70: =IF(T70="","",BH$59+(T70-T$59)*1000) -> -11.1 | BI70: =IF(U70="","",BI$59+(U70-U$59)*1000) -> 17.2 | BJ70: =IF(V70="","",BJ$59+(V70-V$59)*1000) -> 0.6 | BK70: =IF(W70="","",(W70-W$10)*1000) -> -13.8 | BL70: =IF(X70="","",(X70-X$10)*1000) -> 20.8 | BM70: =IF(Y70="","",(Y70-Y$10)*1000) -> -10.9 | BO70: 196.10184 | BP70: -2.5280841 | BQ70: -0.96423842 | BR70: 196.01641 | BS70: -2.5585461 | BT70: -0.033684108 | BU70: - | BV70: - | BW70: - | BX70: 196.02401 | BY70: 0.42218445 | BZ70: 2.2961399 | CA70: - | CB70: - | CC70: - | CD70: 195.97468 | CE70: 2.550912 | CF70: -0.025266773 | CG70: 196.0952 | CH70: 2.5262389 | CI70: -1.000772 | CK70: =IF(BO70="","",(BO70-BO$10)*1000) -> -2.9276437 | CL70: =IF(BP70="","",(BP70-BP$10)*1000) -> 9.116957 | CM70: =IF(BQ70="","",(BQ70-BQ$10)*1000) -> 5.4292764 | CN70: =IF(BR70="","",CN$59+(BR70-BR$59)*1000) -> -9.0145118 | CO70: =IF(BS70="","",CO$59+(BS70-BS$59)*1000) -> 6.4094642 | CP70: =IF(BT70="","",CP$59+(BT70-BT$59)*1000) -> -4.6088549 | CT70: =IF(BX70="","",CT$59+(BX70-BX$59)*1000) -> -13.150078 | CU70: =IF(BY70="","",CU$59+(BY70-BY$59)*1000) -> -1.5304199 | CV70: =IF(BZ70="","",CV$59+(BZ70-BZ$59)*1000) -> -76.758499 | CZ70: =IF(CD70="","",CZ$59+(CD70-CD$59)*1000) -> -2.7458708 | DA70: =IF(CE70="","",DA$59+(CE70-CE$59)*1000) -> -20.255503 | DB70: =IF(CF70="","",DB$59+(CF70-CF$59)*1000) -> 0.64045871 | DC70: =IF(CG70="","",(CG70-CG$10)*1000) -> -3.7156684 | DD70: =IF(CH70="","",(CH70-CH$10)*1000) -> -24.683472 | DE70: =IF(CI70="","",(CI70-CI$10)*1000) -> -10.862843
A71: 44453 | B71: =IF(A71="","",A71-excav) -> 748 | C71: 222.9 | D71: =IF(C71="","",+C71-$W$6) -> 26.8 | E71: 823244.33 | F71: 1091518.8 | G71: -124.5459 | H71: 823244.24 | I71: 1091518.8 | J71: -123.6163 | N71: 823245.51 | O71: 1091516.1 | P71: -121.2863 | T71: 823246.36 | U71: 1091514.1 | V71: -123.6082 | W71: 823246.46 | X71: 1091514.2 | Y71: -124.5824 | Z71: =IF(Xhaut="","",SQRT(((Xbasgauche-Xhaut)^2+(Ybasgauche-Yhaut)^2)+(Zbasgauche-Zhaut)^2)) -> 4.3971895 | AA71: =IF(Xhaut="","",SQRT(((Xintergauche-Xhaut)^2+(Yintergauche-Yhaut)^2)+(Zintergauche-Zhaut)^2)) -> 3.7831371 | AD71: =IF(Xhaut="","",SQRT(((Xinterdroit-Xhaut)^2+(Yinterdroit-Yhaut)^2)+(Zinterdroit-Zhaut)^2)) -> 3.1504377 | AE71: =IF(Xhaut="","",SQRT(((Xbasdroit-Xhaut)^2+(Ybasdroit-Yhaut)^2)+(Zbasdroit-Zhaut)^2)) -> 3.9110353 | AG71: =IF(Xinterdroit="","",SQRT(((Xinterdroit-Xintergauche)^2+(Yinterdroit-Yintergauche)^2)+(Zinterdroit-Zintergauche)^2)) -> 5.1094036 | AH71: =IF(Xbasdroit="","",SQRT(((Xbasdroit-Xbasgauche)^2+(Ybasdroit-Ybasgauche)^2)+(Zbasdroit-Zbasgauche)^2)) -> 5.0544297 | AI71: =IF(Z71="","",AI$59+(Z71-Z$59)*1000) -> -74.79847 | AJ71: =IF(AA71="","",AJ$59+(AA71-AA$59)*1000) -> -53.79418 | AM71: =IF(AD71="","",AM$59+(AD71-AD$59)*1000) -> -65.698077 | AN71: =IF(AE71="","",AN$59+(AE71-AE$59)*1000) -> -66.64486 | AP71: =IF(AG71="","",AP$59+(AG71-AG$59)*1000) -> -27.103286 | AQ71: =IF(AH71="","",AQ$59+(AH71-AH$59)*1000) -> -33.737468 | AS71: =IF(E71="","",(E71-E$10)*1000) -> 1.8 | AT71: =IF(F71="","",(F71-F$10)*1000) -> -10.8 | AU71: =IF(G71="","",(G71-G$10)*1000) -> 5.6 | AV71: =IF(H71="","",AV$59+(H71-H$59)*1000) -> -5.1 | AW71: =IF(I71="","",AW$59+(I71-I$59)*1000) -> -11.3 | AX71: =IF(J71="","",AX$59+(J71-J$59)*1000) -> -4.6 | BB71: =IF(N71="","",BB$59+(N71-N$59)*1000) -> -12.4 | BC71: =IF(O71="","",BC$59+(O71-O$59)*1000) -> -5.7000001 | BD71: =IF(P71="","",BD$59+(P71-P$59)*1000) -> -76.7 | BH71: =IF(T71="","",BH$59+(T71-T$59)*1000) -> -10.6 | BI71: =IF(U71="","",BI$59+(U71-U$59)*1000) -> 15.8 | BJ71: =IF(V71="","",BJ$59+(V71-V$59)*1000) -> 0.8 | BK71: =IF(W71="","",(W71-W$10)*1000) -> -13.7 | BL71: =IF(X71="","",(X71-X$10)*1000) -> 19.3 | BM71: =IF(Y71="","",(Y71-Y$10)*1000) -> -10.6 | BO71: 196.10184 | BP71: -2.5266523 | BQ71: -0.96403836 | BR71: 196.01605 | BS71: -2.5568363 | BT71: -0.033580548 | BU71: - | BV71: - | BW71: - | BX71: 196.02356 | BY71: 0.42362841 | BZ71: 2.2963444 | CA71: - | CB71: - | CC71: - | CD71: 195.97454 | CE71: 2.5523922 | CF71: -0.025065388 | CG71: 196.09466 | CH71: 2.5276406 | CI71: -1.0004666 | CK71: =IF(BO71="","",(BO71-BO$10)*1000) -> -2.9333161 | CL71: =IF(BP71="","",(BP71-BP$10)*1000) -> 10.548728 | CM71: =IF(BQ71="","",(BQ71-BQ$10)*1000) -> 5.6293332 | CN71: =IF(BR71="","",CN$59+(BR71-BR$59)*1000) -> -9.3705033 | CO71: =IF(BS71="","",CO$59+(BS71-BS$59)*1000) -> 8.1192214 | CP71: =IF(BT71="","",CP$59+(BT71-BT$59)*1000) -> -4.505295 | CT71: =IF(BX71="","",CT$59+(BX71-BX$59)*1000) -> -13.602798 | CU71: =IF(BY71="","",CU$59+(BY71-BY$59)*1000) -> -0.086451388 | CV71: =IF(BZ71="","",CV$59+(BZ71-BZ$59)*1000) -> -76.553972 | CZ71: =IF(CD71="","",CZ$59+(CD71-CD$59)*1000) -> -2.8844376 | DA71: =IF(CE71="","",DA$59+(CE71-CE$59)*1000) -> -18.775368 | DB71: =IF(CF71="","",DB$59+(CF71-CF$59)*1000) -> 0.84184438 | DC71: =IF(CG71="","",(CG71-CG$10)*1000) -> -4.2590173 | DD71: =IF(CH71="","",(CH71-CH$10)*1000) -> -23.281769 | DE71: =IF(CI71="","",(CI71-CI$10)*1000) -> -10.55741
A72: 44459 | B72: =IF(A72="","",A72-excav) -> 754 | C72: 222.9 | D72: =IF(C72="","",+C72-$W$6) -> 26.8 | E72: 823244.33 | F72: 1091518.8 | G72: -124.5458 | H72: 823244.24 | I72: 1091518.8 | J72: -123.616 | N72: 823245.51 | O72: 1091516.1 | P72: -121.2863 | T72: 823246.36 | U72: 1091514.1 | V72: -123.608 | W72: 823246.46 | X72: 1091514.2 | Y72: -124.5821 | Z72: =IF(Xhaut="","",SQRT(((Xbasgauche-Xhaut)^2+(Ybasgauche-Yhaut)^2)+(Zbasgauche-Zhaut)^2)) -> 4.3971421 | AA72: =IF(Xhaut="","",SQRT(((Xintergauche-Xhaut)^2+(Yintergauche-Yhaut)^2)+(Zintergauche-Zhaut)^2)) -> 3.7830193 | AD72: =IF(Xhaut="","",SQRT(((Xinterdroit-Xhaut)^2+(Yinterdroit-Yhaut)^2)+(Zinterdroit-Zhaut)^2)) -> 3.1501046 | AE72: =IF(Xhaut="","",SQRT(((Xbasdroit-Xhaut)^2+(Ybasdroit-Yhaut)^2)+(Zbasdroit-Zhaut)^2)) -> 3.9107849 | AG72: =IF(Xinterdroit="","",SQRT(((Xinterdroit-Xintergauche)^2+(Yinterdroit-Yintergauche)^2)+(Zinterdroit-Zintergauche)^2)) -> 5.1092136 | AH72: =IF(Xbasdroit="","",SQRT(((Xbasdroit-Xbasgauche)^2+(Ybasdroit-Ybasgauche)^2)+(Zbasdroit-Zbasgauche)^2)) -> 5.0544512 | AI72: =IF(Z72="","",AI$59+(Z72-Z$59)*1000) -> -74.845853 | AJ72: =IF(AA72="","",AJ$59+(AA72-AA$59)*1000) -> -53.911977 | AM72: =IF(AD72="","",AM$59+(AD72-AD$59)*1000) -> -66.031164 | AN72: =IF(AE72="","",AN$59+(AE72-AE$59)*1000) -> -66.895282 | AP72: =IF(AG72="","",AP$59+(AG72-AG$59)*1000) -> -27.293288 | AQ72: =IF(AH72="","",AQ$59+(AH72-AH$59)*1000) -> -33.715964 | AS72: =IF(E72="","",(E72-E$10)*1000) -> 1.2000001 | AT72: =IF(F72="","",(F72-F$10)*1000) -> -9.0000001 | AU72: =IF(G72="","",(G72-G$10)*1000) -> 5.7 | AV72: =IF(H72="","",AV$59+(H72-H$59)*1000) -> -5.7999999 | AW72: =IF(I72="","",AW$59+(I72-I$59)*1000) -> -9.4999999 | AX72: =IF(J72="","",AX$59+(J72-J$59)*1000) -> -4.3 | BB72: =IF(N72="","",BB$59+(N72-N$59)*1000) -> -12.9 | BC72: =IF(O72="","",BC$59+(O72-O$59)*1000) -> -3.8999999 | BD72: =IF(P72="","",BD$59+(P72-P$59)*1000) -> -76.7 | BH72: =IF(T72="","",BH$59+(T72-T$59)*1000) -> -11.1 | BI72: =IF(U72="","",BI$59+(U72-U$59)*1000) -> 17.9 | BJ72: =IF(V72="","",BJ$59+(V72-V$59)*1000) -> 1 | BK72: =IF(W72="","",(W72-W$10)*1000) -> -13.6 | BL72: =IF(X72="","",(X72-X$10)*1000) -> 21.4 | BM72: =IF(Y72="","",(Y72-Y$10)*1000) -> -10.3 | BO72: 196.10205 | BP72: -2.5285372 | BQ72: -0.96394053 | BR72: 196.01618 | BS72: -2.5587635 | BT72: -0.033281812 | BU72: - | BV72: - | BW72: - | BX72: 196.02387 | BY72: 0.42178576 | BZ72: 2.2963413 | CA72: - | CB72: - | CC72: - | CD72: 195.97497 | CE72: 2.5502776 | CF72: -0.024869732 | CG72: 196.09563 | CH72: 2.5257796 | CI72: -1.0001763 | CK72: =IF(BO72="","",(BO72-BO$10)*1000) -> -2.7163176 | CL72: =IF(BP72="","",(BP72-BP$10)*1000) -> 8.6638109 | CM72: =IF(BQ72="","",(BQ72-BQ$10)*1000) -> 5.7271632 | CN72: =IF(BR72="","",CN$59+(BR72-BR$59)*1000) -> -9.2441341 | CO72: =IF(BS72="","",CO$59+(BS72-BS$59)*1000) -> 6.1920394 | CP72: =IF(BT72="","",CP$59+(BT72-BT$59)*1000) -> -4.2065587 | CT72: =IF(BX72="","",CT$59+(BX72-BX$59)*1000) -> -13.29517 | CU72: =IF(BY72="","",CU$59+(BY72-BY$59)*1000) -> -1.9291033 | CV72: =IF(BZ72="","",CV$59+(BZ72-BZ$59)*1000) -> -76.557048 | CZ72: =IF(CD72="","",CZ$59+(CD72-CD$59)*1000) -> -2.4500144 | DA72: =IF(CE72="","",DA$59+(CE72-CE$59)*1000) -> -20.889907 | DB72: =IF(CF72="","",DB$59+(CF72-CF$59)*1000) -> 1.0375001 | DC72: =IF(CG72="","",(CG72-CG$10)*1000) -> -3.2808187 | DD72: =IF(CH72="","",(CH72-CH$10)*1000) -> -25.142717 | DE72: =IF(CI72="","",(CI72-CI$10)*1000) -> -10.267192
A73: 44466 | B73: =IF(A73="","",A73-excav) -> 761 | C73: 222.9 | D73: =IF(C73="","",+C73-$W$6) -> 26.8 | E73: 823244.33 | F73: 1091518.8 | G73: -124.5463 | H73: 823244.24 | I73: 1091518.8 | J73: -123.6167 | N73: 823245.51 | O73: 1091516.1 | P73: -121.287 | T73: 823246.36 | U73: 1091514.1 | V73: -123.6085 | W73: 823246.46 | X73: 1091514.2 | Y73: -124.5829 | Z73: =IF(Xhaut="","",SQRT(((Xbasgauche-Xhaut)^2+(Ybasgauche-Yhaut)^2)+(Zbasgauche-Zhaut)^2)) -> 4.3969939 | AA73: =IF(Xhaut="","",SQRT(((Xintergauche-Xhaut)^2+(Yintergauche-Yhaut)^2)+(Zintergauche-Zhaut)^2)) -> 3.783028 | AD73: =IF(Xhaut="","",SQRT(((Xinterdroit-Xhaut)^2+(Yinterdroit-Yhaut)^2)+(Zinterdroit-Zhaut)^2)) -> 3.1500463 | AE73: =IF(Xhaut="","",SQRT(((Xbasdroit-Xhaut)^2+(Ybasdroit-Yhaut)^2)+(Zbasdroit-Zhaut)^2)) -> 3.9108204 | AG73: =IF(Xinterdroit="","",SQRT(((Xinterdroit-Xintergauche)^2+(Yinterdroit-Yintergauche)^2)+(Zinterdroit-Zintergauche)^2)) -> 5.1093622 | AH73: =IF(Xbasdroit="","",SQRT(((Xbasdroit-Xbasgauche)^2+(Ybasdroit-Ybasgauche)^2)+(Zbasdroit-Zbasgauche)^2)) -> 5.0543691 | AI73: =IF(Z73="","",AI$59+(Z73-Z$59)*1000) -> -74.994106 | AJ73: =IF(AA73="","",AJ$59+(AA73-AA$59)*1000) -> -53.903248 | AM73: =IF(AD73="","",AM$59+(AD73-AD$59)*1000) -> -66.089515 | AN73: =IF(AE73="","",AN$59+(AE73-AE$59)*1000) -> -66.859805 | AP73: =IF(AG73="","",AP$59+(AG73-AG$59)*1000) -> -27.144653 | AQ73: =IF(AH73="","",AQ$59+(AH73-AH$59)*1000) -> -33.798096 | AS73: =IF(E73="","",(E73-E$10)*1000) -> 1.7 | AT73: =IF(F73="","",(F73-F$10)*1000) -> -10.2 | AU73: =IF(G73="","",(G73-G$10)*1000) -> 5.2 | AV73: =IF(H73="","",AV$59+(H73-H$59)*1000) -> -4.8999999 | AW73: =IF(I73="","",AW$59+(I73-I$59)*1000) -> -10.5 | AX73: =IF(J73="","",AX$59+(J73-J$59)*1000) -> -5 | BB73: =IF(N73="","",BB$59+(N73-N$59)*1000) -> -12.4 | BC73: =IF(O73="","",BC$59+(O73-O$59)*1000) -> -5.1 | BD73: =IF(P73="","",BD$59+(P73-P$59)*1000) -> -77.4 | BH73: =IF(T73="","",BH$59+(T73-T$59)*1000) -> -10.5 | BI73: =IF(U73="","",BI$59+(U73-U$59)*1000) -> 16.6 | BJ73: =IF(V73="","",BJ$59+(V73-V$59)*1000) -> 0.5 | BK73: =IF(W73="","",(W73-W$10)*1000) -> -13.3 | BL73: =IF(X73="","",(X73-X$10)*1000) -> 20.2 | BM73: =IF(Y73="","",(Y73-Y$10)*1000) -> -11.1 | BO73: 196.102 | BP73: -2.5272383 | BQ73: -0.96443999 | BR73: 196.01657 | BS73: -2.5574768 | BT73: -0.033985742 | BU73: - | BX73: 196.02381 | BY73: 0.42308464 | BZ73: 2.2956419 | CA73: - | CB73: - | CC73: - | CD73: 195.97497 | CE73: 2.5517094 | CF73: -0.025369675 | CG73: 196.0954 | CH73: 2.526994 | CI73: -1.000974 | CK73: =IF(BO73="","",(BO73-BO$10)*1000) -> -2.7703541 | CL73: =IF(BP73="","",(BP73-BP$10)*1000) -> 9.9626875 | CM73: =IF(BQ73="","",(BQ73-BQ$10)*1000) -> 5.2277035 | CN73: =IF(BR73="","",CN$59+(BR73-BR$59)*1000) -> -8.8511233 | CO73: =IF(BS73="","",CO$59+(BS73-BS$59)*1000) -> 7.4787182 | CP73: =IF(BT73="","",CP$59+(BT73-BT$59)*1000) -> -4.9104888 | CT73: =IF(BX73="","",CT$59+(BX73-BX$59)*1000) -> -13.349207 | CU73: =IF(BY73="","",CU$59+(BY73-BY$59)*1000) -> -0.63022675 | CV73: =IF(BZ73="","",CV$59+(BZ73-BZ$59)*1000) -> -77.256508 | CZ73: =IF(CD73="","",CZ$59+(CD73-CD$59)*1000) -> -2.4556868 | DA73: =IF(CE73="","",DA$59+(CE73-CE$59)*1000) -> -19.458136 | DB73: =IF(CF73="","",DB$59+(CF73-CF$59)*1000) -> 0.53755687 | DC73: =IF(CG73="","",(CG73-CG$10)*1000) -> -3.5161136 | DD73: =IF(CH73="","",(CH73-CH$10)*1000) -> -23.928371 | DE73: =IF(CI73="","",(CI73-CI$10)*1000) -> -11.064839
A74: 44474 | B74: =IF(A74="","",A74-excav) -> 769 | C74: 222.9 | D74: =IF(C74="","",+C74-$W$6) -> 26.8 | E74: 823244.33 | F74: 1091518.8 | G74: -124.5453 | H74: 823244.24 | I74: 1091518.8 | J74: -123.6159 | N74: 823245.51 | O74: 1091516.1 | P74: -121.2863 | T74: 823246.36 | U74: 1091514.1 | V74: -123.6077 | W74: 823246.46 | X74: 1091514.2 | Y74: -124.5819 | Z74: =IF(Xhaut="","",SQRT(((Xbasgauche-Xhaut)^2+(Ybasgauche-Yhaut)^2)+(Zbasgauche-Zhaut)^2)) -> 4.3966913 | AA74: =IF(Xhaut="","",SQRT(((Xintergauche-Xhaut)^2+(Yintergauche-Yhaut)^2)+(Zintergauche-Zhaut)^2)) -> 3.782933 | AD74: =IF(Xhaut="","",SQRT(((Xinterdroit-Xhaut)^2+(Yinterdroit-Yhaut)^2)+(Zinterdroit-Zhaut)^2)) -> 3.1500964 | AE74: =IF(Xhaut="","",SQRT(((Xbasdroit-Xhaut)^2+(Ybasdroit-Yhaut)^2)+(Zbasdroit-Zhaut)^2)) -> 3.9107367 | AG74: =IF(Xinterdroit="","",SQRT(((Xinterdroit-Xintergauche)^2+(Yinterdroit-Yintergauche)^2)+(Zinterdroit-Zintergauche)^2)) -> 5.1095026 | AH74: =IF(Xbasdroit="","",SQRT(((Xbasdroit-Xbasgauche)^2+(Ybasdroit-Ybasgauche)^2)+(Zbasdroit-Zbasgauche)^2)) -> 5.0545505 | AI74: =IF(Z74="","",AI$59+(Z74-Z$59)*1000) -> -75.296716 | AJ74: =IF(AA74="","",AJ$59+(AA74-AA$59)*1000) -> -53.998303 | AM74: =IF(AD74="","",AM$59+(AD74-AD$59)*1000) -> -66.03941 | AN74: =IF(AE74="","",AN$59+(AE74-AE$59)*1000) -> -66.943453 | AP74: =IF(AG74="","",AP$59+(AG74-AG$59)*1000) -> -27.004235 | AQ74: =IF(AH74="","",AQ$59+(AH74-AH$59)*1000) -> -33.616731 | AS74: =IF(E74="","",(E74-E$10)*1000) -> 2.3000001 | AT74: =IF(F74="","",(F74-F$10)*1000) -> -9.8000001 | AU74: =IF(G74="","",(G74-G$10)*1000) -> 6.2 | AV74: =IF(H74="","",AV$59+(H74-H$59)*1000) -> -4.4999999 | AW74: =IF(I74="","",AW$59+(I74-I$59)*1000) -> -10.1 | AX74: =IF(J74="","",AX$59+(J74-J$59)*1000) -> -4.2 | BB74: =IF(N74="","",BB$59+(N74-N$59)*1000) -> -12.1 | BC74: =IF(O74="","",BC$59+(O74-O$59)*1000) -> -4.6999999 | BD74: =IF(P74="","",BD$59+(P74-P$59)*1000) -> -76.7 | BH74: =IF(T74="","",BH$59+(T74-T$59)*1000) -> -10.2 | BI74: =IF(U74="","",BI$59+(U74-U$59)*1000) -> 16.8 | BJ74: =IF(V74="","",BJ$59+(V74-V$59)*1000) -> 1.3 | BK74: =IF(W74="","",(W74-W$10)*1000) -> -12.7 | BL74: =IF(X74="","",(X74-X$10)*1000) -> 20.4 | BM74: =IF(Y74="","",(Y74-Y$10)*1000) -> -10.1 | BO74: 196.10271 | BP74: -2.5273473 | BQ74: -0.96344712 | BR74: 196.01711 | BS74: -2.5576703 | BT74: -0.033191058 | BU74: - | BX74: 196.02425 | BY74: 0.42284892 | BZ74: 2.2963375 | CA74: - | CB74: - | CC74: - | CD74: 195.97532 | CE74: 2.5516549 | CF74: -0.024573239 | CG74: 196.09603 | CH74: 2.5270663 | CI74: -0.99998027 | CK74: =IF(BO74="","",(BO74-BO$10)*1000) -> -2.057518 | CL74: =IF(BP74="","",(BP74-BP$10)*1000) -> 9.8537618 | CM74: =IF(BQ74="","",(BQ74-BQ$10)*1000) -> 6.2205752 | CN74: =IF(BR74="","",CN$59+(BR74-BR$59)*1000) -> -8.3195456 | CO74: =IF(BS74="","",CO$59+(BS74-BS$59)*1000) -> 7.2852622 | CP74: =IF(BT74="","",CP$59+(BT74-BT$59)*1000) -> -4.1158045 | CT74: =IF(BX74="","",CT$59+(BX74-BX$59)*1000) -> -12.908258 | CU74: =IF(BY74="","",CU$59+(BY74-BY$59)*1000) -> -0.865948 | CV74: =IF(BZ74="","",CV$59+(BZ74-BZ$59)*1000) -> -76.560917 | CZ74: =IF(CD74="","",CZ$59+(CD74-CD$59)*1000) -> -2.0992688 | DA74: =IF(CE74="","",DA$59+(CE74-CE$59)*1000) -> -19.512599 | DB74: =IF(CF74="","",DB$59+(CF74-CF$59)*1000) -> 1.3339927 | DC74: =IF(CG74="","",(CG74-CG$10)*1000) -> -2.887808 | DD74: =IF(CH74="","",(CH74-CH$10)*1000) -> -23.856038 | DE74: =IF(CI74="","",(CI74-CI$10)*1000) -> -10.071122
A75: 44480 | B75: =IF(A75="","",A75-excav) -> 775 | C75: 222.9 | D75: =IF(C75="","",+C75-$W$6) -> 26.8 | E75: =VLOOKUP(#REF!,#REF!,#REF!,FALSE) -> #REF! | F75: =VLOOKUP(#REF!,#REF!,#REF!,FALSE) -> #REF! | G75: =VLOOKUP(#REF!,#REF!,#REF!,FALSE) -> #REF! | H75: =VLOOKUP(#REF!,#REF!,#REF!,FALSE) -> #REF! | I75: =VLOOKUP(#REF!,#REF!,#REF!,FALSE) -> #REF! | J75: =VLOOKUP(#REF!,#REF!,#REF!,FALSE) -> #REF! | T75: =VLOOKUP(#REF!,#REF!,#REF!,FALSE) -> #REF! | U75: =VLOOKUP(#REF!,#REF!,#REF!,FALSE) -> #REF! | V75: =VLOOKUP(#REF!,#REF!,#REF!,FALSE) -> #REF! | W75: =VLOOKUP(#REF!,#REF!,#REF!,FALSE) -> #REF! | X75: =VLOOKUP(#REF!,#REF!,#REF!,FALSE) -> #REF! | Y75: =VLOOKUP(#REF!,#REF!,#REF!,FALSE) -> #REF! | Z75: =IF(Xhaut="","",SQRT(((Xbasgauche-Xhaut)^2+(Ybasgauche-Yhaut)^2)+(Zbasgauche-Zhaut)^2)) | AA75: =IF(Xhaut="","",SQRT(((Xintergauche-Xhaut)^2+(Yintergauche-Yhaut)^2)+(Zintergauche-Zhaut)^2)) | AD75: =IF(Xhaut="","",SQRT(((Xinterdroit-Xhaut)^2+(Yinterdroit-Yhaut)^2)+(Zinterdroit-Zhaut)^2)) | AE75: =IF(Xhaut="","",SQRT(((Xbasdroit-Xhaut)^2+(Ybasdroit-Yhaut)^2)+(Zbasdroit-Zhaut)^2)) | AG75: =IF(Xinterdroit="","",SQRT(((Xinterdroit-Xintergauche)^2+(Yinterdroit-Yintergauche)^2)+(Zinterdroit-Zintergauche)^2)) -> #REF! | AH75: =IF(Xbasdroit="","",SQRT(((Xbasdroit-Xbasgauche)^2+(Ybasdroit-Ybasgauche)^2)+(Zbasdroit-Zbasgauche)^2)) -> #REF! | AI75: =IF(Z75="","",AI$59+(Z75-Z$59)*1000) | AJ75: =IF(AA75="","",AJ$59+(AA75-AA$59)*1000) | AM75: =IF(AD75="","",AM$59+(AD75-AD$59)*1000) | AN75: =IF(AE75="","",AN$59+(AE75-AE$59)*1000) | AP75: =IF(AG75="","",AP$59+(AG75-AG$59)*1000) -> #REF! | AQ75: =IF(AH75="","",AQ$59+(AH75-AH$59)*1000) -> #REF! | AS75: =IF(E75="","",(E75-E$10)*1000) -> #REF! | AT75: =IF(F75="","",(F75-F$10)*1000) -> #REF! | AU75: =IF(G75="","",(G75-G$10)*1000) -> #REF! | AV75: =IF(H75="","",AV$59+(H75-H$59)*1000) -> #REF! | AW75: =IF(I75="","",AW$59+(I75-I$59)*1000) -> #REF! | AX75: =IF(J75="","",AX$59+(J75-J$59)*1000) -> #REF! | BB75: =IF(N75="","",BB$59+(N75-N$59)*1000) | BC75: =IF(O75="","",BC$59+(O75-O$59)*1000) | BD75: =IF(P75="","",BD$59+(P75-P$59)*1000) | BH75: =IF(T75="","",BH$59+(T75-T$59)*1000) -> #REF! | BI75: =IF(U75="","",BI$59+(U75-U$59)*1000) -> #REF! | BJ75: =IF(V75="","",BJ$59+(V75-V$59)*1000) -> #REF! | BK75: =IF(W75="","",(W75-W$10)*1000) -> #REF! | BL75: =IF(X75="","",(X75-X$10)*1000) -> #REF! | BM75: =IF(Y75="","",(Y75-Y$10)*1000) -> #REF! | BO75: 196.10166 | BP75: -2.524858 | BQ75: -0.96383661 | BR75: 196.01645 | BS75: -2.5555496 | BT75: -0.033284478 | BU75: - | BV75: - | BW75: - | BX75: 196.02369 | BY75: 0.42523535 | BZ75: 2.2961431 | CA75: - | CB75: - | CC75: - | CD75: 195.97444 | CE75: 2.5537817 | CF75: -0.024864425 | CG75: 196.09496 | CH75: 2.5291085 | CI75: -1.0000696 | CK75: =IF(BO75="","",(BO75-BO$10)*1000) -> -3.1080492 | CL75: =IF(BP75="","",(BP75-BP$10)*1000) -> 12.343015 | CM75: =IF(BQ75="","",(BQ75-BQ$10)*1000) -> 5.8310805 | CN75: =IF(BR75="","",CN$59+(BR75-BR$59)*1000) -> -8.9774925 | CO75: =IF(BS75="","",CO$59+(BS75-BS$59)*1000) -> 9.4059002 | CP75: =IF(BT75="","",CP$59+(BT75-BT$59)*1000) -> -4.2092251 | CT75: =IF(BX75="","",CT$59+(BX75-BX$59)*1000) -> -13.469477 | CU75: =IF(BY75="","",CU$59+(BY75-BY$59)*1000) -> 1.520479 | CV75: =IF(BZ75="","",CV$59+(BZ75-BZ$59)*1000) -> -76.755305 | CZ75: =IF(CD75="","",CZ$59+(CD75-CD$59)*1000) -> -2.9807392 | DA75: =IF(CE75="","",DA$59+(CE75-CE$59)*1000) -> -17.385862 | DB75: =IF(CF75="","",DB$59+(CF75-CF$59)*1000) -> 1.0428074 | DC75: =IF(CG75="","",(CG75-CG$10)*1000) -> -3.9505369 | DD75: =IF(CH75="","",(CH75-CH$10)*1000) -> -21.813832 | DE75: =IF(CI75="","",(CI75-CI$10)*1000) -> -10.160495
A76: 44487 | B76: =IF(A76="","",A76-excav) -> 782 | C76: 222.9 | D76: =IF(C76="","",+C76-$W$6) -> 26.8 | E76: 823244.33 | F76: 1091518.8 | G76: -124.5457 | H76: 823244.24 | I76: 1091518.8 | J76: -123.6162 | N76: 823245.51 | O76: 1091516.1 | P76: -121.2866 | T76: 823246.36 | U76: 1091514.1 | V76: -123.6082 | W76: 823246.46 | X76: 1091514.2 | Y76: -124.5823 | Z76: =IF(Xhaut="","",SQRT(((Xbasgauche-Xhaut)^2+(Ybasgauche-Yhaut)^2)+(Zbasgauche-Zhaut)^2)) -> 4.3966877 | AA76: =IF(Xhaut="","",SQRT(((Xintergauche-Xhaut)^2+(Yintergauche-Yhaut)^2)+(Zintergauche-Zhaut)^2)) -> 3.7830378 | AD76: =IF(Xhaut="","",SQRT(((Xinterdroit-Xhaut)^2+(Yinterdroit-Yhaut)^2)+(Zinterdroit-Zhaut)^2)) -> 3.1500385 | AE76: =IF(Xhaut="","",SQRT(((Xbasdroit-Xhaut)^2+(Ybasdroit-Yhaut)^2)+(Zbasdroit-Zhaut)^2)) -> 3.9105542 | AG76: =IF(Xinterdroit="","",SQRT(((Xinterdroit-Xintergauche)^2+(Yinterdroit-Yintergauche)^2)+(Zinterdroit-Zintergauche)^2)) -> 5.1093283 | AH76: =IF(Xbasdroit="","",SQRT(((Xbasdroit-Xbasgauche)^2+(Ybasdroit-Ybasgauche)^2)+(Zbasdroit-Zbasgauche)^2)) -> 5.0539706 | AI76: =IF(Z76="","",AI$59+(Z76-Z$59)*1000) -> -75.300292 | AJ76: =IF(AA76="","",AJ$59+(AA76-AA$59)*1000) -> -53.893505 | AM76: =IF(AD76="","",AM$59+(AD76-AD$59)*1000) -> -66.097267 | AN76: =IF(AE76="","",AN$59+(AE76-AE$59)*1000) -> -67.125927 | AP76: =IF(AG76="","",AP$59+(AG76-AG$59)*1000) -> -27.178568 | AQ76: =IF(AH76="","",AQ$59+(AH76-AH$59)*1000) -> -34.196576 | AS76: =IF(E76="","",(E76-E$10)*1000) -> 2.4 | AT76: =IF(F76="","",(F76-F$10)*1000) -> -12.3 | AU76: =IF(G76="","",(G76-G$10)*1000) -> 5.8 | AV76: =IF(H76="","",AV$59+(H76-H$59)*1000) -> -4.1 | AW76: =IF(I76="","",AW$59+(I76-I$59)*1000) -> -12.2 | AX76: =IF(J76="","",AX$59+(J76-J$59)*1000) -> -4.5 | BB76: =IF(N76="","",BB$59+(N76-N$59)*1000) -> -11.6 | BC76: =IF(O76="","",BC$59+(O76-O$59)*1000) -> -6.8999999 | BD76: =IF(P76="","",BD$59+(P76-P$59)*1000) -> -77 | BH76: =IF(T76="","",BH$59+(T76-T$59)*1000) -> -10 | BI76: =IF(U76="","",BI$59+(U76-U$59)*1000) -> 14.8 | BJ76: =IF(V76="","",BJ$59+(V76-V$59)*1000) -> 0.8 | BK76: =IF(W76="","",(W76-W$10)*1000) -> -12.9 | BL76: =IF(X76="","",(X76-X$10)*1000) -> 18.4 | BM76: =IF(Y76="","",(Y76-Y$10)*1000) -> -10.5 | BO76: 196.10175 | BP76: -2.5250393 | BQ76: -0.96383746 | BR76: 196.01658 | BS76: -2.555598 | BT76: -0.033485807 | BU76: - | BV76: - | BW76: - | BX76: 196.02378 | BY76: 0.42505409 | BZ76: 2.2960422 | CA76: - | CB76: - | CC76: - | CD76: 195.97466 | CE76: 2.5535521 | CF76: -0.025066599 | CG76: 196.095 | CH76: 2.5287943 | CI76: -1.00037 | CK76: =IF(BO76="","",(BO76-BO$10)*1000) -> -3.0235188 | CL76: =IF(BP76="","",(BP76-BP$10)*1000) -> 12.161757 | CM76: =IF(BQ76="","",(BQ76-BQ$10)*1000) -> 5.8302352 | CN76: =IF(BR76="","",CN$59+(BR76-BR$59)*1000) -> -8.8445982 | CO76: =IF(BS76="","",CO$59+(BS76-BS$59)*1000) -> 9.3575364 | CP76: =IF(BT76="","",CP$59+(BT76-BT$59)*1000) -> -4.410554 | CT76: =IF(BX76="","",CT$59+(BX76-BX$59)*1000) -> -13.384947 | CU76: =IF(BY76="","",CU$59+(BY76-BY$59)*1000) -> 1.3392205 | CV76: =IF(BZ76="","",CV$59+(BZ76-BZ$59)*1000) -> -76.856151 | CZ76: =IF(CD76="","",CZ$59+(CD76-CD$59)*1000) -> -2.7633144 | DA76: =IF(CE76="","",DA$59+(CE76-CE$59)*1000) -> -17.615485 | DB76: =IF(CF76="","",DB$59+(CF76-CF$59)*1000) -> 0.84063314 | DC76: =IF(CG76="","",(CG76-CG$10)*1000) -> -3.9143703 | DD76: =IF(CH76="","",(CH76-CH$10)*1000) -> -22.127985 | DE76: =IF(CI76="","",(CI76-CI$10)*1000) -> -10.460856
A77: 44494 | B77: =IF(A77="","",A77-excav) -> 789 | C77: 222.9 | D77: =IF(C77="","",+C77-$W$6) -> 26.8 | E77: 823244.33 | F77: 1091518.8 | G77: -124.546 | H77: 823244.24 | I77: 1091518.8 | J77: -123.6164 | N77: 823245.51 | O77: 1091516.1 | P77: -121.2871 | T77: 823246.36 | U77: 1091514.1 | V77: -123.6083 | W77: 823246.46 | X77: 1091514.2 | Y77: -124.5824 | Z77: =IF(Xhaut="","",SQRT(((Xbasgauche-Xhaut)^2+(Ybasgauche-Yhaut)^2)+(Zbasgauche-Zhaut)^2)) -> 4.396486 | AA77: =IF(Xhaut="","",SQRT(((Xintergauche-Xhaut)^2+(Yintergauche-Yhaut)^2)+(Zintergauche-Zhaut)^2)) -> 3.7827482 | AD77: =IF(Xhaut="","",SQRT(((Xinterdroit-Xhaut)^2+(Yinterdroit-Yhaut)^2)+(Zinterdroit-Zhaut)^2)) -> 3.1496623 | AE77: =IF(Xhaut="","",SQRT(((Xbasdroit-Xhaut)^2+(Ybasdroit-Yhaut)^2)+(Zbasdroit-Zhaut)^2)) -> 3.9102415 | AG77: =IF(Xinterdroit="","",SQRT(((Xinterdroit-Xintergauche)^2+(Yinterdroit-Yintergauche)^2)+(Zinterdroit-Zintergauche)^2)) -> 5.1090714 | AH77: =IF(Xbasdroit="","",SQRT(((Xbasdroit-Xbasgauche)^2+(Ybasdroit-Ybasgauche)^2)+(Zbasdroit-Zbasgauche)^2)) -> 5.053927 | AI77: =IF(Z77="","",AI$59+(Z77-Z$59)*1000) -> -75.502044 | AJ77: =IF(AA77="","",AJ$59+(AA77-AA$59)*1000) -> -54.183041 | AM77: =IF(AD77="","",AM$59+(AD77-AD$59)*1000) -> -66.47349 | AN77: =IF(AE77="","",AN$59+(AE77-AE$59)*1000) -> -67.438638 | AP77: =IF(AG77="","",AP$59+(AG77-AG$59)*1000) -> -27.435453 | AQ77: =IF(AH77="","",AQ$59+(AH77-AH$59)*1000) -> -34.240163 | AS77: =IF(E77="","",(E77-E$10)*1000) -> 2.4 | AT77: =IF(F77="","",(F77-F$10)*1000) -> -12.3 | AU77: =IF(G77="","",(G77-G$10)*1000) -> 5.5 | AV77: =IF(H77="","",AV$59+(H77-H$59)*1000) -> -4.2 | AW77: =IF(I77="","",AW$59+(I77-I$59)*1000) -> -12.3 | AX77: =IF(J77="","",AX$59+(J77-J$59)*1000) -> -4.7 | BB77: =IF(N77="","",BB$59+(N77-N$59)*1000) -> -11.8 | BC77: =IF(O77="","",BC$59+(O77-O$59)*1000) -> -6.8999999 | BD77: =IF(P77="","",BD$59+(P77-P$59)*1000) -> -77.5 | BH77: =IF(T77="","",BH$59+(T77-T$59)*1000) -> -10.5 | BI77: =IF(U77="","",BI$59+(U77-U$59)*1000) -> 14.8 | BJ77: =IF(V77="","",BJ$59+(V77-V$59)*1000) -> 0.7 | BK77: =IF(W77="","",(W77-W$10)*1000) -> -13 | BL77: =IF(X77="","",(X77-X$10)*1000) -> 18.4 | BM77: =IF(Y77="","",(Y77-Y$10)*1000) -> -10.6 | BO77: 196.10175 | BP77: -2.5250393 | BQ77: -0.96413746 | BR77: 196.01645 | BS77: -2.5555496 | BT77: -0.033684478 | BU77: - | BV77: - | BW77: - | BX77: 196.0236 | BY77: 0.42496956 | BZ77: 2.295544 | CA77: - | CB77: - | CC77: - | CD77: 195.97421 | CE77: 2.5533407 | CF77: -0.025162067 | CG77: 196.09491 | CH77: 2.5287521 | CI77: -1.0004691 | CK77: =IF(BO77="","",(BO77-BO$10)*1000) -> -3.0235188 | CL77: =IF(BP77="","",(BP77-BP$10)*1000) -> 12.161757 | CM77: =IF(BQ77="","",(BQ77-BQ$10)*1000) -> 5.5302352 | CN77: =IF(BR77="","",CN$59+(BR77-BR$59)*1000) -> -8.9774925 | CO77: =IF(BS77="","",CO$59+(BS77-BS$59)*1000) -> 9.4059002 | CP77: =IF(BT77="","",CP$59+(BT77-BT$59)*1000) -> -4.6092251 | CT77: =IF(BX77="","",CT$59+(BX77-BX$59)*1000) -> -13.566205 | CU77: =IF(BY77="","",CU$59+(BY77-BY$59)*1000) -> 1.2546901 | CV77: =IF(BZ77="","",CV$59+(BZ77-BZ$59)*1000) -> -77.354338 | CZ77: =IF(CD77="","",CZ$59+(CD77-CD$59)*1000) -> -3.2164604 | DA77: =IF(CE77="","",DA$59+(CE77-CE$59)*1000) -> -17.826811 | DB77: =IF(CF77="","",DB$59+(CF77-CF$59)*1000) -> 0.7451646 | DC77: =IF(CG77="","",(CG77-CG$10)*1000) -> -4.0049996 | DD77: =IF(CH77="","",(CH77-CH$10)*1000) -> -22.17025 | DE77: =IF(CI77="","",(CI77-CI$10)*1000) -> -10.55995
A78: 44502 | B78: =IF(A78="","",A78-excav) -> 797 | C78: 222.9 | D78: =IF(C78="","",+C78-$W$6) -> 26.8 | E78: 823244.33 | F78: 1091518.8 | G78: -124.5472 | H78: 823244.24 | I78: 1091518.8 | J78: -123.6177 | N78: 823245.51 | O78: 1091516.1 | P78: -121.2885 | T78: 823246.36 | U78: 1091514.1 | V78: -123.6094 | W78: 823246.46 | X78: 1091514.2 | Y78: -124.5836 | Z78: =IF(Xhaut="","",SQRT(((Xbasgauche-Xhaut)^2+(Ybasgauche-Yhaut)^2)+(Zbasgauche-Zhaut)^2)) -> 4.3964073 | AA78: =IF(Xhaut="","",SQRT(((Xintergauche-Xhaut)^2+(Yintergauche-Yhaut)^2)+(Zintergauche-Zhaut)^2)) -> 3.7827958 | AD78: =IF(Xhaut="","",SQRT(((Xinterdroit-Xhaut)^2+(Yinterdroit-Yhaut)^2)+(Zinterdroit-Zhaut)^2)) -> 3.1495498 | AE78: =IF(Xhaut="","",SQRT(((Xbasdroit-Xhaut)^2+(Ybasdroit-Yhaut)^2)+(Zbasdroit-Zhaut)^2)) -> 3.9099998 | AG78: =IF(Xinterdroit="","",SQRT(((Xinterdroit-Xintergauche)^2+(Yinterdroit-Yintergauche)^2)+(Zinterdroit-Zintergauche)^2)) -> 5.1093782 | AH78: =IF(Xbasdroit="","",SQRT(((Xbasdroit-Xbasgauche)^2+(Ybasdroit-Ybasgauche)^2)+(Zbasdroit-Zbasgauche)^2)) -> 5.0538977 | AI78: =IF(Z78="","",AI$59+(Z78-Z$59)*1000) -> -75.580653 | AJ78: =IF(AA78="","",AJ$59+(AA78-AA$59)*1000) -> -54.135425 | AM78: =IF(AD78="","",AM$59+(AD78-AD$59)*1000) -> -66.585985 | AN78: =IF(AE78="","",AN$59+(AE78-AE$59)*1000) -> -67.680353 | AP78: =IF(AG78="","",AP$59+(AG78-AG$59)*1000) -> -27.128635 | AQ78: =IF(AH78="","",AQ$59+(AH78-AH$59)*1000) -> -34.269474 | AS78: =IF(E78="","",(E78-E$10)*1000) -> 2.8 | AT78: =IF(F78="","",(F78-F$10)*1000) -> -11.8 | AU78: =IF(G78="","",(G78-G$10)*1000) -> 4.3 | AV78: =IF(H78="","",AV$59+(H78-H$59)*1000) -> -3.9 | AW78: =IF(I78="","",AW$59+(I78-I$59)*1000) -> -11.8 | AX78: =IF(J78="","",AX$59+(J78-J$59)*1000) -> -6 | BB78: =IF(N78="","",BB$59+(N78-N$59)*1000) -> -11.6 | BC78: =IF(O78="","",BC$59+(O78-O$59)*1000) -> -6.6 | BD78: =IF(P78="","",BD$59+(P78-P$59)*1000) -> -78.9 | BH78: =IF(T78="","",BH$59+(T78-T$59)*1000) -> -9.9000002 | BI78: =IF(U78="","",BI$59+(U78-U$59)*1000) -> 15.1 | BJ78: =IF(V78="","",BJ$59+(V78-V$59)*1000) -> -0.4 | BK78: =IF(W78="","",(W78-W$10)*1000) -> -13.1 | BL78: =IF(X78="","",(X78-X$10)*1000) -> 18.7 | BM78: =IF(Y78="","",(Y78-Y$10)*1000) -> -11.8 | BO78: 196.10232 | BP78: -2.5253234 | BQ78: -0.9653432 | BR78: 196.01693 | BS78: -2.555876 | BT78: -0.034989311 | BU78: - | BV78: - | BW78: - | BX78: 196.0239 | BY78: 0.4247822 | BZ78: 2.294141 | CA78: - | CB78: - | CC78: - | CD78: 195.97488 | CE78: 2.5533224 | CF78: -0.026268773 | CG78: 196.09495 | CH78: 2.5284379 | CI78: -1.0016695 | CK78: =IF(BO78="","",(BO78-BO$10)*1000) -> -2.449676 | CL78: =IF(BP78="","",(BP78-BP$10)*1000) -> 11.877672 | CM78: =IF(BQ78="","",(BQ78-BQ$10)*1000) -> 4.3244968 | CN78: =IF(BR78="","",CN$59+(BR78-BR$59)*1000) -> -8.494279 | CO78: =IF(BS78="","",CO$59+(BS78-BS$59)*1000) -> 9.0795499 | CP78: =IF(BT78="","",CP$59+(BT78-BT$59)*1000) -> -5.9140572 | CT78: =IF(BX78="","",CT$59+(BX78-BX$59)*1000) -> -13.258151 | CU78: =IF(BY78="","",CU$59+(BY78-BY$59)*1000) -> 1.0673329 | CV78: =IF(BZ78="","",CV$59+(BZ78-BZ$59)*1000) -> -78.757418 | CZ78: =IF(CD78="","",CZ$59+(CD78-CD$59)*1000) -> -2.5458896 | DA78: =IF(CE78="","",DA$59+(CE78-CE$59)*1000) -> -17.845107 | DB78: =IF(CF78="","",DB$59+(CF78-CF$59)*1000) -> -0.3615411 | DC78: =IF(CG78="","",(CG78-CG$10)*1000) -> -3.9688332 | DD78: =IF(CH78="","",(CH78-CH$10)*1000) -> -22.484403 | DE78: =IF(CI78="","",(CI78-CI$10)*1000) -> -11.760312
A79: 44522 | B79: =IF(A79="","",A79-excav) -> 817 | C79: 222.9 | D79: =IF(C79="","",+C79-$W$6) -> 26.8 | E79: 823244.33 | F79: 1091518.8 | G79: -124.5464 | H79: 823244.24 | I79: 1091518.8 | J79: -123.6169 | N79: 823245.51 | O79: 1091516.1 | P79: -121.2879 | Z79: =IF(Xhaut="","",SQRT(((Xbasgauche-Xhaut)^2+(Ybasgauche-Yhaut)^2)+(Zbasgauche-Zhaut)^2)) -> 4.3958338 | AA79: =IF(Xhaut="","",SQRT(((Xintergauche-Xhaut)^2+(Yintergauche-Yhaut)^2)+(Zintergauche-Zhaut)^2)) -> 3.7820528 | AH79: =IF(Xbasdroit="","",SQRT(((Xbasdroit-Xbasgauche)^2+(Ybasdroit-Ybasgauche)^2)+(Zbasdroit-Zbasgauche)^2)) | AI79: =IF(Z79="","",AI$59+(Z79-Z$59)*1000) -> -76.154233 | AJ79: =IF(AA79="","",AJ$59+(AA79-AA$59)*1000) -> -54.87852 | AM79: =IF(AD79="","",AM$59+(AD79-AD$59)*1000) | AN79: =IF(AE79="","",AN$59+(AE79-AE$59)*1000) | AP79: =IF(AG79="","",AP$59+(AG79-AG$59)*1000) | AQ79: =IF(AH79="","",AQ$59+(AH79-AH$59)*1000) | AS79: =IF(E79="","",(E79-E$10)*1000) -> 2.6 | AT79: =IF(F79="","",(F79-F$10)*1000) -> -12.2 | AU79: =IF(G79="","",(G79-G$10)*1000) -> 5.1 | AV79: =IF(H79="","",AV$59+(H79-H$59)*1000) -> -4 | AW79: =IF(I79="","",AW$59+(I79-I$59)*1000) -> -12.3 | AX79: =IF(J79="","",AX$59+(J79-J$59)*1000) -> -5.2 | BB79: =IF(N79="","",BB$59+(N79-N$59)*1000) -> -12.7 | BC79: =IF(O79="","",BC$59+(O79-O$59)*1000) -> -6.7 | BD79: =IF(P79="","",BD$59+(P79-P$59)*1000) -> -78.3 | BH79: =IF(T79="","",BH$59+(T79-T$59)*1000) | BI79: =IF(U79="","",BI$59+(U79-U$59)*1000) | BJ79: =IF(V79="","",BJ$59+(V79-V$59)*1000) | BK79: =IF(W79="","",(W79-W$10)*1000) | BL79: =IF(X79="","",(X79-X$10)*1000) | BM79: =IF(Y79="","",(Y79-Y$10)*1000) | BO79: 196.10197 | BP79: -2.5250454 | BQ79: -0.96453969 | BR79: 196.01663 | BS79: -2.5554651 | BT79: -0.034186291 | BU79: - | BV79: - | BW79: - | BX79: 196.02286 | BY79: 0.42440791 | BZ79: 2.2947514 | CA79: - | CB79: - | CC79: - | CD79: - | CE79: - | CF79: - | CG79: - | CH79: - | CI79: - | CK79: =IF(BO79="","",(BO79-BO$10)*1000) -> -2.7999952 | CL79: =IF(BP79="","",(BP79-BP$10)*1000) -> 12.155658 | CM79: =IF(BQ79="","",(BQ79-BQ$10)*1000) -> 5.128 | CN79: =IF(BR79="","",CN$59+(BR79-BR$59)*1000) -> -8.7962341 | CO79: =IF(BS79="","",CO$59+(BS79-BS$59)*1000) -> 9.4904306 | CP79: =IF(BT79="","",CP$59+(BT79-BT$59)*1000) -> -5.1110377 | CT79: =IF(BX79="","",CT$59+(BX79-BX$59)*1000) -> -14.297337 | CU79: =IF(BY79="","",CU$59+(BY79-BY$59)*1000) -> 0.69304497 | CV79: =IF(BZ79="","",CV$59+(BZ79-BZ$59)*1000) -> -78.147027
A80: 44529 | B80: =IF(A80="","",A80-excav) -> 824 | C80: 222.9 | D80: =IF(C80="","",+C80-$W$6) -> 26.8 | E80: 823244.33 | F80: 1091518.8 | G80: -124.5446 | H80: 823244.24 | I80: 1091518.8 | J80: -123.615 | N80: 823245.51 | O80: 1091516.1 | P80: -121.2864 | Z80: =IF(Xhaut="","",SQRT(((Xbasgauche-Xhaut)^2+(Ybasgauche-Yhaut)^2)+(Zbasgauche-Zhaut)^2)) -> 4.3953837 | AA80: =IF(Xhaut="","",SQRT(((Xintergauche-Xhaut)^2+(Yintergauche-Yhaut)^2)+(Zintergauche-Zhaut)^2)) -> 3.7815836 | AH80: =IF(Xbasdroit="","",SQRT(((Xbasdroit-Xbasgauche)^2+(Ybasdroit-Ybasgauche)^2)+(Zbasdroit-Zbasgauche)^2)) | AI80: =IF(Z80="","",AI$59+(Z80-Z$59)*1000) -> -76.604254 | AJ80: =IF(AA80="","",AJ$59+(AA80-AA$59)*1000) -> -55.347679 | AM80: =IF(AD80="","",AM$59+(AD80-AD$59)*1000) | AN80: =IF(AE80="","",AN$59+(AE80-AE$59)*1000) | AP80: =IF(AG80="","",AP$59+(AG80-AG$59)*1000) | AQ80: =IF(AH80="","",AQ$59+(AH80-AH$59)*1000) | AS80: =IF(E80="","",(E80-E$10)*1000) -> 0.40000002 | AT80: =IF(F80="","",(F80-F$10)*1000) -> -9.4000001 | AU80: =IF(G80="","",(G80-G$10)*1000) -> 6.9 | AV80: =IF(H80="","",AV$59+(H80-H$59)*1000) -> -6.3 | AW80: =IF(I80="","",AW$59+(I80-I$59)*1000) -> -9.4999999 | AX80: =IF(J80="","",AX$59+(J80-J$59)*1000) -> -3.3 | BB80: =IF(N80="","",BB$59+(N80-N$59)*1000) -> -14.6 | BC80: =IF(O80="","",BC$59+(O80-O$59)*1000) -> -3.4 | BD80: =IF(P80="","",BD$59+(P80-P$59)*1000) -> -76.8 | BH80: =IF(T80="","",BH$59+(T80-T$59)*1000) | BI80: =IF(U80="","",BI$59+(U80-U$59)*1000) | BJ80: =IF(V80="","",BJ$59+(V80-V$59)*1000) | BK80: =IF(W80="","",(W80-W$10)*1000) | BL80: =IF(X80="","",(X80-X$10)*1000) | BM80: =IF(Y80="","",(Y80-Y$10)*1000) | BO80: 196.10116 | BP80: -2.5285128 | BQ80: -0.96273159 | BR80: 196.01573 | BS80: -2.5589748 | BT80: -0.032277281 | BU80: - | BV80: - | BW80: - | BX80: 196.02254 | BY80: 0.42061411 | BZ80: 2.2962546 | CA80: - | CB80: - | CC80: - | CD80: - | CE80: - | CF80: - | CG80: - | CH80: - | CI80: - | CK80: =IF(BO80="","",(BO80-BO$10)*1000) -> -3.6104121 | CL80: =IF(BP80="","",(BP80-BP$10)*1000) -> 8.6882062 | CM80: =IF(BQ80="","",(BQ80-BQ$10)*1000) -> 6.9361041 | CN80: =IF(BR80="","",CN$59+(BR80-BR$59)*1000) -> -9.6972802 | CO80: =IF(BS80="","",CO$59+(BS80-BS$59)*1000) -> 5.9807133 | CP80: =IF(BT80="","",CP$59+(BT80-BT$59)*1000) -> -3.2020272 | CT80: =IF(BX80="","",CT$59+(BX80-BX$59)*1000) -> -14.624541 | CU80: =IF(BY80="","",CU$59+(BY80-BY$59)*1000) -> -3.1007576 | CV80: =IF(BZ80="","",CV$59+(BZ80-BZ$59)*1000) -> -76.643755
