Workbook
Name cintre: 'Résultats observations'!#REF!
Name date: 'Résultats observations'!$A:$A
Name DH_BD: 'Résultats observations'!#REF!
Name DH_BG: 'Résultats observations'!#REF!
Name DH_HD: 'Résultats observations'!#REF!
Name DH_HG: 'Résultats observations'!#REF!
Name DH_ID: 'Résultats observations'!#REF!
Name DH_IG: 'Résultats observations'!#REF!
Name DHhaut: 'Résultats observations'!#REF!
Name dist: 'Résultats observations'!#REF!
Name DPM_BD: 'Résultats observations'!#REF!
Name DPM_BG: 'Résultats observations'!#REF!
Name DPM_HD: 'Résultats observations'!#REF!
Name DPM_HG: 'Résultats observations'!#REF!
Name DPM_ID: 'Résultats observations'!#REF!
Name DPM_IG: 'Résultats observations'!#REF!
Name DPMhaut: 'Résultats observations'!#REF!
Name DZ_BD: 'Résultats observations'!#REF!
Name DZ_BG: 'Résultats observations'!#REF!
Name DZ_HD: 'Résultats observations'!#REF!
Name DZ_HG: 'Résultats observations'!#REF!
Name DZ_ID: 'Résultats observations'!#REF!
Name DZ_IG: 'Résultats observations'!#REF!
Name DZhaut: 'Résultats observations'!#REF!
Name Ecart_BD: 'Résultats observations'!#REF!
Name Ecart_BG: 'Résultats observations'!#REF!
Name Ecart_HD: 'Résultats observations'!#REF!
Name Ecart_HG: 'Résultats observations'!#REF!
Name Ecart_ID: 'Résultats observations'!#REF!
Name Ecart_IG: 'Résultats observations'!#REF!
Name Ecart_LB: 'Résultats observations'!#REF!
Name Ecart_LH: 'Résultats observations'!#REF!
Name Ecart_LI: 'Résultats observations'!#REF!
Name excav: 'Résultats observations'!$A$7
Name front: 'Résultats observations'!#REF!
Name galerie: 'Résultats observations'!$E$4
Name jours: 'Résultats observations'!$B:$B
Name PM: 'Résultats observations'!#REF!
Name Xbasdroit: 'Résultats observations'!#REF!
Name Xbasgauche: 'Résultats observations'!$C:$C
Name Xhaut: 'Résultats observations'!$L:$L
Name Xhautdroit: 'Résultats observations'!#REF!
Name Xhautgauche: 'Résultats observations'!$I:$I
Name Xinterdroit: 'Résultats observations'!#REF!
Name Xintergauche: 'Résultats observations'!$F:$F
Name Ybasdroit: 'Résultats observations'!#REF!
Name Ybasgauche: 'Résultats observations'!$D:$D
Name Yhaut: 'Résultats observations'!$M:$M
Name Yhautdroit: 'Résultats observations'!#REF!
Name Yhautgauche: 'Résultats observations'!$J:$J
Name Yinterdroit: 'Résultats observations'!#REF!
Name Yintergauche: 'Résultats observations'!$G:$G
Name Zbasdroit: 'Résultats observations'!#REF!
Name Zbasgauche: 'Résultats observations'!$E:$E
Name Zhaut: 'Résultats observations'!$N:$N
Name Zhautdroit: 'Résultats observations'!#REF!
Name Zhautgauche: 'Résultats observations'!$K:$K
Name Zinterdroit: 'Résultats observations'!#REF!
Name Zintergauche: 'Résultats observations'!$H:$H
Name cintre: 'Résultats Projection'!#REF!

Sheet Résultats observations
D1: AUSCULTATION CARREFOUR - MESURES XYZ
C4: V1 | D4: V1 | E4: V1 | F4: V2 | G4: V2 | H4: V2 | I4: V3 | J4: V3 | K4: V3 | L4: H1 | M4: H1 | N4: H1 | O4: H2 | P4: H2 | Q4: H2 | R4: H3 | S4: H3 | T4: H3 | U4: H4 | V4: H4 | W4: H4 | X4: H5 | Y4: H5 | Z4: H5 | AA4: B1 | AB4: B1 | AC4: B1 | AD4: B2 | AE4: B2 | AF4: B2 | AG4: B3 | AH4: B3 | AI4: B3 | AJ4: B4 | AK4: B4 | AL4: B4 | AM4: B5 | AN4: B5 | AO4: B5 | AP4: M1 | AQ4: M1 | AR4: M1 | AS4: M2 | AT4: M2 | AU4: M2 | AV4: M3 | AW4: M3 | AX4: M3 | AY4: M4 | AZ4: M4 | BA4: M4 | BB4: M5 | BC4: M5 | BD4: M5 | BE4: C530 | BF4: C530 | BG4: C530 | BH4: C540 | BI4: C540 | BJ4: C540
C5: 3 | D5: 4 | E5: 5 | F5: 3 | G5: 4 | H5: 5 | I5: 3 | J5: 4 | K5: 5 | L5: 3 | M5: 4 | N5: 5 | BB5: *
A6: Date point 0
A7: =A10 | C7: BG | F7: IG | I7: HG | L7: CH
A8: Date | B8: Jours | C8: =D4 | F8: =G4 | I8: =J4 | L8: =M4 | O8: =P4 | R8: =S4 | U8: =V4 | X8: =Y4 | AA8: =AB4 | AD8: =AE4 | AG8: =AH4 | AJ8: =AK4 | AM8: =AN4 | AP8: =AQ4 | AS8: =AT4 | AV8: =AW4 | AY8: =AZ4 | BB8: =BC4 | BE8: =BF4 | BH8: =BI4
C9: V1_X | D9: V1_Y | E9: V1_Z | F9: V2_X | G9: V2_Y | H9: V2_Z | I9: V3_X | J9: V3_Y | K9: V3_Z | L9: H1_X | M9: H1_Y | N9: H1_Z | O9: H2_X | P9: H2_Y | Q9: H2_Z | R9: H3_X | S9: H3_Y | T9: H3_Z | U9: H4_X | V9: H4_Y | W9: H4_Z | X9: H5_X | Y9: H5_Y | Z9: H5_Z | AA9: B1_X | AB9: B1_Y | AC9: B1_Z | AD9: B2_X | AE9: B2_Y | AF9: B2_Z | AG9: B3_X | AH9: B3_Y | AI9: B3_Z | AJ9: B4_X | AK9: B4_Y | AL9: B4_Z | AM9: B5_X | AN9: B5_Y | AO9: B5_Z | AP9: M1_X | AQ9: M1_Y | AR9: M1_Z | AS9: M2_X | AT9: M2_Y | AU9: M2_Z | AV9: M3_X | AW9: M3_Y | AX9: M3_Z | AY9: M4_X | AZ9: M4_Y | BA9: M4_Z | BB9: M5_X | BC9: M5_Y | BD9: M5_Z | BE9: REF1_X | BF9: REF1_Y | BG9: REF1_Z | BH9: REF2_X | BI9: REF2_Y | BJ9: REF2_Z
A10: 45532 | B10: 0 | C10: {=IFERROR(_xlfn.SINGLE(INDEX(DATABASE!$AV$14:$BC$968,SUMPRODUCT((ROW(DATABASE!$AV$14:$AV$968)) * (DATABASE!AV$14:$AV$968='Résultats observations'!$A10 ) * (DATABASE!$AW$14:$AW$968= C$4))-ROW(DATABASE!$AV$14)+1,C$5)),"")} | D10: {=IFERROR(_xlfn.SINGLE(INDEX(DATABASE!$AV$14:$BC$968,SUMPRODUCT((ROW(DATABASE!$AV$14:$AV$968)) * (DATABASE!$AV$14:AW$968='Résultats observations'!$A10 ) * (DATABASE!$AW$14:$AW$968= D$4))-ROW(DATABASE!$AV$14)+1,D$5)),"")} | E10: {=IFERROR(_xlfn.SINGLE(INDEX(DATABASE!$AV$14:$BC$968,SUMPRODUCT((ROW(DATABASE!$AV$14:$AV$968)) * (DATABASE!$AV$14:AX$968='Résultats observations'!$A10 ) * (DATABASE!$AW$14:$AW$968= E$4))-ROW(DATABASE!$AV$14)+1,E$5)),"")} | F10: {=IFERROR(_xlfn.SINGLE(INDEX(DATABASE!$AV$14:$BC$968,SUMPRODUCT((ROW(DATABASE!$AV$14:$AV$968)) * (DATABASE!$AV$14:AY$968='Résultats observations'!$A10 ) * (DATABASE!$AW$14:$AW$968= F$4))-ROW(DATABASE!$AV$14)+1,F$5)),"")} | G10: {=IFERROR(_xlfn.SINGLE(INDEX(DATABASE!$AV$14:$BC$968,SUMPRODUCT((ROW(DATABASE!$AV$14:$AV$968)) * (DATABASE!$AV$14:AZ$968='Résultats observations'!$A10 ) * (DATABASE!$AW$14:$AW$968= G$4))-ROW(DATABASE!$AV$14)+1,G$5)),"")} | H10: {=IFERROR(_xlfn.SINGLE(INDEX(DATABASE!$AV$14:$BC$968,SUMPRODUCT((ROW(DATABASE!$AV$14:$AV$968)) * (DATABASE!$AV$14:BA$968='Résultats observations'!$A10 ) * (DATABASE!$AW$14:$AW$968= H$4))-ROW(DATABASE!$AV$14)+1,H$5)),"")} | I10: {=IFERROR(_xlfn.SINGLE(INDEX(DATABASE!$AV$14:$BC$968,SUMPRODUCT((ROW(DATABASE!$AV$14:$AV$968)) * (DATABASE!$AV$14:BB$968='Résultats observations'!$A10 ) * (DATABASE!$AW$14:$AW$968= I$4))-ROW(DATABASE!$AV$14)+1,I$5)),"")} | J10: {=IFERROR(_xlfn.SINGLE(INDEX(DATABASE!$AV$14:$BC$968,SUMPRODUCT((ROW(DATABASE!$AV$14:$AV$968)) * (DATABASE!$AV$14:BC$968='Résultats observations'!$A10 ) * (DATABASE!$AW$14:$AW$968= J$4))-ROW(DATABASE!$AV$14)+1,J$5)),"")} | K10: {=IFERROR(_xlfn.SINGLE(INDEX(DATABASE!$AV$14:$BC$968,SUMPRODUCT((ROW(DATABASE!$AV$14:$AV$968)) * (DATABASE!$AV$14:BD$968='Résultats observations'!$A10 ) * (DATABASE!$AW$14:$AW$968= K$4))-ROW(DATABASE!$AV$14)+1,K$5)),"")} | ... N10: {=IFERROR(_xlfn.SINGLE(INDEX(DATABASE!$AV$14:$BC$968,SUMPRODUCT((ROW(DATABASE!$AV$14:$AV$968)) * (DATABASE!$AV$14:BG$968='Résultats observations'!$A10 ) * (DATABASE!$AW$14:$AW$968= N$4))-ROW(DATABASE!$AV$14)+1,N$5)),"")}
A11: 45540 | B11: =A11-A$10 | C11: {=IFERROR(_xlfn.SINGLE(INDEX(DATABASE!$AV$14:$BC$968,SUMPRODUCT((ROW(DATABASE!$AV$14:$AV$968)) * (DATABASE!AV$14:$AV$968='Résultats observations'!$A11 ) * (DATABASE!$AW$14:$AW$968= C$4))-ROW(DATABASE!$AV$14)+1,C$5)),"")} | D11: {=IFERROR(_xlfn.SINGLE(INDEX(DATABASE!$AV$14:$BC$968,SUMPRODUCT((ROW(DATABASE!$AV$14:$AV$968)) * (DATABASE!$AV$14:AW$968='Résultats observations'!$A11 ) * (DATABASE!$AW$14:$AW$968= D$4))-ROW(DATABASE!$AV$14)+1,D$5)),"")} | E11: {=IFERROR(_xlfn.SINGLE(INDEX(DATABASE!$AV$14:$BC$968,SUMPRODUCT((ROW(DATABASE!$AV$14:$AV$968)) * (DATABASE!$AV$14:AX$968='Résultats observations'!$A11 ) * (DATABASE!$AW$14:$AW$968= E$4))-ROW(DATABASE!$AV$14)+1,E$5)),"")} | F11: {=IFERROR(_xlfn.SINGLE(INDEX(DATABASE!$AV$14:$BC$968,SUMPRODUCT((ROW(DATABASE!$AV$14:$AV$968)) * (DATABASE!$AV$14:AY$968='Résultats observations'!$A11 ) * (DATABASE!$AW$14:$AW$968= F$4))-ROW(DATABASE!$AV$14)+1,F$5)),"")} | G11: {=IFERROR(_xlfn.SINGLE(INDEX(DATABASE!$AV$14:$BC$968,SUMPRODUCT((ROW(DATABASE!$AV$14:$AV$968)) * (DATABASE!$AV$14:AZ$968='Résultats observations'!$A11 ) * (DATABASE!$AW$14:$AW$968= G$4))-ROW(DATABASE!$AV$14)+1,G$5)),"")} | H11: {=IFERROR(_xlfn.SINGLE(INDEX(DATABASE!$AV$14:$BC$968,SUMPRODUCT((ROW(DATABASE!$AV$14:$AV$968)) * (DATABASE!$AV$14:BA$968='Résultats observations'!$A11 ) * (DATABASE!$AW$14:$AW$968= H$4))-ROW(DATABASE!$AV$14)+1,H$5)),"")} | I11: {=IFERROR(_xlfn.SINGLE(INDEX(DATABASE!$AV$14:$BC$968,SUMPRODUCT((ROW(DATABASE!$AV$14:$AV$968)) * (DATABASE!$AV$14:BB$968='Résultats observations'!$A11 ) * (DATABASE!$AW$14:$AW$968= I$4))-ROW(DATABASE!$AV$14)+1,I$5)),"")} | J11: {=IFERROR(_xlfn.SINGLE(INDEX(DATABASE!$AV$14:$BC$968,SUMPRODUCT((ROW(DATABASE!$AV$14:$AV$968)) * (DATABASE!$AV$14:BC$968='Résultats observations'!$A11 ) * (DATABASE!$AW$14:$AW$968= J$4))-ROW(DATABASE!$AV$14)+1,J$5)),"")} | K11: {=IFERROR(_xlfn.SINGLE(INDEX(DATABASE!$AV$14:$BC$968,SUMPRODUCT((ROW(DATABASE!$AV$14:$AV$968)) * (DATABASE!$AV$14:BD$968='Résultats observations'!$A11 ) * (DATABASE!$AW$14:$AW$968= K$4))-ROW(DATABASE!$AV$14)+1,K$5)),"")} | ... N11: {=IFERROR(_xlfn.SINGLE(INDEX(DATABASE!$AV$14:$BC$968,SUMPRODUCT((ROW(DATABASE!$AV$14:$AV$968)) * (DATABASE!$AV$14:BG$968='Résultats observations'!$A11 ) * (DATABASE!$AW$14:$AW$968= N$4))-ROW(DATABASE!$AV$14)+1,N$5)),"")}
A12: 45544 | B12: =A12-A$10 | C12: {=IFERROR(_xlfn.SINGLE(INDEX(DATABASE!$AV$14:$BC$968,SUMPRODUCT((ROW(DATABASE!$AV$14:$AV$968)) * (DATABASE!AV$14:$AV$968='Résultats observations'!$A12 ) * (DATABASE!$AW$14:$AW$968= C$4))-ROW(DATABASE!$AV$14)+1,C$5)),"")} | D12: {=IFERROR(_xlfn.SINGLE(INDEX(DATABASE!$AV$14:$BC$968,SUMPRODUCT((ROW(DATABASE!$AV$14:$AV$968)) * (DATABASE!$AV$14:AW$968='Résultats observations'!$A12 ) * (DATABASE!$AW$14:$AW$968= D$4))-ROW(DATABASE!$AV$14)+1,D$5)),"")} | E12: {=IFERROR(_xlfn.SINGLE(INDEX(DATABASE!$AV$14:$BC$968,SUMPRODUCT((ROW(DATABASE!$AV$14:$AV$968)) * (DATABASE!$AV$14:AX$968='Résultats observations'!$A12 ) * (DATABASE!$AW$14:$AW$968= E$4))-ROW(DATABASE!$AV$14)+1,E$5)),"")} | F12: {=IFERROR(_xlfn.SINGLE(INDEX(DATABASE!$AV$14:$BC$968,SUMPRODUCT((ROW(DATABASE!$AV$14:$AV$968)) * (DATABASE!$AV$14:AY$968='Résultats observations'!$A12 ) * (DATABASE!$AW$14:$AW$968= F$4))-ROW(DATABASE!$AV$14)+1,F$5)),"")} | G12: {=IFERROR(_xlfn.SINGLE(INDEX(DATABASE!$AV$14:$BC$968,SUMPRODUCT((ROW(DATABASE!$AV$14:$AV$968)) * (DATABASE!$AV$14:AZ$968='Résultats observations'!$A12 ) * (DATABASE!$AW$14:$AW$968= G$4))-ROW(DATABASE!$AV$14)+1,G$5)),"")} | H12: {=IFERROR(_xlfn.SINGLE(INDEX(DATABASE!$AV$14:$BC$968,SUMPRODUCT((ROW(DATABASE!$AV$14:$AV$968)) * (DATABASE!$AV$14:BA$968='Résultats observations'!$A12 ) * (DATABASE!$AW$14:$AW$968= H$4))-ROW(DATABASE!$AV$14)+1,H$5)),"")} | I12: {=IFERROR(_xlfn.SINGLE(INDEX(DATABASE!$AV$14:$BC$968,SUMPRODUCT((ROW(DATABASE!$AV$14:$AV$968)) * (DATABASE!$AV$14:BB$968='Résultats observations'!$A12 ) * (DATABASE!$AW$14:$AW$968= I$4))-ROW(DATABASE!$AV$14)+1,I$5)),"")} | J12: {=IFERROR(_xlfn.SINGLE(INDEX(DATABASE!$AV$14:$BC$968,SUMPRODUCT((ROW(DATABASE!$AV$14:$AV$968)) * (DATABASE!$AV$14:BC$968='Résultats observations'!$A12 ) * (DATABASE!$AW$14:$AW$968= J$4))-ROW(DATABASE!$AV$14)+1,J$5)),"")} | K12: {=IFERROR(_xlfn.SINGLE(INDEX(DATABASE!$AV$14:$BC$968,SUMPRODUCT((ROW(DATABASE!$AV$14:$AV$968)) * (DATABASE!$AV$14:BD$968='Résultats observations'!$A12 ) * (DATABASE!$AW$14:$AW$968= K$4))-ROW(DATABASE!$AV$14)+1,K$5)),"")} | ... N12: {=IFERROR(_xlfn.SINGLE(INDEX(DATABASE!$AV$14:$BC$968,SUMPRODUCT((ROW(DATABASE!$AV$14:$AV$968)) * (DATABASE!$AV$14:BG$968='Résultats observations'!$A12 ) * (DATABASE!$AW$14:$AW$968= N$4))-ROW(DATABASE!$AV$14)+1,N$5)),"")}
A13: 45548 | B13: =A13-A$10 | C13: {=IFERROR(_xlfn.SINGLE(INDEX(DATABASE!$AV$14:$BC$968,SUMPRODUCT((ROW(DATABASE!$AV$14:$AV$968)) * (DATABASE!AV$14:$AV$968='Résultats observations'!$A13 ) * (DATABASE!$AW$14:$AW$968= C$4))-ROW(DATABASE!$AV$14)+1,C$5)),"")} | D13: {=IFERROR(_xlfn.SINGLE(INDEX(DATABASE!$AV$14:$BC$968,SUMPRODUCT((ROW(DATABASE!$AV$14:$AV$968)) * (DATABASE!$AV$14:AW$968='Résultats observations'!$A13 ) * (DATABASE!$AW$14:$AW$968= D$4))-ROW(DATABASE!$AV$14)+1,D$5)),"")} | E13: {=IFERROR(_xlfn.SINGLE(INDEX(DATABASE!$AV$14:$BC$968,SUMPRODUCT((ROW(DATABASE!$AV$14:$AV$968)) * (DATABASE!$AV$14:AX$968='Résultats observations'!$A13 ) * (DATABASE!$AW$14:$AW$968= E$4))-ROW(DATABASE!$AV$14)+1,E$5)),"")} | F13: {=IFERROR(_xlfn.SINGLE(INDEX(DATABASE!$AV$14:$BC$968,SUMPRODUCT((ROW(DATABASE!$AV$14:$AV$968)) * (DATABASE!$AV$14:AY$968='Résultats observations'!$A13 ) * (DATABASE!$AW$14:$AW$968= F$4))-ROW(DATABASE!$AV$14)+1,F$5)),"")} | G13: {=IFERROR(_xlfn.SINGLE(INDEX(DATABASE!$AV$14:$BC$968,SUMPRODUCT((ROW(DATABASE!$AV$14:$AV$968)) * (DATABASE!$AV$14:AZ$968='Résultats observations'!$A13 ) * (DATABASE!$AW$14:$AW$968= G$4))-ROW(DATABASE!$AV$14)+1,G$5)),"")} | H13: {=IFERROR(_xlfn.SINGLE(INDEX(DATABASE!$AV$14:$BC$968,SUMPRODUCT((ROW(DATABASE!$AV$14:$AV$968)) * (DATABASE!$AV$14:BA$968='Résultats observations'!$A13 ) * (DATABASE!$AW$14:$AW$968= H$4))-ROW(DATABASE!$AV$14)+1,H$5)),"")} | I13: {=IFERROR(_xlfn.SINGLE(INDEX(DATABASE!$AV$14:$BC$968,SUMPRODUCT((ROW(DATABASE!$AV$14:$AV$968)) * (DATABASE!$AV$14:BB$968='Résultats observations'!$A13 ) * (DATABASE!$AW$14:$AW$968= I$4))-ROW(DATABASE!$AV$14)+1,I$5)),"")} | J13: {=IFERROR(_xlfn.SINGLE(INDEX(DATABASE!$AV$14:$BC$968,SUMPRODUCT((ROW(DATABASE!$AV$14:$AV$968)) * (DATABASE!$AV$14:BC$968='Résultats observations'!$A13 ) * (DATABASE!$AW$14:$AW$968= J$4))-ROW(DATABASE!$AV$14)+1,J$5)),"")} | K13: {=IFERROR(_xlfn.SINGLE(INDEX(DATABASE!$AV$14:$BC$968,SUMPRODUCT((ROW(DATABASE!$AV$14:$AV$968)) * (DATABASE!$AV$14:BD$968='Résultats observations'!$A13 ) * (DATABASE!$AW$14:$AW$968= K$4))-ROW(DATABASE!$AV$14)+1,K$5)),"")} | ... N13: {=IFERROR(_xlfn.SINGLE(INDEX(DATABASE!$AV$14:$BC$968,SUMPRODUCT((ROW(DATABASE!$AV$14:$AV$968)) * (DATABASE!$AV$14:BG$968='Résultats observations'!$A13 ) * (DATABASE!$AW$14:$AW$968= N$4))-ROW(DATABASE!$AV$14)+1,N$5)),"")}
A14: 45552 | B14: =A14-A$10 | C14: {=IFERROR(_xlfn.SINGLE(INDEX(DATABASE!$AV$14:$BC$968,SUMPRODUCT((ROW(DATABASE!$AV$14:$AV$968)) * (DATABASE!AV$14:$AV$968='Résultats observations'!$A14 ) * (DATABASE!$AW$14:$AW$968= C$4))-ROW(DATABASE!$AV$14)+1,C$5)),"")} | D14: {=IFERROR(_xlfn.SINGLE(INDEX(DATABASE!$AV$14:$BC$968,SUMPRODUCT((ROW(DATABASE!$AV$14:$AV$968)) * (DATABASE!$AV$14:AW$968='Résultats observations'!$A14 ) * (DATABASE!$AW$14:$AW$968= D$4))-ROW(DATABASE!$AV$14)+1,D$5)),"")} | E14: {=IFERROR(_xlfn.SINGLE(INDEX(DATABASE!$AV$14:$BC$968,SUMPRODUCT((ROW(DATABASE!$AV$14:$AV$968)) * (DATABASE!$AV$14:AX$968='Résultats observations'!$A14 ) * (DATABASE!$AW$14:$AW$968= E$4))-ROW(DATABASE!$AV$14)+1,E$5)),"")} | F14: {=IFERROR(_xlfn.SINGLE(INDEX(DATABASE!$AV$14:$BC$968,SUMPRODUCT((ROW(DATABASE!$AV$14:$AV$968)) * (DATABASE!$AV$14:AY$968='Résultats observations'!$A14 ) * (DATABASE!$AW$14:$AW$968= F$4))-ROW(DATABASE!$AV$14)+1,F$5)),"")} | G14: {=IFERROR(_xlfn.SINGLE(INDEX(DATABASE!$AV$14:$BC$968,SUMPRODUCT((ROW(DATABASE!$AV$14:$AV$968)) * (DATABASE!$AV$14:AZ$968='Résultats observations'!$A14 ) * (DATABASE!$AW$14:$AW$968= G$4))-ROW(DATABASE!$AV$14)+1,G$5)),"")} | H14: {=IFERROR(_xlfn.SINGLE(INDEX(DATABASE!$AV$14:$BC$968,SUMPRODUCT((ROW(DATABASE!$AV$14:$AV$968)) * (DATABASE!$AV$14:BA$968='Résultats observations'!$A14 ) * (DATABASE!$AW$14:$AW$968= H$4))-ROW(DATABASE!$AV$14)+1,H$5)),"")} | I14: {=IFERROR(_xlfn.SINGLE(INDEX(DATABASE!$AV$14:$BC$968,SUMPRODUCT((ROW(DATABASE!$AV$14:$AV$968)) * (DATABASE!$AV$14:BB$968='Résultats observations'!$A14 ) * (DATABASE!$AW$14:$AW$968= I$4))-ROW(DATABASE!$AV$14)+1,I$5)),"")} | J14: {=IFERROR(_xlfn.SINGLE(INDEX(DATABASE!$AV$14:$BC$968,SUMPRODUCT((ROW(DATABASE!$AV$14:$AV$968)) * (DATABASE!$AV$14:BC$968='Résultats observations'!$A14 ) * (DATABASE!$AW$14:$AW$968= J$4))-ROW(DATABASE!$AV$14)+1,J$5)),"")} | K14: {=IFERROR(_xlfn.SINGLE(INDEX(DATABASE!$AV$14:$BC$968,SUMPRODUCT((ROW(DATABASE!$AV$14:$AV$968)) * (DATABASE!$AV$14:BD$968='Résultats observations'!$A14 ) * (DATABASE!$AW$14:$AW$968= K$4))-ROW(DATABASE!$AV$14)+1,K$5)),"")} | ... N14: {=IFERROR(_xlfn.SINGLE(INDEX(DATABASE!$AV$14:$BC$968,SUMPRODUCT((ROW(DATABASE!$AV$14:$AV$968)) * (DATABASE!$AV$14:BG$968='Résultats observations'!$A14 ) * (DATABASE!$AW$14:$AW$968= N$4))-ROW(DATABASE!$AV$14)+1,N$5)),"")}
A15: 45553 | B15: =A15-A$10 | C15: {=IFERROR(_xlfn.SINGLE(INDEX(DATABASE!$AV$14:$BC$968,SUMPRODUCT((ROW(DATABASE!$AV$14:$AV$968)) * (DATABASE!AV$14:$AV$968='Résultats observations'!$A15 ) * (DATABASE!$AW$14:$AW$968= C$4))-ROW(DATABASE!$AV$14)+1,C$5)),"")} | D15: {=IFERROR(_xlfn.SINGLE(INDEX(DATABASE!$AV$14:$BC$968,SUMPRODUCT((ROW(DATABASE!$AV$14:$AV$968)) * (DATABASE!$AV$14:AW$968='Résultats observations'!$A15 ) * (DATABASE!$AW$14:$AW$968= D$4))-ROW(DATABASE!$AV$14)+1,D$5)),"")} | E15: {=IFERROR(_xlfn.SINGLE(INDEX(DATABASE!$AV$14:$BC$968,SUMPRODUCT((ROW(DATABASE!$AV$14:$AV$968)) * (DATABASE!$AV$14:AX$968='Résultats observations'!$A15 ) * (DATABASE!$AW$14:$AW$968= E$4))-ROW(DATABASE!$AV$14)+1,E$5)),"")} | F15: {=IFERROR(_xlfn.SINGLE(INDEX(DATABASE!$AV$14:$BC$968,SUMPRODUCT((ROW(DATABASE!$AV$14:$AV$968)) * (DATABASE!$AV$14:AY$968='Résultats observations'!$A15 ) * (DATABASE!$AW$14:$AW$968= F$4))-ROW(DATABASE!$AV$14)+1,F$5)),"")} | G15: {=IFERROR(_xlfn.SINGLE(INDEX(DATABASE!$AV$14:$BC$968,SUMPRODUCT((ROW(DATABASE!$AV$14:$AV$968)) * (DATABASE!$AV$14:AZ$968='Résultats observations'!$A15 ) * (DATABASE!$AW$14:$AW$968= G$4))-ROW(DATABASE!$AV$14)+1,G$5)),"")} | H15: {=IFERROR(_xlfn.SINGLE(INDEX(DATABASE!$AV$14:$BC$968,SUMPRODUCT((ROW(DATABASE!$AV$14:$AV$968)) * (DATABASE!$AV$14:BA$968='Résultats observations'!$A15 ) * (DATABASE!$AW$14:$AW$968= H$4))-ROW(DATABASE!$AV$14)+1,H$5)),"")} | I15: {=IFERROR(_xlfn.SINGLE(INDEX(DATABASE!$AV$14:$BC$968,SUMPRODUCT((ROW(DATABASE!$AV$14:$AV$968)) * (DATABASE!$AV$14:BB$968='Résultats observations'!$A15 ) * (DATABASE!$AW$14:$AW$968= I$4))-ROW(DATABASE!$AV$14)+1,I$5)),"")} | J15: {=IFERROR(_xlfn.SINGLE(INDEX(DATABASE!$AV$14:$BC$968,SUMPRODUCT((ROW(DATABASE!$AV$14:$AV$968)) * (DATABASE!$AV$14:BC$968='Résultats observations'!$A15 ) * (DATABASE!$AW$14:$AW$968= J$4))-ROW(DATABASE!$AV$14)+1,J$5)),"")} | K15: {=IFERROR(_xlfn.SINGLE(INDEX(DATABASE!$AV$14:$BC$968,SUMPRODUCT((ROW(DATABASE!$AV$14:$AV$968)) * (DATABASE!$AV$14:BD$968='Résultats observations'!$A15 ) * (DATABASE!$AW$14:$AW$968= K$4))-ROW(DATABASE!$AV$14)+1,K$5)),"")} | ... N15: {=IFERROR(_xlfn.SINGLE(INDEX(DATABASE!$AV$14:$BC$968,SUMPRODUCT((ROW(DATABASE!$AV$14:$AV$968)) * (DATABASE!$AV$14:BG$968='Résultats observations'!$A15 ) * (DATABASE!$AW$14:$AW$968= N$4))-ROW(DATABASE!$AV$14)+1,N$5)),"")}
A16: 45554 | B16: =A16-A$10 | C16: {=IFERROR(_xlfn.SINGLE(INDEX(DATABASE!$AV$14:$BC$968,SUMPRODUCT((ROW(DATABASE!$AV$14:$AV$968)) * (DATABASE!AV$14:$AV$968='Résultats observations'!$A16 ) * (DATABASE!$AW$14:$AW$968= C$4))-ROW(DATABASE!$AV$14)+1,C$5)),"")} | D16: {=IFERROR(_xlfn.SINGLE(INDEX(DATABASE!$AV$14:$BC$968,SUMPRODUCT((ROW(DATABASE!$AV$14:$AV$968)) * (DATABASE!$AV$14:AW$968='Résultats observations'!$A16 ) * (DATABASE!$AW$14:$AW$968= D$4))-ROW(DATABASE!$AV$14)+1,D$5)),"")} | E16: {=IFERROR(_xlfn.SINGLE(INDEX(DATABASE!$AV$14:$BC$968,SUMPRODUCT((ROW(DATABASE!$AV$14:$AV$968)) * (DATABASE!$AV$14:AX$968='Résultats observations'!$A16 ) * (DATABASE!$AW$14:$AW$968= E$4))-ROW(DATABASE!$AV$14)+1,E$5)),"")} | F16: {=IFERROR(_xlfn.SINGLE(INDEX(DATABASE!$AV$14:$BC$968,SUMPRODUCT((ROW(DATABASE!$AV$14:$AV$968)) * (DATABASE!$AV$14:AY$968='Résultats observations'!$A16 ) * (DATABASE!$AW$14:$AW$968= F$4))-ROW(DATABASE!$AV$14)+1,F$5)),"")} | G16: {=IFERROR(_xlfn.SINGLE(INDEX(DATABASE!$AV$14:$BC$968,SUMPRODUCT((ROW(DATABASE!$AV$14:$AV$968)) * (DATABASE!$AV$14:AZ$968='Résultats observations'!$A16 ) * (DATABASE!$AW$14:$AW$968= G$4))-ROW(DATABASE!$AV$14)+1,G$5)),"")} | H16: {=IFERROR(_xlfn.SINGLE(INDEX(DATABASE!$AV$14:$BC$968,SUMPRODUCT((ROW(DATABASE!$AV$14:$AV$968)) * (DATABASE!$AV$14:BA$968='Résultats observations'!$A16 ) * (DATABASE!$AW$14:$AW$968= H$4))-ROW(DATABASE!$AV$14)+1,H$5)),"")} | I16: {=IFERROR(_xlfn.SINGLE(INDEX(DATABASE!$AV$14:$BC$968,SUMPRODUCT((ROW(DATABASE!$AV$14:$AV$968)) * (DATABASE!$AV$14:BB$968='Résultats observations'!$A16 ) * (DATABASE!$AW$14:$AW$968= I$4))-ROW(DATABASE!$AV$14)+1,I$5)),"")} | J16: {=IFERROR(_xlfn.SINGLE(INDEX(DATABASE!$AV$14:$BC$968,SUMPRODUCT((ROW(DATABASE!$AV$14:$AV$968)) * (DATABASE!$AV$14:BC$968='Résultats observations'!$A16 ) * (DATABASE!$AW$14:$AW$968= J$4))-ROW(DATABASE!$AV$14)+1,J$5)),"")} | K16: {=IFERROR(_xlfn.SINGLE(INDEX(DATABASE!$AV$14:$BC$968,SUMPRODUCT((ROW(DATABASE!$AV$14:$AV$968)) * (DATABASE!$AV$14:BD$968='Résultats observations'!$A16 ) * (DATABASE!$AW$14:$AW$968= K$4))-ROW(DATABASE!$AV$14)+1,K$5)),"")} | ... N16: {=IFERROR(_xlfn.SINGLE(INDEX(DATABASE!$AV$14:$BC$968,SUMPRODUCT((ROW(DATABASE!$AV$14:$AV$968)) * (DATABASE!$AV$14:BG$968='Résultats observations'!$A16 ) * (DATABASE!$AW$14:$AW$968= N$4))-ROW(DATABASE!$AV$14)+1,N$5)),"")}
A17: 45557 | B17: =A17-A$10 | C17: {=IFERROR(_xlfn.SINGLE(INDEX(DATABASE!$AV$14:$BC$968,SUMPRODUCT((ROW(DATABASE!$AV$14:$AV$968)) * (DATABASE!AV$14:$AV$968='Résultats observations'!$A17 ) * (DATABASE!$AW$14:$AW$968= C$4))-ROW(DATABASE!$AV$14)+1,C$5)),"")} | D17: {=IFERROR(_xlfn.SINGLE(INDEX(DATABASE!$AV$14:$BC$968,SUMPRODUCT((ROW(DATABASE!$AV$14:$AV$968)) * (DATABASE!$AV$14:AW$968='Résultats observations'!$A17 ) * (DATABASE!$AW$14:$AW$968= D$4))-ROW(DATABASE!$AV$14)+1,D$5)),"")} | E17: {=IFERROR(_xlfn.SINGLE(INDEX(DATABASE!$AV$14:$BC$968,SUMPRODUCT((ROW(DATABASE!$AV$14:$AV$968)) * (DATABASE!$AV$14:AX$968='Résultats observations'!$A17 ) * (DATABASE!$AW$14:$AW$968= E$4))-ROW(DATABASE!$AV$14)+1,E$5)),"")} | F17: {=IFERROR(_xlfn.SINGLE(INDEX(DATABASE!$AV$14:$BC$968,SUMPRODUCT((ROW(DATABASE!$AV$14:$AV$968)) * (DATABASE!$AV$14:AY$968='Résultats observations'!$A17 ) * (DATABASE!$AW$14:$AW$968= F$4))-ROW(DATABASE!$AV$14)+1,F$5)),"")} | G17: {=IFERROR(_xlfn.SINGLE(INDEX(DATABASE!$AV$14:$BC$968,SUMPRODUCT((ROW(DATABASE!$AV$14:$AV$968)) * (DATABASE!$AV$14:AZ$968='Résultats observations'!$A17 ) * (DATABASE!$AW$14:$AW$968= G$4))-ROW(DATABASE!$AV$14)+1,G$5)),"")} | H17: {=IFERROR(_xlfn.SINGLE(INDEX(DATABASE!$AV$14:$BC$968,SUMPRODUCT((ROW(DATABASE!$AV$14:$AV$968)) * (DATABASE!$AV$14:BA$968='Résultats observations'!$A17 ) * (DATABASE!$AW$14:$AW$968= H$4))-ROW(DATABASE!$AV$14)+1,H$5)),"")} | I17: {=IFERROR(_xlfn.SINGLE(INDEX(DATABASE!$AV$14:$BC$968,SUMPRODUCT((ROW(DATABASE!$AV$14:$AV$968)) * (DATABASE!$AV$14:BB$968='Résultats observations'!$A17 ) * (DATABASE!$AW$14:$AW$968= I$4))-ROW(DATABASE!$AV$14)+1,I$5)),"")} | J17: {=IFERROR(_xlfn.SINGLE(INDEX(DATABASE!$AV$14:$BC$968,SUMPRODUCT((ROW(DATABASE!$AV$14:$AV$968)) * (DATABASE!$AV$14:BC$968='Résultats observations'!$A17 ) * (DATABASE!$AW$14:$AW$968= J$4))-ROW(DATABASE!$AV$14)+1,J$5)),"")} | K17: {=IFERROR(_xlfn.SINGLE(INDEX(DATABASE!$AV$14:$BC$968,SUMPRODUCT((ROW(DATABASE!$AV$14:$AV$968)) * (DATABASE!$AV$14:BD$968='Résultats observations'!$A17 ) * (DATABASE!$AW$14:$AW$968= K$4))-ROW(DATABASE!$AV$14)+1,K$5)),"")} | ... N17: {=IFERROR(_xlfn.SINGLE(INDEX(DATABASE!$AV$14:$BC$968,SUMPRODUCT((ROW(DATABASE!$AV$14:$AV$968)) * (DATABASE!$AV$14:BG$968='Résultats observations'!$A17 ) * (DATABASE!$AW$14:$AW$968= N$4))-ROW(DATABASE!$AV$14)+1,N$5)),"")}
A18: 45558 | B18: =A18-A$10 | C18: {=IFERROR(_xlfn.SINGLE(INDEX(DATABASE!$AV$14:$BC$968,SUMPRODUCT((ROW(DATABASE!$AV$14:$AV$968)) * (DATABASE!AV$14:$AV$968='Résultats observations'!$A18 ) * (DATABASE!$AW$14:$AW$968= C$4))-ROW(DATABASE!$AV$14)+1,C$5)),"")} | D18: {=IFERROR(_xlfn.SINGLE(INDEX(DATABASE!$AV$14:$BC$968,SUMPRODUCT((ROW(DATABASE!$AV$14:$AV$968)) * (DATABASE!$AV$14:AW$968='Résultats observations'!$A18 ) * (DATABASE!$AW$14:$AW$968= D$4))-ROW(DATABASE!$AV$14)+1,D$5)),"")} | E18: {=IFERROR(_xlfn.SINGLE(INDEX(DATABASE!$AV$14:$BC$968,SUMPRODUCT((ROW(DATABASE!$AV$14:$AV$968)) * (DATABASE!$AV$14:AX$968='Résultats observations'!$A18 ) * (DATABASE!$AW$14:$AW$968= E$4))-ROW(DATABASE!$AV$14)+1,E$5)),"")} | F18: {=IFERROR(_xlfn.SINGLE(INDEX(DATABASE!$AV$14:$BC$968,SUMPRODUCT((ROW(DATABASE!$AV$14:$AV$968)) * (DATABASE!$AV$14:AY$968='Résultats observations'!$A18 ) * (DATABASE!$AW$14:$AW$968= F$4))-ROW(DATABASE!$AV$14)+1,F$5)),"")} | G18: {=IFERROR(_xlfn.SINGLE(INDEX(DATABASE!$AV$14:$BC$968,SUMPRODUCT((ROW(DATABASE!$AV$14:$AV$968)) * (DATABASE!$AV$14:AZ$968='Résultats observations'!$A18 ) * (DATABASE!$AW$14:$AW$968= G$4))-ROW(DATABASE!$AV$14)+1,G$5)),"")} | H18: {=IFERROR(_xlfn.SINGLE(INDEX(DATABASE!$AV$14:$BC$968,SUMPRODUCT((ROW(DATABASE!$AV$14:$AV$968)) * (DATABASE!$AV$14:BA$968='Résultats observations'!$A18 ) * (DATABASE!$AW$14:$AW$968= H$4))-ROW(DATABASE!$AV$14)+1,H$5)),"")} | I18: {=IFERROR(_xlfn.SINGLE(INDEX(DATABASE!$AV$14:$BC$968,SUMPRODUCT((ROW(DATABASE!$AV$14:$AV$968)) * (DATABASE!$AV$14:BB$968='Résultats observations'!$A18 ) * (DATABASE!$AW$14:$AW$968= I$4))-ROW(DATABASE!$AV$14)+1,I$5)),"")} | J18: {=IFERROR(_xlfn.SINGLE(INDEX(DATABASE!$AV$14:$BC$968,SUMPRODUCT((ROW(DATABASE!$AV$14:$AV$968)) * (DATABASE!$AV$14:BC$968='Résultats observations'!$A18 ) * (DATABASE!$AW$14:$AW$968= J$4))-ROW(DATABASE!$AV$14)+1,J$5)),"")} | K18: {=IFERROR(_xlfn.SINGLE(INDEX(DATABASE!$AV$14:$BC$968,SUMPRODUCT((ROW(DATABASE!$AV$14:$AV$968)) * (DATABASE!$AV$14:BD$968='Résultats observations'!$A18 ) * (DATABASE!$AW$14:$AW$968= K$4))-ROW(DATABASE!$AV$14)+1,K$5)),"")} | ... N18: {=IFERROR(_xlfn.SINGLE(INDEX(DATABASE!$AV$14:$BC$968,SUMPRODUCT((ROW(DATABASE!$AV$14:$AV$968)) * (DATABASE!$AV$14:BG$968='Résultats observations'!$A18 ) * (DATABASE!$AW$14:$AW$968= N$4))-ROW(DATABASE!$AV$14)+1,N$5)),"")}
A19: 45559 | B19: =A19-A$10 | C19: {=IFERROR(_xlfn.SINGLE(INDEX(DATABASE!$AV$14:$BC$968,SUMPRODUCT((ROW(DATABASE!$AV$14:$AV$968)) * (DATABASE!AV$14:$AV$968='Résultats observations'!$A19 ) * (DATABASE!$AW$14:$AW$968= C$4))-ROW(DATABASE!$AV$14)+1,C$5)),"")} | D19: {=IFERROR(_xlfn.SINGLE(INDEX(DATABASE!$AV$14:$BC$968,SUMPRODUCT((ROW(DATABASE!$AV$14:$AV$968)) * (DATABASE!$AV$14:AW$968='Résultats observations'!$A19 ) * (DATABASE!$AW$14:$AW$968= D$4))-ROW(DATABASE!$AV$14)+1,D$5)),"")} | E19: {=IFERROR(_xlfn.SINGLE(INDEX(DATABASE!$AV$14:$BC$968,SUMPRODUCT((ROW(DATABASE!$AV$14:$AV$968)) * (DATABASE!$AV$14:AX$968='Résultats observations'!$A19 ) * (DATABASE!$AW$14:$AW$968= E$4))-ROW(DATABASE!$AV$14)+1,E$5)),"")} | F19: {=IFERROR(_xlfn.SINGLE(INDEX(DATABASE!$AV$14:$BC$968,SUMPRODUCT((ROW(DATABASE!$AV$14:$AV$968)) * (DATABASE!$AV$14:AY$968='Résultats observations'!$A19 ) * (DATABASE!$AW$14:$AW$968= F$4))-ROW(DATABASE!$AV$14)+1,F$5)),"")} | G19: {=IFERROR(_xlfn.SINGLE(INDEX(DATABASE!$AV$14:$BC$968,SUMPRODUCT((ROW(DATABASE!$AV$14:$AV$968)) * (DATABASE!$AV$14:AZ$968='Résultats observations'!$A19 ) * (DATABASE!$AW$14:$AW$968= G$4))-ROW(DATABASE!$AV$14)+1,G$5)),"")} | H19: {=IFERROR(_xlfn.SINGLE(INDEX(DATABASE!$AV$14:$BC$968,SUMPRODUCT((ROW(DATABASE!$AV$14:$AV$968)) * (DATABASE!$AV$14:BA$968='Résultats observations'!$A19 ) * (DATABASE!$AW$14:$AW$968= H$4))-ROW(DATABASE!$AV$14)+1,H$5)),"")} | I19: {=IFERROR(_xlfn.SINGLE(INDEX(DATABASE!$AV$14:$BC$968,SUMPRODUCT((ROW(DATABASE!$AV$14:$AV$968)) * (DATABASE!$AV$14:BB$968='Résultats observations'!$A19 ) * (DATABASE!$AW$14:$AW$968= I$4))-ROW(DATABASE!$AV$14)+1,I$5)),"")} | J19: {=IFERROR(_xlfn.SINGLE(INDEX(DATABASE!$AV$14:$BC$968,SUMPRODUCT((ROW(DATABASE!$AV$14:$AV$968)) * (DATABASE!$AV$14:BC$968='Résultats observations'!$A19 ) * (DATABASE!$AW$14:$AW$968= J$4))-ROW(DATABASE!$AV$14)+1,J$5)),"")} | K19: {=IFERROR(_xlfn.SINGLE(INDEX(DATABASE!$AV$14:$BC$968,SUMPRODUCT((ROW(DATABASE!$AV$14:$AV$968)) * (DATABASE!$AV$14:BD$968='Résultats observations'!$A19 ) * (DATABASE!$AW$14:$AW$968= K$4))-ROW(DATABASE!$AV$14)+1,K$5)),"")} | ... N19: {=IFERROR(_xlfn.SINGLE(INDEX(DATABASE!$AV$14:$BC$968,SUMPRODUCT((ROW(DATABASE!$AV$14:$AV$968)) * (DATABASE!$AV$14:BG$968='Résultats observations'!$A19 ) * (DATABASE!$AW$14:$AW$968= N$4))-ROW(DATABASE!$AV$14)+1,N$5)),"")}
A20: 45560 | B20: =A20-A$10 | C20: {=IFERROR(_xlfn.SINGLE(INDEX(DATABASE!$AV$14:$BC$968,SUMPRODUCT((ROW(DATABASE!$AV$14:$AV$968)) * (DATABASE!AV$14:$AV$968='Résultats observations'!$A20 ) * (DATABASE!$AW$14:$AW$968= C$4))-ROW(DATABASE!$AV$14)+1,C$5)),"")} | D20: {=IFERROR(_xlfn.SINGLE(INDEX(DATABASE!$AV$14:$BC$968,SUMPRODUCT((ROW(DATABASE!$AV$14:$AV$968)) * (DATABASE!$AV$14:AW$968='Résultats observations'!$A20 ) * (DATABASE!$AW$14:$AW$968= D$4))-ROW(DATABASE!$AV$14)+1,D$5)),"")} | E20: {=IFERROR(_xlfn.SINGLE(INDEX(DATABASE!$AV$14:$BC$968,SUMPRODUCT((ROW(DATABASE!$AV$14:$AV$968)) * (DATABASE!$AV$14:AX$968='Résultats observations'!$A20 ) * (DATABASE!$AW$14:$AW$968= E$4))-ROW(DATABASE!$AV$14)+1,E$5)),"")} | F20: {=IFERROR(_xlfn.SINGLE(INDEX(DATABASE!$AV$14:$BC$968,SUMPRODUCT((ROW(DATABASE!$AV$14:$AV$968)) * (DATABASE!$AV$14:AY$968='Résultats observations'!$A20 ) * (DATABASE!$AW$14:$AW$968= F$4))-ROW(DATABASE!$AV$14)+1,F$5)),"")} | G20: {=IFERROR(_xlfn.SINGLE(INDEX(DATABASE!$AV$14:$BC$968,SUMPRODUCT((ROW(DATABASE!$AV$14:$AV$968)) * (DATABASE!$AV$14:AZ$968='Résultats observations'!$A20 ) * (DATABASE!$AW$14:$AW$968= G$4))-ROW(DATABASE!$AV$14)+1,G$5)),"")} | H20: {=IFERROR(_xlfn.SINGLE(INDEX(DATABASE!$AV$14:$BC$968,SUMPRODUCT((ROW(DATABASE!$AV$14:$AV$968)) * (DATABASE!$AV$14:BA$968='Résultats observations'!$A20 ) * (DATABASE!$AW$14:$AW$968= H$4))-ROW(DATABASE!$AV$14)+1,H$5)),"")} | I20: {=IFERROR(_xlfn.SINGLE(INDEX(DATABASE!$AV$14:$BC$968,SUMPRODUCT((ROW(DATABASE!$AV$14:$AV$968)) * (DATABASE!$AV$14:BB$968='Résultats observations'!$A20 ) * (DATABASE!$AW$14:$AW$968= I$4))-ROW(DATABASE!$AV$14)+1,I$5)),"")} | J20: {=IFERROR(_xlfn.SINGLE(INDEX(DATABASE!$AV$14:$BC$968,SUMPRODUCT((ROW(DATABASE!$AV$14:$AV$968)) * (DATABASE!$AV$14:BC$968='Résultats observations'!$A20 ) * (DATABASE!$AW$14:$AW$968= J$4))-ROW(DATABASE!$AV$14)+1,J$5)),"")} | K20: {=IFERROR(_xlfn.SINGLE(INDEX(DATABASE!$AV$14:$BC$968,SUMPRODUCT((ROW(DATABASE!$AV$14:$AV$968)) * (DATABASE!$AV$14:BD$968='Résultats observations'!$A20 ) * (DATABASE!$AW$14:$AW$968= K$4))-ROW(DATABASE!$AV$14)+1,K$5)),"")} | ... N20: {=IFERROR(_xlfn.SINGLE(INDEX(DATABASE!$AV$14:$BC$968,SUMPRODUCT((ROW(DATABASE!$AV$14:$AV$968)) * (DATABASE!$AV$14:BG$968='Résultats observations'!$A20 ) * (DATABASE!$AW$14:$AW$968= N$4))-ROW(DATABASE!$AV$14)+1,N$5)),"")}
A21: 45562 | B21: =A21-A$10 | C21: {=IFERROR(_xlfn.SINGLE(INDEX(DATABASE!$AV$14:$BC$968,SUMPRODUCT((ROW(DATABASE!$AV$14:$AV$968)) * (DATABASE!AV$14:$AV$968='Résultats observations'!$A21 ) * (DATABASE!$AW$14:$AW$968= C$4))-ROW(DATABASE!$AV$14)+1,C$5)),"")} | D21: {=IFERROR(_xlfn.SINGLE(INDEX(DATABASE!$AV$14:$BC$968,SUMPRODUCT((ROW(DATABASE!$AV$14:$AV$968)) * (DATABASE!$AV$14:AW$968='Résultats observations'!$A21 ) * (DATABASE!$AW$14:$AW$968= D$4))-ROW(DATABASE!$AV$14)+1,D$5)),"")} | E21: {=IFERROR(_xlfn.SINGLE(INDEX(DATABASE!$AV$14:$BC$968,SUMPRODUCT((ROW(DATABASE!$AV$14:$AV$968)) * (DATABASE!$AV$14:AX$968='Résultats observations'!$A21 ) * (DATABASE!$AW$14:$AW$968= E$4))-ROW(DATABASE!$AV$14)+1,E$5)),"")} | F21: {=IFERROR(_xlfn.SINGLE(INDEX(DATABASE!$AV$14:$BC$968,SUMPRODUCT((ROW(DATABASE!$AV$14:$AV$968)) * (DATABASE!$AV$14:AY$968='Résultats observations'!$A21 ) * (DATABASE!$AW$14:$AW$968= F$4))-ROW(DATABASE!$AV$14)+1,F$5)),"")} | G21: {=IFERROR(_xlfn.SINGLE(INDEX(DATABASE!$AV$14:$BC$968,SUMPRODUCT((ROW(DATABASE!$AV$14:$AV$968)) * (DATABASE!$AV$14:AZ$968='Résultats observations'!$A21 ) * (DATABASE!$AW$14:$AW$968= G$4))-ROW(DATABASE!$AV$14)+1,G$5)),"")} | H21: {=IFERROR(_xlfn.SINGLE(INDEX(DATABASE!$AV$14:$BC$968,SUMPRODUCT((ROW(DATABASE!$AV$14:$AV$968)) * (DATABASE!$AV$14:BA$968='Résultats observations'!$A21 ) * (DATABASE!$AW$14:$AW$968= H$4))-ROW(DATABASE!$AV$14)+1,H$5)),"")} | I21: {=IFERROR(_xlfn.SINGLE(INDEX(DATABASE!$AV$14:$BC$968,SUMPRODUCT((ROW(DATABASE!$AV$14:$AV$968)) * (DATABASE!$AV$14:BB$968='Résultats observations'!$A21 ) * (DATABASE!$AW$14:$AW$968= I$4))-ROW(DATABASE!$AV$14)+1,I$5)),"")} | J21: {=IFERROR(_xlfn.SINGLE(INDEX(DATABASE!$AV$14:$BC$968,SUMPRODUCT((ROW(DATABASE!$AV$14:$AV$968)) * (DATABASE!$AV$14:BC$968='Résultats observations'!$A21 ) * (DATABASE!$AW$14:$AW$968= J$4))-ROW(DATABASE!$AV$14)+1,J$5)),"")} | K21: {=IFERROR(_xlfn.SINGLE(INDEX(DATABASE!$AV$14:$BC$968,SUMPRODUCT((ROW(DATABASE!$AV$14:$AV$968)) * (DATABASE!$AV$14:BD$968='Résultats observations'!$A21 ) * (DATABASE!$AW$14:$AW$968= K$4))-ROW(DATABASE!$AV$14)+1,K$5)),"")} | ... N21: {=IFERROR(_xlfn.SINGLE(INDEX(DATABASE!$AV$14:$BC$968,SUMPRODUCT((ROW(DATABASE!$AV$14:$AV$968)) * (DATABASE!$AV$14:BG$968='Résultats observations'!$A21 ) * (DATABASE!$AW$14:$AW$968= N$4))-ROW(DATABASE!$AV$14)+1,N$5)),"")}
A22: 45565 | B22: =A22-A$10 | C22: {=IFERROR(_xlfn.SINGLE(INDEX(DATABASE!$AV$14:$BC$968,SUMPRODUCT((ROW(DATABASE!$AV$14:$AV$968)) * (DATABASE!AV$14:$AV$968='Résultats observations'!$A22 ) * (DATABASE!$AW$14:$AW$968= C$4))-ROW(DATABASE!$AV$14)+1,C$5)),"")} | D22: {=IFERROR(_xlfn.SINGLE(INDEX(DATABASE!$AV$14:$BC$968,SUMPRODUCT((ROW(DATABASE!$AV$14:$AV$968)) * (DATABASE!$AV$14:AW$968='Résultats observations'!$A22 ) * (DATABASE!$AW$14:$AW$968= D$4))-ROW(DATABASE!$AV$14)+1,D$5)),"")} | E22: {=IFERROR(_xlfn.SINGLE(INDEX(DATABASE!$AV$14:$BC$968,SUMPRODUCT((ROW(DATABASE!$AV$14:$AV$968)) * (DATABASE!$AV$14:AX$968='Résultats observations'!$A22 ) * (DATABASE!$AW$14:$AW$968= E$4))-ROW(DATABASE!$AV$14)+1,E$5)),"")} | F22: {=IFERROR(_xlfn.SINGLE(INDEX(DATABASE!$AV$14:$BC$968,SUMPRODUCT((ROW(DATABASE!$AV$14:$AV$968)) * (DATABASE!$AV$14:AY$968='Résultats observations'!$A22 ) * (DATABASE!$AW$14:$AW$968= F$4))-ROW(DATABASE!$AV$14)+1,F$5)),"")} | G22: {=IFERROR(_xlfn.SINGLE(INDEX(DATABASE!$AV$14:$BC$968,SUMPRODUCT((ROW(DATABASE!$AV$14:$AV$968)) * (DATABASE!$AV$14:AZ$968='Résultats observations'!$A22 ) * (DATABASE!$AW$14:$AW$968= G$4))-ROW(DATABASE!$AV$14)+1,G$5)),"")} | H22: {=IFERROR(_xlfn.SINGLE(INDEX(DATABASE!$AV$14:$BC$968,SUMPRODUCT((ROW(DATABASE!$AV$14:$AV$968)) * (DATABASE!$AV$14:BA$968='Résultats observations'!$A22 ) * (DATABASE!$AW$14:$AW$968= H$4))-ROW(DATABASE!$AV$14)+1,H$5)),"")} | I22: {=IFERROR(_xlfn.SINGLE(INDEX(DATABASE!$AV$14:$BC$968,SUMPRODUCT((ROW(DATABASE!$AV$14:$AV$968)) * (DATABASE!$AV$14:BB$968='Résultats observations'!$A22 ) * (DATABASE!$AW$14:$AW$968= I$4))-ROW(DATABASE!$AV$14)+1,I$5)),"")} | J22: {=IFERROR(_xlfn.SINGLE(INDEX(DATABASE!$AV$14:$BC$968,SUMPRODUCT((ROW(DATABASE!$AV$14:$AV$968)) * (DATABASE!$AV$14:BC$968='Résultats observations'!$A22 ) * (DATABASE!$AW$14:$AW$968= J$4))-ROW(DATABASE!$AV$14)+1,J$5)),"")} | K22: {=IFERROR(_xlfn.SINGLE(INDEX(DATABASE!$AV$14:$BC$968,SUMPRODUCT((ROW(DATABASE!$AV$14:$AV$968)) * (DATABASE!$AV$14:BD$968='Résultats observations'!$A22 ) * (DATABASE!$AW$14:$AW$968= K$4))-ROW(DATABASE!$AV$14)+1,K$5)),"")} | ... N22: {=IFERROR(_xlfn.SINGLE(INDEX(DATABASE!$AV$14:$BC$968,SUMPRODUCT((ROW(DATABASE!$AV$14:$AV$968)) * (DATABASE!$AV$14:BG$968='Résultats observations'!$A22 ) * (DATABASE!$AW$14:$AW$968= N$4))-ROW(DATABASE!$AV$14)+1,N$5)),"")}
... A32: 45644 | B32: =A32-A$10 | C32: {=IFERROR(_xlfn.SINGLE(INDEX(DATABASE!$AV$14:$BC$968,SUMPRODUCT((ROW(DATABASE!$AV$14:$AV$968)) * (DATABASE!AV$14:$AV$968='Résultats observations'!$A32 ) * (DATABASE!$AW$14:$AW$968= C$4))-ROW(DATABASE!$AV$14)+1,C$5)),"")} | D32: {=IFERROR(_xlfn.SINGLE(INDEX(DATABASE!$AV$14:$BC$968,SUMPRODUCT((ROW(DATABASE!$AV$14:$AV$968)) * (DATABASE!$AV$14:AW$968='Résultats observations'!$A32 ) * (DATABASE!$AW$14:$AW$968= D$4))-ROW(DATABASE!$AV$14)+1,D$5)),"")} | E32: {=IFERROR(_xlfn.SINGLE(INDEX(DATABASE!$AV$14:$BC$968,SUMPRODUCT((ROW(DATABASE!$AV$14:$AV$968)) * (DATABASE!$AV$14:AX$968='Résultats observations'!$A32 ) * (DATABASE!$AW$14:$AW$968= E$4))-ROW(DATABASE!$AV$14)+1,E$5)),"")} | F32: {=IFERROR(_xlfn.SINGLE(INDEX(DATABASE!$AV$14:$BC$968,SUMPRODUCT((ROW(DATABASE!$AV$14:$AV$968)) * (DATABASE!$AV$14:AY$968='Résultats observations'!$A32 ) * (DATABASE!$AW$14:$AW$968= F$4))-ROW(DATABASE!$AV$14)+1,F$5)),"")} | G32: {=IFERROR(_xlfn.SINGLE(INDEX(DATABASE!$AV$14:$BC$968,SUMPRODUCT((ROW(DATABASE!$AV$14:$AV$968)) * (DATABASE!$AV$14:AZ$968='Résultats observations'!$A32 ) * (DATABASE!$AW$14:$AW$968= G$4))-ROW(DATABASE!$AV$14)+1,G$5)),"")} | H32: {=IFERROR(_xlfn.SINGLE(INDEX(DATABASE!$AV$14:$BC$968,SUMPRODUCT((ROW(DATABASE!$AV$14:$AV$968)) * (DATABASE!$AV$14:BA$968='Résultats observations'!$A32 ) * (DATABASE!$AW$14:$AW$968= H$4))-ROW(DATABASE!$AV$14)+1,H$5)),"")} | I32: {=IFERROR(_xlfn.SINGLE(INDEX(DATABASE!$AV$14:$BC$968,SUMPRODUCT((ROW(DATABASE!$AV$14:$AV$968)) * (DATABASE!$AV$14:BB$968='Résultats observations'!$A32 ) * (DATABASE!$AW$14:$AW$968= I$4))-ROW(DATABASE!$AV$14)+1,I$5)),"")} | J32: {=IFERROR(_xlfn.SINGLE(INDEX(DATABASE!$AV$14:$BC$968,SUMPRODUCT((ROW(DATABASE!$AV$14:$AV$968)) * (DATABASE!$AV$14:BC$968='Résultats observations'!$A32 ) * (DATABASE!$AW$14:$AW$968= J$4))-ROW(DATABASE!$AV$14)+1,J$5)),"")} | K32: {=IFERROR(_xlfn.SINGLE(INDEX(DATABASE!$AV$14:$BC$968,SUMPRODUCT((ROW(DATABASE!$AV$14:$AV$968)) * (DATABASE!$AV$14:BD$968='Résultats observations'!$A32 ) * (DATABASE!$AW$14:$AW$968= K$4))-ROW(DATABASE!$AV$14)+1,K$5)),"")} | ... N32: {=IFERROR(_xlfn.SINGLE(INDEX(DATABASE!$AV$14:$BC$968,SUMPRODUCT((ROW(DATABASE!$AV$14:$AV$968)) * (DATABASE!$AV$14:BG$968='Résultats observations'!$A32 ) * (DATABASE!$AW$14:$AW$968= N$4))-ROW(DATABASE!$AV$14)+1,N$5)),"")}
A33: 45663 | B33: =A33-A$10 | C33: {=IFERROR(_xlfn.SINGLE(INDEX(DATABASE!$AV$14:$BC$968,SUMPRODUCT((ROW(DATABASE!$AV$14:$AV$968)) * (DATABASE!AV$14:$AV$968='Résultats observations'!$A33 ) * (DATABASE!$AW$14:$AW$968= C$4))-ROW(DATABASE!$AV$14)+1,C$5)),"")} | D33: {=IFERROR(_xlfn.SINGLE(INDEX(DATABASE!$AV$14:$BC$968,SUMPRODUCT((ROW(DATABASE!$AV$14:$AV$968)) * (DATABASE!$AV$14:AW$968='Résultats observations'!$A33 ) * (DATABASE!$AW$14:$AW$968= D$4))-ROW(DATABASE!$AV$14)+1,D$5)),"")} | E33: {=IFERROR(_xlfn.SINGLE(INDEX(DATABASE!$AV$14:$BC$968,SUMPRODUCT((ROW(DATABASE!$AV$14:$AV$968)) * (DATABASE!$AV$14:AX$968='Résultats observations'!$A33 ) * (DATABASE!$AW$14:$AW$968= E$4))-ROW(DATABASE!$AV$14)+1,E$5)),"")} | F33: {=IFERROR(_xlfn.SINGLE(INDEX(DATABASE!$AV$14:$BC$968,SUMPRODUCT((ROW(DATABASE!$AV$14:$AV$968)) * (DATABASE!$AV$14:AY$968='Résultats observations'!$A33 ) * (DATABASE!$AW$14:$AW$968= F$4))-ROW(DATABASE!$AV$14)+1,F$5)),"")} | G33: {=IFERROR(_xlfn.SINGLE(INDEX(DATABASE!$AV$14:$BC$968,SUMPRODUCT((ROW(DATABASE!$AV$14:$AV$968)) * (DATABASE!$AV$14:AZ$968='Résultats observations'!$A33 ) * (DATABASE!$AW$14:$AW$968= G$4))-ROW(DATABASE!$AV$14)+1,G$5)),"")} | H33: {=IFERROR(_xlfn.SINGLE(INDEX(DATABASE!$AV$14:$BC$968,SUMPRODUCT((ROW(DATABASE!$AV$14:$AV$968)) * (DATABASE!$AV$14:BA$968='Résultats observations'!$A33 ) * (DATABASE!$AW$14:$AW$968= H$4))-ROW(DATABASE!$AV$14)+1,H$5)),"")} | I33: {=IFERROR(_xlfn.SINGLE(INDEX(DATABASE!$AV$14:$BC$968,SUMPRODUCT((ROW(DATABASE!$AV$14:$AV$968)) * (DATABASE!$AV$14:BB$968='Résultats observations'!$A33 ) * (DATABASE!$AW$14:$AW$968= I$4))-ROW(DATABASE!$AV$14)+1,I$5)),"")} | J33: {=IFERROR(_xlfn.SINGLE(INDEX(DATABASE!$AV$14:$BC$968,SUMPRODUCT((ROW(DATABASE!$AV$14:$AV$968)) * (DATABASE!$AV$14:BC$968='Résultats observations'!$A33 ) * (DATABASE!$AW$14:$AW$968= J$4))-ROW(DATABASE!$AV$14)+1,J$5)),"")} | K33: {=IFERROR(_xlfn.SINGLE(INDEX(DATABASE!$AV$14:$BC$968,SUMPRODUCT((ROW(DATABASE!$AV$14:$AV$968)) * (DATABASE!$AV$14:BD$968='Résultats observations'!$A33 ) * (DATABASE!$AW$14:$AW$968= K$4))-ROW(DATABASE!$AV$14)+1,K$5)),"")} | ... BJ33: {=IFERROR(_xlfn.SINGLE(INDEX(DATABASE!$AV$14:$BC$968,SUMPRODUCT((ROW(DATABASE!$AV$14:$AV$968)) * (DATABASE!$AV$14:DC$968='Résultats observations'!$A33 ) * (DATABASE!$AW$14:$AW$968= BJ$4))-ROW(DATABASE!$AV$14)+1,BJ$5)),"")}
A34: 45666 | B34: =A34-A$10 | C34: {=IFERROR(_xlfn.SINGLE(INDEX(DATABASE!$AV$14:$BC$968,SUMPRODUCT((ROW(DATABASE!$AV$14:$AV$968)) * (DATABASE!AV$14:$AV$968='Résultats observations'!$A34 ) * (DATABASE!$AW$14:$AW$968= C$4))-ROW(DATABASE!$AV$14)+1,C$5)),"")} | D34: {=IFERROR(_xlfn.SINGLE(INDEX(DATABASE!$AV$14:$BC$968,SUMPRODUCT((ROW(DATABASE!$AV$14:$AV$968)) * (DATABASE!$AV$14:AW$968='Résultats observations'!$A34 ) * (DATABASE!$AW$14:$AW$968= D$4))-ROW(DATABASE!$AV$14)+1,D$5)),"")} | E34: {=IFERROR(_xlfn.SINGLE(INDEX(DATABASE!$AV$14:$BC$968,SUMPRODUCT((ROW(DATABASE!$AV$14:$AV$968)) * (DATABASE!$AV$14:AX$968='Résultats observations'!$A34 ) * (DATABASE!$AW$14:$AW$968= E$4))-ROW(DATABASE!$AV$14)+1,E$5)),"")} | F34: {=IFERROR(_xlfn.SINGLE(INDEX(DATABASE!$AV$14:$BC$968,SUMPRODUCT((ROW(DATABASE!$AV$14:$AV$968)) * (DATABASE!$AV$14:AY$968='Résultats observations'!$A34 ) * (DATABASE!$AW$14:$AW$968= F$4))-ROW(DATABASE!$AV$14)+1,F$5)),"")} | G34: {=IFERROR(_xlfn.SINGLE(INDEX(DATABASE!$AV$14:$BC$968,SUMPRODUCT((ROW(DATABASE!$AV$14:$AV$968)) * (DATABASE!$AV$14:AZ$968='Résultats observations'!$A34 ) * (DATABASE!$AW$14:$AW$968= G$4))-ROW(DATABASE!$AV$14)+1,G$5)),"")} | H34: {=IFERROR(_xlfn.SINGLE(INDEX(DATABASE!$AV$14:$BC$968,SUMPRODUCT((ROW(DATABASE!$AV$14:$AV$968)) * (DATABASE!$AV$14:BA$968='Résultats observations'!$A34 ) * (DATABASE!$AW$14:$AW$968= H$4))-ROW(DATABASE!$AV$14)+1,H$5)),"")} | I34: {=IFERROR(_xlfn.SINGLE(INDEX(DATABASE!$AV$14:$BC$968,SUMPRODUCT((ROW(DATABASE!$AV$14:$AV$968)) * (DATABASE!$AV$14:BB$968='Résultats observations'!$A34 ) * (DATABASE!$AW$14:$AW$968= I$4))-ROW(DATABASE!$AV$14)+1,I$5)),"")} | J34: {=IFERROR(_xlfn.SINGLE(INDEX(DATABASE!$AV$14:$BC$968,SUMPRODUCT((ROW(DATABASE!$AV$14:$AV$968)) * (DATABASE!$AV$14:BC$968='Résultats observations'!$A34 ) * (DATABASE!$AW$14:$AW$968= J$4))-ROW(DATABASE!$AV$14)+1,J$5)),"")} | K34: {=IFERROR(_xlfn.SINGLE(INDEX(DATABASE!$AV$14:$BC$968,SUMPRODUCT((ROW(DATABASE!$AV$14:$AV$968)) * (DATABASE!$AV$14:BD$968='Résultats observations'!$A34 ) * (DATABASE!$AW$14:$AW$968= K$4))-ROW(DATABASE!$AV$14)+1,K$5)),"")} | ... BJ34: {=IFERROR(_xlfn.SINGLE(INDEX(DATABASE!$AV$14:$BC$968,SUMPRODUCT((ROW(DATABASE!$AV$14:$AV$968)) * (DATABASE!$AV$14:DC$968='Résultats observations'!$A34 ) * (DATABASE!$AW$14:$AW$968= BJ$4))-ROW(DATABASE!$AV$14)+1,BJ$5)),"")}
A35: 45670 | B35: =A35-A$10 | C35: {=IFERROR(_xlfn.SINGLE(INDEX(DATABASE!$AV$14:$BC$968,SUMPRODUCT((ROW(DATABASE!$AV$14:$AV$968)) * (DATABASE!AV$14:$AV$968='Résultats observations'!$A35 ) * (DATABASE!$AW$14:$AW$968= C$4))-ROW(DATABASE!$AV$14)+1,C$5)),"")} | D35: {=IFERROR(_xlfn.SINGLE(INDEX(DATABASE!$AV$14:$BC$968,SUMPRODUCT((ROW(DATABASE!$AV$14:$AV$968)) * (DATABASE!$AV$14:AW$968='Résultats observations'!$A35 ) * (DATABASE!$AW$14:$AW$968= D$4))-ROW(DATABASE!$AV$14)+1,D$5)),"")} | E35: {=IFERROR(_xlfn.SINGLE(INDEX(DATABASE!$AV$14:$BC$968,SUMPRODUCT((ROW(DATABASE!$AV$14:$AV$968)) * (DATABASE!$AV$14:AX$968='Résultats observations'!$A35 ) * (DATABASE!$AW$14:$AW$968= E$4))-ROW(DATABASE!$AV$14)+1,E$5)),"")} | F35: {=IFERROR(_xlfn.SINGLE(INDEX(DATABASE!$AV$14:$BC$968,SUMPRODUCT((ROW(DATABASE!$AV$14:$AV$968)) * (DATABASE!$AV$14:AY$968='Résultats observations'!$A35 ) * (DATABASE!$AW$14:$AW$968= F$4))-ROW(DATABASE!$AV$14)+1,F$5)),"")} | G35: {=IFERROR(_xlfn.SINGLE(INDEX(DATABASE!$AV$14:$BC$968,SUMPRODUCT((ROW(DATABASE!$AV$14:$AV$968)) * (DATABASE!$AV$14:AZ$968='Résultats observations'!$A35 ) * (DATABASE!$AW$14:$AW$968= G$4))-ROW(DATABASE!$AV$14)+1,G$5)),"")} | H35: {=IFERROR(_xlfn.SINGLE(INDEX(DATABASE!$AV$14:$BC$968,SUMPRODUCT((ROW(DATABASE!$AV$14:$AV$968)) * (DATABASE!$AV$14:BA$968='Résultats observations'!$A35 ) * (DATABASE!$AW$14:$AW$968= H$4))-ROW(DATABASE!$AV$14)+1,H$5)),"")} | I35: {=IFERROR(_xlfn.SINGLE(INDEX(DATABASE!$AV$14:$BC$968,SUMPRODUCT((ROW(DATABASE!$AV$14:$AV$968)) * (DATABASE!$AV$14:BB$968='Résultats observations'!$A35 ) * (DATABASE!$AW$14:$AW$968= I$4))-ROW(DATABASE!$AV$14)+1,I$5)),"")} | J35: {=IFERROR(_xlfn.SINGLE(INDEX(DATABASE!$AV$14:$BC$968,SUMPRODUCT((ROW(DATABASE!$AV$14:$AV$968)) * (DATABASE!$AV$14:BC$968='Résultats observations'!$A35 ) * (DATABASE!$AW$14:$AW$968= J$4))-ROW(DATABASE!$AV$14)+1,J$5)),"")} | K35: {=IFERROR(_xlfn.SINGLE(INDEX(DATABASE!$AV$14:$BC$968,SUMPRODUCT((ROW(DATABASE!$AV$14:$AV$968)) * (DATABASE!$AV$14:BD$968='Résultats observations'!$A35 ) * (DATABASE!$AW$14:$AW$968= K$4))-ROW(DATABASE!$AV$14)+1,K$5)),"")} | ... BJ35: {=IFERROR(_xlfn.SINGLE(INDEX(DATABASE!$AV$14:$BC$968,SUMPRODUCT((ROW(DATABASE!$AV$14:$AV$968)) * (DATABASE!$AV$14:DC$968='Résultats observations'!$A35 ) * (DATABASE!$AW$14:$AW$968= BJ$4))-ROW(DATABASE!$AV$14)+1,BJ$5)),"")}
A36: 45674 | B36: =A36-A$10 | C36: {=IFERROR(_xlfn.SINGLE(INDEX(DATABASE!$AV$14:$BC$968,SUMPRODUCT((ROW(DATABASE!$AV$14:$AV$968)) * (DATABASE!AV$14:$AV$968='Résultats observations'!$A36 ) * (DATABASE!$AW$14:$AW$968= C$4))-ROW(DATABASE!$AV$14)+1,C$5)),"")} | D36: {=IFERROR(_xlfn.SINGLE(INDEX(DATABASE!$AV$14:$BC$968,SUMPRODUCT((ROW(DATABASE!$AV$14:$AV$968)) * (DATABASE!$AV$14:AW$968='Résultats observations'!$A36 ) * (DATABASE!$AW$14:$AW$968= D$4))-ROW(DATABASE!$AV$14)+1,D$5)),"")} | E36: {=IFERROR(_xlfn.SINGLE(INDEX(DATABASE!$AV$14:$BC$968,SUMPRODUCT((ROW(DATABASE!$AV$14:$AV$968)) * (DATABASE!$AV$14:AX$968='Résultats observations'!$A36 ) * (DATABASE!$AW$14:$AW$968= E$4))-ROW(DATABASE!$AV$14)+1,E$5)),"")} | F36: {=IFERROR(_xlfn.SINGLE(INDEX(DATABASE!$AV$14:$BC$968,SUMPRODUCT((ROW(DATABASE!$AV$14:$AV$968)) * (DATABASE!$AV$14:AY$968='Résultats observations'!$A36 ) * (DATABASE!$AW$14:$AW$968= F$4))-ROW(DATABASE!$AV$14)+1,F$5)),"")} | G36: {=IFERROR(_xlfn.SINGLE(INDEX(DATABASE!$AV$14:$BC$968,SUMPRODUCT((ROW(DATABASE!$AV$14:$AV$968)) * (DATABASE!$AV$14:AZ$968='Résultats observations'!$A36 ) * (DATABASE!$AW$14:$AW$968= G$4))-ROW(DATABASE!$AV$14)+1,G$5)),"")} | H36: {=IFERROR(_xlfn.SINGLE(INDEX(DATABASE!$AV$14:$BC$968,SUMPRODUCT((ROW(DATABASE!$AV$14:$AV$968)) * (DATABASE!$AV$14:BA$968='Résultats observations'!$A36 ) * (DATABASE!$AW$14:$AW$968= H$4))-ROW(DATABASE!$AV$14)+1,H$5)),"")} | I36: {=IFERROR(_xlfn.SINGLE(INDEX(DATABASE!$AV$14:$BC$968,SUMPRODUCT((ROW(DATABASE!$AV$14:$AV$968)) * (DATABASE!$AV$14:BB$968='Résultats observations'!$A36 ) * (DATABASE!$AW$14:$AW$968= I$4))-ROW(DATABASE!$AV$14)+1,I$5)),"")} | J36: {=IFERROR(_xlfn.SINGLE(INDEX(DATABASE!$AV$14:$BC$968,SUMPRODUCT((ROW(DATABASE!$AV$14:$AV$968)) * (DATABASE!$AV$14:BC$968='Résultats observations'!$A36 ) * (DATABASE!$AW$14:$AW$968= J$4))-ROW(DATABASE!$AV$14)+1,J$5)),"")} | K36: {=IFERROR(_xlfn.SINGLE(INDEX(DATABASE!$AV$14:$BC$968,SUMPRODUCT((ROW(DATABASE!$AV$14:$AV$968)) * (DATABASE!$AV$14:BD$968='Résultats observations'!$A36 ) * (DATABASE!$AW$14:$AW$968= K$4))-ROW(DATABASE!$AV$14)+1,K$5)),"")} | ... BJ36: {=IFERROR(_xlfn.SINGLE(INDEX(DATABASE!$AV$14:$BC$968,SUMPRODUCT((ROW(DATABASE!$AV$14:$AV$968)) * (DATABASE!$AV$14:DC$968='Résultats observations'!$A36 ) * (DATABASE!$AW$14:$AW$968= BJ$4))-ROW(DATABASE!$AV$14)+1,BJ$5)),"")}
A37: 45681 | B37: =A37-A$10 | C37: {=IFERROR(_xlfn.SINGLE(INDEX(DATABASE!$AV$14:$BC$968,SUMPRODUCT((ROW(DATABASE!$AV$14:$AV$968)) * (DATABASE!AV$14:$AV$968='Résultats observations'!$A37 ) * (DATABASE!$AW$14:$AW$968= C$4))-ROW(DATABASE!$AV$14)+1,C$5)),"")} | D37: {=IFERROR(_xlfn.SINGLE(INDEX(DATABASE!$AV$14:$BC$968,SUMPRODUCT((ROW(DATABASE!$AV$14:$AV$968)) * (DATABASE!$AV$14:AW$968='Résultats observations'!$A37 ) * (DATABASE!$AW$14:$AW$968= D$4))-ROW(DATABASE!$AV$14)+1,D$5)),"")} | E37: {=IFERROR(_xlfn.SINGLE(INDEX(DATABASE!$AV$14:$BC$968,SUMPRODUCT((ROW(DATABASE!$AV$14:$AV$968)) * (DATABASE!$AV$14:AX$968='Résultats observations'!$A37 ) * (DATABASE!$AW$14:$AW$968= E$4))-ROW(DATABASE!$AV$14)+1,E$5)),"")} | F37: {=IFERROR(_xlfn.SINGLE(INDEX(DATABASE!$AV$14:$BC$968,SUMPRODUCT((ROW(DATABASE!$AV$14:$AV$968)) * (DATABASE!$AV$14:AY$968='Résultats observations'!$A37 ) * (DATABASE!$AW$14:$AW$968= F$4))-ROW(DATABASE!$AV$14)+1,F$5)),"")} | G37: {=IFERROR(_xlfn.SINGLE(INDEX(DATABASE!$AV$14:$BC$968,SUMPRODUCT((ROW(DATABASE!$AV$14:$AV$968)) * (DATABASE!$AV$14:AZ$968='Résultats observations'!$A37 ) * (DATABASE!$AW$14:$AW$968= G$4))-ROW(DATABASE!$AV$14)+1,G$5)),"")} | H37: {=IFERROR(_xlfn.SINGLE(INDEX(DATABASE!$AV$14:$BC$968,SUMPRODUCT((ROW(DATABASE!$AV$14:$AV$968)) * (DATABASE!$AV$14:BA$968='Résultats observations'!$A37 ) * (DATABASE!$AW$14:$AW$968= H$4))-ROW(DATABASE!$AV$14)+1,H$5)),"")} | I37: {=IFERROR(_xlfn.SINGLE(INDEX(DATABASE!$AV$14:$BC$968,SUMPRODUCT((ROW(DATABASE!$AV$14:$AV$968)) * (DATABASE!$AV$14:BB$968='Résultats observations'!$A37 ) * (DATABASE!$AW$14:$AW$968= I$4))-ROW(DATABASE!$AV$14)+1,I$5)),"")} | J37: {=IFERROR(_xlfn.SINGLE(INDEX(DATABASE!$AV$14:$BC$968,SUMPRODUCT((ROW(DATABASE!$AV$14:$AV$968)) * (DATABASE!$AV$14:BC$968='Résultats observations'!$A37 ) * (DATABASE!$AW$14:$AW$968= J$4))-ROW(DATABASE!$AV$14)+1,J$5)),"")} | K37: {=IFERROR(_xlfn.SINGLE(INDEX(DATABASE!$AV$14:$BC$968,SUMPRODUCT((ROW(DATABASE!$AV$14:$AV$968)) * (DATABASE!$AV$14:BD$968='Résultats observations'!$A37 ) * (DATABASE!$AW$14:$AW$968= K$4))-ROW(DATABASE!$AV$14)+1,K$5)),"")} | ... BJ37: {=IFERROR(_xlfn.SINGLE(INDEX(DATABASE!$AV$14:$BC$968,SUMPRODUCT((ROW(DATABASE!$AV$14:$AV$968)) * (DATABASE!$AV$14:DC$968='Résultats observations'!$A37 ) * (DATABASE!$AW$14:$AW$968= BJ$4))-ROW(DATABASE!$AV$14)+1,BJ$5)),"")}
A38: 45686 | B38: =A38-A$10 | C38: {=IFERROR(_xlfn.SINGLE(INDEX(DATABASE!$AV$14:$BC$968,SUMPRODUCT((ROW(DATABASE!$AV$14:$AV$968)) * (DATABASE!AV$14:$AV$968='Résultats observations'!$A38 ) * (DATABASE!$AW$14:$AW$968= C$4))-ROW(DATABASE!$AV$14)+1,C$5)),"")} | D38: {=IFERROR(_xlfn.SINGLE(INDEX(DATABASE!$AV$14:$BC$968,SUMPRODUCT((ROW(DATABASE!$AV$14:$AV$968)) * (DATABASE!$AV$14:AW$968='Résultats observations'!$A38 ) * (DATABASE!$AW$14:$AW$968= D$4))-ROW(DATABASE!$AV$14)+1,D$5)),"")} | E38: {=IFERROR(_xlfn.SINGLE(INDEX(DATABASE!$AV$14:$BC$968,SUMPRODUCT((ROW(DATABASE!$AV$14:$AV$968)) * (DATABASE!$AV$14:AX$968='Résultats observations'!$A38 ) * (DATABASE!$AW$14:$AW$968= E$4))-ROW(DATABASE!$AV$14)+1,E$5)),"")} | F38: {=IFERROR(_xlfn.SINGLE(INDEX(DATABASE!$AV$14:$BC$968,SUMPRODUCT((ROW(DATABASE!$AV$14:$AV$968)) * (DATABASE!$AV$14:AY$968='Résultats observations'!$A38 ) * (DATABASE!$AW$14:$AW$968= F$4))-ROW(DATABASE!$AV$14)+1,F$5)),"")} | G38: {=IFERROR(_xlfn.SINGLE(INDEX(DATABASE!$AV$14:$BC$968,SUMPRODUCT((ROW(DATABASE!$AV$14:$AV$968)) * (DATABASE!$AV$14:AZ$968='Résultats observations'!$A38 ) * (DATABASE!$AW$14:$AW$968= G$4))-ROW(DATABASE!$AV$14)+1,G$5)),"")} | H38: {=IFERROR(_xlfn.SINGLE(INDEX(DATABASE!$AV$14:$BC$968,SUMPRODUCT((ROW(DATABASE!$AV$14:$AV$968)) * (DATABASE!$AV$14:BA$968='Résultats observations'!$A38 ) * (DATABASE!$AW$14:$AW$968= H$4))-ROW(DATABASE!$AV$14)+1,H$5)),"")} | I38: {=IFERROR(_xlfn.SINGLE(INDEX(DATABASE!$AV$14:$BC$968,SUMPRODUCT((ROW(DATABASE!$AV$14:$AV$968)) * (DATABASE!$AV$14:BB$968='Résultats observations'!$A38 ) * (DATABASE!$AW$14:$AW$968= I$4))-ROW(DATABASE!$AV$14)+1,I$5)),"")} | J38: {=IFERROR(_xlfn.SINGLE(INDEX(DATABASE!$AV$14:$BC$968,SUMPRODUCT((ROW(DATABASE!$AV$14:$AV$968)) * (DATABASE!$AV$14:BC$968='Résultats observations'!$A38 ) * (DATABASE!$AW$14:$AW$968= J$4))-ROW(DATABASE!$AV$14)+1,J$5)),"")} | K38: {=IFERROR(_xlfn.SINGLE(INDEX(DATABASE!$AV$14:$BC$968,SUMPRODUCT((ROW(DATABASE!$AV$14:$AV$968)) * (DATABASE!$AV$14:BD$968='Résultats observations'!$A38 ) * (DATABASE!$AW$14:$AW$968= K$4))-ROW(DATABASE!$AV$14)+1,K$5)),"")} | ... BJ38: {=IFERROR(_xlfn.SINGLE(INDEX(DATABASE!$AV$14:$BC$968,SUMPRODUCT((ROW(DATABASE!$AV$14:$AV$968)) * (DATABASE!$AV$14:DC$968='Résultats observations'!$A38 ) * (DATABASE!$AW$14:$AW$968= BJ$4))-ROW(DATABASE!$AV$14)+1,BJ$5)),"")}
A39: 45695 | B39: =A39-A$10 | C39: {=IFERROR(_xlfn.SINGLE(INDEX(DATABASE!$AV$14:$BC$968,SUMPRODUCT((ROW(DATABASE!$AV$14:$AV$968)) * (DATABASE!AV$14:$AV$968='Résultats observations'!$A39 ) * (DATABASE!$AW$14:$AW$968= C$4))-ROW(DATABASE!$AV$14)+1,C$5)),"")} | D39: {=IFERROR(_xlfn.SINGLE(INDEX(DATABASE!$AV$14:$BC$968,SUMPRODUCT((ROW(DATABASE!$AV$14:$AV$968)) * (DATABASE!$AV$14:AW$968='Résultats observations'!$A39 ) * (DATABASE!$AW$14:$AW$968= D$4))-ROW(DATABASE!$AV$14)+1,D$5)),"")} | E39: {=IFERROR(_xlfn.SINGLE(INDEX(DATABASE!$AV$14:$BC$968,SUMPRODUCT((ROW(DATABASE!$AV$14:$AV$968)) * (DATABASE!$AV$14:AX$968='Résultats observations'!$A39 ) * (DATABASE!$AW$14:$AW$968= E$4))-ROW(DATABASE!$AV$14)+1,E$5)),"")} | F39: {=IFERROR(_xlfn.SINGLE(INDEX(DATABASE!$AV$14:$BC$968,SUMPRODUCT((ROW(DATABASE!$AV$14:$AV$968)) * (DATABASE!$AV$14:AY$968='Résultats observations'!$A39 ) * (DATABASE!$AW$14:$AW$968= F$4))-ROW(DATABASE!$AV$14)+1,F$5)),"")} | G39: {=IFERROR(_xlfn.SINGLE(INDEX(DATABASE!$AV$14:$BC$968,SUMPRODUCT((ROW(DATABASE!$AV$14:$AV$968)) * (DATABASE!$AV$14:AZ$968='Résultats observations'!$A39 ) * (DATABASE!$AW$14:$AW$968= G$4))-ROW(DATABASE!$AV$14)+1,G$5)),"")} | H39: {=IFERROR(_xlfn.SINGLE(INDEX(DATABASE!$AV$14:$BC$968,SUMPRODUCT((ROW(DATABASE!$AV$14:$AV$968)) * (DATABASE!$AV$14:BA$968='Résultats observations'!$A39 ) * (DATABASE!$AW$14:$AW$968= H$4))-ROW(DATABASE!$AV$14)+1,H$5)),"")} | I39: {=IFERROR(_xlfn.SINGLE(INDEX(DATABASE!$AV$14:$BC$968,SUMPRODUCT((ROW(DATABASE!$AV$14:$AV$968)) * (DATABASE!$AV$14:BB$968='Résultats observations'!$A39 ) * (DATABASE!$AW$14:$AW$968= I$4))-ROW(DATABASE!$AV$14)+1,I$5)),"")} | J39: {=IFERROR(_xlfn.SINGLE(INDEX(DATABASE!$AV$14:$BC$968,SUMPRODUCT((ROW(DATABASE!$AV$14:$AV$968)) * (DATABASE!$AV$14:BC$968='Résultats observations'!$A39 ) * (DATABASE!$AW$14:$AW$968= J$4))-ROW(DATABASE!$AV$14)+1,J$5)),"")} | K39: {=IFERROR(_xlfn.SINGLE(INDEX(DATABASE!$AV$14:$BC$968,SUMPRODUCT((ROW(DATABASE!$AV$14:$AV$968)) * (DATABASE!$AV$14:BD$968='Résultats observations'!$A39 ) * (DATABASE!$AW$14:$AW$968= K$4))-ROW(DATABASE!$AV$14)+1,K$5)),"")} | ... BJ39: {=IFERROR(_xlfn.SINGLE(INDEX(DATABASE!$AV$14:$BC$968,SUMPRODUCT((ROW(DATABASE!$AV$14:$AV$968)) * (DATABASE!$AV$14:DC$968='Résultats observations'!$A39 ) * (DATABASE!$AW$14:$AW$968= BJ$4))-ROW(DATABASE!$AV$14)+1,BJ$5)),"")}
A40: 45701 | B40: =A40-A$10 | C40: {=IFERROR(_xlfn.SINGLE(INDEX(DATABASE!$AV$14:$BC$968,SUMPRODUCT((ROW(DATABASE!$AV$14:$AV$968)) * (DATABASE!AV$14:$AV$968='Résultats observations'!$A40 ) * (DATABASE!$AW$14:$AW$968= C$4))-ROW(DATABASE!$AV$14)+1,C$5)),"")} | D40: {=IFERROR(_xlfn.SINGLE(INDEX(DATABASE!$AV$14:$BC$968,SUMPRODUCT((ROW(DATABASE!$AV$14:$AV$968)) * (DATABASE!$AV$14:AW$968='Résultats observations'!$A40 ) * (DATABASE!$AW$14:$AW$968= D$4))-ROW(DATABASE!$AV$14)+1,D$5)),"")} | E40: {=IFERROR(_xlfn.SINGLE(INDEX(DATABASE!$AV$14:$BC$968,SUMPRODUCT((ROW(DATABASE!$AV$14:$AV$968)) * (DATABASE!$AV$14:AX$968='Résultats observations'!$A40 ) * (DATABASE!$AW$14:$AW$968= E$4))-ROW(DATABASE!$AV$14)+1,E$5)),"")} | F40: {=IFERROR(_xlfn.SINGLE(INDEX(DATABASE!$AV$14:$BC$968,SUMPRODUCT((ROW(DATABASE!$AV$14:$AV$968)) * (DATABASE!$AV$14:AY$968='Résultats observations'!$A40 ) * (DATABASE!$AW$14:$AW$968= F$4))-ROW(DATABASE!$AV$14)+1,F$5)),"")} | G40: {=IFERROR(_xlfn.SINGLE(INDEX(DATABASE!$AV$14:$BC$968,SUMPRODUCT((ROW(DATABASE!$AV$14:$AV$968)) * (DATABASE!$AV$14:AZ$968='Résultats observations'!$A40 ) * (DATABASE!$AW$14:$AW$968= G$4))-ROW(DATABASE!$AV$14)+1,G$5)),"")} | H40: {=IFERROR(_xlfn.SINGLE(INDEX(DATABASE!$AV$14:$BC$968,SUMPRODUCT((ROW(DATABASE!$AV$14:$AV$968)) * (DATABASE!$AV$14:BA$968='Résultats observations'!$A40 ) * (DATABASE!$AW$14:$AW$968= H$4))-ROW(DATABASE!$AV$14)+1,H$5)),"")} | I40: {=IFERROR(_xlfn.SINGLE(INDEX(DATABASE!$AV$14:$BC$968,SUMPRODUCT((ROW(DATABASE!$AV$14:$AV$968)) * (DATABASE!$AV$14:BB$968='Résultats observations'!$A40 ) * (DATABASE!$AW$14:$AW$968= I$4))-ROW(DATABASE!$AV$14)+1,I$5)),"")} | J40: {=IFERROR(_xlfn.SINGLE(INDEX(DATABASE!$AV$14:$BC$968,SUMPRODUCT((ROW(DATABASE!$AV$14:$AV$968)) * (DATABASE!$AV$14:BC$968='Résultats observations'!$A40 ) * (DATABASE!$AW$14:$AW$968= J$4))-ROW(DATABASE!$AV$14)+1,J$5)),"")} | K40: {=IFERROR(_xlfn.SINGLE(INDEX(DATABASE!$AV$14:$BC$968,SUMPRODUCT((ROW(DATABASE!$AV$14:$AV$968)) * (DATABASE!$AV$14:BD$968='Résultats observations'!$A40 ) * (DATABASE!$AW$14:$AW$968= K$4))-ROW(DATABASE!$AV$14)+1,K$5)),"")} | ... BJ40: {=IFERROR(_xlfn.SINGLE(INDEX(DATABASE!$AV$14:$BC$968,SUMPRODUCT((ROW(DATABASE!$AV$14:$AV$968)) * (DATABASE!$AV$14:DC$968='Résultats observations'!$A40 ) * (DATABASE!$AW$14:$AW$968= BJ$4))-ROW(DATABASE!$AV$14)+1,BJ$5)),"")}
A41: 45708 | B41: =A41-A$10 | C41: {=IFERROR(_xlfn.SINGLE(INDEX(DATABASE!$AV$14:$BC$968,SUMPRODUCT((ROW(DATABASE!$AV$14:$AV$968)) * (DATABASE!AV$14:$AV$968='Résultats observations'!$A41 ) * (DATABASE!$AW$14:$AW$968= C$4))-ROW(DATABASE!$AV$14)+1,C$5)),"")} | D41: {=IFERROR(_xlfn.SINGLE(INDEX(DATABASE!$AV$14:$BC$968,SUMPRODUCT((ROW(DATABASE!$AV$14:$AV$968)) * (DATABASE!$AV$14:AW$968='Résultats observations'!$A41 ) * (DATABASE!$AW$14:$AW$968= D$4))-ROW(DATABASE!$AV$14)+1,D$5)),"")} | E41: {=IFERROR(_xlfn.SINGLE(INDEX(DATABASE!$AV$14:$BC$968,SUMPRODUCT((ROW(DATABASE!$AV$14:$AV$968)) * (DATABASE!$AV$14:AX$968='Résultats observations'!$A41 ) * (DATABASE!$AW$14:$AW$968= E$4))-ROW(DATABASE!$AV$14)+1,E$5)),"")} | F41: {=IFERROR(_xlfn.SINGLE(INDEX(DATABASE!$AV$14:$BC$968,SUMPRODUCT((ROW(DATABASE!$AV$14:$AV$968)) * (DATABASE!$AV$14:AY$968='Résultats observations'!$A41 ) * (DATABASE!$AW$14:$AW$968= F$4))-ROW(DATABASE!$AV$14)+1,F$5)),"")} | G41: {=IFERROR(_xlfn.SINGLE(INDEX(DATABASE!$AV$14:$BC$968,SUMPRODUCT((ROW(DATABASE!$AV$14:$AV$968)) * (DATABASE!$AV$14:AZ$968='Résultats observations'!$A41 ) * (DATABASE!$AW$14:$AW$968= G$4))-ROW(DATABASE!$AV$14)+1,G$5)),"")} | H41: {=IFERROR(_xlfn.SINGLE(INDEX(DATABASE!$AV$14:$BC$968,SUMPRODUCT((ROW(DATABASE!$AV$14:$AV$968)) * (DATABASE!$AV$14:BA$968='Résultats observations'!$A41 ) * (DATABASE!$AW$14:$AW$968= H$4))-ROW(DATABASE!$AV$14)+1,H$5)),"")} | I41: {=IFERROR(_xlfn.SINGLE(INDEX(DATABASE!$AV$14:$BC$968,SUMPRODUCT((ROW(DATABASE!$AV$14:$AV$968)) * (DATABASE!$AV$14:BB$968='Résultats observations'!$A41 ) * (DATABASE!$AW$14:$AW$968= I$4))-ROW(DATABASE!$AV$14)+1,I$5)),"")} | J41: {=IFERROR(_xlfn.SINGLE(INDEX(DATABASE!$AV$14:$BC$968,SUMPRODUCT((ROW(DATABASE!$AV$14:$AV$968)) * (DATABASE!$AV$14:BC$968='Résultats observations'!$A41 ) * (DATABASE!$AW$14:$AW$968= J$4))-ROW(DATABASE!$AV$14)+1,J$5)),"")} | K41: {=IFERROR(_xlfn.SINGLE(INDEX(DATABASE!$AV$14:$BC$968,SUMPRODUCT((ROW(DATABASE!$AV$14:$AV$968)) * (DATABASE!$AV$14:BD$968='Résultats observations'!$A41 ) * (DATABASE!$AW$14:$AW$968= K$4))-ROW(DATABASE!$AV$14)+1,K$5)),"")} | ... BJ41: {=IFERROR(_xlfn.SINGLE(INDEX(DATABASE!$AV$14:$BC$968,SUMPRODUCT((ROW(DATABASE!$AV$14:$AV$968)) * (DATABASE!$AV$14:DC$968='Résultats observations'!$A41 ) * (DATABASE!$AW$14:$AW$968= BJ$4))-ROW(DATABASE!$AV$14)+1,BJ$5)),"")}
A42: 45715 | B42: =A42-A$10 | C42: {=IFERROR(_xlfn.SINGLE(INDEX(DATABASE!$AV$14:$BC$968,SUMPRODUCT((ROW(DATABASE!$AV$14:$AV$968)) * (DATABASE!AV$14:$AV$968='Résultats observations'!$A42 ) * (DATABASE!$AW$14:$AW$968= C$4))-ROW(DATABASE!$AV$14)+1,C$5)),"")} | D42: {=IFERROR(_xlfn.SINGLE(INDEX(DATABASE!$AV$14:$BC$968,SUMPRODUCT((ROW(DATABASE!$AV$14:$AV$968)) * (DATABASE!$AV$14:AW$968='Résultats observations'!$A42 ) * (DATABASE!$AW$14:$AW$968= D$4))-ROW(DATABASE!$AV$14)+1,D$5)),"")} | E42: {=IFERROR(_xlfn.SINGLE(INDEX(DATABASE!$AV$14:$BC$968,SUMPRODUCT((ROW(DATABASE!$AV$14:$AV$968)) * (DATABASE!$AV$14:AX$968='Résultats observations'!$A42 ) * (DATABASE!$AW$14:$AW$968= E$4))-ROW(DATABASE!$AV$14)+1,E$5)),"")} | F42: {=IFERROR(_xlfn.SINGLE(INDEX(DATABASE!$AV$14:$BC$968,SUMPRODUCT((ROW(DATABASE!$AV$14:$AV$968)) * (DATABASE!$AV$14:AY$968='Résultats observations'!$A42 ) * (DATABASE!$AW$14:$AW$968= F$4))-ROW(DATABASE!$AV$14)+1,F$5)),"")} | G42: {=IFERROR(_xlfn.SINGLE(INDEX(DATABASE!$AV$14:$BC$968,SUMPRODUCT((ROW(DATABASE!$AV$14:$AV$968)) * (DATABASE!$AV$14:AZ$968='Résultats observations'!$A42 ) * (DATABASE!$AW$14:$AW$968= G$4))-ROW(DATABASE!$AV$14)+1,G$5)),"")} | H42: {=IFERROR(_xlfn.SINGLE(INDEX(DATABASE!$AV$14:$BC$968,SUMPRODUCT((ROW(DATABASE!$AV$14:$AV$968)) * (DATABASE!$AV$14:BA$968='Résultats observations'!$A42 ) * (DATABASE!$AW$14:$AW$968= H$4))-ROW(DATABASE!$AV$14)+1,H$5)),"")} | I42: {=IFERROR(_xlfn.SINGLE(INDEX(DATABASE!$AV$14:$BC$968,SUMPRODUCT((ROW(DATABASE!$AV$14:$AV$968)) * (DATABASE!$AV$14:BB$968='Résultats observations'!$A42 ) * (DATABASE!$AW$14:$AW$968= I$4))-ROW(DATABASE!$AV$14)+1,I$5)),"")} | J42: {=IFERROR(_xlfn.SINGLE(INDEX(DATABASE!$AV$14:$BC$968,SUMPRODUCT((ROW(DATABASE!$AV$14:$AV$968)) * (DATABASE!$AV$14:BC$968='Résultats observations'!$A42 ) * (DATABASE!$AW$14:$AW$968= J$4))-ROW(DATABASE!$AV$14)+1,J$5)),"")} | K42: {=IFERROR(_xlfn.SINGLE(INDEX(DATABASE!$AV$14:$BC$968,SUMPRODUCT((ROW(DATABASE!$AV$14:$AV$968)) * (DATABASE!$AV$14:BD$968='Résultats observations'!$A42 ) * (DATABASE!$AW$14:$AW$968= K$4))-ROW(DATABASE!$AV$14)+1,K$5)),"")} | ... BJ42: {=IFERROR(_xlfn.SINGLE(INDEX(DATABASE!$AV$14:$BC$968,SUMPRODUCT((ROW(DATABASE!$AV$14:$AV$968)) * (DATABASE!$AV$14:DC$968='Résultats observations'!$A42 ) * (DATABASE!$AW$14:$AW$968= BJ$4))-ROW(DATABASE!$AV$14)+1,BJ$5)),"")}
A43: 45722 | B43: =A43-A$10 | C43: {=IFERROR(_xlfn.SINGLE(INDEX(DATABASE!$AV$14:$BC$968,SUMPRODUCT((ROW(DATABASE!$AV$14:$AV$968)) * (DATABASE!AV$14:$AV$968='Résultats observations'!$A43 ) * (DATABASE!$AW$14:$AW$968= C$4))-ROW(DATABASE!$AV$14)+1,C$5)),"")} | D43: {=IFERROR(_xlfn.SINGLE(INDEX(DATABASE!$AV$14:$BC$968,SUMPRODUCT((ROW(DATABASE!$AV$14:$AV$968)) * (DATABASE!$AV$14:AW$968='Résultats observations'!$A43 ) * (DATABASE!$AW$14:$AW$968= D$4))-ROW(DATABASE!$AV$14)+1,D$5)),"")} | E43: {=IFERROR(_xlfn.SINGLE(INDEX(DATABASE!$AV$14:$BC$968,SUMPRODUCT((ROW(DATABASE!$AV$14:$AV$968)) * (DATABASE!$AV$14:AX$968='Résultats observations'!$A43 ) * (DATABASE!$AW$14:$AW$968= E$4))-ROW(DATABASE!$AV$14)+1,E$5)),"")} | F43: {=IFERROR(_xlfn.SINGLE(INDEX(DATABASE!$AV$14:$BC$968,SUMPRODUCT((ROW(DATABASE!$AV$14:$AV$968)) * (DATABASE!$AV$14:AY$968='Résultats observations'!$A43 ) * (DATABASE!$AW$14:$AW$968= F$4))-ROW(DATABASE!$AV$14)+1,F$5)),"")} | G43: {=IFERROR(_xlfn.SINGLE(INDEX(DATABASE!$AV$14:$BC$968,SUMPRODUCT((ROW(DATABASE!$AV$14:$AV$968)) * (DATABASE!$AV$14:AZ$968='Résultats observations'!$A43 ) * (DATABASE!$AW$14:$AW$968= G$4))-ROW(DATABASE!$AV$14)+1,G$5)),"")} | H43: {=IFERROR(_xlfn.SINGLE(INDEX(DATABASE!$AV$14:$BC$968,SUMPRODUCT((ROW(DATABASE!$AV$14:$AV$968)) * (DATABASE!$AV$14:BA$968='Résultats observations'!$A43 ) * (DATABASE!$AW$14:$AW$968= H$4))-ROW(DATABASE!$AV$14)+1,H$5)),"")} | I43: {=IFERROR(_xlfn.SINGLE(INDEX(DATABASE!$AV$14:$BC$968,SUMPRODUCT((ROW(DATABASE!$AV$14:$AV$968)) * (DATABASE!$AV$14:BB$968='Résultats observations'!$A43 ) * (DATABASE!$AW$14:$AW$968= I$4))-ROW(DATABASE!$AV$14)+1,I$5)),"")} | J43: {=IFERROR(_xlfn.SINGLE(INDEX(DATABASE!$AV$14:$BC$968,SUMPRODUCT((ROW(DATABASE!$AV$14:$AV$968)) * (DATABASE!$AV$14:BC$968='Résultats observations'!$A43 ) * (DATABASE!$AW$14:$AW$968= J$4))-ROW(DATABASE!$AV$14)+1,J$5)),"")} | K43: {=IFERROR(_xlfn.SINGLE(INDEX(DATABASE!$AV$14:$BC$968,SUMPRODUCT((ROW(DATABASE!$AV$14:$AV$968)) * (DATABASE!$AV$14:BD$968='Résultats observations'!$A43 ) * (DATABASE!$AW$14:$AW$968= K$4))-ROW(DATABASE!$AV$14)+1,K$5)),"")} | ... BJ43: {=IFERROR(_xlfn.SINGLE(INDEX(DATABASE!$AV$14:$BC$968,SUMPRODUCT((ROW(DATABASE!$AV$14:$AV$968)) * (DATABASE!$AV$14:DC$968='Résultats observations'!$A43 ) * (DATABASE!$AW$14:$AW$968= BJ$4))-ROW(DATABASE!$AV$14)+1,BJ$5)),"")}
A44: 45729 | B44: =A44-A$10 | C44: {=IFERROR(_xlfn.SINGLE(INDEX(DATABASE!$AV$14:$BC$968,SUMPRODUCT((ROW(DATABASE!$AV$14:$AV$968)) * (DATABASE!AV$14:$AV$968='Résultats observations'!$A44 ) * (DATABASE!$AW$14:$AW$968= C$4))-ROW(DATABASE!$AV$14)+1,C$5)),"")} | D44: {=IFERROR(_xlfn.SINGLE(INDEX(DATABASE!$AV$14:$BC$968,SUMPRODUCT((ROW(DATABASE!$AV$14:$AV$968)) * (DATABASE!$AV$14:AW$968='Résultats observations'!$A44 ) * (DATABASE!$AW$14:$AW$968= D$4))-ROW(DATABASE!$AV$14)+1,D$5)),"")} | E44: {=IFERROR(_xlfn.SINGLE(INDEX(DATABASE!$AV$14:$BC$968,SUMPRODUCT((ROW(DATABASE!$AV$14:$AV$968)) * (DATABASE!$AV$14:AX$968='Résultats observations'!$A44 ) * (DATABASE!$AW$14:$AW$968= E$4))-ROW(DATABASE!$AV$14)+1,E$5)),"")} | F44: {=IFERROR(_xlfn.SINGLE(INDEX(DATABASE!$AV$14:$BC$968,SUMPRODUCT((ROW(DATABASE!$AV$14:$AV$968)) * (DATABASE!$AV$14:AY$968='Résultats observations'!$A44 ) * (DATABASE!$AW$14:$AW$968= F$4))-ROW(DATABASE!$AV$14)+1,F$5)),"")} | G44: {=IFERROR(_xlfn.SINGLE(INDEX(DATABASE!$AV$14:$BC$968,SUMPRODUCT((ROW(DATABASE!$AV$14:$AV$968)) * (DATABASE!$AV$14:AZ$968='Résultats observations'!$A44 ) * (DATABASE!$AW$14:$AW$968= G$4))-ROW(DATABASE!$AV$14)+1,G$5)),"")} | H44: {=IFERROR(_xlfn.SINGLE(INDEX(DATABASE!$AV$14:$BC$968,SUMPRODUCT((ROW(DATABASE!$AV$14:$AV$968)) * (DATABASE!$AV$14:BA$968='Résultats observations'!$A44 ) * (DATABASE!$AW$14:$AW$968= H$4))-ROW(DATABASE!$AV$14)+1,H$5)),"")} | I44: {=IFERROR(_xlfn.SINGLE(INDEX(DATABASE!$AV$14:$BC$968,SUMPRODUCT((ROW(DATABASE!$AV$14:$AV$968)) * (DATABASE!$AV$14:BB$968='Résultats observations'!$A44 ) * (DATABASE!$AW$14:$AW$968= I$4))-ROW(DATABASE!$AV$14)+1,I$5)),"")} | J44: {=IFERROR(_xlfn.SINGLE(INDEX(DATABASE!$AV$14:$BC$968,SUMPRODUCT((ROW(DATABASE!$AV$14:$AV$968)) * (DATABASE!$AV$14:BC$968='Résultats observations'!$A44 ) * (DATABASE!$AW$14:$AW$968= J$4))-ROW(DATABASE!$AV$14)+1,J$5)),"")} | K44: {=IFERROR(_xlfn.SINGLE(INDEX(DATABASE!$AV$14:$BC$968,SUMPRODUCT((ROW(DATABASE!$AV$14:$AV$968)) * (DATABASE!$AV$14:BD$968='Résultats observations'!$A44 ) * (DATABASE!$AW$14:$AW$968= K$4))-ROW(DATABASE!$AV$14)+1,K$5)),"")} | ... BJ44: {=IFERROR(_xlfn.SINGLE(INDEX(DATABASE!$AV$14:$BC$968,SUMPRODUCT((ROW(DATABASE!$AV$14:$AV$968)) * (DATABASE!$AV$14:DC$968='Résultats observations'!$A44 ) * (DATABASE!$AW$14:$AW$968= BJ$4))-ROW(DATABASE!$AV$14)+1,BJ$5)),"")}
... A50: 45798 | B50: =A50-A$10 | C50: {=IFERROR(_xlfn.SINGLE(INDEX(DATABASE!$AV$14:$BC$968,SUMPRODUCT((ROW(DATABASE!$AV$14:$AV$968)) * (DATABASE!AV$14:$AV$968='Résultats observations'!$A50 ) * (DATABASE!$AW$14:$AW$968= C$4))-ROW(DATABASE!$AV$14)+1,C$5)),"")} | D50: {=IFERROR(_xlfn.SINGLE(INDEX(DATABASE!$AV$14:$BC$968,SUMPRODUCT((ROW(DATABASE!$AV$14:$AV$968)) * (DATABASE!$AV$14:AW$968='Résultats observations'!$A50 ) * (DATABASE!$AW$14:$AW$968= D$4))-ROW(DATABASE!$AV$14)+1,D$5)),"")} | E50: {=IFERROR(_xlfn.SINGLE(INDEX(DATABASE!$AV$14:$BC$968,SUMPRODUCT((ROW(DATABASE!$AV$14:$AV$968)) * (DATABASE!$AV$14:AX$968='Résultats observations'!$A50 ) * (DATABASE!$AW$14:$AW$968= E$4))-ROW(DATABASE!$AV$14)+1,E$5)),"")} | F50: {=IFERROR(_xlfn.SINGLE(INDEX(DATABASE!$AV$14:$BC$968,SUMPRODUCT((ROW(DATABASE!$AV$14:$AV$968)) * (DATABASE!$AV$14:AY$968='Résultats observations'!$A50 ) * (DATABASE!$AW$14:$AW$968= F$4))-ROW(DATABASE!$AV$14)+1,F$5)),"")} | G50: {=IFERROR(_xlfn.SINGLE(INDEX(DATABASE!$AV$14:$BC$968,SUMPRODUCT((ROW(DATABASE!$AV$14:$AV$968)) * (DATABASE!$AV$14:AZ$968='Résultats observations'!$A50 ) * (DATABASE!$AW$14:$AW$968= G$4))-ROW(DATABASE!$AV$14)+1,G$5)),"")} | H50: {=IFERROR(_xlfn.SINGLE(INDEX(DATABASE!$AV$14:$BC$968,SUMPRODUCT((ROW(DATABASE!$AV$14:$AV$968)) * (DATABASE!$AV$14:BA$968='Résultats observations'!$A50 ) * (DATABASE!$AW$14:$AW$968= H$4))-ROW(DATABASE!$AV$14)+1,H$5)),"")} | I50: {=IFERROR(_xlfn.SINGLE(INDEX(DATABASE!$AV$14:$BC$968,SUMPRODUCT((ROW(DATABASE!$AV$14:$AV$968)) * (DATABASE!$AV$14:BB$968='Résultats observations'!$A50 ) * (DATABASE!$AW$14:$AW$968= I$4))-ROW(DATABASE!$AV$14)+1,I$5)),"")} | J50: {=IFERROR(_xlfn.SINGLE(INDEX(DATABASE!$AV$14:$BC$968,SUMPRODUCT((ROW(DATABASE!$AV$14:$AV$968)) * (DATABASE!$AV$14:BC$968='Résultats observations'!$A50 ) * (DATABASE!$AW$14:$AW$968= J$4))-ROW(DATABASE!$AV$14)+1,J$5)),"")} | K50: {=IFERROR(_xlfn.SINGLE(INDEX(DATABASE!$AV$14:$BC$968,SUMPRODUCT((ROW(DATABASE!$AV$14:$AV$968)) * (DATABASE!$AV$14:BD$968='Résultats observations'!$A50 ) * (DATABASE!$AW$14:$AW$968= K$4))-ROW(DATABASE!$AV$14)+1,K$5)),"")} | ... BJ50: {=IFERROR(_xlfn.SINGLE(INDEX(DATABASE!$AV$14:$BC$968,SUMPRODUCT((ROW(DATABASE!$AV$14:$AV$968)) * (DATABASE!$AV$14:DC$968='Résultats observations'!$A50 ) * (DATABASE!$AW$14:$AW$968= BJ$4))-ROW(DATABASE!$AV$14)+1,BJ$5)),"")}

Sheet Résultats Projection
D1: AUSCULTATION CARREFOUR - MESURES XYZ
C4: V1 | D4: V1 | E4: V1 | F4: V2 | G4: V2 | H4: V2 | I4: V3 | J4: V3 | K4: V3 | L4: H1 | M4: H1 | N4: H1 | O4: H2 | P4: H2 | Q4: H2 | R4: H3 | S4: H3 | T4: H3 | U4: H4 | V4: H4 | W4: H4 | X4: H5 | Y4: H5 | Z4: H5 | AA4: B1 | AB4: B1 | AC4: B1 | AD4: B2 | AE4: B2 | AF4: B2 | AG4: B3 | AH4: B3 | AI4: B3 | AJ4: B4 | AK4: B4 | AL4: B4 | AM4: B5 | AN4: B5 | AO4: B5 | AP4: M1 | AQ4: M1 | AR4: M1 | AS4: M2 | AT4: M2 | AU4: M2 | AV4: M3 | AW4: M3 | AX4: M3 | AY4: M4 | AZ4: M4 | BA4: M4 | BB4: M5 | BC4: M5 | BD4: M5 | BE4: C530 | BF4: C530 | BG4: C530 | BH4: C540 | BI4: C540 | BJ4: C540
C5: 3 | D5: 4 | E5: 5 | F5: 3 | G5: 4 | H5: 5 | I5: 3 | J5: 4 | K5: 5 | L5: 3 | M5: 4 | N5: 5 | BB5: *
A6: Date point 0
A7: =A10 | C7: BG | F7: IG | I7: HG | L7: CH
A8: Date | B8: Jours | C8: =D4 | F8: =G4 | I8: =J4 | L8: =M4 | O8: =P4 | R8: =S4 | U8: =V4 | X8: =Y4 | AA8: =AB4 | AD8: =AE4 | AG8: =AH4 | AJ8: =AK4 | AM8: =AN4 | AP8: =AQ4 | AS8: =AT4 | AV8: =AW4 | AY8: =AZ4 | BB8: =BC4 | BE8: =BF4 | BH8: =BI4
C9: V1_PM | D9: V1_H | E9: V1_V | F9: V2_PM | G9: V2_H | H9: V2_V | I9: V3_PM | J9: V3_H | K9: V3_V | L9: H1_PM | M9: H1_H | N9: H1_V | O9: H2_PM | P9: H2_H | Q9: H2_V | R9: H3_PM | S9: H3_H | T9: H3_V | U9: H4_PM | V9: H4_H | W9: H4_V | X9: H5_PM | Y9: H5_H | Z9: H5_V | AA9: B1_PM | AB9: B1_H | AC9: B1_V | AD9: B2_PM | AE9: B2_H | AF9: B2_V | AG9: B3_PM | AH9: B3_H | AI9: B3_V | AJ9: B4_PM | AK9: B4_H | AL9: B4_V | AM9: B5_PM | AN9: B5_H | AO9: B5_V | AP9: M1_PM | AQ9: M1_H | AR9: M1_V | AS9: M2_PM | AT9: M2_H | AU9: M2_V | AV9: M3_PM | AW9: M3_H | AX9: M3_V | AY9: M4_PM | AZ9: M4_H | BA9: M4_V | BB9: M5_PM | BC9: M5_H | BD9: M5_V | BE9: REF1_PM | BF9: REF1_H | BG9: REF1_V | BH9: REF2_PM | BI9: REF2_H | BJ9: REF2_V
A10: 45532 | B10: 0 | C10: {=IFERROR(_xlfn.SINGLE(INDEX(DATABASE!$AV$14:$BC$968,SUMPRODUCT((ROW(DATABASE!$AV$14:$AV$968)) * (DATABASE!AV$14:$AV$968='Résultats Projection'!$A10 ) * (DATABASE!$AW$14:$AW$968= C$4))-ROW(DATABASE!$AV$14)+1,C$5+3)),"")} | D10: {=IFERROR(_xlfn.SINGLE(INDEX(DATABASE!$AV$14:$BC$968,SUMPRODUCT((ROW(DATABASE!$AV$14:$AV$968)) * (DATABASE!$AV$14:AW$968='Résultats Projection'!$A10 ) * (DATABASE!$AW$14:$AW$968= D$4))-ROW(DATABASE!$AV$14)+1,D$5+3)),"")} | E10: {=IFERROR(_xlfn.SINGLE(INDEX(DATABASE!$AV$14:$BC$968,SUMPRODUCT((ROW(DATABASE!$AV$14:$AV$968)) * (DATABASE!$AV$14:AX$968='Résultats Projection'!$A10 ) * (DATABASE!$AW$14:$AW$968= E$4))-ROW(DATABASE!$AV$14)+1,E$5+3)),"")} | F10: {=IFERROR(_xlfn.SINGLE(INDEX(DATABASE!$AV$14:$BC$968,SUMPRODUCT((ROW(DATABASE!$AV$14:$AV$968)) * (DATABASE!$AV$14:AY$968='Résultats Projection'!$A10 ) * (DATABASE!$AW$14:$AW$968= F$4))-ROW(DATABASE!$AV$14)+1,F$5+3)),"")} | G10: {=IFERROR(_xlfn.SINGLE(INDEX(DATABASE!$AV$14:$BC$968,SUMPRODUCT((ROW(DATABASE!$AV$14:$AV$968)) * (DATABASE!$AV$14:AZ$968='Résultats Projection'!$A10 ) * (DATABASE!$AW$14:$AW$968= G$4))-ROW(DATABASE!$AV$14)+1,G$5+3)),"")} | H10: {=IFERROR(_xlfn.SINGLE(INDEX(DATABASE!$AV$14:$BC$968,SUMPRODUCT((ROW(DATABASE!$AV$14:$AV$968)) * (DATABASE!$AV$14:BA$968='Résultats Projection'!$A10 ) * (DATABASE!$AW$14:$AW$968= H$4))-ROW(DATABASE!$AV$14)+1,H$5+3)),"")} | I10: {=IFERROR(_xlfn.SINGLE(INDEX(DATABASE!$AV$14:$BC$968,SUMPRODUCT((ROW(DATABASE!$AV$14:$AV$968)) * (DATABASE!$AV$14:BB$968='Résultats Projection'!$A10 ) * (DATABASE!$AW$14:$AW$968= I$4))-ROW(DATABASE!$AV$14)+1,I$5+3)),"")} | J10: {=IFERROR(_xlfn.SINGLE(INDEX(DATABASE!$AV$14:$BC$968,SUMPRODUCT((ROW(DATABASE!$AV$14:$AV$968)) * (DATABASE!$AV$14:BC$968='Résultats Projection'!$A10 ) * (DATABASE!$AW$14:$AW$968= J$4))-ROW(DATABASE!$AV$14)+1,J$5+3)),"")} | K10: {=IFERROR(_xlfn.SINGLE(INDEX(DATABASE!$AV$14:$BC$968,SUMPRODUCT((ROW(DATABASE!$AV$14:$AV$968)) * (DATABASE!$AV$14:BD$968='Résultats Projection'!$A10 ) * (DATABASE!$AW$14:$AW$968= K$4))-ROW(DATABASE!$AV$14)+1,K$5+3)),"")} | ... BJ10: {=IFERROR(_xlfn.SINGLE(INDEX(DATABASE!$AV$14:$BC$968,SUMPRODUCT((ROW(DATABASE!$AV$14:$AV$968)) * (DATABASE!$AV$14:DC$968='Résultats Projection'!$A10 ) * (DATABASE!$AW$14:$AW$968= BJ$4))-ROW(DATABASE!$AV$14)+1,BJ$5+3)),"")}
A11: 45540 | B11: =A11-A$10 | C11: {=IFERROR(_xlfn.SINGLE(INDEX(DATABASE!$AV$14:$BC$968,SUMPRODUCT((ROW(DATABASE!$AV$14:$AV$968)) * (DATABASE!AV$14:$AV$968='Résultats Projection'!$A11 ) * (DATABASE!$AW$14:$AW$968= C$4))-ROW(DATABASE!$AV$14)+1,C$5+3)),"")} | D11: {=IFERROR(_xlfn.SINGLE(INDEX(DATABASE!$AV$14:$BC$968,SUMPRODUCT((ROW(DATABASE!$AV$14:$AV$968)) * (DATABASE!$AV$14:AW$968='Résultats Projection'!$A11 ) * (DATABASE!$AW$14:$AW$968= D$4))-ROW(DATABASE!$AV$14)+1,D$5+3)),"")} | E11: {=IFERROR(_xlfn.SINGLE(INDEX(DATABASE!$AV$14:$BC$968,SUMPRODUCT((ROW(DATABASE!$AV$14:$AV$968)) * (DATABASE!$AV$14:AX$968='Résultats Projection'!$A11 ) * (DATABASE!$AW$14:$AW$968= E$4))-ROW(DATABASE!$AV$14)+1,E$5+3)),"")} | F11: {=IFERROR(_xlfn.SINGLE(INDEX(DATABASE!$AV$14:$BC$968,SUMPRODUCT((ROW(DATABASE!$AV$14:$AV$968)) * (DATABASE!$AV$14:AY$968='Résultats Projection'!$A11 ) * (DATABASE!$AW$14:$AW$968= F$4))-ROW(DATABASE!$AV$14)+1,F$5+3)),"")} | G11: {=IFERROR(_xlfn.SINGLE(INDEX(DATABASE!$AV$14:$BC$968,SUMPRODUCT((ROW(DATABASE!$AV$14:$AV$968)) * (DATABASE!$AV$14:AZ$968='Résultats Projection'!$A11 ) * (DATABASE!$AW$14:$AW$968= G$4))-ROW(DATABASE!$AV$14)+1,G$5+3)),"")} | H11: {=IFERROR(_xlfn.SINGLE(INDEX(DATABASE!$AV$14:$BC$968,SUMPRODUCT((ROW(DATABASE!$AV$14:$AV$968)) * (DATABASE!$AV$14:BA$968='Résultats Projection'!$A11 ) * (DATABASE!$AW$14:$AW$968= H$4))-ROW(DATABASE!$AV$14)+1,H$5+3)),"")} | I11: {=IFERROR(_xlfn.SINGLE(INDEX(DATABASE!$AV$14:$BC$968,SUMPRODUCT((ROW(DATABASE!$AV$14:$AV$968)) * (DATABASE!$AV$14:BB$968='Résultats Projection'!$A11 ) * (DATABASE!$AW$14:$AW$968= I$4))-ROW(DATABASE!$AV$14)+1,I$5+3)),"")} | J11: {=IFERROR(_xlfn.SINGLE(INDEX(DATABASE!$AV$14:$BC$968,SUMPRODUCT((ROW(DATABASE!$AV$14:$AV$968)) * (DATABASE!$AV$14:BC$968='Résultats Projection'!$A11 ) * (DATABASE!$AW$14:$AW$968= J$4))-ROW(DATABASE!$AV$14)+1,J$5+3)),"")} | K11: {=IFERROR(_xlfn.SINGLE(INDEX(DATABASE!$AV$14:$BC$968,SUMPRODUCT((ROW(DATABASE!$AV$14:$AV$968)) * (DATABASE!$AV$14:BD$968='Résultats Projection'!$A11 ) * (DATABASE!$AW$14:$AW$968= K$4))-ROW(DATABASE!$AV$14)+1,K$5+3)),"")} | ... BJ11: {=IFERROR(_xlfn.SINGLE(INDEX(DATABASE!$AV$14:$BC$968,SUMPRODUCT((ROW(DATABASE!$AV$14:$AV$968)) * (DATABASE!$AV$14:DC$968='Résultats Projection'!$A11 ) * (DATABASE!$AW$14:$AW$968= BJ$4))-ROW(DATABASE!$AV$14)+1,BJ$5+3)),"")}
A12: 45544 | B12: =A12-A$10 | C12: {=IFERROR(_xlfn.SINGLE(INDEX(DATABASE!$AV$14:$BC$968,SUMPRODUCT((ROW(DATABASE!$AV$14:$AV$968)) * (DATABASE!AV$14:$AV$968='Résultats Projection'!$A12 ) * (DATABASE!$AW$14:$AW$968= C$4))-ROW(DATABASE!$AV$14)+1,C$5+3)),"")} | D12: {=IFERROR(_xlfn.SINGLE(INDEX(DATABASE!$AV$14:$BC$968,SUMPRODUCT((ROW(DATABASE!$AV$14:$AV$968)) * (DATABASE!$AV$14:AW$968='Résultats Projection'!$A12 ) * (DATABASE!$AW$14:$AW$968= D$4))-ROW(DATABASE!$AV$14)+1,D$5+3)),"")} | E12: {=IFERROR(_xlfn.SINGLE(INDEX(DATABASE!$AV$14:$BC$968,SUMPRODUCT((ROW(DATABASE!$AV$14:$AV$968)) * (DATABASE!$AV$14:AX$968='Résultats Projection'!$A12 ) * (DATABASE!$AW$14:$AW$968= E$4))-ROW(DATABASE!$AV$14)+1,E$5+3)),"")} | F12: {=IFERROR(_xlfn.SINGLE(INDEX(DATABASE!$AV$14:$BC$968,SUMPRODUCT((ROW(DATABASE!$AV$14:$AV$968)) * (DATABASE!$AV$14:AY$968='Résultats Projection'!$A12 ) * (DATABASE!$AW$14:$AW$968= F$4))-ROW(DATABASE!$AV$14)+1,F$5+3)),"")} | G12: {=IFERROR(_xlfn.SINGLE(INDEX(DATABASE!$AV$14:$BC$968,SUMPRODUCT((ROW(DATABASE!$AV$14:$AV$968)) * (DATABASE!$AV$14:AZ$968='Résultats Projection'!$A12 ) * (DATABASE!$AW$14:$AW$968= G$4))-ROW(DATABASE!$AV$14)+1,G$5+3)),"")} | H12: {=IFERROR(_xlfn.SINGLE(INDEX(DATABASE!$AV$14:$BC$968,SUMPRODUCT((ROW(DATABASE!$AV$14:$AV$968)) * (DATABASE!$AV$14:BA$968='Résultats Projection'!$A12 ) * (DATABASE!$AW$14:$AW$968= H$4))-ROW(DATABASE!$AV$14)+1,H$5+3)),"")} | I12: {=IFERROR(_xlfn.SINGLE(INDEX(DATABASE!$AV$14:$BC$968,SUMPRODUCT((ROW(DATABASE!$AV$14:$AV$968)) * (DATABASE!$AV$14:BB$968='Résultats Projection'!$A12 ) * (DATABASE!$AW$14:$AW$968= I$4))-ROW(DATABASE!$AV$14)+1,I$5+3)),"")} | J12: {=IFERROR(_xlfn.SINGLE(INDEX(DATABASE!$AV$14:$BC$968,SUMPRODUCT((ROW(DATABASE!$AV$14:$AV$968)) * (DATABASE!$AV$14:BC$968='Résultats Projection'!$A12 ) * (DATABASE!$AW$14:$AW$968= J$4))-ROW(DATABASE!$AV$14)+1,J$5+3)),"")} | K12: {=IFERROR(_xlfn.SINGLE(INDEX(DATABASE!$AV$14:$BC$968,SUMPRODUCT((ROW(DATABASE!$AV$14:$AV$968)) * (DATABASE!$AV$14:BD$968='Résultats Projection'!$A12 ) * (DATABASE!$AW$14:$AW$968= K$4))-ROW(DATABASE!$AV$14)+1,K$5+3)),"")} | ... BJ12: {=IFERROR(_xlfn.SINGLE(INDEX(DATABASE!$AV$14:$BC$968,SUMPRODUCT((ROW(DATABASE!$AV$14:$AV$968)) * (DATABASE!$AV$14:DC$968='Résultats Projection'!$A12 ) * (DATABASE!$AW$14:$AW$968= BJ$4))-ROW(DATABASE!$AV$14)+1,BJ$5+3)),"")}
A13: 45548 | B13: =A13-A$10 | C13: {=IFERROR(_xlfn.SINGLE(INDEX(DATABASE!$AV$14:$BC$968,SUMPRODUCT((ROW(DATABASE!$AV$14:$AV$968)) * (DATABASE!AV$14:$AV$968='Résultats Projection'!$A13 ) * (DATABASE!$AW$14:$AW$968= C$4))-ROW(DATABASE!$AV$14)+1,C$5+3)),"")} | D13: {=IFERROR(_xlfn.SINGLE(INDEX(DATABASE!$AV$14:$BC$968,SUMPRODUCT((ROW(DATABASE!$AV$14:$AV$968)) * (DATABASE!$AV$14:AW$968='Résultats Projection'!$A13 ) * (DATABASE!$AW$14:$AW$968= D$4))-ROW(DATABASE!$AV$14)+1,D$5+3)),"")} | E13: {=IFERROR(_xlfn.SINGLE(INDEX(DATABASE!$AV$14:$BC$968,SUMPRODUCT((ROW(DATABASE!$AV$14:$AV$968)) * (DATABASE!$AV$14:AX$968='Résultats Projection'!$A13 ) * (DATABASE!$AW$14:$AW$968= E$4))-ROW(DATABASE!$AV$14)+1,E$5+3)),"")} | F13: {=IFERROR(_xlfn.SINGLE(INDEX(DATABASE!$AV$14:$BC$968,SUMPRODUCT((ROW(DATABASE!$AV$14:$AV$968)) * (DATABASE!$AV$14:AY$968='Résultats Projection'!$A13 ) * (DATABASE!$AW$14:$AW$968= F$4))-ROW(DATABASE!$AV$14)+1,F$5+3)),"")} | G13: {=IFERROR(_xlfn.SINGLE(INDEX(DATABASE!$AV$14:$BC$968,SUMPRODUCT((ROW(DATABASE!$AV$14:$AV$968)) * (DATABASE!$AV$14:AZ$968='Résultats Projection'!$A13 ) * (DATABASE!$AW$14:$AW$968= G$4))-ROW(DATABASE!$AV$14)+1,G$5+3)),"")} | H13: {=IFERROR(_xlfn.SINGLE(INDEX(DATABASE!$AV$14:$BC$968,SUMPRODUCT((ROW(DATABASE!$AV$14:$AV$968)) * (DATABASE!$AV$14:BA$968='Résultats Projection'!$A13 ) * (DATABASE!$AW$14:$AW$968= H$4))-ROW(DATABASE!$AV$14)+1,H$5+3)),"")} | I13: {=IFERROR(_xlfn.SINGLE(INDEX(DATABASE!$AV$14:$BC$968,SUMPRODUCT((ROW(DATABASE!$AV$14:$AV$968)) * (DATABASE!$AV$14:BB$968='Résultats Projection'!$A13 ) * (DATABASE!$AW$14:$AW$968= I$4))-ROW(DATABASE!$AV$14)+1,I$5+3)),"")} | J13: {=IFERROR(_xlfn.SINGLE(INDEX(DATABASE!$AV$14:$BC$968,SUMPRODUCT((ROW(DATABASE!$AV$14:$AV$968)) * (DATABASE!$AV$14:BC$968='Résultats Projection'!$A13 ) * (DATABASE!$AW$14:$AW$968= J$4))-ROW(DATABASE!$AV$14)+1,J$5+3)),"")} | K13: {=IFERROR(_xlfn.SINGLE(INDEX(DATABASE!$AV$14:$BC$968,SUMPRODUCT((ROW(DATABASE!$AV$14:$AV$968)) * (DATABASE!$AV$14:BD$968='Résultats Projection'!$A13 ) * (DATABASE!$AW$14:$AW$968= K$4))-ROW(DATABASE!$AV$14)+1,K$5+3)),"")} | ... BJ13: {=IFERROR(_xlfn.SINGLE(INDEX(DATABASE!$AV$14:$BC$968,SUMPRODUCT((ROW(DATABASE!$AV$14:$AV$968)) * (DATABASE!$AV$14:DC$968='Résultats Projection'!$A13 ) * (DATABASE!$AW$14:$AW$968= BJ$4))-ROW(DATABASE!$AV$14)+1,BJ$5+3)),"")}
A14: 45552 | B14: =A14-A$10 | C14: {=IFERROR(_xlfn.SINGLE(INDEX(DATABASE!$AV$14:$BC$968,SUMPRODUCT((ROW(DATABASE!$AV$14:$AV$968)) * (DATABASE!AV$14:$AV$968='Résultats Projection'!$A14 ) * (DATABASE!$AW$14:$AW$968= C$4))-ROW(DATABASE!$AV$14)+1,C$5+3)),"")} | D14: {=IFERROR(_xlfn.SINGLE(INDEX(DATABASE!$AV$14:$BC$968,SUMPRODUCT((ROW(DATABASE!$AV$14:$AV$968)) * (DATABASE!$AV$14:AW$968='Résultats Projection'!$A14 ) * (DATABASE!$AW$14:$AW$968= D$4))-ROW(DATABASE!$AV$14)+1,D$5+3)),"")} | E14: {=IFERROR(_xlfn.SINGLE(INDEX(DATABASE!$AV$14:$BC$968,SUMPRODUCT((ROW(DATABASE!$AV$14:$AV$968)) * (DATABASE!$AV$14:AX$968='Résultats Projection'!$A14 ) * (DATABASE!$AW$14:$AW$968= E$4))-ROW(DATABASE!$AV$14)+1,E$5+3)),"")} | F14: {=IFERROR(_xlfn.SINGLE(INDEX(DATABASE!$AV$14:$BC$968,SUMPRODUCT((ROW(DATABASE!$AV$14:$AV$968)) * (DATABASE!$AV$14:AY$968='Résultats Projection'!$A14 ) * (DATABASE!$AW$14:$AW$968= F$4))-ROW(DATABASE!$AV$14)+1,F$5+3)),"")} | G14: {=IFERROR(_xlfn.SINGLE(INDEX(DATABASE!$AV$14:$BC$968,SUMPRODUCT((ROW(DATABASE!$AV$14:$AV$968)) * (DATABASE!$AV$14:AZ$968='Résultats Projection'!$A14 ) * (DATABASE!$AW$14:$AW$968= G$4))-ROW(DATABASE!$AV$14)+1,G$5+3)),"")} | H14: {=IFERROR(_xlfn.SINGLE(INDEX(DATABASE!$AV$14:$BC$968,SUMPRODUCT((ROW(DATABASE!$AV$14:$AV$968)) * (DATABASE!$AV$14:BA$968='Résultats Projection'!$A14 ) * (DATABASE!$AW$14:$AW$968= H$4))-ROW(DATABASE!$AV$14)+1,H$5+3)),"")} | I14: {=IFERROR(_xlfn.SINGLE(INDEX(DATABASE!$AV$14:$BC$968,SUMPRODUCT((ROW(DATABASE!$AV$14:$AV$968)) * (DATABASE!$AV$14:BB$968='Résultats Projection'!$A14 ) * (DATABASE!$AW$14:$AW$968= I$4))-ROW(DATABASE!$AV$14)+1,I$5+3)),"")} | J14: {=IFERROR(_xlfn.SINGLE(INDEX(DATABASE!$AV$14:$BC$968,SUMPRODUCT((ROW(DATABASE!$AV$14:$AV$968)) * (DATABASE!$AV$14:BC$968='Résultats Projection'!$A14 ) * (DATABASE!$AW$14:$AW$968= J$4))-ROW(DATABASE!$AV$14)+1,J$5+3)),"")} | K14: {=IFERROR(_xlfn.SINGLE(INDEX(DATABASE!$AV$14:$BC$968,SUMPRODUCT((ROW(DATABASE!$AV$14:$AV$968)) * (DATABASE!$AV$14:BD$968='Résultats Projection'!$A14 ) * (DATABASE!$AW$14:$AW$968= K$4))-ROW(DATABASE!$AV$14)+1,K$5+3)),"")} | ... BJ14: {=IFERROR(_xlfn.SINGLE(INDEX(DATABASE!$AV$14:$BC$968,SUMPRODUCT((ROW(DATABASE!$AV$14:$AV$968)) * (DATABASE!$AV$14:DC$968='Résultats Projection'!$A14 ) * (DATABASE!$AW$14:$AW$968= BJ$4))-ROW(DATABASE!$AV$14)+1,BJ$5+3)),"")}
A15: 45553 | B15: =A15-A$10 | C15: {=IFERROR(_xlfn.SINGLE(INDEX(DATABASE!$AV$14:$BC$968,SUMPRODUCT((ROW(DATABASE!$AV$14:$AV$968)) * (DATABASE!AV$14:$AV$968='Résultats Projection'!$A15 ) * (DATABASE!$AW$14:$AW$968= C$4))-ROW(DATABASE!$AV$14)+1,C$5+3)),"")} | D15: {=IFERROR(_xlfn.SINGLE(INDEX(DATABASE!$AV$14:$BC$968,SUMPRODUCT((ROW(DATABASE!$AV$14:$AV$968)) * (DATABASE!$AV$14:AW$968='Résultats Projection'!$A15 ) * (DATABASE!$AW$14:$AW$968= D$4))-ROW(DATABASE!$AV$14)+1,D$5+3)),"")} | E15: {=IFERROR(_xlfn.SINGLE(INDEX(DATABASE!$AV$14:$BC$968,SUMPRODUCT((ROW(DATABASE!$AV$14:$AV$968)) * (DATABASE!$AV$14:AX$968='Résultats Projection'!$A15 ) * (DATABASE!$AW$14:$AW$968= E$4))-ROW(DATABASE!$AV$14)+1,E$5+3)),"")} | F15: {=IFERROR(_xlfn.SINGLE(INDEX(DATABASE!$AV$14:$BC$968,SUMPRODUCT((ROW(DATABASE!$AV$14:$AV$968)) * (DATABASE!$AV$14:AY$968='Résultats Projection'!$A15 ) * (DATABASE!$AW$14:$AW$968= F$4))-ROW(DATABASE!$AV$14)+1,F$5+3)),"")} | G15: {=IFERROR(_xlfn.SINGLE(INDEX(DATABASE!$AV$14:$BC$968,SUMPRODUCT((ROW(DATABASE!$AV$14:$AV$968)) * (DATABASE!$AV$14:AZ$968='Résultats Projection'!$A15 ) * (DATABASE!$AW$14:$AW$968= G$4))-ROW(DATABASE!$AV$14)+1,G$5+3)),"")} | H15: {=IFERROR(_xlfn.SINGLE(INDEX(DATABASE!$AV$14:$BC$968,SUMPRODUCT((ROW(DATABASE!$AV$14:$AV$968)) * (DATABASE!$AV$14:BA$968='Résultats Projection'!$A15 ) * (DATABASE!$AW$14:$AW$968= H$4))-ROW(DATABASE!$AV$14)+1,H$5+3)),"")} | I15: {=IFERROR(_xlfn.SINGLE(INDEX(DATABASE!$AV$14:$BC$968,SUMPRODUCT((ROW(DATABASE!$AV$14:$AV$968)) * (DATABASE!$AV$14:BB$968='Résultats Projection'!$A15 ) * (DATABASE!$AW$14:$AW$968= I$4))-ROW(DATABASE!$AV$14)+1,I$5+3)),"")} | J15: {=IFERROR(_xlfn.SINGLE(INDEX(DATABASE!$AV$14:$BC$968,SUMPRODUCT((ROW(DATABASE!$AV$14:$AV$968)) * (DATABASE!$AV$14:BC$968='Résultats Projection'!$A15 ) * (DATABASE!$AW$14:$AW$968= J$4))-ROW(DATABASE!$AV$14)+1,J$5+3)),"")} | K15: {=IFERROR(_xlfn.SINGLE(INDEX(DATABASE!$AV$14:$BC$968,SUMPRODUCT((ROW(DATABASE!$AV$14:$AV$968)) * (DATABASE!$AV$14:BD$968='Résultats Projection'!$A15 ) * (DATABASE!$AW$14:$AW$968= K$4))-ROW(DATABASE!$AV$14)+1,K$5+3)),"")} | ... BJ15: {=IFERROR(_xlfn.SINGLE(INDEX(DATABASE!$AV$14:$BC$968,SUMPRODUCT((ROW(DATABASE!$AV$14:$AV$968)) * (DATABASE!$AV$14:DC$968='Résultats Projection'!$A15 ) * (DATABASE!$AW$14:$AW$968= BJ$4))-ROW(DATABASE!$AV$14)+1,BJ$5+3)),"")}
A16: 45554 | B16: =A16-A$10 | C16: {=IFERROR(_xlfn.SINGLE(INDEX(DATABASE!$AV$14:$BC$968,SUMPRODUCT((ROW(DATABASE!$AV$14:$AV$968)) * (DATABASE!AV$14:$AV$968='Résultats Projection'!$A16 ) * (DATABASE!$AW$14:$AW$968= C$4))-ROW(DATABASE!$AV$14)+1,C$5+3)),"")} | D16: {=IFERROR(_xlfn.SINGLE(INDEX(DATABASE!$AV$14:$BC$968,SUMPRODUCT((ROW(DATABASE!$AV$14:$AV$968)) * (DATABASE!$AV$14:AW$968='Résultats Projection'!$A16 ) * (DATABASE!$AW$14:$AW$968= D$4))-ROW(DATABASE!$AV$14)+1,D$5+3)),"")} | E16: {=IFERROR(_xlfn.SINGLE(INDEX(DATABASE!$AV$14:$BC$968,SUMPRODUCT((ROW(DATABASE!$AV$14:$AV$968)) * (DATABASE!$AV$14:AX$968='Résultats Projection'!$A16 ) * (DATABASE!$AW$14:$AW$968= E$4))-ROW(DATABASE!$AV$14)+1,E$5+3)),"")} | F16: {=IFERROR(_xlfn.SINGLE(INDEX(DATABASE!$AV$14:$BC$968,SUMPRODUCT((ROW(DATABASE!$AV$14:$AV$968)) * (DATABASE!$AV$14:AY$968='Résultats Projection'!$A16 ) * (DATABASE!$AW$14:$AW$968= F$4))-ROW(DATABASE!$AV$14)+1,F$5+3)),"")} | G16: {=IFERROR(_xlfn.SINGLE(INDEX(DATABASE!$AV$14:$BC$968,SUMPRODUCT((ROW(DATABASE!$AV$14:$AV$968)) * (DATABASE!$AV$14:AZ$968='Résultats Projection'!$A16 ) * (DATABASE!$AW$14:$AW$968= G$4))-ROW(DATABASE!$AV$14)+1,G$5+3)),"")} | H16: {=IFERROR(_xlfn.SINGLE(INDEX(DATABASE!$AV$14:$BC$968,SUMPRODUCT((ROW(DATABASE!$AV$14:$AV$968)) * (DATABASE!$AV$14:BA$968='Résultats Projection'!$A16 ) * (DATABASE!$AW$14:$AW$968= H$4))-ROW(DATABASE!$AV$14)+1,H$5+3)),"")} | I16: {=IFERROR(_xlfn.SINGLE(INDEX(DATABASE!$AV$14:$BC$968,SUMPRODUCT((ROW(DATABASE!$AV$14:$AV$968)) * (DATABASE!$AV$14:BB$968='Résultats Projection'!$A16 ) * (DATABASE!$AW$14:$AW$968= I$4))-ROW(DATABASE!$AV$14)+1,I$5+3)),"")} | J16: {=IFERROR(_xlfn.SINGLE(INDEX(DATABASE!$AV$14:$BC$968,SUMPRODUCT((ROW(DATABASE!$AV$14:$AV$968)) * (DATABASE!$AV$14:BC$968='Résultats Projection'!$A16 ) * (DATABASE!$AW$14:$AW$968= J$4))-ROW(DATABASE!$AV$14)+1,J$5+3)),"")} | K16: {=IFERROR(_xlfn.SINGLE(INDEX(DATABASE!$AV$14:$BC$968,SUMPRODUCT((ROW(DATABASE!$AV$14:$AV$968)) * (DATABASE!$AV$14:BD$968='Résultats Projection'!$A16 ) * (DATABASE!$AW$14:$AW$968= K$4))-ROW(DATABASE!$AV$14)+1,K$5+3)),"")} | ... BJ16: {=IFERROR(_xlfn.SINGLE(INDEX(DATABASE!$AV$14:$BC$968,SUMPRODUCT((ROW(DATABASE!$AV$14:$AV$968)) * (DATABASE!$AV$14:DC$968='Résultats Projection'!$A16 ) * (DATABASE!$AW$14:$AW$968= BJ$4))-ROW(DATABASE!$AV$14)+1,BJ$5+3)),"")}
A17: 45557 | B17: =A17-A$10 | C17: {=IFERROR(_xlfn.SINGLE(INDEX(DATABASE!$AV$14:$BC$968,SUMPRODUCT((ROW(DATABASE!$AV$14:$AV$968)) * (DATABASE!AV$14:$AV$968='Résultats Projection'!$A17 ) * (DATABASE!$AW$14:$AW$968= C$4))-ROW(DATABASE!$AV$14)+1,C$5+3)),"")} | D17: {=IFERROR(_xlfn.SINGLE(INDEX(DATABASE!$AV$14:$BC$968,SUMPRODUCT((ROW(DATABASE!$AV$14:$AV$968)) * (DATABASE!$AV$14:AW$968='Résultats Projection'!$A17 ) * (DATABASE!$AW$14:$AW$968= D$4))-ROW(DATABASE!$AV$14)+1,D$5+3)),"")} | E17: {=IFERROR(_xlfn.SINGLE(INDEX(DATABASE!$AV$14:$BC$968,SUMPRODUCT((ROW(DATABASE!$AV$14:$AV$968)) * (DATABASE!$AV$14:AX$968='Résultats Projection'!$A17 ) * (DATABASE!$AW$14:$AW$968= E$4))-ROW(DATABASE!$AV$14)+1,E$5+3)),"")} | F17: {=IFERROR(_xlfn.SINGLE(INDEX(DATABASE!$AV$14:$BC$968,SUMPRODUCT((ROW(DATABASE!$AV$14:$AV$968)) * (DATABASE!$AV$14:AY$968='Résultats Projection'!$A17 ) * (DATABASE!$AW$14:$AW$968= F$4))-ROW(DATABASE!$AV$14)+1,F$5+3)),"")} | G17: {=IFERROR(_xlfn.SINGLE(INDEX(DATABASE!$AV$14:$BC$968,SUMPRODUCT((ROW(DATABASE!$AV$14:$AV$968)) * (DATABASE!$AV$14:AZ$968='Résultats Projection'!$A17 ) * (DATABASE!$AW$14:$AW$968= G$4))-ROW(DATABASE!$AV$14)+1,G$5+3)),"")} | H17: {=IFERROR(_xlfn.SINGLE(INDEX(DATABASE!$AV$14:$BC$968,SUMPRODUCT((ROW(DATABASE!$AV$14:$AV$968)) * (DATABASE!$AV$14:BA$968='Résultats Projection'!$A17 ) * (DATABASE!$AW$14:$AW$968= H$4))-ROW(DATABASE!$AV$14)+1,H$5+3)),"")} | I17: {=IFERROR(_xlfn.SINGLE(INDEX(DATABASE!$AV$14:$BC$968,SUMPRODUCT((ROW(DATABASE!$AV$14:$AV$968)) * (DATABASE!$AV$14:BB$968='Résultats Projection'!$A17 ) * (DATABASE!$AW$14:$AW$968= I$4))-ROW(DATABASE!$AV$14)+1,I$5+3)),"")} | J17: {=IFERROR(_xlfn.SINGLE(INDEX(DATABASE!$AV$14:$BC$968,SUMPRODUCT((ROW(DATABASE!$AV$14:$AV$968)) * (DATABASE!$AV$14:BC$968='Résultats Projection'!$A17 ) * (DATABASE!$AW$14:$AW$968= J$4))-ROW(DATABASE!$AV$14)+1,J$5+3)),"")} | K17: {=IFERROR(_xlfn.SINGLE(INDEX(DATABASE!$AV$14:$BC$968,SUMPRODUCT((ROW(DATABASE!$AV$14:$AV$968)) * (DATABASE!$AV$14:BD$968='Résultats Projection'!$A17 ) * (DATABASE!$AW$14:$AW$968= K$4))-ROW(DATABASE!$AV$14)+1,K$5+3)),"")} | ... BJ17: {=IFERROR(_xlfn.SINGLE(INDEX(DATABASE!$AV$14:$BC$968,SUMPRODUCT((ROW(DATABASE!$AV$14:$AV$968)) * (DATABASE!$AV$14:DC$968='Résultats Projection'!$A17 ) * (DATABASE!$AW$14:$AW$968= BJ$4))-ROW(DATABASE!$AV$14)+1,BJ$5+3)),"")}
A18: 45558 | B18: =A18-A$10 | C18: {=IFERROR(_xlfn.SINGLE(INDEX(DATABASE!$AV$14:$BC$968,SUMPRODUCT((ROW(DATABASE!$AV$14:$AV$968)) * (DATABASE!AV$14:$AV$968='Résultats Projection'!$A18 ) * (DATABASE!$AW$14:$AW$968= C$4))-ROW(DATABASE!$AV$14)+1,C$5+3)),"")} | D18: {=IFERROR(_xlfn.SINGLE(INDEX(DATABASE!$AV$14:$BC$968,SUMPRODUCT((ROW(DATABASE!$AV$14:$AV$968)) * (DATABASE!$AV$14:AW$968='Résultats Projection'!$A18 ) * (DATABASE!$AW$14:$AW$968= D$4))-ROW(DATABASE!$AV$14)+1,D$5+3)),"")} | E18: {=IFERROR(_xlfn.SINGLE(INDEX(DATABASE!$AV$14:$BC$968,SUMPRODUCT((ROW(DATABASE!$AV$14:$AV$968)) * (DATABASE!$AV$14:AX$968='Résultats Projection'!$A18 ) * (DATABASE!$AW$14:$AW$968= E$4))-ROW(DATABASE!$AV$14)+1,E$5+3)),"")} | F18: {=IFERROR(_xlfn.SINGLE(INDEX(DATABASE!$AV$14:$BC$968,SUMPRODUCT((ROW(DATABASE!$AV$14:$AV$968)) * (DATABASE!$AV$14:AY$968='Résultats Projection'!$A18 ) * (DATABASE!$AW$14:$AW$968= F$4))-ROW(DATABASE!$AV$14)+1,F$5+3)),"")} | G18: {=IFERROR(_xlfn.SINGLE(INDEX(DATABASE!$AV$14:$BC$968,SUMPRODUCT((ROW(DATABASE!$AV$14:$AV$968)) * (DATABASE!$AV$14:AZ$968='Résultats Projection'!$A18 ) * (DATABASE!$AW$14:$AW$968= G$4))-ROW(DATABASE!$AV$14)+1,G$5+3)),"")} | H18: {=IFERROR(_xlfn.SINGLE(INDEX(DATABASE!$AV$14:$BC$968,SUMPRODUCT((ROW(DATABASE!$AV$14:$AV$968)) * (DATABASE!$AV$14:BA$968='Résultats Projection'!$A18 ) * (DATABASE!$AW$14:$AW$968= H$4))-ROW(DATABASE!$AV$14)+1,H$5+3)),"")} | I18: {=IFERROR(_xlfn.SINGLE(INDEX(DATABASE!$AV$14:$BC$968,SUMPRODUCT((ROW(DATABASE!$AV$14:$AV$968)) * (DATABASE!$AV$14:BB$968='Résultats Projection'!$A18 ) * (DATABASE!$AW$14:$AW$968= I$4))-ROW(DATABASE!$AV$14)+1,I$5+3)),"")} | J18: {=IFERROR(_xlfn.SINGLE(INDEX(DATABASE!$AV$14:$BC$968,SUMPRODUCT((ROW(DATABASE!$AV$14:$AV$968)) * (DATABASE!$AV$14:BC$968='Résultats Projection'!$A18 ) * (DATABASE!$AW$14:$AW$968= J$4))-ROW(DATABASE!$AV$14)+1,J$5+3)),"")} | K18: {=IFERROR(_xlfn.SINGLE(INDEX(DATABASE!$AV$14:$BC$968,SUMPRODUCT((ROW(DATABASE!$AV$14:$AV$968)) * (DATABASE!$AV$14:BD$968='Résultats Projection'!$A18 ) * (DATABASE!$AW$14:$AW$968= K$4))-ROW(DATABASE!$AV$14)+1,K$5+3)),"")} | ... BJ18: {=IFERROR(_xlfn.SINGLE(INDEX(DATABASE!$AV$14:$BC$968,SUMPRODUCT((ROW(DATABASE!$AV$14:$AV$968)) * (DATABASE!$AV$14:DC$968='Résultats Projection'!$A18 ) * (DATABASE!$AW$14:$AW$968= BJ$4))-ROW(DATABASE!$AV$14)+1,BJ$5+3)),"")}
A19: 45559 | B19: =A19-A$10 | C19: {=IFERROR(_xlfn.SINGLE(INDEX(DATABASE!$AV$14:$BC$968,SUMPRODUCT((ROW(DATABASE!$AV$14:$AV$968)) * (DATABASE!AV$14:$AV$968='Résultats Projection'!$A19 ) * (DATABASE!$AW$14:$AW$968= C$4))-ROW(DATABASE!$AV$14)+1,C$5+3)),"")} | D19: {=IFERROR(_xlfn.SINGLE(INDEX(DATABASE!$AV$14:$BC$968,SUMPRODUCT((ROW(DATABASE!$AV$14:$AV$968)) * (DATABASE!$AV$14:AW$968='Résultats Projection'!$A19 ) * (DATABASE!$AW$14:$AW$968= D$4))-ROW(DATABASE!$AV$14)+1,D$5+3)),"")} | E19: {=IFERROR(_xlfn.SINGLE(INDEX(DATABASE!$AV$14:$BC$968,SUMPRODUCT((ROW(DATABASE!$AV$14:$AV$968)) * (DATABASE!$AV$14:AX$968='Résultats Projection'!$A19 ) * (DATABASE!$AW$14:$AW$968= E$4))-ROW(DATABASE!$AV$14)+1,E$5+3)),"")} | F19: {=IFERROR(_xlfn.SINGLE(INDEX(DATABASE!$AV$14:$BC$968,SUMPRODUCT((ROW(DATABASE!$AV$14:$AV$968)) * (DATABASE!$AV$14:AY$968='Résultats Projection'!$A19 ) * (DATABASE!$AW$14:$AW$968= F$4))-ROW(DATABASE!$AV$14)+1,F$5+3)),"")} | G19: {=IFERROR(_xlfn.SINGLE(INDEX(DATABASE!$AV$14:$BC$968,SUMPRODUCT((ROW(DATABASE!$AV$14:$AV$968)) * (DATABASE!$AV$14:AZ$968='Résultats Projection'!$A19 ) * (DATABASE!$AW$14:$AW$968= G$4))-ROW(DATABASE!$AV$14)+1,G$5+3)),"")} | H19: {=IFERROR(_xlfn.SINGLE(INDEX(DATABASE!$AV$14:$BC$968,SUMPRODUCT((ROW(DATABASE!$AV$14:$AV$968)) * (DATABASE!$AV$14:BA$968='Résultats Projection'!$A19 ) * (DATABASE!$AW$14:$AW$968= H$4))-ROW(DATABASE!$AV$14)+1,H$5+3)),"")} | I19: {=IFERROR(_xlfn.SINGLE(INDEX(DATABASE!$AV$14:$BC$968,SUMPRODUCT((ROW(DATABASE!$AV$14:$AV$968)) * (DATABASE!$AV$14:BB$968='Résultats Projection'!$A19 ) * (DATABASE!$AW$14:$AW$968= I$4))-ROW(DATABASE!$AV$14)+1,I$5+3)),"")} | J19: {=IFERROR(_xlfn.SINGLE(INDEX(DATABASE!$AV$14:$BC$968,SUMPRODUCT((ROW(DATABASE!$AV$14:$AV$968)) * (DATABASE!$AV$14:BC$968='Résultats Projection'!$A19 ) * (DATABASE!$AW$14:$AW$968= J$4))-ROW(DATABASE!$AV$14)+1,J$5+3)),"")} | K19: {=IFERROR(_xlfn.SINGLE(INDEX(DATABASE!$AV$14:$BC$968,SUMPRODUCT((ROW(DATABASE!$AV$14:$AV$968)) * (DATABASE!$AV$14:BD$968='Résultats Projection'!$A19 ) * (DATABASE!$AW$14:$AW$968= K$4))-ROW(DATABASE!$AV$14)+1,K$5+3)),"")} | ... BJ19: {=IFERROR(_xlfn.SINGLE(INDEX(DATABASE!$AV$14:$BC$968,SUMPRODUCT((ROW(DATABASE!$AV$14:$AV$968)) * (DATABASE!$AV$14:DC$968='Résultats Projection'!$A19 ) * (DATABASE!$AW$14:$AW$968= BJ$4))-ROW(DATABASE!$AV$14)+1,BJ$5+3)),"")}
A20: 45560 | B20: =A20-A$10 | C20: {=IFERROR(_xlfn.SINGLE(INDEX(DATABASE!$AV$14:$BC$968,SUMPRODUCT((ROW(DATABASE!$AV$14:$AV$968)) * (DATABASE!AV$14:$AV$968='Résultats Projection'!$A20 ) * (DATABASE!$AW$14:$AW$968= C$4))-ROW(DATABASE!$AV$14)+1,C$5+3)),"")} | D20: {=IFERROR(_xlfn.SINGLE(INDEX(DATABASE!$AV$14:$BC$968,SUMPRODUCT((ROW(DATABASE!$AV$14:$AV$968)) * (DATABASE!$AV$14:AW$968='Résultats Projection'!$A20 ) * (DATABASE!$AW$14:$AW$968= D$4))-ROW(DATABASE!$AV$14)+1,D$5+3)),"")} | E20: {=IFERROR(_xlfn.SINGLE(INDEX(DATABASE!$AV$14:$BC$968,SUMPRODUCT((ROW(DATABASE!$AV$14:$AV$968)) * (DATABASE!$AV$14:AX$968='Résultats Projection'!$A20 ) * (DATABASE!$AW$14:$AW$968= E$4))-ROW(DATABASE!$AV$14)+1,E$5+3)),"")} | F20: {=IFERROR(_xlfn.SINGLE(INDEX(DATABASE!$AV$14:$BC$968,SUMPRODUCT((ROW(DATABASE!$AV$14:$AV$968)) * (DATABASE!$AV$14:AY$968='Résultats Projection'!$A20 ) * (DATABASE!$AW$14:$AW$968= F$4))-ROW(DATABASE!$AV$14)+1,F$5+3)),"")} | G20: {=IFERROR(_xlfn.SINGLE(INDEX(DATABASE!$AV$14:$BC$968,SUMPRODUCT((ROW(DATABASE!$AV$14:$AV$968)) * (DATABASE!$AV$14:AZ$968='Résultats Projection'!$A20 ) * (DATABASE!$AW$14:$AW$968= G$4))-ROW(DATABASE!$AV$14)+1,G$5+3)),"")} | H20: {=IFERROR(_xlfn.SINGLE(INDEX(DATABASE!$AV$14:$BC$968,SUMPRODUCT((ROW(DATABASE!$AV$14:$AV$968)) * (DATABASE!$AV$14:BA$968='Résultats Projection'!$A20 ) * (DATABASE!$AW$14:$AW$968= H$4))-ROW(DATABASE!$AV$14)+1,H$5+3)),"")} | I20: {=IFERROR(_xlfn.SINGLE(INDEX(DATABASE!$AV$14:$BC$968,SUMPRODUCT((ROW(DATABASE!$AV$14:$AV$968)) * (DATABASE!$AV$14:BB$968='Résultats Projection'!$A20 ) * (DATABASE!$AW$14:$AW$968= I$4))-ROW(DATABASE!$AV$14)+1,I$5+3)),"")} | J20: {=IFERROR(_xlfn.SINGLE(INDEX(DATABASE!$AV$14:$BC$968,SUMPRODUCT((ROW(DATABASE!$AV$14:$AV$968)) * (DATABASE!$AV$14:BC$968='Résultats Projection'!$A20 ) * (DATABASE!$AW$14:$AW$968= J$4))-ROW(DATABASE!$AV$14)+1,J$5+3)),"")} | K20: {=IFERROR(_xlfn.SINGLE(INDEX(DATABASE!$AV$14:$BC$968,SUMPRODUCT((ROW(DATABASE!$AV$14:$AV$968)) * (DATABASE!$AV$14:BD$968='Résultats Projection'!$A20 ) * (DATABASE!$AW$14:$AW$968= K$4))-ROW(DATABASE!$AV$14)+1,K$5+3)),"")} | ... BJ20: {=IFERROR(_xlfn.SINGLE(INDEX(DATABASE!$AV$14:$BC$968,SUMPRODUCT((ROW(DATABASE!$AV$14:$AV$968)) * (DATABASE!$AV$14:DC$968='Résultats Projection'!$A20 ) * (DATABASE!$AW$14:$AW$968= BJ$4))-ROW(DATABASE!$AV$14)+1,BJ$5+3)),"")}
A21: 45562 | B21: =A21-A$10 | C21: {=IFERROR(_xlfn.SINGLE(INDEX(DATABASE!$AV$14:$BC$968,SUMPRODUCT((ROW(DATABASE!$AV$14:$AV$968)) * (DATABASE!AV$14:$AV$968='Résultats Projection'!$A21 ) * (DATABASE!$AW$14:$AW$968= C$4))-ROW(DATABASE!$AV$14)+1,C$5+3)),"")} | D21: {=IFERROR(_xlfn.SINGLE(INDEX(DATABASE!$AV$14:$BC$968,SUMPRODUCT((ROW(DATABASE!$AV$14:$AV$968)) * (DATABASE!$AV$14:AW$968='Résultats Projection'!$A21 ) * (DATABASE!$AW$14:$AW$968= D$4))-ROW(DATABASE!$AV$14)+1,D$5+3)),"")} | E21: {=IFERROR(_xlfn.SINGLE(INDEX(DATABASE!$AV$14:$BC$968,SUMPRODUCT((ROW(DATABASE!$AV$14:$AV$968)) * (DATABASE!$AV$14:AX$968='Résultats Projection'!$A21 ) * (DATABASE!$AW$14:$AW$968= E$4))-ROW(DATABASE!$AV$14)+1,E$5+3)),"")} | F21: {=IFERROR(_xlfn.SINGLE(INDEX(DATABASE!$AV$14:$BC$968,SUMPRODUCT((ROW(DATABASE!$AV$14:$AV$968)) * (DATABASE!$AV$14:AY$968='Résultats Projection'!$A21 ) * (DATABASE!$AW$14:$AW$968= F$4))-ROW(DATABASE!$AV$14)+1,F$5+3)),"")} | G21: {=IFERROR(_xlfn.SINGLE(INDEX(DATABASE!$AV$14:$BC$968,SUMPRODUCT((ROW(DATABASE!$AV$14:$AV$968)) * (DATABASE!$AV$14:AZ$968='Résultats Projection'!$A21 ) * (DATABASE!$AW$14:$AW$968= G$4))-ROW(DATABASE!$AV$14)+1,G$5+3)),"")} | H21: {=IFERROR(_xlfn.SINGLE(INDEX(DATABASE!$AV$14:$BC$968,SUMPRODUCT((ROW(DATABASE!$AV$14:$AV$968)) * (DATABASE!$AV$14:BA$968='Résultats Projection'!$A21 ) * (DATABASE!$AW$14:$AW$968= H$4))-ROW(DATABASE!$AV$14)+1,H$5+3)),"")} | I21: {=IFERROR(_xlfn.SINGLE(INDEX(DATABASE!$AV$14:$BC$968,SUMPRODUCT((ROW(DATABASE!$AV$14:$AV$968)) * (DATABASE!$AV$14:BB$968='Résultats Projection'!$A21 ) * (DATABASE!$AW$14:$AW$968= I$4))-ROW(DATABASE!$AV$14)+1,I$5+3)),"")} | J21: {=IFERROR(_xlfn.SINGLE(INDEX(DATABASE!$AV$14:$BC$968,SUMPRODUCT((ROW(DATABASE!$AV$14:$AV$968)) * (DATABASE!$AV$14:BC$968='Résultats Projection'!$A21 ) * (DATABASE!$AW$14:$AW$968= J$4))-ROW(DATABASE!$AV$14)+1,J$5+3)),"")} | K21: {=IFERROR(_xlfn.SINGLE(INDEX(DATABASE!$AV$14:$BC$968,SUMPRODUCT((ROW(DATABASE!$AV$14:$AV$968)) * (DATABASE!$AV$14:BD$968='Résultats Projection'!$A21 ) * (DATABASE!$AW$14:$AW$968= K$4))-ROW(DATABASE!$AV$14)+1,K$5+3)),"")} | ... BJ21: {=IFERROR(_xlfn.SINGLE(INDEX(DATABASE!$AV$14:$BC$968,SUMPRODUCT((ROW(DATABASE!$AV$14:$AV$968)) * (DATABASE!$AV$14:DC$968='Résultats Projection'!$A21 ) * (DATABASE!$AW$14:$AW$968= BJ$4))-ROW(DATABASE!$AV$14)+1,BJ$5+3)),"")}
A22: 45565 | B22: =A22-A$10 | C22: {=IFERROR(_xlfn.SINGLE(INDEX(DATABASE!$AV$14:$BC$968,SUMPRODUCT((ROW(DATABASE!$AV$14:$AV$968)) * (DATABASE!AV$14:$AV$968='Résultats Projection'!$A22 ) * (DATABASE!$AW$14:$AW$968= C$4))-ROW(DATABASE!$AV$14)+1,C$5+3)),"")} | D22: {=IFERROR(_xlfn.SINGLE(INDEX(DATABASE!$AV$14:$BC$968,SUMPRODUCT((ROW(DATABASE!$AV$14:$AV$968)) * (DATABASE!$AV$14:AW$968='Résultats Projection'!$A22 ) * (DATABASE!$AW$14:$AW$968= D$4))-ROW(DATABASE!$AV$14)+1,D$5+3)),"")} | E22: {=IFERROR(_xlfn.SINGLE(INDEX(DATABASE!$AV$14:$BC$968,SUMPRODUCT((ROW(DATABASE!$AV$14:$AV$968)) * (DATABASE!$AV$14:AX$968='Résultats Projection'!$A22 ) * (DATABASE!$AW$14:$AW$968= E$4))-ROW(DATABASE!$AV$14)+1,E$5+3)),"")} | F22: {=IFERROR(_xlfn.SINGLE(INDEX(DATABASE!$AV$14:$BC$968,SUMPRODUCT((ROW(DATABASE!$AV$14:$AV$968)) * (DATABASE!$AV$14:AY$968='Résultats Projection'!$A22 ) * (DATABASE!$AW$14:$AW$968= F$4))-ROW(DATABASE!$AV$14)+1,F$5+3)),"")} | G22: {=IFERROR(_xlfn.SINGLE(INDEX(DATABASE!$AV$14:$BC$968,SUMPRODUCT((ROW(DATABASE!$AV$14:$AV$968)) * (DATABASE!$AV$14:AZ$968='Résultats Projection'!$A22 ) * (DATABASE!$AW$14:$AW$968= G$4))-ROW(DATABASE!$AV$14)+1,G$5+3)),"")} | H22: {=IFERROR(_xlfn.SINGLE(INDEX(DATABASE!$AV$14:$BC$968,SUMPRODUCT((ROW(DATABASE!$AV$14:$AV$968)) * (DATABASE!$AV$14:BA$968='Résultats Projection'!$A22 ) * (DATABASE!$AW$14:$AW$968= H$4))-ROW(DATABASE!$AV$14)+1,H$5+3)),"")} | I22: {=IFERROR(_xlfn.SINGLE(INDEX(DATABASE!$AV$14:$BC$968,SUMPRODUCT((ROW(DATABASE!$AV$14:$AV$968)) * (DATABASE!$AV$14:BB$968='Résultats Projection'!$A22 ) * (DATABASE!$AW$14:$AW$968= I$4))-ROW(DATABASE!$AV$14)+1,I$5+3)),"")} | J22: {=IFERROR(_xlfn.SINGLE(INDEX(DATABASE!$AV$14:$BC$968,SUMPRODUCT((ROW(DATABASE!$AV$14:$AV$968)) * (DATABASE!$AV$14:BC$968='Résultats Projection'!$A22 ) * (DATABASE!$AW$14:$AW$968= J$4))-ROW(DATABASE!$AV$14)+1,J$5+3)),"")} | K22: {=IFERROR(_xlfn.SINGLE(INDEX(DATABASE!$AV$14:$BC$968,SUMPRODUCT((ROW(DATABASE!$AV$14:$AV$968)) * (DATABASE!$AV$14:BD$968='Résultats Projection'!$A22 ) * (DATABASE!$AW$14:$AW$968= K$4))-ROW(DATABASE!$AV$14)+1,K$5+3)),"")} | ... BJ22: {=IFERROR(_xlfn.SINGLE(INDEX(DATABASE!$AV$14:$BC$968,SUMPRODUCT((ROW(DATABASE!$AV$14:$AV$968)) * (DATABASE!$AV$14:DC$968='Résultats Projection'!$A22 ) * (DATABASE!$AW$14:$AW$968= BJ$4))-ROW(DATABASE!$AV$14)+1,BJ$5+3)),"")}
... A48: 45769 | B48: =A48-A$10 | C48: {=IFERROR(_xlfn.SINGLE(INDEX(DATABASE!$AV$14:$BC$968,SUMPRODUCT((ROW(DATABASE!$AV$14:$AV$968)) * (DATABASE!AV$14:$AV$968='Résultats Projection'!$A48 ) * (DATABASE!$AW$14:$AW$968= C$4))-ROW(DATABASE!$AV$14)+1,C$5+3)),"")} | D48: {=IFERROR(_xlfn.SINGLE(INDEX(DATABASE!$AV$14:$BC$968,SUMPRODUCT((ROW(DATABASE!$AV$14:$AV$968)) * (DATABASE!$AV$14:AW$968='Résultats Projection'!$A48 ) * (DATABASE!$AW$14:$AW$968= D$4))-ROW(DATABASE!$AV$14)+1,D$5+3)),"")} | E48: {=IFERROR(_xlfn.SINGLE(INDEX(DATABASE!$AV$14:$BC$968,SUMPRODUCT((ROW(DATABASE!$AV$14:$AV$968)) * (DATABASE!$AV$14:AX$968='Résultats Projection'!$A48 ) * (DATABASE!$AW$14:$AW$968= E$4))-ROW(DATABASE!$AV$14)+1,E$5+3)),"")} | F48: {=IFERROR(_xlfn.SINGLE(INDEX(DATABASE!$AV$14:$BC$968,SUMPRODUCT((ROW(DATABASE!$AV$14:$AV$968)) * (DATABASE!$AV$14:AY$968='Résultats Projection'!$A48 ) * (DATABASE!$AW$14:$AW$968= F$4))-ROW(DATABASE!$AV$14)+1,F$5+3)),"")} | G48: {=IFERROR(_xlfn.SINGLE(INDEX(DATABASE!$AV$14:$BC$968,SUMPRODUCT((ROW(DATABASE!$AV$14:$AV$968)) * (DATABASE!$AV$14:AZ$968='Résultats Projection'!$A48 ) * (DATABASE!$AW$14:$AW$968= G$4))-ROW(DATABASE!$AV$14)+1,G$5+3)),"")} | H48: {=IFERROR(_xlfn.SINGLE(INDEX(DATABASE!$AV$14:$BC$968,SUMPRODUCT((ROW(DATABASE!$AV$14:$AV$968)) * (DATABASE!$AV$14:BA$968='Résultats Projection'!$A48 ) * (DATABASE!$AW$14:$AW$968= H$4))-ROW(DATABASE!$AV$14)+1,H$5+3)),"")} | I48: {=IFERROR(_xlfn.SINGLE(INDEX(DATABASE!$AV$14:$BC$968,SUMPRODUCT((ROW(DATABASE!$AV$14:$AV$968)) * (DATABASE!$AV$14:BB$968='Résultats Projection'!$A48 ) * (DATABASE!$AW$14:$AW$968= I$4))-ROW(DATABASE!$AV$14)+1,I$5+3)),"")} | J48: {=IFERROR(_xlfn.SINGLE(INDEX(DATABASE!$AV$14:$BC$968,SUMPRODUCT((ROW(DATABASE!$AV$14:$AV$968)) * (DATABASE!$AV$14:BC$968='Résultats Projection'!$A48 ) * (DATABASE!$AW$14:$AW$968= J$4))-ROW(DATABASE!$AV$14)+1,J$5+3)),"")} | K48: {=IFERROR(_xlfn.SINGLE(INDEX(DATABASE!$AV$14:$BC$968,SUMPRODUCT((ROW(DATABASE!$AV$14:$AV$968)) * (DATABASE!$AV$14:BD$968='Résultats Projection'!$A48 ) * (DATABASE!$AW$14:$AW$968= K$4))-ROW(DATABASE!$AV$14)+1,K$5+3)),"")} | ... BJ48: {=IFERROR(_xlfn.SINGLE(INDEX(DATABASE!$AV$14:$BC$968,SUMPRODUCT((ROW(DATABASE!$AV$14:$AV$968)) * (DATABASE!$AV$14:DC$968='Résultats Projection'!$A48 ) * (DATABASE!$AW$14:$AW$968= BJ$4))-ROW(DATABASE!$AV$14)+1,BJ$5+3)),"")}
A49: 45782 | B49: =A49-A$10 | C49: {=IFERROR(_xlfn.SINGLE(INDEX(DATABASE!$AV$14:$BC$968,SUMPRODUCT((ROW(DATABASE!$AV$14:$AV$968)) * (DATABASE!AV$14:$AV$968='Résultats Projection'!$A49 ) * (DATABASE!$AW$14:$AW$968= C$4))-ROW(DATABASE!$AV$14)+1,C$5)),"")} | D49: {=IFERROR(_xlfn.SINGLE(INDEX(DATABASE!$AV$14:$BC$968,SUMPRODUCT((ROW(DATABASE!$AV$14:$AV$968)) * (DATABASE!$AV$14:AW$968='Résultats Projection'!$A49 ) * (DATABASE!$AW$14:$AW$968= D$4))-ROW(DATABASE!$AV$14)+1,D$5)),"")} | E49: {=IFERROR(_xlfn.SINGLE(INDEX(DATABASE!$AV$14:$BC$968,SUMPRODUCT((ROW(DATABASE!$AV$14:$AV$968)) * (DATABASE!$AV$14:AX$968='Résultats Projection'!$A49 ) * (DATABASE!$AW$14:$AW$968= E$4))-ROW(DATABASE!$AV$14)+1,E$5)),"")} | F49: {=IFERROR(_xlfn.SINGLE(INDEX(DATABASE!$AV$14:$BC$968,SUMPRODUCT((ROW(DATABASE!$AV$14:$AV$968)) * (DATABASE!$AV$14:AY$968='Résultats Projection'!$A49 ) * (DATABASE!$AW$14:$AW$968= F$4))-ROW(DATABASE!$AV$14)+1,F$5)),"")} | G49: {=IFERROR(_xlfn.SINGLE(INDEX(DATABASE!$AV$14:$BC$968,SUMPRODUCT((ROW(DATABASE!$AV$14:$AV$968)) * (DATABASE!$AV$14:AZ$968='Résultats Projection'!$A49 ) * (DATABASE!$AW$14:$AW$968= G$4))-ROW(DATABASE!$AV$14)+1,G$5)),"")} | H49: {=IFERROR(_xlfn.SINGLE(INDEX(DATABASE!$AV$14:$BC$968,SUMPRODUCT((ROW(DATABASE!$AV$14:$AV$968)) * (DATABASE!$AV$14:BA$968='Résultats Projection'!$A49 ) * (DATABASE!$AW$14:$AW$968= H$4))-ROW(DATABASE!$AV$14)+1,H$5)),"")} | I49: {=IFERROR(_xlfn.SINGLE(INDEX(DATABASE!$AV$14:$BC$968,SUMPRODUCT((ROW(DATABASE!$AV$14:$AV$968)) * (DATABASE!$AV$14:BB$968='Résultats Projection'!$A49 ) * (DATABASE!$AW$14:$AW$968= I$4))-ROW(DATABASE!$AV$14)+1,I$5)),"")} | J49: {=IFERROR(_xlfn.SINGLE(INDEX(DATABASE!$AV$14:$BC$968,SUMPRODUCT((ROW(DATABASE!$AV$14:$AV$968)) * (DATABASE!$AV$14:BC$968='Résultats Projection'!$A49 ) * (DATABASE!$AW$14:$AW$968= J$4))-ROW(DATABASE!$AV$14)+1,J$5)),"")} | K49: {=IFERROR(_xlfn.SINGLE(INDEX(DATABASE!$AV$14:$BC$968,SUMPRODUCT((ROW(DATABASE!$AV$14:$AV$968)) * (DATABASE!$AV$14:BD$968='Résultats Projection'!$A49 ) * (DATABASE!$AW$14:$AW$968= K$4))-ROW(DATABASE!$AV$14)+1,K$5)),"")} | ... BJ49: {=IFERROR(_xlfn.SINGLE(INDEX(DATABASE!$AV$14:$BC$968,SUMPRODUCT((ROW(DATABASE!$AV$14:$AV$968)) * (DATABASE!$AV$14:DC$968='Résultats Projection'!$A49 ) * (DATABASE!$AW$14:$AW$968= BJ$4))-ROW(DATABASE!$AV$14)+1,BJ$5)),"")}
A50: 45798 | B50: =A50-A$10 | C50: {=IFERROR(_xlfn.SINGLE(INDEX(DATABASE!$AV$14:$BC$968,SUMPRODUCT((ROW(DATABASE!$AV$14:$AV$968)) * (DATABASE!AV$14:$AV$968='Résultats Projection'!$A50 ) * (DATABASE!$AW$14:$AW$968= C$4))-ROW(DATABASE!$AV$14)+1,C$5)),"")} | D50: {=IFERROR(_xlfn.SINGLE(INDEX(DATABASE!$AV$14:$BC$968,SUMPRODUCT((ROW(DATABASE!$AV$14:$AV$968)) * (DATABASE!$AV$14:AW$968='Résultats Projection'!$A50 ) * (DATABASE!$AW$14:$AW$968= D$4))-ROW(DATABASE!$AV$14)+1,D$5)),"")} | E50: {=IFERROR(_xlfn.SINGLE(INDEX(DATABASE!$AV$14:$BC$968,SUMPRODUCT((ROW(DATABASE!$AV$14:$AV$968)) * (DATABASE!$AV$14:AX$968='Résultats Projection'!$A50 ) * (DATABASE!$AW$14:$AW$968= E$4))-ROW(DATABASE!$AV$14)+1,E$5)),"")} | F50: {=IFERROR(_xlfn.SINGLE(INDEX(DATABASE!$AV$14:$BC$968,SUMPRODUCT((ROW(DATABASE!$AV$14:$AV$968)) * (DATABASE!$AV$14:AY$968='Résultats Projection'!$A50 ) * (DATABASE!$AW$14:$AW$968= F$4))-ROW(DATABASE!$AV$14)+1,F$5)),"")} | G50: {=IFERROR(_xlfn.SINGLE(INDEX(DATABASE!$AV$14:$BC$968,SUMPRODUCT((ROW(DATABASE!$AV$14:$AV$968)) * (DATABASE!$AV$14:AZ$968='Résultats Projection'!$A50 ) * (DATABASE!$AW$14:$AW$968= G$4))-ROW(DATABASE!$AV$14)+1,G$5)),"")} | H50: {=IFERROR(_xlfn.SINGLE(INDEX(DATABASE!$AV$14:$BC$968,SUMPRODUCT((ROW(DATABASE!$AV$14:$AV$968)) * (DATABASE!$AV$14:BA$968='Résultats Projection'!$A50 ) * (DATABASE!$AW$14:$AW$968= H$4))-ROW(DATABASE!$AV$14)+1,H$5)),"")} | I50: {=IFERROR(_xlfn.SINGLE(INDEX(DATABASE!$AV$14:$BC$968,SUMPRODUCT((ROW(DATABASE!$AV$14:$AV$968)) * (DATABASE!$AV$14:BB$968='Résultats Projection'!$A50 ) * (DATABASE!$AW$14:$AW$968= I$4))-ROW(DATABASE!$AV$14)+1,I$5)),"")} | J50: {=IFERROR(_xlfn.SINGLE(INDEX(DATABASE!$AV$14:$BC$968,SUMPRODUCT((ROW(DATABASE!$AV$14:$AV$968)) * (DATABASE!$AV$14:BC$968='Résultats Projection'!$A50 ) * (DATABASE!$AW$14:$AW$968= J$4))-ROW(DATABASE!$AV$14)+1,J$5)),"")} | K50: {=IFERROR(_xlfn.SINGLE(INDEX(DATABASE!$AV$14:$BC$968,SUMPRODUCT((ROW(DATABASE!$AV$14:$AV$968)) * (DATABASE!$AV$14:BD$968='Résultats Projection'!$A50 ) * (DATABASE!$AW$14:$AW$968= K$4))-ROW(DATABASE!$AV$14)+1,K$5)),"")} | ... BJ50: {=IFERROR(_xlfn.SINGLE(INDEX(DATABASE!$AV$14:$BC$968,SUMPRODUCT((ROW(DATABASE!$AV$14:$AV$968)) * (DATABASE!$AV$14:DC$968='Résultats Projection'!$A50 ) * (DATABASE!$AW$14:$AW$968= BJ$4))-ROW(DATABASE!$AV$14)+1,BJ$5)),"")}

Sheet DATABASE
AB1: BASE DONNEES MESURE | AQ1: axe GCR GCR | AT1: =TODAY() | AV1: DECALAGE | AX1: PM | AY1: 0
AN2: X,Y début droite | AQ2: carrefour
AN3: X | AO3: =AQ6 | AT3: 45281
AN4: Y | AO4: =AR6 | AV4: PM | AW4: deplacement parement (negatif : le parement vient sur nous)
AN5: GIS | AO5: =AQ10 | AQ5: X | AR5: Y | AV5: H | AW5: deplacement latéral (gauche : GVA3 , droite : GVA2)
AN6: Zo | AP6: origine | AQ6: 823216.66 | AR6: 1091503.1 | AV6: V | AW6: deplacement alti
AN7: Pm début | AO7: 0 | AP7: arrivé | AQ7: 823258.92 | AR7: 1091412.5
AN8: Zo début | AO8: -123.621
AD9: SAISIR CI-DESSOUS LES X Y Z | AN9: Pente | AO9: 0 | AQ9: Gisement (gon) | AR9: Dist.Horz
AQ10: =IF(ATAN2(AR7-AR6,AQ7-AQ6)/PI()*200>0,ATAN2(AR7-AR6,AQ7-AQ6)/PI()*200,400+ATAN2(AR7-AR6,AQ7-AQ6)/PI()*200) | AR10: =SQRT((AR7-AR6)^2+(AQ7-AQ6)^2)
AB12: DATE | AC12: NO | AD12: NO | AE12: X | AF12: Y | AG12: Z | AL12: PM | AM12: H | AN12: V | AO12: Z0 | AV12: DATE | AW12: =AC12 | AX12: X | AY12: Y | AZ12: Z | BA12: PM | BB12: H | BC12: V
AB14: 45532 | AC14: V1 | AD14: HA21.3.H | AE14: 823147.65 | AF14: 1091710.1 | AG14: -121.5674 | AL14: =IF(ISNUMBER(AE14),COS(ATAN2(AF14-AO$4,AE14-AO$3)-(AO$5/200*PI()))*SQRT((AE14-AO$3)^2+(AF14-AO$4)^2),"-") | AM14: =IF(ISNUMBER(AE14),SIN(ATAN2(AF14-AO$4,AE14-AO$3)-(AO$5/200*PI()))*SQRT((AE14-AO$3)^2+(AF14-AO$4)^2),"-") | AN14: =IF(ISNUMBER(AL14),AG14-AO14,"-") | AO14: =IF(ISNUMBER(AF14),((AL14-$AO$7)*AO$9)+AO$8,"-") | AV14: =AB14 | AW14: =AC14 | AX14: =AE14 | AY14: =AF14 | AZ14: =AG14 | BA14: =AL14+$AY$1 | BB14: =AM14 | BC14: =AN14
AB15: 45532 | AC15: B | AD15: HA21.3.M | AE15: 823147.59 | AF15: 1091710.3 | AG15: -121.9302 | AL15: =IF(ISNUMBER(AE15),COS(ATAN2(AF15-AO$4,AE15-AO$3)-(AO$5/200*PI()))*SQRT((AE15-AO$3)^2+(AF15-AO$4)^2),"-") | AM15: =IF(ISNUMBER(AE15),SIN(ATAN2(AF15-AO$4,AE15-AO$3)-(AO$5/200*PI()))*SQRT((AE15-AO$3)^2+(AF15-AO$4)^2),"-") | AN15: =IF(ISNUMBER(AL15),AG15-AO15,"-") | AO15: =IF(ISNUMBER(AF15),((AL15-$AO$7)*AO$9)+AO$8,"-") | AV15: =AB15 | AW15: =AC15 | AX15: =AE15 | AY15: =AF15 | AZ15: =AG15 | BA15: =AL15+$AY$1 | BB15: =AM15 | BC15: =AN15
AB16: 45532 | AC16: D | AD16: HA21.3.C | AE16: 823149.99 | AF16: 1091705.1 | AG16: -121.7828 | AL16: =IF(ISNUMBER(AE16),COS(ATAN2(AF16-AO$4,AE16-AO$3)-(AO$5/200*PI()))*SQRT((AE16-AO$3)^2+(AF16-AO$4)^2),"-") | AM16: =IF(ISNUMBER(AE16),SIN(ATAN2(AF16-AO$4,AE16-AO$3)-(AO$5/200*PI()))*SQRT((AE16-AO$3)^2+(AF16-AO$4)^2),"-") | AN16: =IF(ISNUMBER(AL16),AG16-AO16,"-") | AO16: =IF(ISNUMBER(AF16),((AL16-$AO$7)*AO$9)+AO$8,"-") | AV16: =AB16 | AW16: =AC16 | AX16: =AE16 | AY16: =AF16 | AZ16: =AG16 | BA16: =AL16+$AY$1 | BB16: =AM16 | BC16: =AN16
AB17: 45532 | AC17: A | AD17: HA.HA21.3.1 | AE17: 823147.65 | AF17: 1091710.1 | AG17: -121.5693 | AL17: =IF(ISNUMBER(AE17),COS(ATAN2(AF17-AO$4,AE17-AO$3)-(AO$5/200*PI()))*SQRT((AE17-AO$3)^2+(AF17-AO$4)^2),"-") | AM17: =IF(ISNUMBER(AE17),SIN(ATAN2(AF17-AO$4,AE17-AO$3)-(AO$5/200*PI()))*SQRT((AE17-AO$3)^2+(AF17-AO$4)^2),"-") | AN17: =IF(ISNUMBER(AL17),AG17-AO17,"-") | AO17: =IF(ISNUMBER(AF17),((AL17-$AO$7)*AO$9)+AO$8,"-") | AV17: =AB17 | AW17: =AC17 | AX17: =AE17 | AY17: =AF17 | AZ17: =AG17 | BA17: =AL17+$AY$1 | BB17: =AM17 | BC17: =AN17
AB18: 45532 | AC18: B | AD18: HA.HA21.3.2 | AE18: 823147.59 | AF18: 1091710.3 | AG18: -121.9072 | AL18: =IF(ISNUMBER(AE18),COS(ATAN2(AF18-AO$4,AE18-AO$3)-(AO$5/200*PI()))*SQRT((AE18-AO$3)^2+(AF18-AO$4)^2),"-") | AM18: =IF(ISNUMBER(AE18),SIN(ATAN2(AF18-AO$4,AE18-AO$3)-(AO$5/200*PI()))*SQRT((AE18-AO$3)^2+(AF18-AO$4)^2),"-") | AN18: =IF(ISNUMBER(AL18),AG18-AO18,"-") | AO18: =IF(ISNUMBER(AF18),((AL18-$AO$7)*AO$9)+AO$8,"-") | AV18: =AB18 | AW18: =AC18 | AX18: =AE18 | AY18: =AF18 | AZ18: =AG18 | BA18: =AL18+$AY$1 | BB18: =AM18 | BC18: =AN18
AB19: 45532 | AC19: D | AD19: HA.HA21.3.3 | AE19: 823149.99 | AF19: 1091705.1 | AG19: -121.7829 | AL19: =IF(ISNUMBER(AE19),COS(ATAN2(AF19-AO$4,AE19-AO$3)-(AO$5/200*PI()))*SQRT((AE19-AO$3)^2+(AF19-AO$4)^2),"-") | AM19: =IF(ISNUMBER(AE19),SIN(ATAN2(AF19-AO$4,AE19-AO$3)-(AO$5/200*PI()))*SQRT((AE19-AO$3)^2+(AF19-AO$4)^2),"-") | AN19: =IF(ISNUMBER(AL19),AG19-AO19,"-") | AO19: =IF(ISNUMBER(AF19),((AL19-$AO$7)*AO$9)+AO$8,"-") | AV19: =AB19 | AW19: =AC19 | AX19: =AE19 | AY19: =AF19 | AZ19: =AG19 | BA19: =AL19+$AY$1 | BB19: =AM19 | BC19: =AN19
AB20: 45532 | AC20: A | AD20: HA21.3.01 | AE20: 823147.65 | AF20: 1091710.1 | AG20: -121.5695 | AL20: =IF(ISNUMBER(AE20),COS(ATAN2(AF20-AO$4,AE20-AO$3)-(AO$5/200*PI()))*SQRT((AE20-AO$3)^2+(AF20-AO$4)^2),"-") | AM20: =IF(ISNUMBER(AE20),SIN(ATAN2(AF20-AO$4,AE20-AO$3)-(AO$5/200*PI()))*SQRT((AE20-AO$3)^2+(AF20-AO$4)^2),"-") | AN20: =IF(ISNUMBER(AL20),AG20-AO20,"-") | AO20: =IF(ISNUMBER(AF20),((AL20-$AO$7)*AO$9)+AO$8,"-") | AV20: =AB20 | AW20: =AC20 | AX20: =AE20 | AY20: =AF20 | AZ20: =AG20 | BA20: =AL20+$AY$1 | BB20: =AM20 | BC20: =AN20
AB21: 45532 | AC21: D | AD21: HA21.3.03 | AE21: 823149.99 | AF21: 1091705.1 | AG21: -121.7828 | AL21: =IF(ISNUMBER(AE21),COS(ATAN2(AF21-AO$4,AE21-AO$3)-(AO$5/200*PI()))*SQRT((AE21-AO$3)^2+(AF21-AO$4)^2),"-") | AM21: =IF(ISNUMBER(AE21),SIN(ATAN2(AF21-AO$4,AE21-AO$3)-(AO$5/200*PI()))*SQRT((AE21-AO$3)^2+(AF21-AO$4)^2),"-") | AN21: =IF(ISNUMBER(AL21),AG21-AO21,"-") | AO21: =IF(ISNUMBER(AF21),((AL21-$AO$7)*AO$9)+AO$8,"-") | AV21: =AB21 | AW21: =AC21 | AX21: =AE21 | AY21: =AF21 | AZ21: =AG21 | BA21: =AL21+$AY$1 | BB21: =AM21 | BC21: =AN21
AB22: 45532 | AC22: A | AD22: HA21.3.01 | AE22: 823147.65 | AF22: 1091710.1 | AG22: -121.5697 | AL22: =IF(ISNUMBER(AE22),COS(ATAN2(AF22-AO$4,AE22-AO$3)-(AO$5/200*PI()))*SQRT((AE22-AO$3)^2+(AF22-AO$4)^2),"-") | AM22: =IF(ISNUMBER(AE22),SIN(ATAN2(AF22-AO$4,AE22-AO$3)-(AO$5/200*PI()))*SQRT((AE22-AO$3)^2+(AF22-AO$4)^2),"-") | AN22: =IF(ISNUMBER(AL22),AG22-AO22,"-") | AO22: =IF(ISNUMBER(AF22),((AL22-$AO$7)*AO$9)+AO$8,"-") | AV22: =AB22 | AW22: =AC22 | AX22: =AE22 | AY22: =AF22 | AZ22: =AG22 | BA22: =AL22+$AY$1 | BB22: =AM22 | BC22: =AN22
AB23: 45532 | AC23: B | AD23: HA21.3.02 | AE23: 823147.59 | AF23: 1091710.3 | AG23: -121.9075 | AL23: =IF(ISNUMBER(AE23),COS(ATAN2(AF23-AO$4,AE23-AO$3)-(AO$5/200*PI()))*SQRT((AE23-AO$3)^2+(AF23-AO$4)^2),"-") | AM23: =IF(ISNUMBER(AE23),SIN(ATAN2(AF23-AO$4,AE23-AO$3)-(AO$5/200*PI()))*SQRT((AE23-AO$3)^2+(AF23-AO$4)^2),"-") | AN23: =IF(ISNUMBER(AL23),AG23-AO23,"-") | AO23: =IF(ISNUMBER(AF23),((AL23-$AO$7)*AO$9)+AO$8,"-") | AV23: =AB23 | AW23: =AC23 | AX23: =AE23 | AY23: =AF23 | AZ23: =AG23 | BA23: =AL23+$AY$1 | BB23: =AM23 | BC23: =AN23
AB24: 45532 | AC24: D | AD24: HA21.3.03 | AE24: 823149.99 | AF24: 1091705.1 | AG24: -121.7827 | AL24: =IF(ISNUMBER(AE24),COS(ATAN2(AF24-AO$4,AE24-AO$3)-(AO$5/200*PI()))*SQRT((AE24-AO$3)^2+(AF24-AO$4)^2),"-") | AM24: =IF(ISNUMBER(AE24),SIN(ATAN2(AF24-AO$4,AE24-AO$3)-(AO$5/200*PI()))*SQRT((AE24-AO$3)^2+(AF24-AO$4)^2),"-") | AN24: =IF(ISNUMBER(AL24),AG24-AO24,"-") | AO24: =IF(ISNUMBER(AF24),((AL24-$AO$7)*AO$9)+AO$8,"-") | AV24: =AB24 | AW24: =AC24 | AX24: =AE24 | AY24: =AF24 | AZ24: =AG24 | BA24: =AL24+$AY$1 | BB24: =AM24 | BC24: =AN24
AB25: 45532 | AC25: C | AD25: HA21.3.04 | AE25: 823147.57 | AF25: 1091710.4 | AG25: -122.4346 | AL25: =IF(ISNUMBER(AE25),COS(ATAN2(AF25-AO$4,AE25-AO$3)-(AO$5/200*PI()))*SQRT((AE25-AO$3)^2+(AF25-AO$4)^2),"-") | AM25: =IF(ISNUMBER(AE25),SIN(ATAN2(AF25-AO$4,AE25-AO$3)-(AO$5/200*PI()))*SQRT((AE25-AO$3)^2+(AF25-AO$4)^2),"-") | AN25: =IF(ISNUMBER(AL25),AG25-AO25,"-") | AO25: =IF(ISNUMBER(AF25),((AL25-$AO$7)*AO$9)+AO$8,"-") | AV25: =AB25 | AW25: =AC25 | AX25: =AE25 | AY25: =AF25 | AZ25: =AG25 | BA25: =AL25+$AY$1 | BB25: =AM25 | BC25: =AN25
... AB64: 45567 | AC64: C | AD64: HA3.4 | AE64: 823147.57 | AF64: 1091710.4 | AG64: -122.3545 | AL64: =IF(ISNUMBER(AE64),COS(ATAN2(AF64-AO$4,AE64-AO$3)-(AO$5/200*PI()))*SQRT((AE64-AO$3)^2+(AF64-AO$4)^2),"-") | AM64: =IF(ISNUMBER(AE64),SIN(ATAN2(AF64-AO$4,AE64-AO$3)-(AO$5/200*PI()))*SQRT((AE64-AO$3)^2+(AF64-AO$4)^2),"-") | AN64: =IF(ISNUMBER(AL64),AG64-AO64,"-") | AO64: =IF(ISNUMBER(AF64),((AL64-$AO$7)*AO$9)+AO$8,"-") | AV64: =AB64 | AW64: =AC64 | AX64: =AE64 | AY64: =AF64 | AZ64: =AG64 | BA64: =AL64+$AY$1 | BB64: =AM64 | BC64: =AN64
AB65: 45569 | AC65: A | AD65: 1 | AE65: 823147.65 | AF65: 1091710.1 | AG65: -121.5705 | AL65: =IF(ISNUMBER(AE65),COS(ATAN2(AF65-AO$4,AE65-AO$3)-(AO$5/200*PI()))*SQRT((AE65-AO$3)^2+(AF65-AO$4)^2),"-") | AM65: =IF(ISNUMBER(AE65),SIN(ATAN2(AF65-AO$4,AE65-AO$3)-(AO$5/200*PI()))*SQRT((AE65-AO$3)^2+(AF65-AO$4)^2),"-") | AN65: =IF(ISNUMBER(AL65),AG65-AO65,"-") | AO65: =IF(ISNUMBER(AF65),((AL65-$AO$7)*AO$9)+AO$8,"-") | AV65: =AB65 | AW65: =AC65 | AX65: =AE65 | AY65: =AF65 | AZ65: =AG65 | BA65: =AL65+$AY$1 | BB65: =AM65 | BC65: =AN65
AB66: 45569 | AC66: B | AD66: 2 | AE66: 823147.59 | AF66: 1091710.3 | AG66: -121.9085 | AL66: =IF(ISNUMBER(AE66),COS(ATAN2(AF66-AO$4,AE66-AO$3)-(AO$5/200*PI()))*SQRT((AE66-AO$3)^2+(AF66-AO$4)^2),"-") | AM66: =IF(ISNUMBER(AE66),SIN(ATAN2(AF66-AO$4,AE66-AO$3)-(AO$5/200*PI()))*SQRT((AE66-AO$3)^2+(AF66-AO$4)^2),"-") | AN66: =IF(ISNUMBER(AL66),AG66-AO66,"-") | AO66: =IF(ISNUMBER(AF66),((AL66-$AO$7)*AO$9)+AO$8,"-") | AV66: =AB66 | AW66: =AC66 | AX66: =AE66 | AY66: =AF66 | AZ66: =AG66 | BA66: =AL66+$AY$1 | BB66: =AM66 | BC66: =AN66
AB67: 45569 | AC67: D | AD67: 3 | AE67: 823149.99 | AF67: 1091705.1 | AG67: -121.7827 | AL67: =IF(ISNUMBER(AE67),COS(ATAN2(AF67-AO$4,AE67-AO$3)-(AO$5/200*PI()))*SQRT((AE67-AO$3)^2+(AF67-AO$4)^2),"-") | AM67: =IF(ISNUMBER(AE67),SIN(ATAN2(AF67-AO$4,AE67-AO$3)-(AO$5/200*PI()))*SQRT((AE67-AO$3)^2+(AF67-AO$4)^2),"-") | AN67: =IF(ISNUMBER(AL67),AG67-AO67,"-") | AO67: =IF(ISNUMBER(AF67),((AL67-$AO$7)*AO$9)+AO$8,"-") | AV67: =AB67 | AW67: =AC67 | AX67: =AE67 | AY67: =AF67 | AZ67: =AG67 | BA67: =AL67+$AY$1 | BB67: =AM67 | BC67: =AN67
AB68: 45569 | AC68: C | AD68: 4 | AE68: 823147.57 | AF68: 1091710.4 | AG68: -122.3547 | AL68: =IF(ISNUMBER(AE68),COS(ATAN2(AF68-AO$4,AE68-AO$3)-(AO$5/200*PI()))*SQRT((AE68-AO$3)^2+(AF68-AO$4)^2),"-") | AM68: =IF(ISNUMBER(AE68),SIN(ATAN2(AF68-AO$4,AE68-AO$3)-(AO$5/200*PI()))*SQRT((AE68-AO$3)^2+(AF68-AO$4)^2),"-") | AN68: =IF(ISNUMBER(AL68),AG68-AO68,"-") | AO68: =IF(ISNUMBER(AF68),((AL68-$AO$7)*AO$9)+AO$8,"-") | AV68: =AB68 | AW68: =AC68 | AX68: =AE68 | AY68: =AF68 | AZ68: =AG68 | BA68: =AL68+$AY$1 | BB68: =AM68 | BC68: =AN68
AB69: 45572 | AC69: A | AD69: HA3.C1 | AE69: 823147.65 | AF69: 1091710.1 | AG69: -121.5702 | AL69: =IF(ISNUMBER(AE69),COS(ATAN2(AF69-AO$4,AE69-AO$3)-(AO$5/200*PI()))*SQRT((AE69-AO$3)^2+(AF69-AO$4)^2),"-") | AM69: =IF(ISNUMBER(AE69),SIN(ATAN2(AF69-AO$4,AE69-AO$3)-(AO$5/200*PI()))*SQRT((AE69-AO$3)^2+(AF69-AO$4)^2),"-") | AN69: =IF(ISNUMBER(AL69),AG69-AO69,"-") | AO69: =IF(ISNUMBER(AF69),((AL69-$AO$7)*AO$9)+AO$8,"-") | AV69: =AB69 | AW69: =AC69 | AX69: =AE69 | AY69: =AF69 | AZ69: =AG69 | BA69: =AL69+$AY$1 | BB69: =AM69 | BC69: =AN69
AB70: 45572 | AC70: B | AD70: HA3.C2 | AE70: 823147.59 | AF70: 1091710.3 | AG70: -121.9085 | AL70: =IF(ISNUMBER(AE70),COS(ATAN2(AF70-AO$4,AE70-AO$3)-(AO$5/200*PI()))*SQRT((AE70-AO$3)^2+(AF70-AO$4)^2),"-") | AM70: =IF(ISNUMBER(AE70),SIN(ATAN2(AF70-AO$4,AE70-AO$3)-(AO$5/200*PI()))*SQRT((AE70-AO$3)^2+(AF70-AO$4)^2),"-") | AN70: =IF(ISNUMBER(AL70),AG70-AO70,"-") | AO70: =IF(ISNUMBER(AF70),((AL70-$AO$7)*AO$9)+AO$8,"-") | AV70: =AB70 | AW70: =AC70 | AX70: =AE70 | AY70: =AF70 | AZ70: =AG70 | BA70: =AL70+$AY$1 | BB70: =AM70 | BC70: =AN70
AB71: 45572 | AC71: C | AD71: HA3.C3 | AE71: 823147.57 | AF71: 1091710.4 | AG71: -122.3546 | AL71: =IF(ISNUMBER(AE71),COS(ATAN2(AF71-AO$4,AE71-AO$3)-(AO$5/200*PI()))*SQRT((AE71-AO$3)^2+(AF71-AO$4)^2),"-") | AM71: =IF(ISNUMBER(AE71),SIN(ATAN2(AF71-AO$4,AE71-AO$3)-(AO$5/200*PI()))*SQRT((AE71-AO$3)^2+(AF71-AO$4)^2),"-") | AN71: =IF(ISNUMBER(AL71),AG71-AO71,"-") | AO71: =IF(ISNUMBER(AF71),((AL71-$AO$7)*AO$9)+AO$8,"-") | AV71: =AB71 | AW71: =AC71 | AX71: =AE71 | AY71: =AF71 | AZ71: =AG71 | BA71: =AL71+$AY$1 | BB71: =AM71 | BC71: =AN71
AB72: 45572 | AC72: D | AD72: HA3.C4 | AE72: 823149.99 | AF72: 1091705.1 | AG72: -121.7825 | AL72: =IF(ISNUMBER(AE72),COS(ATAN2(AF72-AO$4,AE72-AO$3)-(AO$5/200*PI()))*SQRT((AE72-AO$3)^2+(AF72-AO$4)^2),"-") | AM72: =IF(ISNUMBER(AE72),SIN(ATAN2(AF72-AO$4,AE72-AO$3)-(AO$5/200*PI()))*SQRT((AE72-AO$3)^2+(AF72-AO$4)^2),"-") | AN72: =IF(ISNUMBER(AL72),AG72-AO72,"-") | AO72: =IF(ISNUMBER(AF72),((AL72-$AO$7)*AO$9)+AO$8,"-") | AV72: =AB72 | AW72: =AC72 | AX72: =AE72 | AY72: =AF72 | AZ72: =AG72 | BA72: =AL72+$AY$1 | BB72: =AM72 | BC72: =AN72
AB73: 45579 | AC73: A | AD73: HA3.HA21.1 | AE73: 823147.65 | AF73: 1091710.1 | AG73: -121.5706 | AL73: =IF(ISNUMBER(AE73),COS(ATAN2(AF73-AO$4,AE73-AO$3)-(AO$5/200*PI()))*SQRT((AE73-AO$3)^2+(AF73-AO$4)^2),"-") | AM73: =IF(ISNUMBER(AE73),SIN(ATAN2(AF73-AO$4,AE73-AO$3)-(AO$5/200*PI()))*SQRT((AE73-AO$3)^2+(AF73-AO$4)^2),"-") | AN73: =IF(ISNUMBER(AL73),AG73-AO73,"-") | AO73: =IF(ISNUMBER(AF73),((AL73-$AO$7)*AO$9)+AO$8,"-") | AV73: =AB73 | AW73: =AC73 | AX73: =AE73 | AY73: =AF73 | AZ73: =AG73 | BA73: =AL73+$AY$1 | BB73: =AM73 | BC73: =AN73
AB74: 45579 | AC74: B | AD74: HA3.HA21.2 | AE74: 823147.59 | AF74: 1091710.3 | AG74: -121.9084 | AL74: =IF(ISNUMBER(AE74),COS(ATAN2(AF74-AO$4,AE74-AO$3)-(AO$5/200*PI()))*SQRT((AE74-AO$3)^2+(AF74-AO$4)^2),"-") | AM74: =IF(ISNUMBER(AE74),SIN(ATAN2(AF74-AO$4,AE74-AO$3)-(AO$5/200*PI()))*SQRT((AE74-AO$3)^2+(AF74-AO$4)^2),"-") | AN74: =IF(ISNUMBER(AL74),AG74-AO74,"-") | AO74: =IF(ISNUMBER(AF74),((AL74-$AO$7)*AO$9)+AO$8,"-") | AV74: =AB74 | AW74: =AC74 | AX74: =AE74 | AY74: =AF74 | AZ74: =AG74 | BA74: =AL74+$AY$1 | BB74: =AM74 | BC74: =AN74
AB75: 45579 | AC75: C | AD75: HA3.HA21.3 | AE75: 823147.57 | AF75: 1091710.4 | AG75: -122.3548 | AL75: =IF(ISNUMBER(AE75),COS(ATAN2(AF75-AO$4,AE75-AO$3)-(AO$5/200*PI()))*SQRT((AE75-AO$3)^2+(AF75-AO$4)^2),"-") | AM75: =IF(ISNUMBER(AE75),SIN(ATAN2(AF75-AO$4,AE75-AO$3)-(AO$5/200*PI()))*SQRT((AE75-AO$3)^2+(AF75-AO$4)^2),"-") | AN75: =IF(ISNUMBER(AL75),AG75-AO75,"-") | AO75: =IF(ISNUMBER(AF75),((AL75-$AO$7)*AO$9)+AO$8,"-") | AV75: =AB75 | AW75: =AC75 | AX75: =AE75 | AY75: =AF75 | AZ75: =AG75 | BA75: =AL75+$AY$1 | BB75: =AM75 | BC75: =AN75
AB76: 45579 | AC76: D | AD76: HA3.HA21.4 | AE76: 823149.99 | AF76: 1091705.1 | AG76: -121.7827 | AL76: =IF(ISNUMBER(AE76),COS(ATAN2(AF76-AO$4,AE76-AO$3)-(AO$5/200*PI()))*SQRT((AE76-AO$3)^2+(AF76-AO$4)^2),"-") | AM76: =IF(ISNUMBER(AE76),SIN(ATAN2(AF76-AO$4,AE76-AO$3)-(AO$5/200*PI()))*SQRT((AE76-AO$3)^2+(AF76-AO$4)^2),"-") | AN76: =IF(ISNUMBER(AL76),AG76-AO76,"-") | AO76: =IF(ISNUMBER(AF76),((AL76-$AO$7)*AO$9)+AO$8,"-") | AV76: =AB76 | AW76: =AC76 | AX76: =AE76 | AY76: =AF76 | AZ76: =AG76 | BA76: =AL76+$AY$1 | BB76: =AM76 | BC76: =AN76
AB77: 45586 | AC77: A | AD77: HA3.1 | AE77: 823147.65 | AF77: 1091710.1 | AG77: -121.5706 | AL77: =IF(ISNUMBER(AE77),COS(ATAN2(AF77-AO$4,AE77-AO$3)-(AO$5/200*PI()))*SQRT((AE77-AO$3)^2+(AF77-AO$4)^2),"-") | AM77: =IF(ISNUMBER(AE77),SIN(ATAN2(AF77-AO$4,AE77-AO$3)-(AO$5/200*PI()))*SQRT((AE77-AO$3)^2+(AF77-AO$4)^2),"-") | AN77: =IF(ISNUMBER(AL77),AG77-AO77,"-") | AO77: =IF(ISNUMBER(AF77),((AL77-$AO$7)*AO$9)+AO$8,"-") | AV77: =AB77 | AW77: =AC77 | AX77: =AE77 | AY77: =AF77 | AZ77: =AG77 | BA77: =AL77+$AY$1 | BB77: =AM77 | BC77: =AN77
AB78: 45586 | AC78: B | AD78: HA3.2 | AE78: 823147.59 | AF78: 1091710.3 | AG78: -121.9089 | AL78: =IF(ISNUMBER(AE78),COS(ATAN2(AF78-AO$4,AE78-AO$3)-(AO$5/200*PI()))*SQRT((AE78-AO$3)^2+(AF78-AO$4)^2),"-") | AM78: =IF(ISNUMBER(AE78),SIN(ATAN2(AF78-AO$4,AE78-AO$3)-(AO$5/200*PI()))*SQRT((AE78-AO$3)^2+(AF78-AO$4)^2),"-") | AN78: =IF(ISNUMBER(AL78),AG78-AO78,"-") | AO78: =IF(ISNUMBER(AF78),((AL78-$AO$7)*AO$9)+AO$8,"-") | AV78: =AB78 | AW78: =AC78 | AX78: =AE78 | AY78: =AF78 | AZ78: =AG78 | BA78: =AL78+$AY$1 | BB78: =AM78 | BC78: =AN78
AB79: 45586 | AC79: C | AD79: HA3.3 | AE79: 823147.57 | AF79: 1091710.4 | AG79: -122.355 | AL79: =IF(ISNUMBER(AE79),COS(ATAN2(AF79-AO$4,AE79-AO$3)-(AO$5/200*PI()))*SQRT((AE79-AO$3)^2+(AF79-AO$4)^2),"-") | AM79: =IF(ISNUMBER(AE79),SIN(ATAN2(AF79-AO$4,AE79-AO$3)-(AO$5/200*PI()))*SQRT((AE79-AO$3)^2+(AF79-AO$4)^2),"-") | AN79: =IF(ISNUMBER(AL79),AG79-AO79,"-") | AO79: =IF(ISNUMBER(AF79),((AL79-$AO$7)*AO$9)+AO$8,"-") | AV79: =AB79 | AW79: =AC79 | AX79: =AE79 | AY79: =AF79 | AZ79: =AG79 | BA79: =AL79+$AY$1 | BB79: =AM79 | BC79: =AN79
AB80: 45586 | AC80: D | AD80: HA3.4 | AE80: 823149.99 | AF80: 1091705.1 | AG80: -121.7827 | AL80: =IF(ISNUMBER(AE80),COS(ATAN2(AF80-AO$4,AE80-AO$3)-(AO$5/200*PI()))*SQRT((AE80-AO$3)^2+(AF80-AO$4)^2),"-") | AM80: =IF(ISNUMBER(AE80),SIN(ATAN2(AF80-AO$4,AE80-AO$3)-(AO$5/200*PI()))*SQRT((AE80-AO$3)^2+(AF80-AO$4)^2),"-") | AN80: =IF(ISNUMBER(AL80),AG80-AO80,"-") | AO80: =IF(ISNUMBER(AF80),((AL80-$AO$7)*AO$9)+AO$8,"-") | AV80: =AB80 | AW80: =AC80 | AX80: =AE80 | AY80: =AF80 | AZ80: =AG80 | BA80: =AL80+$AY$1 | BB80: =AM80 | BC80: =AN80
... AB172: 45798 | AC172: D | AD172: B.HA213.4 | AE172: 823149.99 | AF172: 1091705.1 | AG172: -121.7836 | AL172: =IF(ISNUMBER(AE172),COS(ATAN2(AF172-AO$4,AE172-AO$3)-(AO$5/200*PI()))*SQRT((AE172-AO$3)^2+(AF172-AO$4)^2),"-") | AM172: =IF(ISNUMBER(AE172),SIN(ATAN2(AF172-AO$4,AE172-AO$3)-(AO$5/200*PI()))*SQRT((AE172-AO$3)^2+(AF172-AO$4)^2),"-") | AN172: =IF(ISNUMBER(AL172),AG172-AO172,"-") | AO172: =IF(ISNUMBER(AF172),((AL172-$AO$7)*AO$9)+AO$8,"-") | AV172: =AB172 | AW172: =AC172 | AX172: =AE172 | AY172: =AF172 | AZ172: =AG172 | BA172: =AL172+$AY$1 | BB172: =AM172 | BC172: =AN172

Sheet Graphiques
AE1: critere derniere mesure | AG1: =AG3+10
I2: Laboratoire ANDRA - Bure | U2: Laboratoire ANDRA - Bure
I3: Chantier 4 | U3: Chantier 4 | AE3: derniere mesure réelle | AG3: =MAX('Résultats observations'!A10:A73)
AE5: derniere mesure graphique | AG5: {=MAX(IF('Résultats observations'!A10:A79<=$AG$1,'Résultats observations'!A10:A79))}
B6: ="GER - Alvéole HA21-3 - Cordes - Mesures au " & TEXT(AG5,"jj/mm/aa") | N6: ="GER - Alvéole HA21-3 - Déplacements altimétriques - Mesures au " & TEXT(AG5,"jj/mm/aa")
AE7: date premiere mesure | AG7: =excav
I35: Laboratoire ANDRA - Bure | U35: Laboratoire ANDRA - Bure
I36: Chantier 4 | U36: Chantier 4
B39: ="GER - Alvéole HA21-3 - Déplacements vers GER - Mesures au " & TEXT(AG5,"jj/mm/aa") | N39: ="GER - Alvéole HA21-3 - Déplacements latéraux - Mesures au " & TEXT(AG5,"jj/mm/aa")

Sheet commentaires
A1: Date | B1: commentaires | C1: conditions mesure | D1: contexte chantier | E1: referentiel
A3: ='Résultats observations'!A10
A4: ='Résultats observations'!A11
A5: ='Résultats observations'!A12
A6: ='Résultats observations'!A13
A7: ='Résultats observations'!A14
A8: ='Résultats observations'!A15
A9: ='Résultats observations'!A16
A10: ='Résultats observations'!A17
A11: ='Résultats observations'!A18
A12: ='Résultats observations'!A19
A13: ='Résultats observations'!A20
A14: ='Résultats observations'!A21
... A39: ='Résultats observations'!A46

Sheet CORDES REF1
A7: Date point 0
A8: Date | B8: Jours
A9: Date | B9: Jours | C9: CORDE_V1_REF1 | D9: CORDE_V2_REF1 | E9: CORDE_V3_REF1 | F9: CORDE_H1_REF1 | G9: CORDE_H2_REF1 | H9: CORDE_H3_REF1 | I9: CORDE_H4_REF1 | J9: CORDE_H5_REF1 | K9: CORDE_B1_REF1 | L9: CORDE_B2_REF1 | M9: CORDE_B3_REF1 | N9: CORDE_B4_REF1 | O9: CORDE_B5_REF1 | P9: CORDE_M1_REF1 | Q9: CORDE_M2_REF1 | R9: CORDE_M3_REF1 | S9: CORDE_M4_REF1 | T9: CORDE_M5_REF1 | U9: CORDE_REF2_REF1
C10: =0 | D10: =0 | E10: =0 | F10: =0 | G10: =0 | H10: =0 | I10: =0 | J10: =0 | ... U10: =0
C11: =0 | D11: =0 | E11: =0 | F11: =0 | G11: =0 | H11: =0 | I11: =0 | J11: =0 | ... U11: =0
C12: =0 | D12: =0 | E12: =0 | F12: =0 | G12: =0 | H12: =0 | I12: =0 | J12: =0 | ... U12: =0
C13: =0 | D13: =0 | E13: =0 | F13: =0 | G13: =0 | H13: =0 | I13: =0 | J13: =0 | ... U13: =0
C14: =0 | D14: =0 | E14: =0 | F14: =0 | G14: =0 | H14: =0 | I14: =0 | J14: =0 | ... U14: =0
C15: =0 | D15: =0 | E15: =0 | F15: =0 | G15: =0 | H15: =0 | I15: =0 | J15: =0 | ... U15: =0

Sheet CORDES REF2
A7: Date point 0
A8: Date | B8: Jours
A9: Date | B9: Jours | C9: CORDE_V1_REF2 | D9: CORDE_V2_REF2 | E9: CORDE_V3_REF2 | F9: CORDE_H1_REF2 | G9: CORDE_H2_REF2 | H9: CORDE_H3_REF2 | I9: CORDE_H4_REF2 | J9: CORDE_H5_REF2 | K9: CORDE_B1_REF2 | L9: CORDE_B2_REF2 | M9: CORDE_B3_REF2 | N9: CORDE_B4_REF2 | O9: CORDE_B5_REF2 | P9: CORDE_M1_REF2 | Q9: CORDE_M2_REF2 | R9: CORDE_M3_REF2 | S9: CORDE_M4_REF2 | T9: CORDE_M5_REF2 | U9: CORDE_REF1_REF2
C10: =0 | D10: =0 | E10: =0 | F10: =0 | G10: =0 | H10: =0 | I10: =0 | J10: =0 | ... U10: =0
C11: =0 | D11: =0 | E11: =0 | F11: =0 | G11: =0 | H11: =0 | I11: =0 | J11: =0 | ... U11: =0
C12: =0 | D12: =0 | E12: =0 | F12: =0 | G12: =0 | H12: =0 | I12: =0 | J12: =0 | ... U12: =0
C13: =0 | D13: =0 | E13: =0 | F13: =0 | G13: =0 | H13: =0 | I13: =0 | J13: =0 | ... U13: =0
C14: =0 | D14: =0 | E14: =0 | F14: =0 | G14: =0 | H14: =0 | I14: =0 | J14: =0 | ... U14: =0
C15: =0 | D15: =0 | E15: =0 | F15: =0 | G15: =0 | H15: =0 | I15: =0 | J15: =0 | ... U15: =0

Sheet ÉVOLUTION PM H V
A7: Date point 0
A8: Date | B8: Jours
A9: Date | B9: Jours | C9: ΔV1_PM | D9: ΔV1_H | E9: ΔV1_V | F9: ΔV2_PM | G9: ΔV2_H | H9: ΔV2_V | I9: ΔV3_PM | J9: ΔV3_H | K9: ΔV3_V | L9: ΔH1_PM | M9: ΔH1_H | N9: ΔH1_V | O9: ΔH2_PM | P9: ΔH2_H | Q9: ΔH2_V | R9: ΔH3_PM | S9: ΔH3_H | T9: ΔH3_V | U9: ΔH4_PM | V9: ΔH4_H | W9: ΔH4_V | X9: ΔH5_PM | Y9: ΔH5_H | Z9: ΔH5_V | AA9: ΔB1_PM | AB9: ΔB1_H | AC9: ΔB1_V | AD9: ΔB2_PM | AE9: ΔB2_H | AF9: ΔB2_V | AG9: ΔB3_PM | AH9: ΔB3_H | AI9: ΔB3_V | AJ9: ΔB4_PM | AK9: ΔB4_H | AL9: ΔB4_V | AM9: ΔB5_PM | AN9: ΔB5_H | AO9: ΔB5_V | AP9: ΔM1_PM | AQ9: ΔM1_H | AR9: ΔM1_V | AS9: ΔM2_PM | AT9: ΔM2_H | AU9: ΔM2_V | AV9: ΔM3_PM | AW9: ΔM3_H | AX9: ΔM3_V | AY9: ΔM4_PM | AZ9: ΔM4_H | BA9: ΔM4_V | BB9: ΔM5_PM | BC9: ΔM5_H | BD9: ΔM5_V | BE9: ΔREF1_PM | BF9: ΔREF1_H | BG9: ΔREF1_V | BH9: ΔREF2_PM | BI9: ΔREF2_H | BJ9: ΔREF2_V
C10: =IFERROR(C10-C$10,"") | D10: =IFERROR(D10-D$10,"") | E10: =IFERROR(E10-E$10,"") | F10: =IFERROR(F10-F$10,"") | G10: =IFERROR(G10-G$10,"") | H10: =IFERROR(H10-H$10,"") | I10: =IFERROR(I10-I$10,"") | J10: =IFERROR(J10-J$10,"") | ... BJ10: =IFERROR(BJ10-BJ$10,"")
C11: ='Résultats Projection'.C11-'Résultats Projection'.C$10 | D11: ='Résultats Projection'.D11-'Résultats Projection'.D$10 | E11: ='Résultats Projection'.E11-'Résultats Projection'.E$10 | F11: ='Résultats Projection'.F11-'Résultats Projection'.F$10 | G11: ='Résultats Projection'.G11-'Résultats Projection'.G$10 | H11: ='Résultats Projection'.H11-'Résultats Projection'.H$10 | I11: ='Résultats Projection'.I11-'Résultats Projection'.I$10 | J11: ='Résultats Projection'.J11-'Résultats Projection'.J$10 | K11: ='Résultats Projection'.K11-'Résultats Projection'.K$10 | L11: ='Résultats Projection'.L11-'Résultats Projection'.L$10 | M11: ='Résultats Projection'.M11-'Résultats Projection'.M$10 | N11: ='Résultats Projection'.N11-'Résultats Projection'.N$10 | O11: ='Résultats Projection'.O11-'Résultats Projection'.O$10 | P11: ='Résultats Projection'.P11-'Résultats Projection'.P$10 | Q11: ='Résultats Projection'.Q11-'Résultats Projection'.Q$10 | R11: ='Résultats Projection'.R11-'Résultats Projection'.R$10 | S11: ='Résultats Projection'.S11-'Résultats Projection'.S$10 | T11: ='Résultats Projection'.T11-'Résultats Projection'.T$10 | U11: ='Résultats Projection'.U11-'Résultats Projection'.U$10 | V11: ='Résultats Projection'.V11-'Résultats Projection'.V$10 | W11: ='Résultats Projection'.W11-'Résultats Projection'.W$10 | X11: ='Résultats Projection'.X11-'Résultats Projection'.X$10 | Y11: ='Résultats Projection'.Y11-'Résultats Projection'.Y$10 | Z11: ='Résultats Projection'.Z11-'Résultats Projection'.Z$10 | AA11: ='Résultats Projection'.AA11-'Résultats Projection'.AA$10 | AB11: ='Résultats Projection'.AB11-'Résultats Projection'.AB$10 | AC11: ='Résultats Projection'.AC11-'Résultats Projection'.AC$10 | AD11: ='Résultats Projection'.AD11-'Résultats Projection'.AD$10 | AE11: ='Résultats Projection'.AE11-'Résultats Projection'.AE$10 | AF11: ='Résultats Projection'.AF11-'Résultats Projection'.AF$10 | AG11: ='Résultats Projection'.AG11-'Résultats Projection'.AG$10 | AH11: ='Résultats Projection'.AH11-'Résultats Projection'.AH$10 | AI11: ='Résultats Projection'.AI11-'Résultats Projection'.AI$10 | AJ11: ='Résultats Projection'.AJ11-'Résultats Projection'.AJ$10 | AK11: ='Résultats Projection'.AK11-'Résultats Projection'.AK$10 | AL11: ='Résultats Projection'.AL11-'Résultats Projection'.AL$10 | AM11: ='Résultats Projection'.AM11-'Résultats Projection'.AM$10 | AN11: ='Résultats Projection'.AN11-'Résultats Projection'.AN$10 | AO11: ='Résultats Projection'.AO11-'Résultats Projection'.AO$10 | AP11: ='Résultats Projection'.AP11-'Résultats Projection'.AP$10 | AQ11: ='Résultats Projection'.AQ11-'Résultats Projection'.AQ$10 | AR11: ='Résultats Projection'.AR11-'Résultats Projection'.AR$10 | AS11: ='Résultats Projection'.AS11-'Résultats Projection'.AS$10 | AT11: ='Résultats Projection'.AT11-'Résultats Projection'.AT$10 | AU11: ='Résultats Projection'.AU11-'Résultats Projection'.AU$10 | AV11: ='Résultats Projection'.AV11-'Résultats Projection'.AV$10 | AW11: ='Résultats Projection'.AW11-'Résultats Projection'.AW$10 | AX11: ='Résultats Projection'.AX11-'Résultats Projection'.AX$10 | AY11: ='Résultats Projection'.AY11-'Résultats Projection'.AY$10 | AZ11: ='Résultats Projection'.AZ11-'Résultats Projection'.AZ$10 | BA11: ='Résultats Projection'.BA11-'Résultats Projection'.BA$10 | BB11: ='Résultats Projection'.BB11-'Résultats Projection'.BB$10 | BC11: ='Résultats Projection'.BC11-'Résultats Projection'.BC$10 | BD11: ='Résultats Projection'.BD11-'Résultats Projection'.BD$10 | BE11: ='Résultats Projection'.BE11-'Résultats Projection'.BE$10 | BF11: ='Résultats Projection'.BF11-'Résultats Projection'.BF$10 | BG11: ='Résultats Projection'.BG11-'Résultats Projection'.BG$10 | BH11: ='Résultats Projection'.BH11-'Résultats Projection'.BH$10 | BI11: ='Résultats Projection'.BI11-'Résultats Projection'.BI$10 | BJ11: ='Résultats Projection'.BJ11-'Résultats Projection'.BJ$10
C12: ='Résultats Projection'.C12-'Résultats Projection'.C$10 | D12: ='Résultats Projection'.D12-'Résultats Projection'.D$10 | E12: ='Résultats Projection'.E12-'Résultats Projection'.E$10 | F12: ='Résultats Projection'.F12-'Résultats Projection'.F$10 | G12: ='Résultats Projection'.G12-'Résultats Projection'.G$10 | H12: ='Résultats Projection'.H12-'Résultats Projection'.H$10 | I12: ='Résultats Projection'.I12-'Résultats Projection'.I$10 | J12: ='Résultats Projection'.J12-'Résultats Projection'.J$10 | K12: ='Résultats Projection'.K12-'Résultats Projection'.K$10 | L12: ='Résultats Projection'.L12-'Résultats Projection'.L$10 | M12: ='Résultats Projection'.M12-'Résultats Projection'.M$10 | N12: ='Résultats Projection'.N12-'Résultats Projection'.N$10 | O12: ='Résultats Projection'.O12-'Résultats Projection'.O$10 | P12: ='Résultats Projection'.P12-'Résultats Projection'.P$10 | Q12: ='Résultats Projection'.Q12-'Résultats Projection'.Q$10 | R12: ='Résultats Projection'.R12-'Résultats Projection'.R$10 | S12: ='Résultats Projection'.S12-'Résultats Projection'.S$10 | T12: ='Résultats Projection'.T12-'Résultats Projection'.T$10 | U12: ='Résultats Projection'.U12-'Résultats Projection'.U$10 | V12: ='Résultats Projection'.V12-'Résultats Projection'.V$10 | W12: ='Résultats Projection'.W12-'Résultats Projection'.W$10 | X12: ='Résultats Projection'.X12-'Résultats Projection'.X$10 | Y12: ='Résultats Projection'.Y12-'Résultats Projection'.Y$10 | Z12: ='Résultats Projection'.Z12-'Résultats Projection'.Z$10 | AA12: ='Résultats Projection'.AA12-'Résultats Projection'.AA$10 | AB12: ='Résultats Projection'.AB12-'Résultats Projection'.AB$10 | AC12: ='Résultats Projection'.AC12-'Résultats Projection'.AC$10 | AD12: ='Résultats Projection'.AD12-'Résultats Projection'.AD$10 | AE12: ='Résultats Projection'.AE12-'Résultats Projection'.AE$10 | AF12: ='Résultats Projection'.AF12-'Résultats Projection'.AF$10 | AG12: ='Résultats Projection'.AG12-'Résultats Projection'.AG$10 | AH12: ='Résultats Projection'.AH12-'Résultats Projection'.AH$10 | AI12: ='Résultats Projection'.AI12-'Résultats Projection'.AI$10 | AJ12: ='Résultats Projection'.AJ12-'Résultats Projection'.AJ$10 | AK12: ='Résultats Projection'.AK12-'Résultats Projection'.AK$10 | AL12: ='Résultats Projection'.AL12-'Résultats Projection'.AL$10 | AM12: ='Résultats Projection'.AM12-'Résultats Projection'.AM$10 | AN12: ='Résultats Projection'.AN12-'Résultats Projection'.AN$10 | AO12: ='Résultats Projection'.AO12-'Résultats Projection'.AO$10 | AP12: ='Résultats Projection'.AP12-'Résultats Projection'.AP$10 | AQ12: ='Résultats Projection'.AQ12-'Résultats Projection'.AQ$10 | AR12: ='Résultats Projection'.AR12-'Résultats Projection'.AR$10 | AS12: ='Résultats Projection'.AS12-'Résultats Projection'.AS$10 | AT12: ='Résultats Projection'.AT12-'Résultats Projection'.AT$10 | AU12: ='Résultats Projection'.AU12-'Résultats Projection'.AU$10 | AV12: ='Résultats Projection'.AV12-'Résultats Projection'.AV$10 | AW12: ='Résultats Projection'.AW12-'Résultats Projection'.AW$10 | AX12: ='Résultats Projection'.AX12-'Résultats Projection'.AX$10 | AY12: ='Résultats Projection'.AY12-'Résultats Projection'.AY$10 | AZ12: ='Résultats Projection'.AZ12-'Résultats Projection'.AZ$10 | BA12: ='Résultats Projection'.BA12-'Résultats Projection'.BA$10 | BB12: ='Résultats Projection'.BB12-'Résultats Projection'.BB$10 | BC12: ='Résultats Projection'.BC12-'Résultats Projection'.BC$10 | BD12: ='Résultats Projection'.BD12-'Résultats Projection'.BD$10 | BE12: ='Résultats Projection'.BE12-'Résultats Projection'.BE$10 | BF12: ='Résultats Projection'.BF12-'Résultats Projection'.BF$10 | BG12: ='Résultats Projection'.BG12-'Résultats Projection'.BG$10 | BH12: ='Résultats Projection'.BH12-'Résultats Projection'.BH$10 | BI12: ='Résultats Projection'.BI12-'Résultats Projection'.BI$10 | BJ12: ='Résultats Projection'.BJ12-'Résultats Projection'.BJ$10
C13: ='Résultats Projection'.C13-'Résultats Projection'.C$10 | D13: ='Résultats Projection'.D13-'Résultats Projection'.D$10 | E13: ='Résultats Projection'.E13-'Résultats Projection'.E$10 | F13: ='Résultats Projection'.F13-'Résultats Projection'.F$10 | G13: ='Résultats Projection'.G13-'Résultats Projection'.G$10 | H13: ='Résultats Projection'.H13-'Résultats Projection'.H$10 | I13: ='Résultats Projection'.I13-'Résultats Projection'.I$10 | J13: ='Résultats Projection'.J13-'Résultats Projection'.J$10 | K13: ='Résultats Projection'.K13-'Résultats Projection'.K$10 | L13: ='Résultats Projection'.L13-'Résultats Projection'.L$10 | M13: ='Résultats Projection'.M13-'Résultats Projection'.M$10 | N13: ='Résultats Projection'.N13-'Résultats Projection'.N$10 | O13: ='Résultats Projection'.O13-'Résultats Projection'.O$10 | P13: ='Résultats Projection'.P13-'Résultats Projection'.P$10 | Q13: ='Résultats Projection'.Q13-'Résultats Projection'.Q$10 | R13: ='Résultats Projection'.R13-'Résultats Projection'.R$10 | S13: ='Résultats Projection'.S13-'Résultats Projection'.S$10 | T13: ='Résultats Projection'.T13-'Résultats Projection'.T$10 | U13: ='Résultats Projection'.U13-'Résultats Projection'.U$10 | V13: ='Résultats Projection'.V13-'Résultats Projection'.V$10 | W13: ='Résultats Projection'.W13-'Résultats Projection'.W$10 | X13: ='Résultats Projection'.X13-'Résultats Projection'.X$10 | Y13: ='Résultats Projection'.Y13-'Résultats Projection'.Y$10 | Z13: ='Résultats Projection'.Z13-'Résultats Projection'.Z$10 | AA13: ='Résultats Projection'.AA13-'Résultats Projection'.AA$10 | AB13: ='Résultats Projection'.AB13-'Résultats Projection'.AB$10 | AC13: ='Résultats Projection'.AC13-'Résultats Projection'.AC$10 | AD13: ='Résultats Projection'.AD13-'Résultats Projection'.AD$10 | AE13: ='Résultats Projection'.AE13-'Résultats Projection'.AE$10 | AF13: ='Résultats Projection'.AF13-'Résultats Projection'.AF$10 | AG13: ='Résultats Projection'.AG13-'Résultats Projection'.AG$10 | AH13: ='Résultats Projection'.AH13-'Résultats Projection'.AH$10 | AI13: ='Résultats Projection'.AI13-'Résultats Projection'.AI$10 | AJ13: ='Résultats Projection'.AJ13-'Résultats Projection'.AJ$10 | AK13: ='Résultats Projection'.AK13-'Résultats Projection'.AK$10 | AL13: ='Résultats Projection'.AL13-'Résultats Projection'.AL$10 | AM13: ='Résultats Projection'.AM13-'Résultats Projection'.AM$10 | AN13: ='Résultats Projection'.AN13-'Résultats Projection'.AN$10 | AO13: ='Résultats Projection'.AO13-'Résultats Projection'.AO$10 | AP13: ='Résultats Projection'.AP13-'Résultats Projection'.AP$10 | AQ13: ='Résultats Projection'.AQ13-'Résultats Projection'.AQ$10 | AR13: ='Résultats Projection'.AR13-'Résultats Projection'.AR$10 | AS13: ='Résultats Projection'.AS13-'Résultats Projection'.AS$10 | AT13: ='Résultats Projection'.AT13-'Résultats Projection'.AT$10 | AU13: ='Résultats Projection'.AU13-'Résultats Projection'.AU$10 | AV13: ='Résultats Projection'.AV13-'Résultats Projection'.AV$10 | AW13: ='Résultats Projection'.AW13-'Résultats Projection'.AW$10 | AX13: ='Résultats Projection'.AX13-'Résultats Projection'.AX$10 | AY13: ='Résultats Projection'.AY13-'Résultats Projection'.AY$10 | AZ13: ='Résultats Projection'.AZ13-'Résultats Projection'.AZ$10 | BA13: ='Résultats Projection'.BA13-'Résultats Projection'.BA$10 | BB13: ='Résultats Projection'.BB13-'Résultats Projection'.BB$10 | BC13: ='Résultats Projection'.BC13-'Résultats Projection'.BC$10 | BD13: ='Résultats Projection'.BD13-'Résultats Projection'.BD$10 | BE13: ='Résultats Projection'.BE13-'Résultats Projection'.BE$10 | BF13: ='Résultats Projection'.BF13-'Résultats Projection'.BF$10 | BG13: ='Résultats Projection'.BG13-'Résultats Projection'.BG$10 | BH13: ='Résultats Projection'.BH13-'Résultats Projection'.BH$10 | BI13: ='Résultats Projection'.BI13-'Résultats Projection'.BI$10 | BJ13: ='Résultats Projection'.BJ13-'Résultats Projection'.BJ$10
C14: ='Résultats Projection'.C14-'Résultats Projection'.C$10 | D14: ='Résultats Projection'.D14-'Résultats Projection'.D$10 | E14: ='Résultats Projection'.E14-'Résultats Projection'.E$10 | F14: ='Résultats Projection'.F14-'Résultats Projection'.F$10 | G14: ='Résultats Projection'.G14-'Résultats Projection'.G$10 | H14: ='Résultats Projection'.H14-'Résultats Projection'.H$10 | I14: ='Résultats Projection'.I14-'Résultats Projection'.I$10 | J14: ='Résultats Projection'.J14-'Résultats Projection'.J$10 | K14: ='Résultats Projection'.K14-'Résultats Projection'.K$10 | L14: ='Résultats Projection'.L14-'Résultats Projection'.L$10 | M14: ='Résultats Projection'.M14-'Résultats Projection'.M$10 | N14: ='Résultats Projection'.N14-'Résultats Projection'.N$10 | O14: ='Résultats Projection'.O14-'Résultats Projection'.O$10 | P14: ='Résultats Projection'.P14-'Résultats Projection'.P$10 | Q14: ='Résultats Projection'.Q14-'Résultats Projection'.Q$10 | R14: ='Résultats Projection'.R14-'Résultats Projection'.R$10 | S14: ='Résultats Projection'.S14-'Résultats Projection'.S$10 | T14: ='Résultats Projection'.T14-'Résultats Projection'.T$10 | U14: ='Résultats Projection'.U14-'Résultats Projection'.U$10 | V14: ='Résultats Projection'.V14-'Résultats Projection'.V$10 | W14: ='Résultats Projection'.W14-'Résultats Projection'.W$10 | X14: ='Résultats Projection'.X14-'Résultats Projection'.X$10 | Y14: ='Résultats Projection'.Y14-'Résultats Projection'.Y$10 | Z14: ='Résultats Projection'.Z14-'Résultats Projection'.Z$10 | AA14: ='Résultats Projection'.AA14-'Résultats Projection'.AA$10 | AB14: ='Résultats Projection'.AB14-'Résultats Projection'.AB$10 | AC14: ='Résultats Projection'.AC14-'Résultats Projection'.AC$10 | AD14: ='Résultats Projection'.AD14-'Résultats Projection'.AD$10 | AE14: ='Résultats Projection'.AE14-'Résultats Projection'.AE$10 | AF14: ='Résultats Projection'.AF14-'Résultats Projection'.AF$10 | AG14: ='Résultats Projection'.AG14-'Résultats Projection'.AG$10 | AH14: ='Résultats Projection'.AH14-'Résultats Projection'.AH$10 | AI14: ='Résultats Projection'.AI14-'Résultats Projection'.AI$10 | AJ14: ='Résultats Projection'.AJ14-'Résultats Projection'.AJ$10 | AK14: ='Résultats Projection'.AK14-'Résultats Projection'.AK$10 | AL14: ='Résultats Projection'.AL14-'Résultats Projection'.AL$10 | AM14: ='Résultats Projection'.AM14-'Résultats Projection'.AM$10 | AN14: ='Résultats Projection'.AN14-'Résultats Projection'.AN$10 | AO14: ='Résultats Projection'.AO14-'Résultats Projection'.AO$10 | AP14: ='Résultats Projection'.AP14-'Résultats Projection'.AP$10 | AQ14: ='Résultats Projection'.AQ14-'Résultats Projection'.AQ$10 | AR14: ='Résultats Projection'.AR14-'Résultats Projection'.AR$10 | AS14: ='Résultats Projection'.AS14-'Résultats Projection'.AS$10 | AT14: ='Résultats Projection'.AT14-'Résultats Projection'.AT$10 | AU14: ='Résultats Projection'.AU14-'Résultats Projection'.AU$10 | AV14: ='Résultats Projection'.AV14-'Résultats Projection'.AV$10 | AW14: ='Résultats Projection'.AW14-'Résultats Projection'.AW$10 | AX14: ='Résultats Projection'.AX14-'Résultats Projection'.AX$10 | AY14: ='Résultats Projection'.AY14-'Résultats Projection'.AY$10 | AZ14: ='Résultats Projection'.AZ14-'Résultats Projection'.AZ$10 | BA14: ='Résultats Projection'.BA14-'Résultats Projection'.BA$10 | BB14: ='Résultats Projection'.BB14-'Résultats Projection'.BB$10 | BC14: ='Résultats Projection'.BC14-'Résultats Projection'.BC$10 | BD14: ='Résultats Projection'.BD14-'Résultats Projection'.BD$10 | BE14: ='Résultats Projection'.BE14-'Résultats Projection'.BE$10 | BF14: ='Résultats Projection'.BF14-'Résultats Projection'.BF$10 | BG14: ='Résultats Projection'.BG14-'Résultats Projection'.BG$10 | BH14: ='Résultats Projection'.BH14-'Résultats Projection'.BH$10 | BI14: ='Résultats Projection'.BI14-'Résultats Projection'.BI$10 | BJ14: ='Résultats Projection'.BJ14-'Résultats Projection'.BJ$10
C15: ='Résultats Projection'.C15-'Résultats Projection'.C$10 | D15: ='Résultats Projection'.D15-'Résultats Projection'.D$10 | E15: ='Résultats Projection'.E15-'Résultats Projection'.E$10 | F15: ='Résultats Projection'.F15-'Résultats Projection'.F$10 | G15: ='Résultats Projection'.G15-'Résultats Projection'.G$10 | H15: ='Résultats Projection'.H15-'Résultats Projection'.H$10 | I15: ='Résultats Projection'.I15-'Résultats Projection'.I$10 | J15: ='Résultats Projection'.J15-'Résultats Projection'.J$10 | K15: ='Résultats Projection'.K15-'Résultats Projection'.K$10 | L15: ='Résultats Projection'.L15-'Résultats Projection'.L$10 | M15: ='Résultats Projection'.M15-'Résultats Projection'.M$10 | N15: ='Résultats Projection'.N15-'Résultats Projection'.N$10 | O15: ='Résultats Projection'.O15-'Résultats Projection'.O$10 | P15: ='Résultats Projection'.P15-'Résultats Projection'.P$10 | Q15: ='Résultats Projection'.Q15-'Résultats Projection'.Q$10 | R15: ='Résultats Projection'.R15-'Résultats Projection'.R$10 | S15: ='Résultats Projection'.S15-'Résultats Projection'.S$10 | T15: ='Résultats Projection'.T15-'Résultats Projection'.T$10 | U15: ='Résultats Projection'.U15-'Résultats Projection'.U$10 | V15: ='Résultats Projection'.V15-'Résultats Projection'.V$10 | W15: ='Résultats Projection'.W15-'Résultats Projection'.W$10 | X15: ='Résultats Projection'.X15-'Résultats Projection'.X$10 | Y15: ='Résultats Projection'.Y15-'Résultats Projection'.Y$10 | Z15: ='Résultats Projection'.Z15-'Résultats Projection'.Z$10 | AA15: ='Résultats Projection'.AA15-'Résultats Projection'.AA$10 | AB15: ='Résultats Projection'.AB15-'Résultats Projection'.AB$10 | AC15: ='Résultats Projection'.AC15-'Résultats Projection'.AC$10 | AD15: ='Résultats Projection'.AD15-'Résultats Projection'.AD$10 | AE15: ='Résultats Projection'.AE15-'Résultats Projection'.AE$10 | AF15: ='Résultats Projection'.AF15-'Résultats Projection'.AF$10 | AG15: ='Résultats Projection'.AG15-'Résultats Projection'.AG$10 | AH15: ='Résultats Projection'.AH15-'Résultats Projection'.AH$10 | AI15: ='Résultats Projection'.AI15-'Résultats Projection'.AI$10 | AJ15: ='Résultats Projection'.AJ15-'Résultats Projection'.AJ$10 | AK15: ='Résultats Projection'.AK15-'Résultats Projection'.AK$10 | AL15: ='Résultats Projection'.AL15-'Résultats Projection'.AL$10 | AM15: ='Résultats Projection'.AM15-'Résultats Projection'.AM$10 | AN15: ='Résultats Projection'.AN15-'Résultats Projection'.AN$10 | AO15: ='Résultats Projection'.AO15-'Résultats Projection'.AO$10 | AP15: ='Résultats Projection'.AP15-'Résultats Projection'.AP$10 | AQ15: ='Résultats Projection'.AQ15-'Résultats Projection'.AQ$10 | AR15: ='Résultats Projection'.AR15-'Résultats Projection'.AR$10 | AS15: ='Résultats Projection'.AS15-'Résultats Projection'.AS$10 | AT15: ='Résultats Projection'.AT15-'Résultats Projection'.AT$10 | AU15: ='Résultats Projection'.AU15-'Résultats Projection'.AU$10 | AV15: ='Résultats Projection'.AV15-'Résultats Projection'.AV$10 | AW15: ='Résultats Projection'.AW15-'Résultats Projection'.AW$10 | AX15: ='Résultats Projection'.AX15-'Résultats Projection'.AX$10 | AY15: ='Résultats Projection'.AY15-'Résultats Projection'.AY$10 | AZ15: ='Résultats Projection'.AZ15-'Résultats Projection'.AZ$10 | BA15: ='Résultats Projection'.BA15-'Résultats Projection'.BA$10 | BB15: ='Résultats Projection'.BB15-'Résultats Projection'.BB$10 | BC15: ='Résultats Projection'.BC15-'Résultats Projection'.BC$10 | BD15: ='Résultats Projection'.BD15-'Résultats Projection'.BD$10 | BE15: ='Résultats Projection'.BE15-'Résultats Projection'.BE$10 | BF15: ='Résultats Projection'.BF15-'Résultats Projection'.BF$10 | BG15: ='Résultats Projection'.BG15-'Résultats Projection'.BG$10 | BH15: ='Résultats Projection'.BH15-'Résultats Projection'.BH$10 | BI15: ='Résultats Projection'.BI15-'Résultats Projection'.BI$10 | BJ15: ='Résultats Projection'.BJ15-'Résultats Projection'.BJ$10

Sheet Déplacements
A7: Date point 0
A8: Date | B8: Jours
A9: Date | B9: Jours | C9: V1_X | D9: V1_Y | E9: V1_Z | F9: V2_X | G9: V2_Y | H9: V2_Z | I9: V3_X | J9: V3_Y | K9: V3_Z | L9: H1_X | M9: H1_Y | N9: H1_Z | O9: H2_X | P9: H2_Y | Q9: H2_Z | R9: H3_X | S9: H3_Y | T9: H3_Z | U9: H4_X | V9: H4_Y | W9: H4_Z | X9: H5_X | Y9: H5_Y | Z9: H5_Z | AA9: B1_X | AB9: B1_Y | AC9: B1_Z | AD9: B2_X | AE9: B2_Y | AF9: B2_Z | AG9: B3_X | AH9: B3_Y | AI9: B3_Z | AJ9: B4_X | AK9: B4_Y | AL9: B4_Z | AM9: B5_X | AN9: B5_Y | AO9: B5_Z | AP9: M1_X | AQ9: M1_Y | AR9: M1_Z | AS9: M2_X | AT9: M2_Y | AU9: M2_Z | AV9: M3_X | AW9: M3_Y | AX9: M3_Z | AY9: M4_X | AZ9: M4_Y | BA9: M4_Z | BB9: M5_X | BC9: M5_Y | BD9: M5_Z | BE9: REF1_X | BF9: REF1_Y | BG9: REF1_Z | BH9: REF2_X | BI9: REF2_Y | BJ9: REF2_Z
C10: =IFERROR(C10-C$10,"") | D10: =IFERROR(D10-D$10,"") | E10: =IFERROR(E10-E$10,"") | F10: =IFERROR(F10-F$10,"") | G10: =IFERROR(G10-G$10,"") | H10: =IFERROR(H10-H$10,"") | I10: =IFERROR(I10-I$10,"") | J10: =IFERROR(J10-J$10,"") | ... BJ10: =IFERROR(BJ10-BJ$10,"")
C11: ='Résultats observations'.C11-'Résultats observations'.C$10 | D11: ='Résultats observations'.D11-'Résultats observations'.D$10 | E11: ='Résultats observations'.E11-'Résultats observations'.E$10 | F11: ='Résultats observations'.F11-'Résultats observations'.F$10 | G11: ='Résultats observations'.G11-'Résultats observations'.G$10 | H11: ='Résultats observations'.H11-'Résultats observations'.H$10 | I11: ='Résultats observations'.I11-'Résultats observations'.I$10 | J11: ='Résultats observations'.J11-'Résultats observations'.J$10 | K11: ='Résultats observations'.K11-'Résultats observations'.K$10 | L11: ='Résultats observations'.L11-'Résultats observations'.L$10 | M11: ='Résultats observations'.M11-'Résultats observations'.M$10 | N11: ='Résultats observations'.N11-'Résultats observations'.N$10 | O11: ='Résultats observations'.O11-'Résultats observations'.O$10 | P11: ='Résultats observations'.P11-'Résultats observations'.P$10 | Q11: ='Résultats observations'.Q11-'Résultats observations'.Q$10 | R11: ='Résultats observations'.R11-'Résultats observations'.R$10 | S11: ='Résultats observations'.S11-'Résultats observations'.S$10 | T11: ='Résultats observations'.T11-'Résultats observations'.T$10 | U11: ='Résultats observations'.U11-'Résultats observations'.U$10 | V11: ='Résultats observations'.V11-'Résultats observations'.V$10 | W11: ='Résultats observations'.W11-'Résultats observations'.W$10 | X11: ='Résultats observations'.X11-'Résultats observations'.X$10 | Y11: ='Résultats observations'.Y11-'Résultats observations'.Y$10 | Z11: ='Résultats observations'.Z11-'Résultats observations'.Z$10 | AA11: ='Résultats observations'.AA11-'Résultats observations'.AA$10 | AB11: ='Résultats observations'.AB11-'Résultats observations'.AB$10 | AC11: ='Résultats observations'.AC11-'Résultats observations'.AC$10 | AD11: ='Résultats observations'.AD11-'Résultats observations'.AD$10 | AE11: ='Résultats observations'.AE11-'Résultats observations'.AE$10 | AF11: ='Résultats observations'.AF11-'Résultats observations'.AF$10 | AG11: ='Résultats observations'.AG11-'Résultats observations'.AG$10 | AH11: ='Résultats observations'.AH11-'Résultats observations'.AH$10 | AI11: ='Résultats observations'.AI11-'Résultats observations'.AI$10 | AJ11: ='Résultats observations'.AJ11-'Résultats observations'.AJ$10 | AK11: ='Résultats observations'.AK11-'Résultats observations'.AK$10 | AL11: ='Résultats observations'.AL11-'Résultats observations'.AL$10 | AM11: ='Résultats observations'.AM11-'Résultats observations'.AM$10 | AN11: ='Résultats observations'.AN11-'Résultats observations'.AN$10 | AO11: ='Résultats observations'.AO11-'Résultats observations'.AO$10 | AP11: ='Résultats observations'.AP11-'Résultats observations'.AP$10 | AQ11: ='Résultats observations'.AQ11-'Résultats observations'.AQ$10 | AR11: ='Résultats observations'.AR11-'Résultats observations'.AR$10 | AS11: ='Résultats observations'.AS11-'Résultats observations'.AS$10 | AT11: ='Résultats observations'.AT11-'Résultats observations'.AT$10 | AU11: ='Résultats observations'.AU11-'Résultats observations'.AU$10 | AV11: ='Résultats observations'.AV11-'Résultats observations'.AV$10 | AW11: ='Résultats observations'.AW11-'Résultats observations'.AW$10 | AX11: ='Résultats observations'.AX11-'Résultats observations'.AX$10 | AY11: ='Résultats observations'.AY11-'Résultats observations'.AY$10 | AZ11: ='Résultats observations'.AZ11-'Résultats observations'.AZ$10 | BA11: ='Résultats observations'.BA11-'Résultats observations'.BA$10 | BB11: ='Résultats observations'.BB11-'Résultats observations'.BB$10 | BC11: ='Résultats observations'.BC11-'Résultats observations'.BC$10 | BD11: ='Résultats observations'.BD11-'Résultats observations'.BD$10 | BE11: ='Résultats observations'.BE11-'Résultats observations'.BE$10 | BF11: ='Résultats observations'.BF11-'Résultats observations'.BF$10 | BG11: ='Résultats observations'.BG11-'Résultats observations'.BG$10 | BH11: ='Résultats observations'.BH11-'Résultats observations'.BH$10 | BI11: ='Résultats observations'.BI11-'Résultats observations'.BI$10 | BJ11: ='Résultats observations'.BJ11-'Résultats observations'.BJ$10
C12: ='Résultats observations'.C12-'Résultats observations'.C$10 | D12: ='Résultats observations'.D12-'Résultats observations'.D$10 | E12: ='Résultats observations'.E12-'Résultats observations'.E$10 | F12: ='Résultats observations'.F12-'Résultats observations'.F$10 | G12: ='Résultats observations'.G12-'Résultats observations'.G$10 | H12: ='Résultats observations'.H12-'Résultats observations'.H$10 | I12: ='Résultats observations'.I12-'Résultats observations'.I$10 | J12: ='Résultats observations'.J12-'Résultats observations'.J$10 | K12: ='Résultats observations'.K12-'Résultats observations'.K$10 | L12: ='Résultats observations'.L12-'Résultats observations'.L$10 | M12: ='Résultats observations'.M12-'Résultats observations'.M$10 | N12: ='Résultats observations'.N12-'Résultats observations'.N$10 | O12: ='Résultats observations'.O12-'Résultats observations'.O$10 | P12: ='Résultats observations'.P12-'Résultats observations'.P$10 | Q12: ='Résultats observations'.Q12-'Résultats observations'.Q$10 | R12: ='Résultats observations'.R12-'Résultats observations'.R$10 | S12: ='Résultats observations'.S12-'Résultats observations'.S$10 | T12: ='Résultats observations'.T12-'Résultats observations'.T$10 | U12: ='Résultats observations'.U12-'Résultats observations'.U$10 | V12: ='Résultats observations'.V12-'Résultats observations'.V$10 | W12: ='Résultats observations'.W12-'Résultats observations'.W$10 | X12: ='Résultats observations'.X12-'Résultats observations'.X$10 | Y12: ='Résultats observations'.Y12-'Résultats observations'.Y$10 | Z12: ='Résultats observations'.Z12-'Résultats observations'.Z$10 | AA12: ='Résultats observations'.AA12-'Résultats observations'.AA$10 | AB12: ='Résultats observations'.AB12-'Résultats observations'.AB$10 | AC12: ='Résultats observations'.AC12-'Résultats observations'.AC$10 | AD12: ='Résultats observations'.AD12-'Résultats observations'.AD$10 | AE12: ='Résultats observations'.AE12-'Résultats observations'.AE$10 | AF12: ='Résultats observations'.AF12-'Résultats observations'.AF$10 | AG12: ='Résultats observations'.AG12-'Résultats observations'.AG$10 | AH12: ='Résultats observations'.AH12-'Résultats observations'.AH$10 | AI12: ='Résultats observations'.AI12-'Résultats observations'.AI$10 | AJ12: ='Résultats observations'.AJ12-'Résultats observations'.AJ$10 | AK12: ='Résultats observations'.AK12-'Résultats observations'.AK$10 | AL12: ='Résultats observations'.AL12-'Résultats observations'.AL$10 | AM12: ='Résultats observations'.AM12-'Résultats observations'.AM$10 | AN12: ='Résultats observations'.AN12-'Résultats observations'.AN$10 | AO12: ='Résultats observations'.AO12-'Résultats observations'.AO$10 | AP12: ='Résultats observations'.AP12-'Résultats observations'.AP$10 | AQ12: ='Résultats observations'.AQ12-'Résultats observations'.AQ$10 | AR12: ='Résultats observations'.AR12-'Résultats observations'.AR$10 | AS12: ='Résultats observations'.AS12-'Résultats observations'.AS$10 | AT12: ='Résultats observations'.AT12-'Résultats observations'.AT$10 | AU12: ='Résultats observations'.AU12-'Résultats observations'.AU$10 | AV12: ='Résultats observations'.AV12-'Résultats observations'.AV$10 | AW12: ='Résultats observations'.AW12-'Résultats observations'.AW$10 | AX12: ='Résultats observations'.AX12-'Résultats observations'.AX$10 | AY12: ='Résultats observations'.AY12-'Résultats observations'.AY$10 | AZ12: ='Résultats observations'.AZ12-'Résultats observations'.AZ$10 | BA12: ='Résultats observations'.BA12-'Résultats observations'.BA$10 | BB12: ='Résultats observations'.BB12-'Résultats observations'.BB$10 | BC12: ='Résultats observations'.BC12-'Résultats observations'.BC$10 | BD12: ='Résultats observations'.BD12-'Résultats observations'.BD$10 | BE12: ='Résultats observations'.BE12-'Résultats observations'.BE$10 | BF12: ='Résultats observations'.BF12-'Résultats observations'.BF$10 | BG12: ='Résultats observations'.BG12-'Résultats observations'.BG$10 | BH12: ='Résultats observations'.BH12-'Résultats observations'.BH$10 | BI12: ='Résultats observations'.BI12-'Résultats observations'.BI$10 | BJ12: ='Résultats observations'.BJ12-'Résultats observations'.BJ$10
C13: ='Résultats observations'.C13-'Résultats observations'.C$10 | D13: ='Résultats observations'.D13-'Résultats observations'.D$10 | E13: ='Résultats observations'.E13-'Résultats observations'.E$10 | F13: ='Résultats observations'.F13-'Résultats observations'.F$10 | G13: ='Résultats observations'.G13-'Résultats observations'.G$10 | H13: ='Résultats observations'.H13-'Résultats observations'.H$10 | I13: ='Résultats observations'.I13-'Résultats observations'.I$10 | J13: ='Résultats observations'.J13-'Résultats observations'.J$10 | K13: ='Résultats observations'.K13-'Résultats observations'.K$10 | L13: ='Résultats observations'.L13-'Résultats observations'.L$10 | M13: ='Résultats observations'.M13-'Résultats observations'.M$10 | N13: ='Résultats observations'.N13-'Résultats observations'.N$10 | O13: ='Résultats observations'.O13-'Résultats observations'.O$10 | P13: ='Résultats observations'.P13-'Résultats observations'.P$10 | Q13: ='Résultats observations'.Q13-'Résultats observations'.Q$10 | R13: ='Résultats observations'.R13-'Résultats observations'.R$10 | S13: ='Résultats observations'.S13-'Résultats observations'.S$10 | T13: ='Résultats observations'.T13-'Résultats observations'.T$10 | U13: ='Résultats observations'.U13-'Résultats observations'.U$10 | V13: ='Résultats observations'.V13-'Résultats observations'.V$10 | W13: ='Résultats observations'.W13-'Résultats observations'.W$10 | X13: ='Résultats observations'.X13-'Résultats observations'.X$10 | Y13: ='Résultats observations'.Y13-'Résultats observations'.Y$10 | Z13: ='Résultats observations'.Z13-'Résultats observations'.Z$10 | AA13: ='Résultats observations'.AA13-'Résultats observations'.AA$10 | AB13: ='Résultats observations'.AB13-'Résultats observations'.AB$10 | AC13: ='Résultats observations'.AC13-'Résultats observations'.AC$10 | AD13: ='Résultats observations'.AD13-'Résultats observations'.AD$10 | AE13: ='Résultats observations'.AE13-'Résultats observations'.AE$10 | AF13: ='Résultats observations'.AF13-'Résultats observations'.AF$10 | AG13: ='Résultats observations'.AG13-'Résultats observations'.AG$10 | AH13: ='Résultats observations'.AH13-'Résultats observations'.AH$10 | AI13: ='Résultats observations'.AI13-'Résultats observations'.AI$10 | AJ13: ='Résultats observations'.AJ13-'Résultats observations'.AJ$10 | AK13: ='Résultats observations'.AK13-'Résultats observations'.AK$10 | AL13: ='Résultats observations'.AL13-'Résultats observations'.AL$10 | AM13: ='Résultats observations'.AM13-'Résultats observations'.AM$10 | AN13: ='Résultats observations'.AN13-'Résultats observations'.AN$10 | AO13: ='Résultats observations'.AO13-'Résultats observations'.AO$10 | AP13: ='Résultats observations'.AP13-'Résultats observations'.AP$10 | AQ13: ='Résultats observations'.AQ13-'Résultats observations'.AQ$10 | AR13: ='Résultats observations'.AR13-'Résultats observations'.AR$10 | AS13: ='Résultats observations'.AS13-'Résultats observations'.AS$10 | AT13: ='Résultats observations'.AT13-'Résultats observations'.AT$10 | AU13: ='Résultats observations'.AU13-'Résultats observations'.AU$10 | AV13: ='Résultats observations'.AV13-'Résultats observations'.AV$10 | AW13: ='Résultats observations'.AW13-'Résultats observations'.AW$10 | AX13: ='Résultats observations'.AX13-'Résultats observations'.AX$10 | AY13: ='Résultats observations'.AY13-'Résultats observations'.AY$10 | AZ13: ='Résultats observations'.AZ13-'Résultats observations'.AZ$10 | BA13: ='Résultats observations'.BA13-'Résultats observations'.BA$10 | BB13: ='Résultats observations'.BB13-'Résultats observations'.BB$10 | BC13: ='Résultats observations'.BC13-'Résultats observations'.BC$10 | BD13: ='Résultats observations'.BD13-'Résultats observations'.BD$10 | BE13: ='Résultats observations'.BE13-'Résultats observations'.BE$10 | BF13: ='Résultats observations'.BF13-'Résultats observations'.BF$10 | BG13: ='Résultats observations'.BG13-'Résultats observations'.BG$10 | BH13: ='Résultats observations'.BH13-'Résultats observations'.BH$10 | BI13: ='Résultats observations'.BI13-'Résultats observations'.BI$10 | BJ13: ='Résultats observations'.BJ13-'Résultats observations'.BJ$10
C14: ='Résultats observations'.C14-'Résultats observations'.C$10 | D14: ='Résultats observations'.D14-'Résultats observations'.D$10 | E14: ='Résultats observations'.E14-'Résultats observations'.E$10 | F14: ='Résultats observations'.F14-'Résultats observations'.F$10 | G14: ='Résultats observations'.G14-'Résultats observations'.G$10 | H14: ='Résultats observations'.H14-'Résultats observations'.H$10 | I14: ='Résultats observations'.I14-'Résultats observations'.I$10 | J14: ='Résultats observations'.J14-'Résultats observations'.J$10 | K14: ='Résultats observations'.K14-'Résultats observations'.K$10 | L14: ='Résultats observations'.L14-'Résultats observations'.L$10 | M14: ='Résultats observations'.M14-'Résultats observations'.M$10 | N14: ='Résultats observations'.N14-'Résultats observations'.N$10 | O14: ='Résultats observations'.O14-'Résultats observations'.O$10 | P14: ='Résultats observations'.P14-'Résultats observations'.P$10 | Q14: ='Résultats observations'.Q14-'Résultats observations'.Q$10 | R14: ='Résultats observations'.R14-'Résultats observations'.R$10 | S14: ='Résultats observations'.S14-'Résultats observations'.S$10 | T14: ='Résultats observations'.T14-'Résultats observations'.T$10 | U14: ='Résultats observations'.U14-'Résultats observations'.U$10 | V14: ='Résultats observations'.V14-'Résultats observations'.V$10 | W14: ='Résultats observations'.W14-'Résultats observations'.W$10 | X14: ='Résultats observations'.X14-'Résultats observations'.X$10 | Y14: ='Résultats observations'.Y14-'Résultats observations'.Y$10 | Z14: ='Résultats observations'.Z14-'Résultats observations'.Z$10 | AA14: ='Résultats observations'.AA14-'Résultats observations'.AA$10 | AB14: ='Résultats observations'.AB14-'Résultats observations'.AB$10 | AC14: ='Résultats observations'.AC14-'Résultats observations'.AC$10 | AD14: ='Résultats observations'.AD14-'Résultats observations'.AD$10 | AE14: ='Résultats observations'.AE14-'Résultats observations'.AE$10 | AF14: ='Résultats observations'.AF14-'Résultats observations'.AF$10 | AG14: ='Résultats observations'.AG14-'Résultats observations'.AG$10 | AH14: ='Résultats observations'.AH14-'Résultats observations'.AH$10 | AI14: ='Résultats observations'.AI14-'Résultats observations'.AI$10 | AJ14: ='Résultats observations'.AJ14-'Résultats observations'.AJ$10 | AK14: ='Résultats observations'.AK14-'Résultats observations'.AK$10 | AL14: ='Résultats observations'.AL14-'Résultats observations'.AL$10 | AM14: ='Résultats observations'.AM14-'Résultats observations'.AM$10 | AN14: ='Résultats observations'.AN14-'Résultats observations'.AN$10 | AO14: ='Résultats observations'.AO14-'Résultats observations'.AO$10 | AP14: ='Résultats observations'.AP14-'Résultats observations'.AP$10 | AQ14: ='Résultats observations'.AQ14-'Résultats observations'.AQ$10 | AR14: ='Résultats observations'.AR14-'Résultats observations'.AR$10 | AS14: ='Résultats observations'.AS14-'Résultats observations'.AS$10 | AT14: ='Résultats observations'.AT14-'Résultats observations'.AT$10 | AU14: ='Résultats observations'.AU14-'Résultats observations'.AU$10 | AV14: ='Résultats observations'.AV14-'Résultats observations'.AV$10 | AW14: ='Résultats observations'.AW14-'Résultats observations'.AW$10 | AX14: ='Résultats observations'.AX14-'Résultats observations'.AX$10 | AY14: ='Résultats observations'.AY14-'Résultats observations'.AY$10 | AZ14: ='Résultats observations'.AZ14-'Résultats observations'.AZ$10 | BA14: ='Résultats observations'.BA14-'Résultats observations'.BA$10 | BB14: ='Résultats observations'.BB14-'Résultats observations'.BB$10 | BC14: ='Résultats observations'.BC14-'Résultats observations'.BC$10 | BD14: ='Résultats observations'.BD14-'Résultats observations'.BD$10 | BE14: ='Résultats observations'.BE14-'Résultats observations'.BE$10 | BF14: ='Résultats observations'.BF14-'Résultats observations'.BF$10 | BG14: ='Résultats observations'.BG14-'Résultats observations'.BG$10 | BH14: ='Résultats observations'.BH14-'Résultats observations'.BH$10 | BI14: ='Résultats observations'.BI14-'Résultats observations'.BI$10 | BJ14: ='Résultats observations'.BJ14-'Résultats observations'.BJ$10
C15: ='Résultats observations'.C15-'Résultats observations'.C$10 | D15: ='Résultats observations'.D15-'Résultats observations'.D$10 | E15: ='Résultats observations'.E15-'Résultats observations'.E$10 | F15: ='Résultats observations'.F15-'Résultats observations'.F$10 | G15: ='Résultats observations'.G15-'Résultats observations'.G$10 | H15: ='Résultats observations'.H15-'Résultats observations'.H$10 | I15: ='Résultats observations'.I15-'Résultats observations'.I$10 | J15: ='Résultats observations'.J15-'Résultats observations'.J$10 | K15: ='Résultats observations'.K15-'Résultats observations'.K$10 | L15: ='Résultats observations'.L15-'Résultats observations'.L$10 | M15: ='Résultats observations'.M15-'Résultats observations'.M$10 | N15: ='Résultats observations'.N15-'Résultats observations'.N$10 | O15: ='Résultats observations'.O15-'Résultats observations'.O$10 | P15: ='Résultats observations'.P15-'Résultats observations'.P$10 | Q15: ='Résultats observations'.Q15-'Résultats observations'.Q$10 | R15: ='Résultats observations'.R15-'Résultats observations'.R$10 | S15: ='Résultats observations'.S15-'Résultats observations'.S$10 | T15: ='Résultats observations'.T15-'Résultats observations'.T$10 | U15: ='Résultats observations'.U15-'Résultats observations'.U$10 | V15: ='Résultats observations'.V15-'Résultats observations'.V$10 | W15: ='Résultats observations'.W15-'Résultats observations'.W$10 | X15: ='Résultats observations'.X15-'Résultats observations'.X$10 | Y15: ='Résultats observations'.Y15-'Résultats observations'.Y$10 | Z15: ='Résultats observations'.Z15-'Résultats observations'.Z$10 | AA15: ='Résultats observations'.AA15-'Résultats observations'.AA$10 | AB15: ='Résultats observations'.AB15-'Résultats observations'.AB$10 | AC15: ='Résultats observations'.AC15-'Résultats observations'.AC$10 | AD15: ='Résultats observations'.AD15-'Résultats observations'.AD$10 | AE15: ='Résultats observations'.AE15-'Résultats observations'.AE$10 | AF15: ='Résultats observations'.AF15-'Résultats observations'.AF$10 | AG15: ='Résultats observations'.AG15-'Résultats observations'.AG$10 | AH15: ='Résultats observations'.AH15-'Résultats observations'.AH$10 | AI15: ='Résultats observations'.AI15-'Résultats observations'.AI$10 | AJ15: ='Résultats observations'.AJ15-'Résultats observations'.AJ$10 | AK15: ='Résultats observations'.AK15-'Résultats observations'.AK$10 | AL15: ='Résultats observations'.AL15-'Résultats observations'.AL$10 | AM15: ='Résultats observations'.AM15-'Résultats observations'.AM$10 | AN15: ='Résultats observations'.AN15-'Résultats observations'.AN$10 | AO15: ='Résultats observations'.AO15-'Résultats observations'.AO$10 | AP15: ='Résultats observations'.AP15-'Résultats observations'.AP$10 | AQ15: ='Résultats observations'.AQ15-'Résultats observations'.AQ$10 | AR15: ='Résultats observations'.AR15-'Résultats observations'.AR$10 | AS15: ='Résultats observations'.AS15-'Résultats observations'.AS$10 | AT15: ='Résultats observations'.AT15-'Résultats observations'.AT$10 | AU15: ='Résultats observations'.AU15-'Résultats observations'.AU$10 | AV15: ='Résultats observations'.AV15-'Résultats observations'.AV$10 | AW15: ='Résultats observations'.AW15-'Résultats observations'.AW$10 | AX15: ='Résultats observations'.AX15-'Résultats observations'.AX$10 | AY15: ='Résultats observations'.AY15-'Résultats observations'.AY$10 | AZ15: ='Résultats observations'.AZ15-'Résultats observations'.AZ$10 | BA15: ='Résultats observations'.BA15-'Résultats observations'.BA$10 | BB15: ='Résultats observations'.BB15-'Résultats observations'.BB$10 | BC15: ='Résultats observations'.BC15-'Résultats observations'.BC$10 | BD15: ='Résultats observations'.BD15-'Résultats observations'.BD$10 | BE15: ='Résultats observations'.BE15-'Résultats observations'.BE$10 | BF15: ='Résultats observations'.BF15-'Résultats observations'.BF$10 | BG15: ='Résultats observations'.BG15-'Résultats observations'.BG$10 | BH15: ='Résultats observations'.BH15-'Résultats observations'.BH$10 | BI15: ='Résultats observations'.BI15-'Résultats observations'.BI$10 | BJ15: ='Résultats observations'.BJ15-'Résultats observations'.BJ$10
